-- phpMyAdmin SQL Dump
-- version phpStudy 2014
-- http://www.phpmyadmin.net
--
-- ä¸»æœº: localhost
-- ç”Ÿæˆæ—¥æœŸ: 2016 å¹?09 æœ?08 æ—?01:30
-- æœåŠ¡å™¨ç‰ˆæœ¬: 5.5.47
-- PHP ç‰ˆæœ¬: 5.5.30

SET SQL_MODE="NO_AUTO_VALUE_ON_ZERO";
SET time_zone = "+00:00";


/*!40101 SET @OLD_CHARACTER_SET_CLIENT=@@CHARACTER_SET_CLIENT */;
/*!40101 SET @OLD_CHARACTER_SET_RESULTS=@@CHARACTER_SET_RESULTS */;
/*!40101 SET @OLD_COLLATION_CONNECTION=@@COLLATION_CONNECTION */;
/*!40101 SET NAMES utf8 */;

--
-- æ•°æ®åº“: `golden`
--

-- --------------------------------------------------------

--
-- è¡¨çš„ç»“æ„ `gd_article`
--

CREATE TABLE IF NOT EXISTS `gd_article` (
  `article_id` int(11) NOT NULL AUTO_INCREMENT,
  `category_id` int(11) NOT NULL DEFAULT '0',
  `title` varchar(128) COLLATE utf8_unicode_ci DEFAULT NULL,
  `text` text COLLATE utf8_unicode_ci,
  `is_top` tinyint(4) NOT NULL DEFAULT '0',
  `status` tinyint(4) NOT NULL DEFAULT '1',
  `author_id` int(11) NOT NULL DEFAULT '0',
  `addtime` int(11) NOT NULL,
  PRIMARY KEY (`article_id`)
) ENGINE=InnoDB  DEFAULT CHARSET=utf8 COLLATE=utf8_unicode_ci AUTO_INCREMENT=4 ;

--
-- è½¬å­˜è¡¨ä¸­çš„æ•°æ® `gd_article`
--

INSERT INTO `gd_article` (`article_id`, `category_id`, `title`, `text`, `is_top`, `status`, `author_id`, `addtime`) VALUES
(1, 1, 'è¿™æ˜¯ä¸€ç¯‡æµ‹è¯•æ–‡ç« ', '&lt;p&gt;è¿™æ˜¯æµ‹è¯•å†…å®¹&lt;/p&gt;&lt;ol class=&quot; list-paddingleft-2&quot; style=&quot;list-style-type: decimal;&quot;&gt;&lt;li&gt;&lt;p&gt;æµ‹è¯•1&lt;/p&gt;&lt;/li&gt;&lt;li&gt;&lt;p&gt;æµ‹è¯•2&lt;/p&gt;&lt;/li&gt;&lt;li&gt;&lt;p&gt;æµ‹è¯•3&lt;br/&gt;&lt;/p&gt;&lt;/li&gt;&lt;/ol&gt;', 0, 1, 1, 1471337030),
(2, 2, 'é’±ç”Ÿé‡‘ç›¸å…³åè®®', '&lt;p&gt;é’±ç”Ÿé‡‘ç›¸å…³åè®®&lt;/p&gt;&lt;ul class=&quot; list-paddingleft-2&quot; style=&quot;list-style-type: disc;&quot;&gt;&lt;li&gt;&lt;p&gt;ç¬¬ä¸€æ¡&lt;/p&gt;&lt;/li&gt;&lt;li&gt;&lt;p&gt;ç¬¬äºŒæ¡&lt;/p&gt;&lt;/li&gt;&lt;li&gt;&lt;p&gt;ç¬¬ä¸‰æ¡&lt;/p&gt;&lt;/li&gt;&lt;li&gt;&lt;p&gt;ç¬¬å››æ¡&lt;/p&gt;&lt;/li&gt;&lt;li&gt;&lt;p&gt;ç¬¬äº”æ¡&lt;br/&gt;&lt;/p&gt;&lt;/li&gt;&lt;/ul&gt;', 0, 1, 1, 1471337324),
(3, 2, 'é‡‘ç”Ÿé‡‘åè®®', '&lt;p&gt;é‡‘ç”Ÿé‡‘åè®®&lt;/p&gt;&lt;ol class=&quot; list-paddingleft-2&quot; style=&quot;list-style-type: decimal;&quot;&gt;&lt;li&gt;&lt;p&gt;åè®®å†…å®¹1&lt;/p&gt;&lt;/li&gt;&lt;li&gt;&lt;p&gt;åè®®å†…å®¹2&lt;/p&gt;&lt;/li&gt;&lt;li&gt;&lt;p&gt;ã€‚ã€‚ã€‚&lt;br/&gt;&lt;/p&gt;&lt;/li&gt;&lt;/ol&gt;', 0, 1, 1, 1471422878);

-- --------------------------------------------------------

--
-- è¡¨çš„ç»“æ„ `gd_article_category`
--

CREATE TABLE IF NOT EXISTS `gd_article_category` (
  `category_id` int(11) NOT NULL AUTO_INCREMENT,
  `code` varchar(32) COLLATE utf8_unicode_ci NOT NULL,
  `title` varchar(128) COLLATE utf8_unicode_ci DEFAULT NULL,
  `is_admin` tinyint(4) NOT NULL DEFAULT '0',
  `status` tinyint(4) NOT NULL DEFAULT '1',
  `worker_id` int(11) NOT NULL DEFAULT '0',
  `addtime` int(11) NOT NULL DEFAULT '0',
  PRIMARY KEY (`category_id`)
) ENGINE=InnoDB  DEFAULT CHARSET=utf8 COLLATE=utf8_unicode_ci AUTO_INCREMENT=4 ;

--
-- è½¬å­˜è¡¨ä¸­çš„æ•°æ® `gd_article_category`
--

INSERT INTO `gd_article_category` (`category_id`, `code`, `title`, `is_admin`, `status`, `worker_id`, `addtime`) VALUES
(1, 'daily', 'æ¯æ—¥é‡‘è¯„', 0, 1, 1, 1470088332),
(2, 'privacy', 'æ¡æ¬¾åè®®', 0, 1, 1, 1470088332),
(3, 'news', 'æ–°é—»', 0, 1, 1, 1471174877);

-- --------------------------------------------------------

--
-- è¡¨çš„ç»“æ„ `gd_cron_log`
--

CREATE TABLE IF NOT EXISTS `gd_cron_log` (
  `log_time` int(11) NOT NULL,
  `date` date NOT NULL,
  `time` time NOT NULL,
  `action` varchar(128) COLLATE utf8_unicode_ci NOT NULL,
  `text` text COLLATE utf8_unicode_ci NOT NULL
) ENGINE=InnoDB DEFAULT CHARSET=utf8 COLLATE=utf8_unicode_ci;

-- --------------------------------------------------------

--
-- è¡¨çš„ç»“æ„ `gd_cron_schedule`
--

CREATE TABLE IF NOT EXISTS `gd_cron_schedule` (
  `schedule_id` int(10) unsigned NOT NULL AUTO_INCREMENT,
  `job_code` varchar(255) NOT NULL DEFAULT '0',
  `status` enum('pending','running','success','missed','error') NOT NULL DEFAULT 'pending',
  `messages` text,
  `created_at` datetime NOT NULL DEFAULT '0000-00-00 00:00:00',
  `scheduled_at` datetime NOT NULL DEFAULT '0000-00-00 00:00:00',
  `executed_at` datetime NOT NULL DEFAULT '0000-00-00 00:00:00',
  `finished_at` datetime NOT NULL DEFAULT '0000-00-00 00:00:00',
  PRIMARY KEY (`schedule_id`),
  KEY `task_name` (`job_code`),
  KEY `scheduled_at` (`scheduled_at`,`status`)
) ENGINE=MyISAM DEFAULT CHARSET=utf8 AUTO_INCREMENT=1 ;

-- --------------------------------------------------------

--
-- è¡¨çš„ç»“æ„ `gd_customer`
--

CREATE TABLE IF NOT EXISTS `gd_customer` (
  `customer_id` int(11) NOT NULL AUTO_INCREMENT,
  `realname` varchar(32) COLLATE utf8_unicode_ci NOT NULL,
  `avatar` varchar(128) COLLATE utf8_unicode_ci DEFAULT NULL,
  `phone` varchar(16) COLLATE utf8_unicode_ci NOT NULL,
  `idnumber` char(18) COLLATE utf8_unicode_ci NOT NULL,
  `wechat` varchar(64) COLLATE utf8_unicode_ci NOT NULL,
  `qq` char(12) COLLATE utf8_unicode_ci DEFAULT NULL,
  `group_id` tinyint(4) NOT NULL DEFAULT '1',
  `status` tinyint(1) NOT NULL DEFAULT '1',
  `referrer_id` varchar(32) COLLATE utf8_unicode_ci NOT NULL,
  `note` text COLLATE utf8_unicode_ci,
  `worker_id` int(11) NOT NULL DEFAULT '0',
  `addtime` int(11) NOT NULL DEFAULT '0',
  `lasttime` int(11) NOT NULL DEFAULT '0',
  PRIMARY KEY (`customer_id`)
) ENGINE=InnoDB  DEFAULT CHARSET=utf8 COLLATE=utf8_unicode_ci AUTO_INCREMENT=11 ;

--
-- è½¬å­˜è¡¨ä¸­çš„æ•°æ® `gd_customer`
--

INSERT INTO `gd_customer` (`customer_id`, `realname`, `avatar`, `phone`, `idnumber`, `wechat`, `qq`, `group_id`, `status`, `referrer_id`, `note`, `worker_id`, `addtime`, `lasttime`) VALUES
(2, 'æç™¾åº¦', NULL, '18850911766', '321245198905080904', '', NULL, 1, 1, '2', NULL, 5, 1472552472, 1472552472),
(3, 'åˆ˜äº¬ä¸œ', NULL, '18959506595', '321324199008080808', '', NULL, 1, 1, '2', NULL, 5, 1472559583, 1472559583),
(4, 'é©¬æ™“äº‘', NULL, '18850219878', '321324195406050508', '', NULL, 1, 1, '2', NULL, 5, 1472604934, 1472604934),
(5, 'é©¬è…¾è®¯', NULL, '18959596565', '321254198808050604', '', NULL, 1, 1, '12', NULL, 5, 1472605860, 1472605860),
(6, 'ä½™åä¸º', NULL, '18959596767', '321254198908050604', '', NULL, 1, 1, '12', NULL, 5, 1472605860, 1472605860),
(7, 'é›·å°ç±³', NULL, '13113213313', '321254197708053454', 'leixiaomi', '324456532', 1, 1, '', '', 3, 1472645815, 1472645866),
(8, 'ä¹”è‹¹æœ', NULL, '18808800990', '325225197008078888', 'qiaopingguo', '32323454435', 2, 1, '12', 'ä¹”å¸®ä¸»', 3, 1472646256, 1472646256),
(9, 'æ²ˆä¸‡ä¸‰', NULL, '13813800138', '138139199810039997', 'shenwansan', '', 2, 1, '12', 'asdsadasds', 3, 1472707274, 1472707274),
(10, 'èµµå…¬æ˜', NULL, '13606660888', '123321196606066666', 'zhaogongming', '', 3, 1, '12', 'asdsad', 1, 1473059868, 1473059868);

-- --------------------------------------------------------

--
-- è¡¨çš„ç»“æ„ `gd_customer_apply`
--

CREATE TABLE IF NOT EXISTS `gd_customer_apply` (
  `apply_id` int(11) NOT NULL AUTO_INCREMENT,
  `customer_id` int(11) NOT NULL,
  `phone` varchar(32) COLLATE utf8_unicode_ci DEFAULT NULL,
  `weight` decimal(11,2) NOT NULL DEFAULT '0.00',
  `mode` enum('appling','order') COLLATE utf8_unicode_ci NOT NULL DEFAULT 'appling',
  `note` text COLLATE utf8_unicode_ci,
  `status` tinyint(1) NOT NULL DEFAULT '1',
  `worker_id` int(11) NOT NULL DEFAULT '0',
  `addtime` int(11) NOT NULL DEFAULT '0',
  `locker_id` int(11) NOT NULL DEFAULT '0',
  PRIMARY KEY (`apply_id`)
) ENGINE=InnoDB DEFAULT CHARSET=utf8 COLLATE=utf8_unicode_ci AUTO_INCREMENT=1 ;

-- --------------------------------------------------------

--
-- è¡¨çš„ç»“æ„ `gd_customer_group`
--

CREATE TABLE IF NOT EXISTS `gd_customer_group` (
  `group_id` int(11) NOT NULL AUTO_INCREMENT,
  `title` varchar(32) COLLATE utf8_unicode_ci NOT NULL,
  `code` char(16) COLLATE utf8_unicode_ci NOT NULL,
  `icon` varchar(128) COLLATE utf8_unicode_ci DEFAULT NULL,
  `rule` text COLLATE utf8_unicode_ci,
  `note` varchar(128) COLLATE utf8_unicode_ci DEFAULT NULL,
  `status` tinyint(1) NOT NULL DEFAULT '0',
  `worker_id` int(11) NOT NULL DEFAULT '0',
  `addtime` int(11) NOT NULL DEFAULT '0',
  `lasttime` int(11) NOT NULL DEFAULT '0',
  PRIMARY KEY (`group_id`)
) ENGINE=InnoDB  DEFAULT CHARSET=utf8 COLLATE=utf8_unicode_ci AUTO_INCREMENT=5 ;

--
-- è½¬å­˜è¡¨ä¸­çš„æ•°æ® `gd_customer_group`
--

INSERT INTO `gd_customer_group` (`group_id`, `title`, `code`, `icon`, `rule`, `note`, `status`, `worker_id`, `addtime`, `lasttime`) VALUES
(1, 'é“œç‰Œ', 'bronze', NULL, NULL, 'é“œç‰Œå®¢æˆ·', 1, 1, 1472583692, 1472583692),
(2, 'é“¶ç‰Œ', 'silver', NULL, NULL, 'é“¶ç‰Œå®¢æˆ·', 1, 1, 1472589632, 1472589632),
(3, 'é‡‘ç‰Œ', ' gold', NULL, NULL, 'é‡‘ç‰Œå®¢æˆ·', 1, 1, 1472589963, 1472589963),
(4, 'é’»çŸ³', 'diamond', NULL, NULL, 'é’»çŸ³å®¢æˆ·', 1, 1, 1472589995, 1472589995);

-- --------------------------------------------------------

--
-- è¡¨çš„ç»“æ„ `gd_customer_history`
--

CREATE TABLE IF NOT EXISTS `gd_customer_history` (
  `history_id` int(11) NOT NULL AUTO_INCREMENT,
  `customer_id` int(11) NOT NULL,
  `note` text COLLATE utf8_unicode_ci NOT NULL,
  `worker_id` int(11) NOT NULL DEFAULT '0',
  `addtime` int(11) NOT NULL DEFAULT '0',
  PRIMARY KEY (`history_id`)
) ENGINE=InnoDB DEFAULT CHARSET=utf8 COLLATE=utf8_unicode_ci AUTO_INCREMENT=1 ;

-- --------------------------------------------------------

--
-- è¡¨çš„ç»“æ„ `gd_customer_stock`
--

CREATE TABLE IF NOT EXISTS `gd_customer_stock` (
  `stock_id` int(11) NOT NULL AUTO_INCREMENT,
  `customer_id` int(11) NOT NULL,
  `mode` enum('in','out','profit','free') COLLATE utf8_unicode_ci NOT NULL DEFAULT 'profit',
  `project_sn` char(18) COLLATE utf8_unicode_ci NOT NULL,
  `weight` decimal(13,2) NOT NULL DEFAULT '0.00',
  `file` text COLLATE utf8_unicode_ci,
  `notify` tinyint(1) NOT NULL DEFAULT '1',
  `note` text COLLATE utf8_unicode_ci,
  `worker_id` int(11) NOT NULL DEFAULT '0',
  `addtime` int(11) NOT NULL DEFAULT '0',
  PRIMARY KEY (`stock_id`)
) ENGINE=InnoDB DEFAULT CHARSET=utf8 COLLATE=utf8_unicode_ci AUTO_INCREMENT=1 ;

-- --------------------------------------------------------

--
-- è¡¨çš„ç»“æ„ `gd_golden_price`
--

CREATE TABLE IF NOT EXISTS `gd_golden_price` (
  `id` int(11) NOT NULL AUTO_INCREMENT,
  `date` date NOT NULL,
  `type` varchar(32) COLLATE utf8_unicode_ci DEFAULT NULL,
  `typename` varchar(32) COLLATE utf8_unicode_ci DEFAULT NULL,
  `price` decimal(8,2) NOT NULL DEFAULT '0.00',
  `addtime` int(11) NOT NULL DEFAULT '0',
  PRIMARY KEY (`id`)
) ENGINE=InnoDB  DEFAULT CHARSET=utf8 COLLATE=utf8_unicode_ci AUTO_INCREMENT=34 ;

--
-- è½¬å­˜è¡¨ä¸­çš„æ•°æ® `gd_golden_price`
--

INSERT INTO `gd_golden_price` (`id`, `date`, `type`, `typename`, `price`, `addtime`) VALUES
(1, '2016-08-25', 'Au99.99', 'æ²ªé‡‘99', '284.89', 1472186901),
(2, '2016-08-22', 'Au99.99', ' æ²ªé‡‘99', '286.36', 1471234567),
(3, '2016-08-23', 'Au99.99', ' æ²ªé‡‘99', '286.82', 1471234567),
(4, '2016-08-24', 'Au99.99', ' æ²ªé‡‘99', '286.70', 1471234567),
(6, '2016-08-19', 'Au99.99', ' æ²ªé‡‘99', '288.20', 1471234567),
(7, '2016-08-18', 'Au99.99', ' æ²ªé‡‘99', '288.87', 1471234567),
(8, '2016-08-17', 'Au99.99', ' æ²ªé‡‘99', '286.79', 1471234567),
(9, '2016-08-16', 'Au99.99', ' æ²ªé‡‘99', '287.98', 1471234567),
(10, '2016-08-15', 'Au99.99', ' æ²ªé‡‘99', '287.35', 1471234567),
(11, '2016-08-12', 'Au99.99', ' æ²ªé‡‘99', '286.80', 1471234567),
(12, '2016-08-11', 'Au99.99', ' æ²ªé‡‘99', '287.84', 1471234567),
(13, '2016-08-10', 'Au99.99', ' æ²ªé‡‘99', '289.80', 1471234567),
(14, '2016-08-09', 'Au99.99', ' æ²ªé‡‘99', '289.00', 1471234567),
(15, '2016-08-08', 'Au99.99', ' æ²ªé‡‘99', '286.42', 1471234567),
(16, '2016-08-05', 'Au99.99', ' æ²ªé‡‘99', '292.12', 1471234567),
(17, '2016-08-04', 'Au99.99', ' æ²ªé‡‘99', '289.05', 1471234567),
(18, '2016-08-03', 'Au99.99', ' æ²ªé‡‘99', '291.90', 1471234567),
(19, '2016-08-02', 'Au99.99', ' æ²ªé‡‘99', '290.10', 1471234567),
(20, '2016-08-01', 'Au99.99', ' æ²ªé‡‘99', '288.17', 1471234567),
(21, '2016-07-29', 'Au99.99', ' æ²ªé‡‘99', '285.83', 1471234567),
(22, '2016-07-28', 'Au99.99', ' æ²ªé‡‘99', '287.71', 1471234567),
(23, '2016-07-27', 'Au99.99', ' æ²ªé‡‘99', '283.63', 1471234567),
(24, '2016-08-26', 'Au99.99', 'æ²ªé‡‘99', '284.89', 1472260847),
(25, '2016-08-27', 'Au99.99', 'æ²ªé‡‘99', '284.89', 1472399839),
(26, '2016-08-28', 'Au99.99', 'æ²ªé‡‘99', '284.89', 1472400119),
(27, '2016-08-29', 'Au99.99', 'æ²ªé‡‘99', '283.50', 1472518017),
(28, '2016-08-30', 'Au99.99', 'æ²ªé‡‘99', '283.99', 1472573192),
(29, '2016-08-31', 'Au99.99', 'æ²ªé‡‘99', '283.19', 1472690403),
(30, '2016-09-01', 'Au99.99', 'æ²ªé‡‘99', '281.49', 1472747309),
(31, '2016-09-04', 'Au99.99', 'æ²ªé‡‘99', '282.46', 1473047202),
(32, '2016-09-05', 'Au99.99', 'æ²ªé‡‘99', '285.33', 1473122091),
(33, '2016-09-06', 'Au99.99', 'æ²ªé‡‘99', '286.30', 1473208513);

-- --------------------------------------------------------

--
-- è¡¨çš„ç»“æ„ `gd_golden_today`
--

CREATE TABLE IF NOT EXISTS `gd_golden_today` (
  `date` date DEFAULT NULL,
  `type` varchar(32) COLLATE utf8_unicode_ci NOT NULL,
  `typename` varchar(32) COLLATE utf8_unicode_ci NOT NULL,
  `price` decimal(8,2) NOT NULL DEFAULT '0.00',
  `opening` decimal(8,2) NOT NULL DEFAULT '0.00',
  `maxprice` decimal(8,2) NOT NULL DEFAULT '0.00',
  `minprice` decimal(8,2) NOT NULL DEFAULT '0.00',
  `change` decimal(6,2) NOT NULL DEFAULT '0.00',
  `lastclosing` decimal(8,2) NOT NULL DEFAULT '0.00',
  `tradeamount` decimal(15,4) NOT NULL DEFAULT '0.0000',
  `updatetime` int(11) NOT NULL DEFAULT '0',
  `addtime` int(11) NOT NULL,
  KEY `date` (`date`),
  KEY `updatetime` (`updatetime`)
) ENGINE=InnoDB DEFAULT CHARSET=utf8 COLLATE=utf8_unicode_ci;

--
-- è½¬å­˜è¡¨ä¸­çš„æ•°æ® `gd_golden_today`
--

INSERT INTO `gd_golden_today` (`date`, `type`, `typename`, `price`, `opening`, `maxprice`, `minprice`, `change`, `lastclosing`, `tradeamount`, `updatetime`, `addtime`) VALUES
('2016-09-05', 'Au(T+D)', 'é»„é‡‘å»¶æœŸ', '285.41', '285.47', '285.88', '285.23', '0.09', '285.16', '6346.0000', 1473083761, 1473084348),
('2016-09-05', 'mAu(T+D)', 'è¿·ä½ é»„é‡‘å»¶æœŸ', '285.43', '285.40', '285.84', '285.25', '0.06', '285.25', '510.6000', 1473083759, 1473084348),
('2016-09-05', 'Au99.95', 'æ²ªé‡‘95', '285.70', '286.00', '286.00', '285.70', '0.12', '285.36', '52.0000', 1473083689, 1473084348),
('2016-09-05', 'Au99.99', 'æ²ªé‡‘99', '285.40', '286.25', '286.25', '285.40', '0.02', '285.33', '28.1400', 1473083745, 1473084348),
('2016-09-05', 'Pt99.95', 'æ²ªé“‚95', '244.75', '244.75', '244.75', '244.75', '0.28', '244.07', '8.0000', 1473077485, 1473084348),
('2016-09-05', 'Au100g', 'æ²ªé‡‘100G', '285.99', '285.31', '286.00', '285.31', '0.14', '285.58', '2.2000', 1473083715, 1473084348),
('2016-09-05', 'Au(T+N1)', 'å»¶æœŸå•é‡‘', '288.20', '288.20', '288.20', '287.25', '0.00', '288.20', '1.8000', 1473083738, 1473084348),
('2016-09-05', 'Au(T+N2)', 'å»¶æœŸåŒé‡‘', '0.00', '0.00', '0.00', '0.00', '0.00', '285.30', '0.0000', 1473083285, 1473084348),
('2016-09-05', 'iAu100g', 'IAU100G', '0.00', '0.00', '0.00', '0.00', '0.00', '261.18', '0.0000', 1473080508, 1473084348),
('2016-09-05', 'iAu99.5', 'IAU99.5', '0.00', '0.00', '0.00', '0.00', '0.00', '237.80', '0.0000', 1473075547, 1473084348),
('2016-09-05', 'iAu99.99', 'IAU99.99', '0.00', '0.00', '0.00', '0.00', '0.00', '285.10', '0.0000', 1473083688, 1473084348),
('2016-09-05', 'Au(T+D)', 'é»„é‡‘å»¶æœŸ', '285.49', '285.47', '285.88', '285.23', '0.12', '285.16', '6590.0000', 1473084357, 1473086118),
('2016-09-05', 'mAu(T+D)', 'è¿·ä½ é»„é‡‘å»¶æœŸ', '285.49', '285.40', '285.84', '285.25', '0.08', '285.25', '539.0000', 1473084359, 1473086118),
('2016-09-05', 'Au99.99', 'æ²ªé‡‘99', '285.40', '286.25', '286.25', '285.40', '0.02', '285.33', '28.3200', 1473084352, 1473086118),
('2016-09-05', 'Au100g', 'æ²ªé‡‘100G', '285.99', '285.31', '286.00', '285.31', '0.14', '285.58', '2.2000', 1473084344, 1473086118),
('2016-09-05', 'Au(T+N1)', 'å»¶æœŸå•é‡‘', '288.20', '288.20', '288.20', '287.25', '0.00', '288.20', '2.0000', 1473084311, 1473086118),
('2016-09-05', 'Au(T+N2)', 'å»¶æœŸåŒé‡‘', '0.00', '0.00', '0.00', '0.00', '0.00', '285.30', '0.0000', 1473084281, 1473086118),
('2016-09-05', 'iAu99.99', 'IAU99.99', '0.00', '0.00', '0.00', '0.00', '0.00', '285.10', '0.0000', 1473084324, 1473086118),
('2016-09-05', 'Au(T+D)', 'é»„é‡‘å»¶æœŸ', '285.36', '285.47', '285.88', '285.23', '0.07', '285.16', '7310.0000', 1473087391, 1473087919),
('2016-09-05', 'mAu(T+D)', 'è¿·ä½ é»„é‡‘å»¶æœŸ', '285.50', '285.40', '285.84', '285.25', '0.09', '285.25', '611.0000', 1473087388, 1473087919),
('2016-09-05', 'Au99.95', 'æ²ªé‡‘95', '285.59', '286.00', '286.00', '285.59', '0.08', '285.36', '54.0000', 1473087024, 1473087919),
('2016-09-05', 'Au99.99', 'æ²ªé‡‘99', '285.55', '286.25', '286.25', '285.40', '0.08', '285.33', '29.1600', 1473087375, 1473087919),
('2016-09-05', 'Au100g', 'æ²ªé‡‘100G', '285.99', '285.31', '286.00', '285.31', '0.14', '285.58', '3.0000', 1473087327, 1473087919),
('2016-09-05', 'Au(T+N1)', 'å»¶æœŸå•é‡‘', '288.90', '288.20', '288.90', '287.25', '0.24', '288.20', '3.0000', 1473087033, 1473087919),
('2016-09-05', 'iAu99.99', 'IAU99.99', '286.36', '286.36', '286.36', '286.36', '0.44', '285.10', '0.0200', 1473087387, 1473087919),
('2016-09-05', 'Au(T+N2)', 'å»¶æœŸåŒé‡‘', '0.00', '0.00', '0.00', '0.00', '0.00', '285.30', '0.0000', 1473087312, 1473087919),
('2016-09-05', 'iAu100g', 'IAU100G', '0.00', '0.00', '0.00', '0.00', '0.00', '261.18', '0.0000', 1473087178, 1473087919),
('2016-09-06', 'Au(T+D)', 'é»„é‡‘å»¶æœŸ', '285.56', '285.47', '285.88', '285.23', '0.14', '285.16', '9470.0000', 1473100126, 1473122091),
('2016-09-06', 'mAu(T+D)', 'è¿·ä½ é»„é‡‘å»¶æœŸ', '285.66', '285.40', '285.84', '285.25', '0.14', '285.25', '772.0000', 1473100164, 1473122091),
('2016-09-06', 'Au99.95', 'æ²ªé‡‘95', '285.59', '286.00', '286.00', '285.59', '0.08', '285.36', '54.0000', 1473098027, 1473122091),
('2016-09-06', 'Au99.99', 'æ²ªé‡‘99', '285.52', '286.25', '286.25', '285.40', '0.07', '285.33', '31.0800', 1473099637, 1473122091),
('2016-09-06', 'Pt99.95', 'æ²ªé“‚95', '244.75', '244.75', '244.75', '244.75', '0.28', '244.07', '8.0000', 1473100083, 1473122091),
('2016-09-06', 'Au100g', 'æ²ªé‡‘100G', '285.99', '285.31', '286.00', '285.31', '0.14', '285.58', '4.4000', 1473099128, 1473122091),
('2016-09-06', 'Au(T+N1)', 'å»¶æœŸå•é‡‘', '288.55', '288.20', '288.90', '287.25', '0.12', '288.20', '3.4000', 1473100151, 1473122091),
('2016-09-06', 'iAu99.99', 'IAU99.99', '286.36', '286.36', '286.36', '286.36', '0.44', '285.10', '0.0200', 1473100018, 1473122091),
('2016-09-06', 'Au(T+N2)', 'å»¶æœŸåŒé‡‘', '0.00', '0.00', '0.00', '0.00', '0.00', '285.30', '0.0000', 1473100171, 1473122091),
('2016-09-05', 'iAu100g', 'IAU100G', '0.00', '0.00', '0.00', '0.00', '0.00', '261.18', '0.0000', 1473088153, 1473122091),
('2016-09-06', 'Au(T+D)', 'é»„é‡‘å»¶æœŸ', '285.28', '285.47', '285.88', '285.23', '0.04', '285.16', '10454.0000', 1473124288, 1473126060),
('2016-09-06', 'mAu(T+D)', 'è¿·ä½ é»„é‡‘å»¶æœŸ', '285.36', '285.40', '285.84', '285.25', '0.04', '285.25', '848.6000', 1473124288, 1473126060),
('2016-09-06', 'Au99.99', 'æ²ªé‡‘99', '285.55', '286.25', '286.25', '285.40', '0.08', '285.33', '95.3200', 1473124273, 1473126060),
('2016-09-06', 'Au99.95', 'æ²ªé‡‘95', '285.59', '286.00', '286.00', '285.59', '0.08', '285.36', '54.0000', 1473124067, 1473126060),
('2016-09-06', 'Pt99.95', 'æ²ªé“‚95', '244.75', '244.75', '244.75', '244.75', '0.28', '244.07', '8.0000', 1473123603, 1473126060),
('2016-09-06', 'Au100g', 'æ²ªé‡‘100G', '285.99', '285.31', '286.00', '285.31', '0.14', '285.58', '4.4000', 1473124169, 1473126060),
('2016-09-06', 'Au(T+N1)', 'å»¶æœŸå•é‡‘', '288.55', '288.20', '288.90', '287.25', '0.12', '288.20', '3.4000', 1473124255, 1473126060),
('2016-09-06', 'iAu99.99', 'IAU99.99', '286.36', '286.36', '286.36', '286.36', '0.44', '285.10', '0.0200', 1473124288, 1473126060),
('2016-09-06', 'Au(T+N2)', 'å»¶æœŸåŒé‡‘', '0.00', '0.00', '0.00', '0.00', '0.00', '285.30', '0.0000', 1473124237, 1473126060),
('2016-09-06', 'Au(T+D)', 'é»„é‡‘å»¶æœŸ', '285.48', '285.47', '285.88', '285.23', '0.11', '285.16', '12270.0000', 1473125372, 1473127260),
('2016-09-06', 'mAu(T+D)', 'è¿·ä½ é»„é‡‘å»¶æœŸ', '285.60', '285.40', '285.84', '285.25', '0.12', '285.25', '966.6000', 1473125364, 1473127260),
('2016-09-06', 'Au99.99', 'æ²ªé‡‘99', '285.60', '286.25', '286.25', '285.40', '0.09', '285.33', '244.9000', 1473125352, 1473127260),
('2016-09-06', 'Au(T+N1)', 'å»¶æœŸå•é‡‘', '288.45', '288.20', '288.90', '287.25', '0.09', '288.20', '97.4000', 1473125364, 1473127260),
('2016-09-06', 'Au(T+N2)', 'å»¶æœŸåŒé‡‘', '286.85', '286.80', '286.85', '286.80', '0.54', '285.30', '93.8000', 1473125365, 1473127260),
('2016-09-06', 'Au99.95', 'æ²ªé‡‘95', '285.59', '286.00', '286.00', '285.59', '0.08', '285.36', '54.0000', 1473125192, 1473127260),
('2016-09-06', 'Pt99.95', 'æ²ªé“‚95', '244.75', '244.75', '244.75', '244.75', '0.28', '244.07', '8.0000', 1473125270, 1473127260),
('2016-09-06', 'Au100g', 'æ²ªé‡‘100G', '285.79', '285.31', '286.00', '285.31', '0.07', '285.58', '6.6000', 1473125211, 1473127260),
('2016-09-06', 'iAu99.99', 'IAU99.99', '286.36', '286.36', '286.36', '286.36', '0.44', '285.10', '0.0200', 1473125366, 1473127260),
('2016-09-06', 'Au(T+N1)', 'å»¶æœŸå•é‡‘', '288.40', '288.20', '288.90', '287.25', '0.07', '288.20', '20097.4000', 1473127865, 1473128943),
('2016-09-06', 'Au(T+D)', 'é»„é‡‘å»¶æœŸ', '285.35', '285.47', '285.88', '285.23', '0.07', '285.16', '17798.0000', 1473127917, 1473128943),
('2016-09-06', 'Au99.99', 'æ²ªé‡‘99', '285.48', '286.25', '286.25', '285.40', '0.05', '285.33', '1665.4000', 1473127917, 1473128943),
('2016-09-06', 'mAu(T+D)', 'è¿·ä½ é»„é‡‘å»¶æœŸ', '285.46', '285.40', '285.84', '285.25', '0.07', '285.25', '1217.6000', 1473127906, 1473128943),
('2016-09-06', 'Au(T+N2)', 'å»¶æœŸåŒé‡‘', '286.80', '286.80', '286.85', '286.80', '0.53', '285.30', '94.0000', 1473127904, 1473128943),
('2016-09-06', 'Au99.95', 'æ²ªé‡‘95', '285.40', '286.00', '286.00', '285.40', '0.01', '285.36', '66.0000', 1473127729, 1473128943),
('2016-09-06', 'Au100g', 'æ²ªé‡‘100G', '285.50', '285.31', '286.00', '285.31', '-0.03', '285.58', '9.4000', 1473127762, 1473128943),
('2016-09-06', 'Pt99.95', 'æ²ªé“‚95', '244.75', '244.75', '244.75', '244.75', '0.28', '244.07', '8.0000', 1473126984, 1473128943),
('2016-09-06', 'iAu99.99', 'IAU99.99', '286.36', '286.36', '286.36', '286.36', '0.44', '285.10', '0.0200', 1473127916, 1473128943),
('2016-09-06', 'iAu100g', 'IAU100G', '0.00', '0.00', '0.00', '0.00', '0.00', '261.18', '0.0000', 1473126163, 1473128943),
('2016-09-06', 'Au(T+D)', 'é»„é‡‘å»¶æœŸ', '285.55', '285.47', '285.88', '285.23', '0.14', '285.16', '22134.0000', 1473131549, 1473132657),
('2016-09-06', 'Au(T+N1)', 'å»¶æœŸå•é‡‘', '288.40', '288.20', '288.90', '287.25', '0.07', '288.20', '20097.4000', 1473131538, 1473132657),
('2016-09-06', 'Au99.99', 'æ²ªé‡‘99', '285.76', '286.25', '286.25', '285.40', '0.15', '285.33', '5865.1600', 1473131532, 1473132657),
('2016-09-06', 'mAu(T+D)', 'è¿·ä½ é»„é‡‘å»¶æœŸ', '285.75', '285.40', '285.84', '285.25', '0.18', '285.25', '1575.0000', 1473131547, 1473132657),
('2016-09-06', 'Au99.95', 'æ²ªé‡‘95', '285.65', '286.00', '286.00', '285.40', '0.10', '285.36', '378.0000', 1473131485, 1473132657),
('2016-09-06', 'Pt99.95', 'æ²ªé“‚95', '245.75', '244.75', '245.75', '244.75', '0.69', '244.07', '110.0000', 1473131281, 1473132657),
('2016-09-06', 'Au(T+N2)', 'å»¶æœŸåŒé‡‘', '286.90', '286.80', '286.90', '286.80', '0.56', '285.30', '94.2000', 1473131423, 1473132657),
('2016-09-06', 'Au100g', 'æ²ªé‡‘100G', '285.90', '285.31', '286.00', '285.31', '0.11', '285.58', '14.2000', 1473131331, 1473132657),
('2016-09-06', 'iAu99.99', 'IAU99.99', '286.36', '286.36', '286.36', '286.36', '0.44', '285.10', '0.0200', 1473131545, 1473132657),
('2016-09-06', 'Au(T+D)', 'é»„é‡‘å»¶æœŸ', '285.62', '285.47', '285.88', '285.23', '0.16', '285.16', '22482.0000', 1473132569, 1473134156),
('2016-09-06', 'Au(T+N1)', 'å»¶æœŸå•é‡‘', '288.40', '288.20', '288.90', '287.25', '0.07', '288.20', '20097.4000', 1473132571, 1473134156),
('2016-09-06', 'Au99.99', 'æ²ªé‡‘99', '285.70', '286.25', '286.25', '285.40', '0.13', '285.33', '6363.4200', 1473132567, 1473134156),
('2016-09-06', 'mAu(T+D)', 'è¿·ä½ é»„é‡‘å»¶æœŸ', '285.50', '285.40', '285.84', '285.25', '0.09', '285.25', '1602.0000', 1473132562, 1473134156),
('2016-09-06', 'Au99.95', 'æ²ªé‡‘95', '285.70', '286.00', '286.00', '285.40', '0.12', '285.36', '396.0000', 1473132571, 1473134156),
('2016-09-06', 'Pt99.95', 'æ²ªé“‚95', '245.75', '244.75', '245.75', '244.75', '0.69', '244.07', '150.0000', 1473132547, 1473134156),
('2016-09-06', 'Au(T+N2)', 'å»¶æœŸåŒé‡‘', '286.90', '286.80', '286.90', '286.80', '0.56', '285.30', '94.2000', 1473132566, 1473134156),
('2016-09-06', 'Au100g', 'æ²ªé‡‘100G', '285.90', '285.31', '286.00', '285.31', '0.11', '285.58', '14.2000', 1473132368, 1473134156),
('2016-09-06', 'iAu99.99', 'IAU99.99', '286.36', '286.36', '286.36', '286.36', '0.44', '285.10', '0.0200', 1473132562, 1473134156),
('2016-09-06', 'Au(T+D)', 'é»„é‡‘å»¶æœŸ', '285.60', '285.47', '285.88', '285.23', '0.15', '285.16', '24852.0000', 1473142373, 1473143507),
('2016-09-06', 'Au(T+N1)', 'å»¶æœŸå•é‡‘', '288.40', '288.20', '288.90', '287.25', '0.07', '288.20', '20097.4000', 1473142376, 1473143507),
('2016-09-06', 'Au99.99', 'æ²ªé‡‘99', '285.74', '286.25', '286.25', '285.40', '0.14', '285.33', '8688.1600', 1473142378, 1473143507),
('2016-09-06', 'mAu(T+D)', 'è¿·ä½ é»„é‡‘å»¶æœŸ', '285.67', '285.40', '285.84', '285.25', '0.15', '285.25', '1806.4000', 1473142372, 1473143507),
('2016-09-06', 'Au99.95', 'æ²ªé‡‘95', '285.59', '286.00', '286.00', '285.40', '0.08', '285.36', '482.0000', 1473142376, 1473143507),
('2016-09-06', 'Pt99.95', 'æ²ªé“‚95', '246.00', '244.75', '246.00', '244.75', '0.79', '244.07', '312.0000', 1473141701, 1473143507),
('2016-09-06', 'Au(T+N2)', 'å»¶æœŸåŒé‡‘', '286.90', '286.80', '286.90', '286.80', '0.56', '285.30', '94.2000', 1473142376, 1473143507),
('2016-09-06', 'Au100g', 'æ²ªé‡‘100G', '285.76', '285.31', '286.00', '285.31', '0.06', '285.58', '18.0000', 1473142282, 1473143507),
('2016-09-06', 'iAu99.99', 'IAU99.99', '286.36', '286.36', '286.36', '286.36', '0.44', '285.10', '0.0200', 1473142276, 1473143507),
('2016-09-06', 'iAu100g', 'IAU100G', '0.00', '0.00', '0.00', '0.00', '0.00', '261.18', '0.0000', 1473142155, 1473143507),
('2016-09-06', 'Au(T+D)', 'é»„é‡‘å»¶æœŸ', '285.55', '285.47', '285.88', '285.23', '0.14', '285.16', '25632.0000', 1473143464, 1473145299),
('2016-09-06', 'Au(T+N1)', 'å»¶æœŸå•é‡‘', '288.35', '288.20', '288.90', '287.25', '0.05', '288.20', '20098.4000', 1473143333, 1473145299),
('2016-09-06', 'Au99.99', 'æ²ªé‡‘99', '285.79', '286.25', '286.25', '285.40', '0.16', '285.33', '9870.3200', 1473143454, 1473145299),
('2016-09-06', 'mAu(T+D)', 'è¿·ä½ é»„é‡‘å»¶æœŸ', '285.61', '285.40', '285.84', '285.25', '0.13', '285.25', '1842.2000', 1473143457, 1473145299),
('2016-09-06', 'Au99.95', 'æ²ªé‡‘95', '285.55', '286.00', '286.00', '285.40', '0.07', '285.36', '550.0000', 1473143458, 1473145299),
('2016-09-06', 'Pt99.95', 'æ²ªé“‚95', '246.50', '244.75', '246.50', '244.75', '1.00', '244.07', '322.0000', 1473143147, 1473145299),
('2016-09-06', 'Au(T+N2)', 'å»¶æœŸåŒé‡‘', '286.90', '286.80', '286.90', '286.80', '0.56', '285.30', '94.2000', 1473143377, 1473145299),
('2016-09-06', 'Au100g', 'æ²ªé‡‘100G', '285.80', '285.31', '286.00', '285.31', '0.08', '285.58', '19.4000', 1473143167, 1473145299),
('2016-09-06', 'iAu99.99', 'IAU99.99', '286.00', '286.36', '286.36', '285.90', '0.32', '285.10', '2.0400', 1473143458, 1473145299),
('2016-09-06', 'Au(T+D)', 'é»„é‡‘å»¶æœŸ', '285.71', '285.47', '285.88', '285.23', '0.19', '285.16', '30208.0000', 1473145982, 1473147561),
('2016-09-06', 'Au(T+N1)', 'å»¶æœŸå•é‡‘', '288.85', '288.20', '288.90', '287.25', '0.23', '288.20', '24098.4000', 1473145403, 1473147561),
('2016-09-06', 'Au99.99', 'æ²ªé‡‘99', '286.00', '286.25', '286.25', '285.40', '0.23', '285.33', '14222.3000', 1473145972, 1473147561),
('2016-09-06', 'Au(T+N2)', 'å»¶æœŸåŒé‡‘', '285.60', '286.80', '286.90', '285.60', '0.11', '285.30', '4128.4000', 1473145960, 1473147561),
('2016-09-06', 'mAu(T+D)', 'è¿·ä½ é»„é‡‘å»¶æœŸ', '285.77', '285.40', '285.84', '285.25', '0.18', '285.25', '2152.0000', 1473145979, 1473147561),
('2016-09-06', 'Au99.95', 'æ²ªé‡‘95', '285.65', '286.00', '286.00', '285.35', '0.10', '285.36', '910.0000', 1473145973, 1473147561),
('2016-09-06', 'Pt99.95', 'æ²ªé“‚95', '246.50', '244.75', '246.50', '244.75', '1.00', '244.07', '322.0000', 1473144148, 1473147561),
('2016-09-06', 'Au100g', 'æ²ªé‡‘100G', '285.90', '285.31', '286.00', '285.31', '0.11', '285.58', '20.6000', 1473145778, 1473147561),
('2016-09-06', 'iAu99.99', 'IAU99.99', '285.75', '286.36', '286.36', '285.75', '0.23', '285.10', '2.0800', 1473145778, 1473147561),
('2016-09-06', 'Au(T+D)', 'é»„é‡‘å»¶æœŸ', '285.87', '285.47', '285.90', '285.23', '0.25', '285.16', '32848.0000', 1473146971, 1473151056),
('2016-09-06', 'Au(T+N1)', 'å»¶æœŸå•é‡‘', '288.85', '288.20', '288.90', '287.25', '0.23', '288.20', '24098.6000', 1473146971, 1473151056),
('2016-09-06', 'Au99.99', 'æ²ªé‡‘99', '286.30', '286.25', '286.30', '285.40', '0.34', '285.33', '14735.7600', 1473146971, 1473151056),
('2016-09-06', 'Au(T+N2)', 'å»¶æœŸåŒé‡‘', '285.60', '286.80', '286.90', '285.60', '0.11', '285.30', '4128.4000', 1473146944, 1473151056),
('2016-09-06', 'mAu(T+D)', 'è¿·ä½ é»„é‡‘å»¶æœŸ', '286.02', '285.40', '286.10', '285.25', '0.27', '285.25', '2454.8000', 1473146970, 1473151056),
('2016-09-06', 'Au99.95', 'æ²ªé‡‘95', '285.97', '286.00', '286.00', '285.35', '0.21', '285.36', '924.0000', 1473146971, 1473151056),
('2016-09-06', 'Pt99.95', 'æ²ªé“‚95', '246.50', '244.75', '246.50', '244.75', '1.00', '244.07', '322.0000', 1473146971, 1473151056),
('2016-09-06', 'Au100g', 'æ²ªé‡‘100G', '286.19', '285.31', '286.19', '285.31', '0.21', '285.58', '28.0000', 1473146971, 1473151056),
('2016-09-06', 'iAu99.99', 'IAU99.99', '285.80', '286.36', '286.36', '285.75', '0.25', '285.10', '8.2800', 1473146971, 1473151056),
('2016-09-06', 'iAu100g', 'IAU100G', '0.00', '0.00', '0.00', '0.00', '0.00', '261.18', '0.0000', 1473146971, 1473151056),
('2016-09-06', 'iAu99.5', 'IAU99.5', '0.00', '0.00', '0.00', '0.00', '0.00', '237.80', '0.0000', 1473146971, 1473151056),
('2016-09-06', 'Au(T+D)', 'é»„é‡‘å»¶æœŸ', '286.80', '286.66', '287.00', '286.21', '0.33', '285.85', '16758.0000', 1473167670, 1473169975),
('2016-09-06', 'mAu(T+D)', 'è¿·ä½ é»„é‡‘å»¶æœŸ', '286.90', '286.58', '287.11', '286.46', '0.29', '286.07', '1062.6000', 1473167668, 1473169975),
('2016-09-06', 'Au99.95', 'æ²ªé‡‘95', '287.00', '287.00', '287.10', '286.90', '0.36', '285.96', '60.0000', 1473167651, 1473169975),
('2016-09-06', 'Au99.99', 'æ²ªé‡‘99', '287.00', '286.30', '287.00', '286.00', '0.24', '286.30', '21.5200', 1473167660, 1473169975),
('2016-09-06', 'Au(T+N1)', 'å»¶æœŸå•é‡‘', '289.50', '289.00', '289.50', '289.00', '0.28', '288.70', '16.2000', 1473166888, 1473169975),
('2016-09-06', 'Au(T+N2)', 'å»¶æœŸåŒé‡‘', '287.80', '287.50', '287.80', '287.50', '0.35', '286.80', '2.0000', 1473166549, 1473169975),
('2016-09-06', 'Au100g', 'æ²ªé‡‘100G', '287.49', '287.49', '287.49', '287.49', '0.51', '286.02', '0.4000', 1473167662, 1473169975),
('2016-09-06', 'iAu100g', 'IAU100G', '0.00', '0.00', '0.00', '0.00', '0.00', '261.18', '0.0000', 1473166513, 1473169975),
('2016-09-06', 'iAu99.5', 'IAU99.5', '0.00', '0.00', '0.00', '0.00', '0.00', '237.80', '0.0000', 1473161950, 1473169975),
('2016-09-06', 'iAu99.99', 'IAU99.99', '0.00', '0.00', '0.00', '0.00', '0.00', '285.79', '0.0000', 1473167664, 1473169975),
('2016-09-06', 'Pt99.95', 'æ²ªé“‚95', '0.00', '0.00', '0.00', '0.00', '0.00', '246.07', '0.0000', 1473165076, 1473169975),
('2016-09-06', 'Au(T+D)', 'é»„é‡‘å»¶æœŸ', '286.92', '286.66', '287.00', '286.21', '0.37', '285.85', '18604.0000', 1473168756, 1473171175),
('2016-09-06', 'mAu(T+D)', 'è¿·ä½ é»„é‡‘å»¶æœŸ', '287.07', '286.58', '287.15', '286.46', '0.35', '286.07', '1215.6000', 1473168755, 1473171175),
('2016-09-06', 'Au99.95', 'æ²ªé‡‘95', '287.00', '287.00', '287.10', '286.90', '0.36', '285.96', '60.0000', 1473168540, 1473171175),
('2016-09-06', 'Au99.99', 'æ²ªé‡‘99', '286.93', '286.30', '287.00', '286.00', '0.22', '286.30', '30.2000', 1473168692, 1473171175),
('2016-09-06', 'Au(T+N1)', 'å»¶æœŸå•é‡‘', '289.50', '289.00', '289.50', '289.00', '0.28', '288.70', '16.2000', 1473168384, 1473171175),
('2016-09-06', 'Au(T+N2)', 'å»¶æœŸåŒé‡‘', '287.80', '287.50', '287.80', '287.50', '0.35', '286.80', '2.0000', 1473168613, 1473171175),
('2016-09-06', 'Au100g', 'æ²ªé‡‘100G', '287.00', '287.49', '287.49', '287.00', '0.34', '286.02', '1.0000', 1473168730, 1473171175),
('2016-09-06', 'iAu99.99', 'IAU99.99', '0.00', '0.00', '0.00', '0.00', '0.00', '285.79', '0.0000', 1473168746, 1473171175),
('2016-09-06', 'Au(T+D)', 'é»„é‡‘å»¶æœŸ', '287.63', '286.66', '287.65', '286.21', '0.62', '285.85', '31758.0000', 1473172356, 1473173097),
('2016-09-06', 'mAu(T+D)', 'è¿·ä½ é»„é‡‘å»¶æœŸ', '287.60', '286.58', '287.77', '286.46', '0.53', '286.07', '2329.4000', 1473172352, 1473173097),
('2016-09-06', 'Au99.99', 'æ²ªé‡‘99', '287.30', '286.30', '287.55', '286.00', '0.35', '286.30', '75.3800', 1473172346, 1473173097),
('2016-09-06', 'Au99.95', 'æ²ªé‡‘95', '287.00', '287.00', '287.10', '286.90', '0.36', '285.96', '60.0000', 1473172061, 1473173097),
('2016-09-06', 'Au(T+N1)', 'å»¶æœŸå•é‡‘', '290.00', '289.00', '290.00', '289.00', '0.45', '288.70', '22.2000', 1473172177, 1473173097),
('2016-09-06', 'Au100g', 'æ²ªé‡‘100G', '287.50', '287.49', '287.50', '287.00', '0.52', '286.02', '7.6000', 1473172099, 1473173097),
('2016-09-06', 'Au(T+N2)', 'å»¶æœŸåŒé‡‘', '288.30', '287.50', '288.50', '287.50', '0.52', '286.80', '2.6000', 1473172111, 1473173097),
('2016-09-06', 'iAu100g', 'IAU100G', '0.00', '0.00', '0.00', '0.00', '0.00', '261.18', '0.0000', 1473170513, 1473173097),
('2016-09-06', 'iAu99.99', 'IAU99.99', '0.00', '0.00', '0.00', '0.00', '0.00', '285.79', '0.0000', 1473172352, 1473173097),
('2016-09-06', 'Pt99.95', 'æ²ªé“‚95', '0.00', '0.00', '0.00', '0.00', '0.00', '246.07', '0.0000', 1473170879, 1473173097),
('2016-09-07', 'Au(T+D)', 'é»„é‡‘å»¶æœŸ', '289.30', '286.66', '289.71', '286.21', '1.21', '285.85', '49986.0000', 1473186569, 1473208513),
('2016-09-07', 'mAu(T+D)', 'è¿·ä½ é»„é‡‘å»¶æœŸ', '289.25', '286.58', '289.68', '286.46', '1.11', '286.07', '4443.6000', 1473186569, 1473208513),
('2016-09-07', 'Au99.99', 'æ²ªé‡‘99', '289.00', '286.30', '289.00', '286.00', '0.94', '286.30', '349.0800', 1473186568, 1473208513),
('2016-09-07', 'Au(T+N2)', 'å»¶æœŸåŒé‡‘', '290.55', '287.50', '290.90', '275.00', '1.31', '286.80', '149.8000', 1473186557, 1473208513),
('2016-09-07', 'Au99.95', 'æ²ªé‡‘95', '287.00', '287.00', '287.10', '286.90', '0.36', '285.96', '60.0000', 1473185931, 1473208513),
('2016-09-07', 'Au(T+N1)', 'å»¶æœŸå•é‡‘', '292.40', '289.00', '293.00', '289.00', '1.28', '288.70', '52.4000', 1473186561, 1473208513),
('2016-09-07', 'Au100g', 'æ²ªé‡‘100G', '289.00', '287.49', '289.00', '287.00', '1.04', '286.02', '23.4000', 1473186150, 1473208513),
('2016-09-07', 'iAu99.99', 'IAU99.99', '288.00', '286.95', '288.00', '286.95', '0.77', '285.79', '0.1800', 1473186455, 1473208513),
('2016-09-07', 'Pt99.95', 'æ²ªé“‚95', '0.00', '0.00', '0.00', '0.00', '0.00', '246.07', '0.0000', 1473186422, 1473208513),
('2016-09-06', 'iAu100g', 'IAU100G', '0.00', '0.00', '0.00', '0.00', '0.00', '261.18', '0.0000', 1473174650, 1473208513),
('2016-09-07', 'Au(T+D)', 'é»„é‡‘å»¶æœŸ', '289.49', '286.66', '289.71', '286.21', '1.27', '285.85', '57592.0000', 1473212076, 1473215305),
('2016-09-07', 'mAu(T+D)', 'è¿·ä½ é»„é‡‘å»¶æœŸ', '289.47', '286.58', '289.98', '286.46', '1.19', '286.07', '5645.6000', 1473212076, 1473215305),
('2016-09-07', 'Au99.99', 'æ²ªé‡‘99', '289.44', '286.30', '289.86', '286.00', '1.10', '286.30', '933.6600', 1473212076, 1473215305),
('2016-09-07', 'Au(T+N2)', 'å»¶æœŸåŒé‡‘', '290.70', '287.50', '290.95', '275.00', '1.36', '286.80', '245.8000', 1473211981, 1473215305),
('2016-09-07', 'Au99.95', 'æ²ªé‡‘95', '289.30', '287.00', '289.30', '286.90', '1.17', '285.96', '180.0000', 1473212076, 1473215305),
('2016-09-07', 'Au(T+N1)', 'å»¶æœŸå•é‡‘', '292.45', '289.00', '293.00', '289.00', '1.30', '288.70', '147.4000', 1473212076, 1473215305),
('2016-09-07', 'Au100g', 'æ²ªé‡‘100G', '289.30', '287.49', '289.30', '287.00', '1.15', '286.02', '46.4000', 1473212059, 1473215305),
('2016-09-07', 'iAu99.99', 'IAU99.99', '288.50', '286.95', '288.50', '286.95', '0.95', '285.79', '0.2600', 1473212065, 1473215305),
('2016-09-07', 'Pt99.95', 'æ²ªé“‚95', '0.00', '0.00', '0.00', '0.00', '0.00', '246.07', '0.0000', 1473211518, 1473215305),
('2016-09-07', 'iAu100g', 'IAU100G', '0.00', '0.00', '0.00', '0.00', '0.00', '261.18', '0.0000', 1473211126, 1473215305),
('2016-09-07', 'Au(T+D)', 'é»„é‡‘å»¶æœŸ', '289.80', '286.66', '289.88', '286.21', '1.38', '285.85', '68236.0000', 1473215708, 1473216505),
('2016-09-07', 'mAu(T+D)', 'è¿·ä½ é»„é‡‘å»¶æœŸ', '289.90', '286.58', '289.98', '286.46', '1.34', '286.07', '6210.8000', 1473215705, 1473216505),
('2016-09-07', 'Au99.99', 'æ²ªé‡‘99', '290.00', '286.30', '290.00', '286.00', '1.29', '286.30', '3304.5200', 1473215706, 1473216505),
('2016-09-07', 'Au99.95', 'æ²ªé‡‘95', '289.80', '287.00', '289.80', '286.90', '1.34', '285.96', '418.0000', 1473215679, 1473216505),
('2016-09-07', 'Au(T+N2)', 'å»¶æœŸåŒé‡‘', '291.05', '287.50', '291.05', '275.00', '1.48', '286.80', '307.6000', 1473215011, 1473216505),
('2016-09-07', 'Au(T+N1)', 'å»¶æœŸå•é‡‘', '292.55', '289.00', '293.00', '289.00', '1.33', '288.70', '209.8000', 1473215439, 1473216505),
('2016-09-07', 'Pt99.95', 'æ²ªé“‚95', '251.00', '250.50', '251.00', '250.50', '2.00', '246.07', '160.0000', 1473215358, 1473216505),
('2016-09-07', 'Au100g', 'æ²ªé‡‘100G', '289.86', '287.49', '289.86', '287.00', '1.34', '286.02', '58.4000', 1473215692, 1473216505),
('2016-09-07', 'iAu99.99', 'IAU99.99', '288.50', '286.95', '288.50', '286.95', '0.95', '285.79', '0.2600', 1473215690, 1473216505),
('2016-09-07', 'iAu100g', 'IAU100G', '0.00', '0.00', '0.00', '0.00', '0.00', '261.18', '0.0000', 1473213835, 1473216505),
('2016-09-07', 'Au(T+D)', 'é»„é‡‘å»¶æœŸ', '289.80', '286.66', '289.88', '286.21', '1.38', '285.85', '68118.0000', 1473215674, 1473217982),
('2016-09-07', 'mAu(T+D)', 'è¿·ä½ é»„é‡‘å»¶æœŸ', '289.89', '286.58', '289.98', '286.46', '1.34', '286.07', '6185.6000', 1473215674, 1473217982),
('2016-09-07', 'Au99.99', 'æ²ªé‡‘99', '290.00', '286.30', '290.00', '286.00', '1.29', '286.30', '3304.4800', 1473215675, 1473217982),
('2016-09-07', 'Au99.95', 'æ²ªé‡‘95', '289.80', '287.00', '289.80', '286.90', '1.34', '285.96', '418.0000', 1473215673, 1473217982),
('2016-09-07', 'Au100g', 'æ²ªé‡‘100G', '289.86', '287.49', '289.86', '287.00', '1.34', '286.02', '58.4000', 1473215673, 1473217982),
('2016-09-07', 'iAu99.99', 'IAU99.99', '288.50', '286.95', '288.50', '286.95', '0.95', '285.79', '0.2600', 1473215675, 1473217982),
('2016-09-07', 'Au(T+D)', 'é»„é‡‘å»¶æœŸ', '290.20', '286.66', '290.30', '286.21', '1.52', '285.85', '74750.0000', 1473218968, 1473219667),
('2016-09-07', 'mAu(T+D)', 'è¿·ä½ é»„é‡‘å»¶æœŸ', '290.23', '286.58', '290.33', '286.46', '1.45', '286.07', '6687.2000', 1473218968, 1473219667),
('2016-09-07', 'Au99.99', 'æ²ªé‡‘99', '290.36', '286.30', '290.45', '286.00', '1.42', '286.30', '5498.3400', 1473218963, 1473219667),
('2016-09-07', 'Au99.95', 'æ²ªé‡‘95', '290.20', '287.00', '290.20', '286.90', '1.48', '285.96', '782.0000', 1473218949, 1473219667),
('2016-09-07', 'Au(T+N2)', 'å»¶æœŸåŒé‡‘', '291.00', '287.50', '291.10', '275.00', '1.46', '286.80', '309.0000', 1473218950, 1473219667),
('2016-09-07', 'Au(T+N1)', 'å»¶æœŸå•é‡‘', '292.80', '289.00', '293.00', '289.00', '1.42', '288.70', '210.0000', 1473218949, 1473219667),
('2016-09-07', 'Pt99.95', 'æ²ªé“‚95', '251.00', '250.50', '251.00', '250.50', '2.00', '246.07', '176.0000', 1473218291, 1473219667),
('2016-09-07', 'Au100g', 'æ²ªé‡‘100G', '290.49', '287.49', '290.49', '287.00', '1.56', '286.02', '86.4000', 1473218965, 1473219667),
('2016-09-07', 'iAu99.99', 'IAU99.99', '288.50', '286.95', '288.50', '286.95', '0.95', '285.79', '0.2600', 1473218966, 1473219667),
('2016-09-07', 'iAu100g', 'IAU100G', '0.00', '0.00', '0.00', '0.00', '0.00', '261.18', '0.0000', 1473216029, 1473219667),
('2016-09-07', 'Au(T+D)', 'é»„é‡‘å»¶æœŸ', '290.15', '286.66', '290.30', '286.21', '1.50', '285.85', '75242.0000', 1473226503, 1473227303),
('2016-09-07', 'mAu(T+D)', 'è¿·ä½ é»„é‡‘å»¶æœŸ', '290.13', '286.58', '290.33', '286.46', '1.42', '286.07', '6735.8000', 1473226502, 1473227303),
('2016-09-07', 'Au99.99', 'æ²ªé‡‘99', '290.31', '286.30', '290.45', '286.00', '1.40', '286.30', '5539.0400', 1473226500, 1473227303),
('2016-09-07', 'Au99.95', 'æ²ªé‡‘95', '290.20', '287.00', '290.20', '286.90', '1.48', '285.96', '782.0000', 1473226461, 1473227303),
('2016-09-07', 'Au(T+N2)', 'å»¶æœŸåŒé‡‘', '291.00', '287.50', '291.10', '275.00', '1.46', '286.80', '309.0000', 1473226246, 1473227303),
('2016-09-07', 'Au(T+N1)', 'å»¶æœŸå•é‡‘', '292.80', '289.00', '293.00', '289.00', '1.42', '288.70', '210.0000', 1473226237, 1473227303),
('2016-09-07', 'Pt99.95', 'æ²ªé“‚95', '251.00', '250.50', '251.00', '250.50', '2.00', '246.07', '176.0000', 1473226319, 1473227303),
('2016-09-07', 'Au100g', 'æ²ªé‡‘100G', '290.00', '287.49', '290.49', '287.00', '1.39', '286.02', '87.0000', 1473226405, 1473227303),
('2016-09-07', 'iAu99.99', 'IAU99.99', '288.50', '286.95', '288.50', '286.95', '0.95', '285.79', '0.2600', 1473226480, 1473227303),
('2016-09-07', 'Au(T+D)', 'é»„é‡‘å»¶æœŸ', '289.63', '286.66', '290.30', '286.21', '1.32', '285.85', '83148.0000', 1473230137, 1473230982),
('2016-09-07', 'Au99.99', 'æ²ªé‡‘99', '290.02', '286.30', '290.45', '286.00', '1.30', '286.30', '11106.1400', 1473230128, 1473230982),
('2016-09-07', 'mAu(T+D)', 'è¿·ä½ é»„é‡‘å»¶æœŸ', '289.85', '286.58', '290.33', '286.46', '1.32', '286.07', '7741.2000', 1473230136, 1473230982),
('2016-09-07', 'Au99.95', 'æ²ªé‡‘95', '289.80', '287.00', '290.20', '286.90', '1.34', '285.96', '958.0000', 1473230136, 1473230982),
('2016-09-07', 'Au(T+N2)', 'å»¶æœŸåŒé‡‘', '291.10', '287.50', '291.10', '275.00', '1.50', '286.80', '310.8000', 1473230119, 1473230982),
('2016-09-07', 'Au(T+N1)', 'å»¶æœŸå•é‡‘', '292.65', '289.00', '293.00', '289.00', '1.37', '288.70', '211.6000', 1473230120, 1473230982),
('2016-09-07', 'Pt99.95', 'æ²ªé“‚95', '251.00', '250.50', '251.00', '250.50', '2.00', '246.07', '176.0000', 1473228565, 1473230982),
('2016-09-07', 'Au100g', 'æ²ªé‡‘100G', '289.60', '287.49', '290.49', '287.00', '1.25', '286.02', '94.8000', 1473230070, 1473230982),
('2016-09-07', 'iAu99.99', 'IAU99.99', '288.50', '286.95', '288.50', '286.95', '0.95', '285.79', '0.2600', 1473230136, 1473230982),
('2016-09-07', 'Au(T+D)', 'é»„é‡‘å»¶æœŸ', '289.28', '286.66', '290.30', '286.21', '1.20', '285.85', '92030.0000', 1473233366, 1473234641),
('2016-09-07', 'Au(T+N2)', 'å»¶æœŸåŒé‡‘', '292.00', '287.50', '292.00', '275.00', '1.81', '286.80', '20318.0000', 1473233357, 1473234641),
('2016-09-07', 'Au99.99', 'æ²ªé‡‘99', '289.40', '286.30', '290.45', '286.00', '1.08', '286.30', '14878.5200', 1473233367, 1473234641),
('2016-09-07', 'mAu(T+D)', 'è¿·ä½ é»„é‡‘å»¶æœŸ', '289.52', '286.58', '290.33', '286.46', '1.21', '286.07', '8584.6000', 1473233366, 1473234641),
('2016-09-07', 'Au99.95', 'æ²ªé‡‘95', '289.21', '287.00', '290.20', '286.90', '1.14', '285.96', '1394.0000', 1473233367, 1473234641),
('2016-09-07', 'Au(T+N1)', 'å»¶æœŸå•é‡‘', '291.55', '289.00', '293.00', '289.00', '0.99', '288.70', '214.2000', 1473233364, 1473234641),
('2016-09-07', 'Pt99.95', 'æ²ªé“‚95', '251.00', '250.50', '251.00', '250.50', '2.00', '246.07', '190.0000', 1473233367, 1473234641),
('2016-09-07', 'Au100g', 'æ²ªé‡‘100G', '289.25', '287.49', '290.49', '287.00', '1.13', '286.02', '99.6000', 1473233367, 1473234641),
('2016-09-07', 'iAu99.99', 'IAU99.99', '288.50', '286.95', '288.50', '286.95', '0.95', '285.79', '0.2600', 1473233367, 1473234641),
('2016-09-07', 'iAu100g', 'IAU100G', '0.00', '0.00', '0.00', '0.00', '0.00', '261.18', '0.0000', 1473233367, 1473234641),
('2016-09-07', 'iAu99.5', 'IAU99.5', '0.00', '0.00', '0.00', '0.00', '0.00', '237.80', '0.0000', 1473233367, 1473234641);

-- --------------------------------------------------------

--
-- è¡¨çš„ç»“æ„ `gd_node`
--

CREATE TABLE IF NOT EXISTS `gd_node` (
  `node_id` int(11) NOT NULL AUTO_INCREMENT,
  `mode` enum('auth','menu') NOT NULL DEFAULT 'auth',
  `parent_id` int(11) NOT NULL DEFAULT '0',
  `level` tinyint(4) NOT NULL DEFAULT '1',
  `name` varchar(32) DEFAULT NULL,
  `title` text,
  `path` varchar(96) DEFAULT NULL,
  `status` tinyint(1) NOT NULL DEFAULT '1',
  `auth` tinyint(1) NOT NULL DEFAULT '0',
  `sort` smallint(6) NOT NULL DEFAULT '0',
  `note` text,
  PRIMARY KEY (`node_id`)
) ENGINE=InnoDB  DEFAULT CHARSET=utf8 AUTO_INCREMENT=120 ;

--
-- è½¬å­˜è¡¨ä¸­çš„æ•°æ® `gd_node`
--

INSERT INTO `gd_node` (`node_id`, `mode`, `parent_id`, `level`, `name`, `title`, `path`, `status`, `auth`, `sort`, `note`) VALUES
(1, 'auth', 0, 1, 'tool', 'å°å·¥å…·', 'tool', 1, 1, 0, NULL),
(2, 'auth', 1, 1, 'API', 'é€šç”¨æ¥å£', 'tool/api', 1, 0, 0, ''),
(3, 'auth', 2, 1, 'golden_price', 'è·å–é»„é‡‘ä»·æ ¼', 'tool/api/price', 1, 0, 0, ''),
(4, 'auth', 0, 1, 'auth', 'ç”¨æˆ·æ¨¡å—', '', 1, 1, 0, ''),
(5, 'auth', 4, 1, 'worker', 'å‘˜å·¥ç®¡ç†', 'auth/worker', 1, 1, 0, ''),
(6, 'auth', 5, 1, 'list', 'å‘˜å·¥åˆ—è¡¨é¡µ', 'auth/worker/list', 1, 1, 0, ''),
(7, 'auth', 5, 1, 'check_username', 'éªŒè¯ç”¨æˆ·åæœ‰æ•ˆ', 'auth/worker/check_username', 1, 1, 0, ''),
(8, 'auth', 5, 1, 'save', 'æ·»åŠ ç¼–è¾‘å‘˜å·¥', 'auth/worker/save', 1, 1, 0, ''),
(9, 'auth', 5, 1, 'get_info', 'è·å–å‘˜å·¥ä¿¡æ¯', 'auth/worker/get_info', 1, 1, 0, ''),
(10, 'auth', 5, 1, 'activate', 'å¯ç”¨å‘˜å·¥', 'auth/worker/activate', 1, 1, 0, ''),
(11, 'auth', 5, 1, 'deactivate', 'ç¦ç”¨å‘˜å·¥', 'auth/worker/deactivate', 1, 1, 0, ''),
(12, 'auth', 4, 1, 'role', 'è§’è‰²æ¨¡å—', 'auth/role', 1, 1, 0, ''),
(13, 'auth', 12, 1, 'index', 'è§’è‰²åˆ—è¡¨', 'auth/role/index', 1, 1, 0, ''),
(14, 'auth', 12, 1, 'check_code', 'éªŒè¯è§’è‰²æ ‡è¯†', 'auth/role/check_code', 1, 1, 0, ''),
(15, 'auth', 12, 1, 'save', 'æ·»åŠ ç¼–è¾‘è§’è‰²', 'auth/role/save', 1, 1, 0, ''),
(16, 'auth', 12, 1, 'get_info', 'è·å–è§’è‰²ä¿¡æ¯', 'auth/role/get_info', 1, 1, 0, ''),
(17, 'auth', 4, 1, 'permission', 'æƒé™æ¨¡å—', 'auth/permission', 1, 1, 0, ''),
(18, 'auth', 17, 1, 'index', 'æƒé™èŠ‚ç‚¹æ ‘', 'auth/permission/index', 1, 1, 0, ''),
(19, 'auth', 17, 1, 'save', 'æ·»åŠ ç¼–è¾‘æƒé™èŠ‚ç‚¹', 'auth/permission/save', 1, 1, 0, ''),
(20, 'auth', 17, 1, 'delete', 'åˆ é™¤èŠ‚ç‚¹', 'auth/permission/delete', 1, 1, 0, ''),
(21, 'auth', 17, 1, 'get_info', 'è·å–èŠ‚ç‚¹ä¿¡æ¯', 'auth/permission/get_info', 1, 1, 0, ''),
(22, 'auth', 4, 1, 'profile', 'ä¸ªäººèµ„æ–™', 'auth/profile', 1, 0, 0, ''),
(23, 'auth', 22, 1, 'index', 'ä¸ªäººèµ„æ–™é¡µé¢', 'auth/profile/index', 1, 0, 0, ''),
(24, 'auth', 22, 1, 'check_oldpwd', 'éªŒè¯æ—§å¯†ç ', 'auth/profile/check_oldpwd', 1, 0, 0, ''),
(25, 'auth', 22, 1, 'password', 'é‡ç½®å¯†ç ', 'auth/profile/password', 1, 0, 0, ''),
(26, 'auth', 22, 1, 'save', 'ç¼–è¾‘ä¸ªäººèµ„æ–™', 'auth/profile/save', 1, 0, 0, ''),
(27, 'auth', 22, 1, 'avatar', 'ä¸Šä¼ å¤´åƒ', 'auth/profile/avatar', 1, 0, 0, ''),
(28, 'auth', 0, 1, 'setting', 'å‚æ•°è®¾ç½®', 'setting', 1, 1, 0, ''),
(29, 'auth', 28, 1, 'system', 'å¹³å°å‚æ•°', 'setting/system', 1, 1, 0, ''),
(30, 'auth', 29, 1, 'index', 'è¯»å–å¹³å°å‚æ•°', 'setting/system/index', 1, 1, 0, ''),
(31, 'auth', 29, 1, 'save', 'ç¼–è¾‘å‚æ•°', 'setting/system/save', 1, 1, 0, ''),
(32, 'auth', 28, 1, 'project', 'ä¸šåŠ¡å‚æ•°', 'setting/project', 1, 1, 0, ''),
(33, 'auth', 32, 1, 'index', 'è¯»å–ä¸šåŠ¡å‚æ•°', 'setting/project/index', 1, 1, 0, ''),
(34, 'auth', 32, 1, 'save', 'ç¼–è¾‘å‚æ•°', 'setting/project/save', 1, 1, 0, ''),
(35, 'auth', 32, 1, 'status_list', 'è¯»å–é¡¹ç›®çŠ¶æ€åˆ—è¡¨', 'setting/project/status_list', 1, 1, 0, ''),
(36, 'auth', 32, 1, 'save_status', 'ç¼–è¾‘é¡¹ç›®çŠ¶æ€', 'setting/project/save_status', 1, 1, 0, ''),
(37, 'auth', 32, 1, 'check_status', 'éªŒè¯é¡¹ç›®çŠ¶æ€æ ‡è¯†', 'setting/project/check_status', 1, 1, 0, ''),
(38, 'auth', 32, 1, 'get_status', 'è·å–é¡¹ç›®çŠ¶æ€ä¿¡æ¯', 'setting/project/get_status', 1, 1, 0, ''),
(39, 'auth', 28, 1, 'api', 'æ¥å£å‚æ•°', 'setting/api', 1, 1, 0, ''),
(40, 'auth', 39, 1, 'inde', 'è¯»å–æ¥å£å‚æ•°', 'setting/api/index', 1, 1, 0, ''),
(41, 'auth', 39, 1, 'save', 'ç¼–è¾‘å‚æ•°', 'setting/api/save', 1, 1, 0, ''),
(42, 'auth', 0, 1, 'article', 'æ–‡ç« ç®¡ç†', 'article', 1, 1, 0, ''),
(43, 'auth', 42, 1, 'category', 'æ–‡ç« åˆ†ç±»', 'article/category', 1, 1, 0, ''),
(44, 'auth', 43, 1, 'index', 'è¯»å–æ–‡ç« åˆ†ç±»åˆ—è¡¨', 'article/category/index', 1, 1, 0, ''),
(45, 'auth', 43, 1, 'save', 'æ·»åŠ ç¼–è¾‘æ–‡ç« åˆ†ç±»', 'article/category/save', 1, 1, 0, ''),
(46, 'auth', 43, 1, 'get_info', 'è·å–æ–‡ç« åˆ†ç±»ä¿¡æ¯', 'article/category/get_info', 1, 1, 0, ''),
(47, 'auth', 43, 1, 'check_code', 'éªŒè¯æ–‡ç« åˆ†ç±»æ ‡è¯†', 'article/category/check_code', 1, 1, 0, ''),
(48, 'auth', 42, 1, 'article', 'æ–‡ç« ç®¡ç†', 'article/article', 1, 1, 0, ''),
(49, 'auth', 48, 1, 'index', 'è¯»å–æ‰€æœ‰æ–‡ç« ', 'article/article/index', 1, 1, 0, ''),
(50, 'auth', 48, 1, 'form', 'åŠ è½½æ–‡ç« ç¼–è¾‘è¡¨å•', 'article/article/form', 1, 1, 0, ''),
(51, 'auth', 48, 1, 'save', 'æ·»åŠ ç¼–è¾‘æ–‡ç« ', 'article/article/save', 1, 1, 0, ''),
(52, 'auth', 48, 1, 'detail', 'æŸ¥çœ‹æ–‡ç« å†…å®¹', 'article/article/detail', 1, 0, 0, ''),
(53, 'auth', 0, 1, 'project', 'é¡¹ç›®ç®¡ç†', 'project', 1, 1, 0, ''),
(54, 'auth', 53, 1, 'investing', 'é’±ç”Ÿé‡‘', 'project/investing', 1, 1, 0, ''),
(55, 'auth', 54, 1, 'index', 'è¯»å–é’±ç”Ÿé‡‘é¡¹ç›®åˆ—è¡¨', 'project/investing/index', 1, 1, 0, ''),
(57, 'auth', 54, 1, 'applied', 'æ·»åŠ é¡¹ç›®', 'project/investing/booked', 1, 1, 0, ''),
(59, 'auth', 54, 1, 'checked', 'æ ¸å®é¡¹ç›®ä¿¡æ¯', 'project/investing/checked', 1, 1, 0, ''),
(61, 'auth', 54, 1, 'confirmed', 'åº“ç®¡ç¡®è®¤', 'project/investing/confirmed', 1, 1, 0, ''),
(63, 'auth', 54, 1, 'applied', 'ç”³è¯·å–é‡‘', 'project/investing/applied', 1, 1, 0, ''),
(64, 'auth', 54, 1, 'reset_locker', 'é‡Šæ”¾è¡¨å•é”', 'project/investing/reset_locker', 1, 0, 0, ''),
(65, 'auth', 54, 1, 'detail', 'é¡¹ç›®è¯¦æƒ…', 'project/investing/detail', 1, 1, 0, ''),
(67, 'auth', 54, 1, 'refused', 'é©³å›é¡¹ç›®', 'project/investing/refused', 1, 1, 0, ''),
(68, 'auth', 54, 1, 'trashed', 'åºŸå¼ƒé¡¹ç›®', 'project/investing/trashed', 1, 1, 0, ''),
(69, 'auth', 53, 1, 'recycling', 'é‡‘ç”Ÿé‡‘', 'project/recycling', 1, 1, 0, ''),
(70, 'auth', 69, 1, 'index', 'è¯»å–é¡¹ç›®åˆ—è¡¨', 'project/recycling/index', 1, 1, 0, ''),
(72, 'auth', 69, 1, 'booked', 'ç™»è®°é¡¹ç›®', 'project/recycling/booked', 1, 1, 0, ''),
(78, 'auth', 69, 1, 'checked', 'æ ¸å®é¡¹ç›®èµ„æ–™', 'project/recycling/checked', 1, 1, 0, ''),
(80, 'auth', 69, 3, 'terminated', 'ç»ˆæ­¢é¡¹ç›®', 'project/recycling/terminated', 1, 1, 0, ''),
(81, 'auth', 69, 3, 'reset_locker', 'é‡Šæ”¾è¡¨å•é”', 'project/recycling/reset_locker', 1, 0, 0, ''),
(82, 'auth', 69, 1, 'detail', 'é¡¹ç›®è¯¦æƒ…', 'project/recycling/detail', 1, 1, 0, ''),
(84, 'auth', 69, 1, 'refused', 'æ‹’ç»ç”³è¯·', 'project/recycling/refused', 1, 1, 0, ''),
(85, 'auth', 69, 1, 'trashed', 'åºŸå¼ƒé¡¹ç›®', 'project/recycling/trashed', 1, 1, 0, ''),
(87, 'auth', 69, 1, 'confirmed', 'åº“ç®¡ç¡®è®¤', 'project/recycling/confirmed', 1, 1, 0, ''),
(88, 'auth', 0, 1, 'dashboard', 'é¦–é¡µ', '', 1, 0, 0, NULL),
(89, 'auth', 88, 1, 'home', 'æ§åˆ¶é¢æ¿', 'home/index', 1, 0, 0, NULL),
(90, 'auth', 0, 1, 'error', 'é”™è¯¯æç¤º', '', 1, 0, 0, NULL),
(91, 'auth', 90, 1, 'permission', 'æ— æ­¤æˆæƒ', 'error/permission', 1, 0, 0, NULL),
(92, 'auth', 90, 1, 'permission', 'æ— æ­¤æˆæƒ', 'error/permission/index', 1, 0, 0, NULL),
(93, 'auth', 54, 1, 'update', 'ç¼–è¾‘é¡¹ç›®', 'project/investing/update', 1, 1, 0, ''),
(94, 'auth', 54, 1, 'terminated', 'ç»ˆæ­¢é¡¹ç›®', 'project/investing/terminated', 1, 1, 0, ''),
(96, 'auth', 54, 1, 'cancle', 'å–æ¶ˆç”³è¯·æé‡‘', 'project/investing/cancle', 1, 1, 0, ''),
(98, 'auth', 1, 1, 'filemanager', 'æ–‡ä»¶ç®¡ç†', 'tool/filemanager', 1, 0, 0, ''),
(100, 'auth', 98, 1, 'upload', 'ä¸Šä¼ æ–‡ä»¶', 'tool/filemanager/upload', 1, 0, 0, ''),
(101, 'auth', 98, 1, 'download', 'ä¸‹è½½æ–‡ä»¶', 'tool/filemanager/download', 1, 0, 0, ''),
(102, 'auth', 5, 1, 'autocomplete', 'è‡ªåŠ¨åŒ¹é…', 'auth/worker/autocomplete', 1, 0, 0, ''),
(103, 'auth', 69, 1, 'update', 'ç¼–è¾‘é¡¹ç›®', 'project/recycling/update', 1, 1, 0, ''),
(104, 'auth', 53, 1, 'customer', 'å®¢æˆ·ç®¡ç†', 'project/customer', 1, 1, 0, ''),
(105, 'auth', 104, 1, 'index', 'æŸ¥çœ‹å®¢æˆ·åˆ—è¡¨', 'project/customer/index', 1, 1, 0, ''),
(106, 'auth', 104, 1, 'update', 'æ›´æ–°å®¢æˆ·èµ„æ–™', 'project/customer/update', 1, 1, 0, ''),
(107, 'auth', 104, 1, 'projects', 'æŸ¥çœ‹å®¢æˆ·é¡¹ç›®æ˜ç»†', 'project/customer/projects', 1, 1, 0, ''),
(108, 'auth', 104, 1, 'autocomplete', 'è‡ªåŠ¨åŒ¹é…å®¢æˆ·èµ„æ–™', 'project/customer/autocomplete', 1, 0, 0, ''),
(109, 'auth', 104, 1, 'applied', 'å®¢æˆ·æé‡‘', 'project/customer/applied', 1, 1, 0, ''),
(110, 'auth', 104, 1, 'order', 'é—¨åº—æ¶ˆè´¹ç”³è¯·', 'project/customer/order', 1, 1, 0, ''),
(111, 'auth', 104, 1, 'taken', 'ç¡®è®¤ç”³è¯·æé‡‘æˆ–æ¶ˆè´¹', 'project/customer/taken', 1, 1, 0, ''),
(112, 'auth', 104, 1, 'cancle', 'å–æ¶ˆå®¢æˆ·æé‡‘ç”³è¯·', 'project/customer/cancle', 1, 1, 0, ''),
(113, 'auth', 53, 1, 'trash', 'å›æ”¶ç«™', 'project/trash', 1, 1, 0, ''),
(114, 'auth', 113, 1, 'index', 'è¯»å–å›æ”¶ç«™åˆ—è¡¨', 'project/trash/index', 1, 1, 0, ''),
(115, 'auth', 113, 1, 'restore', 'è¿˜åŸ', 'project/trash/restore', 1, 1, 0, ''),
(116, 'auth', 113, 1, 'remove', 'åˆ é™¤', 'project/trash/remove', 1, 1, 0, ''),
(117, 'auth', 53, 1, 'stock', 'åº“å­˜ç®¡ç†', 'project/stock', 1, 1, 0, ''),
(118, 'auth', 117, 1, 'inde', 'è¯»å–åº“å­˜åˆ—è¡¨', 'project/stock/index', 1, 1, 0, ''),
(119, 'auth', 117, 1, 'storage', 'æ·»åŠ é»„é‡‘å…¥åº“è®°å½•', 'project/stock/storage', 1, 1, 0, '');

-- --------------------------------------------------------

--
-- è¡¨çš„ç»“æ„ `gd_project_file`
--

CREATE TABLE IF NOT EXISTS `gd_project_file` (
  `file_id` int(11) NOT NULL AUTO_INCREMENT,
  `project_sn` char(18) COLLATE utf8_unicode_ci NOT NULL DEFAULT '0',
  `mode` enum('investing','recycling') COLLATE utf8_unicode_ci NOT NULL DEFAULT 'recycling',
  `dir` enum('photo','invoice','report','privacy') COLLATE utf8_unicode_ci NOT NULL DEFAULT 'photo',
  `file` text COLLATE utf8_unicode_ci NOT NULL,
  `status` tinyint(1) NOT NULL DEFAULT '1',
  `worker_id` int(11) NOT NULL DEFAULT '0',
  `addtime` int(11) NOT NULL DEFAULT '0',
  PRIMARY KEY (`file_id`)
) ENGINE=InnoDB  DEFAULT CHARSET=utf8 COLLATE=utf8_unicode_ci AUTO_INCREMENT=17 ;

--
-- è½¬å­˜è¡¨ä¸­çš„æ•°æ® `gd_project_file`
--

INSERT INTO `gd_project_file` (`file_id`, `project_sn`, `mode`, `dir`, `file`, `status`, `worker_id`, `addtime`) VALUES
(1, 'GR1609072292323723', 'recycling', 'photo', '[{"name":"user2-160x160.jpg","path":"public\\/uploads\\/2016\\/09\\/07233430c4779f.jpg"}]', 1, 5, 1473262643),
(2, 'GR1609072292323723', 'recycling', 'invoice', '[{"name":"avatar.png","path":"public\\/uploads\\/2016\\/09\\/0723343230d1e5.png"}]', 1, 5, 1473262643),
(3, 'GR1609072292323723', 'recycling', 'report', '[{"name":"121034209220f1.jpg","path":"public\\/uploads\\/2016\\/09\\/07233656415412.jpg"}]', 1, 5, 1473262643),
(4, 'GR1609072292323723', 'recycling', 'privacy', '[{"name":"29155021142d12.txt","path":"public\\/uploads\\/2016\\/09\\/0723371138ba1a.txt"}]', 1, 5, 1473262643),
(9, 'GR1609082350070713', 'recycling', 'photo', '[{"name":"user5-128x128.jpg","path":"public\\/uploads\\/2016\\/09\\/0800064159997c.jpg"}]', 1, 5, 1473266405),
(10, 'GR1609082350070713', 'recycling', 'invoice', '[{"name":"avatar2.png","path":"public\\/uploads\\/2016\\/09\\/08000645a58955.png"}]', 1, 5, 1473266405),
(11, 'GR1609082350070713', 'recycling', 'report', '[{"name":"29155000ed424f.txt","path":"public\\/uploads\\/2016\\/09\\/080006488d5330.txt"}]', 1, 5, 1473266405),
(12, 'GR1609082350070713', 'recycling', 'privacy', '[{"name":"29155021142d12.txt","path":"public\\/uploads\\/2016\\/09\\/08000657981570.txt"}]', 1, 5, 1473266405),
(13, 'GR1609084360044048', 'recycling', 'photo', '[{"name":"user1-128x128.jpg","path":"public\\/uploads\\/2016\\/09\\/08004148b6eafa.jpg"}]', 1, 5, 1473266526),
(14, 'GR1609084360044048', 'recycling', 'invoice', '[{"name":"avatar3.png","path":"public\\/uploads\\/2016\\/09\\/08004152bde3de.png"}]', 1, 5, 1473266526),
(15, 'GR1609084360044048', 'recycling', 'report', '[{"name":"29155000ed424f.txt","path":"public\\/uploads\\/2016\\/09\\/080041540b5664.txt"}]', 1, 5, 1473266526),
(16, 'GR1609084360044048', 'recycling', 'privacy', '[{"name":"29155021142d12.txt","path":"public\\/uploads\\/2016\\/09\\/0800420280969f.txt"}]', 1, 5, 1473266526);

-- --------------------------------------------------------

--
-- è¡¨çš„ç»“æ„ `gd_project_investing`
--

CREATE TABLE IF NOT EXISTS `gd_project_investing` (
  `project_id` int(11) NOT NULL AUTO_INCREMENT,
  `project_sn` char(18) COLLATE utf8_unicode_ci NOT NULL,
  `status_id` tinyint(4) NOT NULL DEFAULT '0',
  `customer_id` int(11) NOT NULL DEFAULT '0',
  `referrer_id` int(11) DEFAULT '0',
  `price` decimal(6,2) NOT NULL DEFAULT '0.00',
  `weight` decimal(11,2) NOT NULL DEFAULT '0.00',
  `amount` decimal(11,2) NOT NULL DEFAULT '0.00',
  `month` tinyint(4) NOT NULL DEFAULT '1',
  `profit` decimal(5,2) NOT NULL DEFAULT '0.00',
  `payment` enum('cash','gold') COLLATE utf8_unicode_ci NOT NULL DEFAULT 'gold',
  `start` date DEFAULT NULL,
  `end` date DEFAULT NULL,
  `note` text COLLATE utf8_unicode_ci,
  `is_del` tinyint(1) NOT NULL DEFAULT '0',
  `transferrer` int(11) NOT NULL DEFAULT '0',
  `worker_id` int(11) NOT NULL DEFAULT '0',
  `addtime` int(11) NOT NULL DEFAULT '0',
  `lasttime` int(11) NOT NULL DEFAULT '0',
  `locker_id` int(11) NOT NULL DEFAULT '0',
  PRIMARY KEY (`project_id`)
) ENGINE=InnoDB DEFAULT CHARSET=utf8 COLLATE=utf8_unicode_ci AUTO_INCREMENT=1 ;

-- --------------------------------------------------------

--
-- è¡¨çš„ç»“æ„ `gd_project_investing_history`
--

CREATE TABLE IF NOT EXISTS `gd_project_investing_history` (
  `history_id` int(11) NOT NULL AUTO_INCREMENT,
  `project_id` int(11) NOT NULL DEFAULT '0',
  `status_id` int(11) NOT NULL DEFAULT '0',
  `note` text COLLATE utf8_unicode_ci NOT NULL,
  `request` text COLLATE utf8_unicode_ci,
  `worker_id` int(11) NOT NULL DEFAULT '0',
  `addtime` int(11) NOT NULL DEFAULT '0',
  `ip` char(15) COLLATE utf8_unicode_ci DEFAULT NULL,
  PRIMARY KEY (`history_id`)
) ENGINE=InnoDB DEFAULT CHARSET=utf8 COLLATE=utf8_unicode_ci AUTO_INCREMENT=1 ;

-- --------------------------------------------------------

--
-- è¡¨çš„ç»“æ„ `gd_project_investing_status`
--

CREATE TABLE IF NOT EXISTS `gd_project_investing_status` (
  `status_id` int(11) NOT NULL AUTO_INCREMENT,
  `title` varchar(64) COLLATE utf8_unicode_ci NOT NULL,
  `code` varchar(32) COLLATE utf8_unicode_ci NOT NULL,
  `list_label` varchar(256) COLLATE utf8_unicode_ci DEFAULT NULL,
  `note` varchar(128) COLLATE utf8_unicode_ci NOT NULL,
  `status` tinyint(1) NOT NULL DEFAULT '1',
  PRIMARY KEY (`status_id`)
) ENGINE=InnoDB  DEFAULT CHARSET=utf8 COLLATE=utf8_unicode_ci AUTO_INCREMENT=7 ;

--
-- è½¬å­˜è¡¨ä¸­çš„æ•°æ® `gd_project_investing_status`
--

INSERT INTO `gd_project_investing_status` (`status_id`, `title`, `code`, `list_label`, `note`, `status`) VALUES
(1, 'å·²ç™»è®°', 'booked', NULL, 'ç™»è®°å®¢æˆ·ä¹°é‡‘ä¿¡æ¯', 1),
(2, 'å·²æ ¸å®', 'checked', NULL, 'ä¸Šçº§ä¸»ç®¡æ ¸å¯¹å®¢æˆ·ä¿¡æ¯ã€é»„é‡‘ä¹°å…¥ä¿¡æ¯', 1),
(3, 'å·²ç¡®è®¤', 'confirmed', NULL, 'åº“ç®¡ç¡®è®¤å¹¶æ ‡è®°', 1),
(4, 'å¢é•¿ä¸­', 'growing', NULL, 'ç”Ÿé‡‘å¢å€¼', 1),
(5, 'å·²é©³å›', 'refused', NULL, 'å®¢æˆ·ä¿¡æ¯ç­‰é—®é¢˜é€ æˆ', 1),
(6, 'å·²ç»ˆæ­¢', 'terminated', NULL, 'æå‰ç»ˆæ­¢é¡¹ç›®', 1);

-- --------------------------------------------------------

--
-- è¡¨çš„ç»“æ„ `gd_project_period`
--

CREATE TABLE IF NOT EXISTS `gd_project_period` (
  `period_id` int(11) NOT NULL AUTO_INCREMENT,
  `title` varchar(128) COLLATE utf8_unicode_ci NOT NULL,
  `month` tinyint(4) NOT NULL DEFAULT '1',
  `profit` decimal(5,2) NOT NULL DEFAULT '0.00',
  `status` tinyint(1) NOT NULL DEFAULT '1',
  `default` tinyint(4) NOT NULL DEFAULT '0',
  `note` text COLLATE utf8_unicode_ci,
  PRIMARY KEY (`period_id`)
) ENGINE=InnoDB  DEFAULT CHARSET=utf8 COLLATE=utf8_unicode_ci AUTO_INCREMENT=4 ;

--
-- è½¬å­˜è¡¨ä¸­çš„æ•°æ® `gd_project_period`
--

INSERT INTO `gd_project_period` (`period_id`, `title`, `month`, `profit`, `status`, `default`, `note`) VALUES
(1, '3ä¸ªæœˆ å¹´åŒ–6%', 3, '6.00', 1, 0, ''),
(2, '6ä¸ªæœˆ å¹´åŒ–7%', 6, '7.00', 1, 0, ''),
(3, '1å¹´ å¹´åŒ–8%', 12, '8.00', 1, 1, '');

-- --------------------------------------------------------

--
-- è¡¨çš„ç»“æ„ `gd_project_recycling`
--

CREATE TABLE IF NOT EXISTS `gd_project_recycling` (
  `project_id` int(11) NOT NULL AUTO_INCREMENT,
  `project_sn` char(18) COLLATE utf8_unicode_ci NOT NULL,
  `status_id` tinyint(4) NOT NULL DEFAULT '0',
  `customer_id` int(11) NOT NULL DEFAULT '0',
  `referrer_id` int(11) NOT NULL DEFAULT '0',
  `price` decimal(6,2) NOT NULL DEFAULT '0.00',
  `origin_weight` decimal(9,2) NOT NULL DEFAULT '0.00',
  `weight` decimal(9,2) NOT NULL DEFAULT '0.00',
  `number` tinyint(4) NOT NULL DEFAULT '0',
  `type` enum('ornaments','goldbar','other') COLLATE utf8_unicode_ci DEFAULT 'ornaments',
  `month` tinyint(4) NOT NULL DEFAULT '1',
  `profit` decimal(7,4) NOT NULL DEFAULT '0.0000',
  `payment` enum('cash','gold') COLLATE utf8_unicode_ci NOT NULL DEFAULT 'gold',
  `appraiser_id` int(11) NOT NULL DEFAULT '0',
  `loss` decimal(5,2) NOT NULL DEFAULT '0.00',
  `start` date DEFAULT NULL,
  `end` date DEFAULT NULL,
  `note` text COLLATE utf8_unicode_ci,
  `is_del` tinyint(1) NOT NULL DEFAULT '0',
  `worker_id` int(11) NOT NULL DEFAULT '0',
  `transferrer` varchar(256) COLLATE utf8_unicode_ci DEFAULT NULL,
  `addtime` int(11) NOT NULL DEFAULT '0',
  `lasttime` int(11) NOT NULL DEFAULT '0',
  `locker_id` int(11) NOT NULL DEFAULT '0',
  PRIMARY KEY (`project_id`)
) ENGINE=InnoDB  DEFAULT CHARSET=utf8 COLLATE=utf8_unicode_ci AUTO_INCREMENT=4 ;

--
-- è½¬å­˜è¡¨ä¸­çš„æ•°æ® `gd_project_recycling`
--

INSERT INTO `gd_project_recycling` (`project_id`, `project_sn`, `status_id`, `customer_id`, `referrer_id`, `price`, `origin_weight`, `weight`, `number`, `type`, `month`, `profit`, `payment`, `appraiser_id`, `loss`, `start`, `end`, `note`, `is_del`, `worker_id`, `transferrer`, `addtime`, `lasttime`, `locker_id`) VALUES
(1, 'GR1609072292323723', 1, 8, 12, '289.40', '12.00', '9.00', 2, 'ornaments', 12, '0.0800', 'gold', 9, '0.75', NULL, NULL, 'ZXzxzXZxzxz', 0, 5, '3', 1473262643, 1473262643, 0),
(2, 'GR1609082350070713', 1, 6, 12, '289.40', '100.00', '99.00', 2, 'goldbar', 12, '0.0800', 'cash', 9, '0.99', NULL, NULL, 'asdsadsadsa', 0, 5, '3', 1473264433, 1473266405, 0),
(3, 'GR1609084360044048', 4, 5, 12, '289.40', '100.00', '98.00', 2, 'ornaments', 12, '0.0800', 'gold', 9, '0.98', '2016-09-08', '2017-09-07', 'åº“å­˜å·²ç¡®è®¤æ ‡è®°ï¼Œè‡ªåŠ¨æ¨è¿›åˆ°æ­£åœ¨å¢å€¼', 0, 7, '3', 1473266448, 1473269361, 0);

-- --------------------------------------------------------

--
-- è¡¨çš„ç»“æ„ `gd_project_recycling_history`
--

CREATE TABLE IF NOT EXISTS `gd_project_recycling_history` (
  `history_id` int(11) NOT NULL AUTO_INCREMENT,
  `project_id` int(11) NOT NULL DEFAULT '0',
  `status_id` int(11) NOT NULL DEFAULT '0',
  `note` text COLLATE utf8_unicode_ci NOT NULL,
  `request` text COLLATE utf8_unicode_ci,
  `worker_id` int(11) NOT NULL DEFAULT '0',
  `addtime` int(11) NOT NULL DEFAULT '0',
  `ip` char(15) COLLATE utf8_unicode_ci DEFAULT NULL,
  PRIMARY KEY (`history_id`)
) ENGINE=InnoDB  DEFAULT CHARSET=utf8 COLLATE=utf8_unicode_ci AUTO_INCREMENT=9 ;

--
-- è½¬å­˜è¡¨ä¸­çš„æ•°æ® `gd_project_recycling_history`
--

INSERT INTO `gd_project_recycling_history` (`history_id`, `project_id`, `status_id`, `note`, `request`, `worker_id`, `addtime`, `ip`) VALUES
(1, 1, 1, 'ZXzxzXZxzxz', '', 5, 1473262643, '127.0.0.1'),
(2, 2, 1, 'asdsadsadsa', '', 5, 1473264433, '127.0.0.1'),
(3, 2, 1, 'asdsadsadsa', '', 5, 1473266405, '127.0.0.1'),
(4, 3, 1, 'qweqweq', '', 5, 1473266448, '127.0.0.1'),
(5, 3, 1, 'qweqweq', '', 5, 1473266526, '127.0.0.1'),
(6, 3, 2, 'asdasdsadsa', 'array (\n  ''weight'' =&gt; ''98.00'',\n  ''_weight'' =&gt; ''98.00'',\n  ''phone'' =&gt; ''18959596565'',\n  ''_phone'' =&gt; ''18959596565'',\n)', 3, 1473268511, '127.0.0.1'),
(7, 3, 3, '332432432', 'array (\n  ''weight'' =&gt; ''98.00'',\n  ''_weight'' =&gt; ''98.00'',\n  ''phone'' =&gt; ''18959596565'',\n  ''_phone'' =&gt; ''18959596565'',\n)', 7, 1473269361, '127.0.0.1'),
(8, 3, 4, 'åº“å­˜å·²ç¡®è®¤æ ‡è®°ï¼Œè‡ªåŠ¨æ¨è¿›åˆ°æ­£åœ¨å¢å€¼', '', 7, 1473269361, '127.0.0.1');

-- --------------------------------------------------------

--
-- è¡¨çš„ç»“æ„ `gd_project_recycling_status`
--

CREATE TABLE IF NOT EXISTS `gd_project_recycling_status` (
  `status_id` int(11) NOT NULL AUTO_INCREMENT,
  `title` varchar(64) COLLATE utf8_unicode_ci NOT NULL,
  `code` varchar(32) COLLATE utf8_unicode_ci NOT NULL,
  `list_label` varchar(256) COLLATE utf8_unicode_ci DEFAULT NULL,
  `note` varchar(128) COLLATE utf8_unicode_ci NOT NULL,
  `status` tinyint(1) NOT NULL DEFAULT '1',
  PRIMARY KEY (`status_id`)
) ENGINE=InnoDB  DEFAULT CHARSET=utf8 COLLATE=utf8_unicode_ci AUTO_INCREMENT=7 ;

--
-- è½¬å­˜è¡¨ä¸­çš„æ•°æ® `gd_project_recycling_status`
--

INSERT INTO `gd_project_recycling_status` (`status_id`, `title`, `code`, `list_label`, `note`, `status`) VALUES
(1, 'å·²ç™»è®°', 'booked', NULL, 'ç™»è®°å®¢æˆ·å­˜é‡‘ä¿¡æ¯ï¼Œå«é‰´å®šç»“æœåŠå®¢æˆ·åŒæ„ä¹¦', 1),
(2, 'å·²æ ¸å®', 'checked', NULL, 'ä¸Šçº§ä¸»ç®¡æ ¸å¯¹å®¢æˆ·ã€ç‰©å“åŠé‰´å®šç»“æœ', 1),
(3, 'å·²ç¡®è®¤', 'confirmed', NULL, 'åº“ç®¡ç¡®è®¤å¹¶æ ‡è®°', 1),
(4, 'å¢å€¼ä¸­', 'growing', NULL, 'è¡ç”Ÿæ”¶ç›Šé»„é‡‘', 1),
(5, 'å·²é©³å›', 'refused', NULL, 'å®¢æˆ·ä¿¡æ¯æˆ–é»„é‡‘ç‰©å“ç­‰é—®é¢˜é€ æˆ', 1),
(6, 'å·²ç»ˆæ­¢', 'terminated', NULL, 'æå‰ç»ˆæ­¢é¡¹ç›®', 1);

-- --------------------------------------------------------

--
-- è¡¨çš„ç»“æ„ `gd_project_stock`
--

CREATE TABLE IF NOT EXISTS `gd_project_stock` (
  `stock_id` int(11) NOT NULL AUTO_INCREMENT,
  `project_sn` char(18) COLLATE utf8_unicode_ci DEFAULT '0',
  `customer_id` int(11) NOT NULL DEFAULT '0',
  `referrer_id` int(11) NOT NULL DEFAULT '0',
  `title` varchar(64) COLLATE utf8_unicode_ci NOT NULL,
  `mode` enum('investing','recycling','stock') COLLATE utf8_unicode_ci NOT NULL DEFAULT 'investing',
  `info` text COLLATE utf8_unicode_ci,
  `weight` decimal(13,2) NOT NULL DEFAULT '0.00',
  `profit` decimal(7,4) NOT NULL DEFAULT '0.0000',
  `start` date DEFAULT NULL,
  `end` date DEFAULT NULL,
  `last_profit` date DEFAULT NULL,
  `note` text COLLATE utf8_unicode_ci,
  `status` tinyint(4) NOT NULL,
  `worker_id` int(11) NOT NULL,
  `addtime` int(11) NOT NULL,
  `lasttime` int(11) NOT NULL DEFAULT '0',
  PRIMARY KEY (`stock_id`)
) ENGINE=InnoDB  DEFAULT CHARSET=utf8 COLLATE=utf8_unicode_ci AUTO_INCREMENT=2 ;

--
-- è½¬å­˜è¡¨ä¸­çš„æ•°æ® `gd_project_stock`
--

INSERT INTO `gd_project_stock` (`stock_id`, `project_sn`, `customer_id`, `referrer_id`, `title`, `mode`, `info`, `weight`, `profit`, `start`, `end`, `last_profit`, `note`, `status`, `worker_id`, `addtime`, `lasttime`) VALUES
(1, 'GR1609084360044048', 5, 12, 'é¡¹ç›®GR1609084360044048å­˜é‡‘98.00å…‹', 'recycling', 'a:12:{s:10:"project_id";s:1:"3";s:8:"realname";s:9:"é©¬è…¾è®¯";s:5:"phone";s:11:"18959596565";s:8:"idnumber";s:18:"321254198808050604";s:5:"price";s:6:"289.40";s:5:"month";s:2:"12";s:4:"type";s:6:"é‡‘é¥°";s:6:"number";s:1:"2";s:13:"origin_weight";s:6:"100.00";s:6:"weight";s:5:"98.00";s:12:"appraiser_id";s:1:"9";s:7:"payment";s:4:"gold";}', '98.00', '0.0800', '2016-09-08', '2017-09-07', NULL, '332432432', 1, 7, 1473269361, 1473269361);

-- --------------------------------------------------------

--
-- è¡¨çš„ç»“æ„ `gd_project_trash`
--

CREATE TABLE IF NOT EXISTS `gd_project_trash` (
  `trash_id` int(11) NOT NULL AUTO_INCREMENT,
  `project_id` int(11) NOT NULL,
  `project_sn` char(18) COLLATE utf8_unicode_ci NOT NULL,
  `mode` enum('investing','recycling') COLLATE utf8_unicode_ci NOT NULL DEFAULT 'recycling',
  `customer` varchar(256) COLLATE utf8_unicode_ci DEFAULT NULL,
  `gold` text COLLATE utf8_unicode_ci,
  `note` text COLLATE utf8_unicode_ci,
  `worker_id` int(11) NOT NULL DEFAULT '0',
  `addtime` int(11) NOT NULL DEFAULT '0',
  `ip` char(15) COLLATE utf8_unicode_ci DEFAULT NULL,
  PRIMARY KEY (`trash_id`)
) ENGINE=InnoDB DEFAULT CHARSET=utf8 COLLATE=utf8_unicode_ci AUTO_INCREMENT=1 ;

-- --------------------------------------------------------

--
-- è¡¨çš„ç»“æ„ `gd_sessions`
--

CREATE TABLE IF NOT EXISTS `gd_sessions` (
  `sess_id` varchar(40) COLLATE utf8_unicode_ci NOT NULL,
  `ip_address` varchar(45) COLLATE utf8_unicode_ci NOT NULL,
  `timestamp` int(10) unsigned NOT NULL DEFAULT '0',
  `data` text COLLATE utf8_unicode_ci NOT NULL,
  KEY `ci_sessions_timestamp` (`timestamp`)
) ENGINE=InnoDB DEFAULT CHARSET=utf8 COLLATE=utf8_unicode_ci;

--
-- è½¬å­˜è¡¨ä¸­çš„æ•°æ® `gd_sessions`
--

INSERT INTO `gd_sessions` (`sess_id`, `ip_address`, `timestamp`, `data`) VALUES
('8077efb993995a1b72d127635e5d6fd74d9fb6e8', '127.0.0.1', 1473148899, '__ci_last_regenerate|i:1473138098;code|s:4:"y8m6";identity|s:12:"dengji-demo1";username|s:12:"dengji-demo1";email|s:6:"b@a.cc";user_id|s:1:"5";old_last_login|s:10:"1473124911";'),
('2e200aeebb9c612bf63caff0bb74c08d2a4c1ac3', '127.0.0.1', 1473141107, '__ci_last_regenerate|i:1473138226;code|s:4:"TvjU";identity|s:12:"kuguan-demo1";username|s:12:"kuguan-demo1";email|s:11:"kuguan@bb.c";user_id|s:1:"7";old_last_login|s:10:"1473064770";csrfkey|s:8:"vHKDsjgz";__ci_vars|a:2:{s:7:"csrfkey";s:3:"old";s:9:"csrfvalue";s:3:"old";}csrfvalue|s:20:"H43NFSae8QnMBkZ07bWY";'),
('4bb27dd7a24ddfa9d7be086eff3aa24902fb19db', '127.0.0.1', 1473140898, '__ci_last_regenerate|i:1473138265;code|s:4:"3DY3";identity|s:12:"jingli-demo1";username|s:12:"jingli-demo1";email|s:5:"a@a.c";user_id|s:1:"3";old_last_login|s:10:"1473124845";'),
('a148af09ce8cde6a073227ac28fd1663c2330db1', '127.0.0.1', 1473141336, '__ci_last_regenerate|i:1473141224;code|s:4:"3DY3";identity|s:12:"jingli-demo1";username|s:12:"jingli-demo1";email|s:5:"a@a.c";user_id|s:1:"3";old_last_login|s:10:"1473124845";'),
('63d8f84494c811bd189860f17d511f2a0a3893dd', '127.0.0.1', 1473142173, '__ci_last_regenerate|i:1473141245;code|s:4:"TvjU";identity|s:12:"kuguan-demo1";username|s:12:"kuguan-demo1";email|s:11:"kuguan@bb.c";user_id|s:1:"7";old_last_login|s:10:"1473064770";csrfkey|s:8:"rcB0O7Fx";__ci_vars|a:2:{s:7:"csrfkey";s:3:"old";s:9:"csrfvalue";s:3:"old";}csrfvalue|s:20:"wjp4qUOFN9PmyhusYia2";'),
('f6cde54a39f8b6ee57d00727b8df4c49fb5eb9fa', '127.0.0.1', 1473151790, '__ci_last_regenerate|i:1473142189;code|s:4:"TvjU";identity|s:12:"kuguan-demo1";username|s:12:"kuguan-demo1";email|s:11:"kuguan@bb.c";user_id|s:1:"7";old_last_login|s:10:"1473064770";'),
('903af79f52a854fcf004783fe1584081c047da0b', '127.0.0.1', 1473142490, '__ci_last_regenerate|i:1473142198;code|s:4:"3DY3";identity|s:12:"jingli-demo1";username|s:12:"jingli-demo1";email|s:5:"a@a.c";user_id|s:1:"3";old_last_login|s:10:"1473124845";csrfkey|s:8:"ZhRajrkM";__ci_vars|a:2:{s:7:"csrfkey";s:3:"old";s:9:"csrfvalue";s:3:"old";}csrfvalue|s:20:"RTWfkSwdDJ6xBOgM5Y4P";'),
('c44dd2dfccfc9adb374fc784a6b57e360bd05655', '127.0.0.1', 1473142985, '__ci_last_regenerate|i:1473142514;code|s:4:"3DY3";identity|s:12:"jingli-demo1";username|s:12:"jingli-demo1";email|s:5:"a@a.c";user_id|s:1:"3";old_last_login|s:10:"1473124845";csrfkey|s:8:"Cue2Itis";__ci_vars|a:2:{s:7:"csrfkey";s:3:"new";s:9:"csrfvalue";s:3:"new";}csrfvalue|s:20:"Ys2vFbaMiTe9BwfuldDR";'),
('5e31fc98f7ce523acc2805ee2847a4584ea972a5', '127.0.0.1', 1473143415, '__ci_last_regenerate|i:1473143026;code|s:4:"3DY3";identity|s:12:"jingli-demo1";username|s:12:"jingli-demo1";email|s:5:"a@a.c";user_id|s:1:"3";old_last_login|s:10:"1473124845";csrfkey|s:8:"BLeRZ9a1";__ci_vars|a:2:{s:7:"csrfkey";s:3:"new";s:9:"csrfvalue";s:3:"new";}csrfvalue|s:20:"OKlmsIA3xE5bWqPYkeRM";'),
('bf8d8efa1f65981ee955ec3677c020f827e97018', '127.0.0.1', 1473144708, '__ci_last_regenerate|i:1473143418;code|s:4:"3DY3";identity|s:12:"jingli-demo1";username|s:12:"jingli-demo1";email|s:5:"a@a.c";user_id|s:1:"3";old_last_login|s:10:"1473124845";'),
('aa85d21dad0437a41b6b2ee394f4434fdde6c68f', '127.0.0.1', 1473145083, '__ci_last_regenerate|i:1473145082;code|s:4:"3DY3";identity|s:12:"jingli-demo1";username|s:12:"jingli-demo1";email|s:5:"a@a.c";user_id|s:1:"3";old_last_login|s:10:"1473124845";'),
('1e7a11d42974e81e2940c249175104c161b80e28', '127.0.0.1', 1473145647, '__ci_last_regenerate|i:1473145408;code|s:4:"3DY3";identity|s:12:"jingli-demo1";username|s:12:"jingli-demo1";email|s:5:"a@a.c";user_id|s:1:"3";old_last_login|s:10:"1473124845";ajax_permission|s:51:"æ²¡æœ‰æˆæƒè®¿é—®  <br> [project/recycling/detail]";__ci_vars|a:1:{s:15:"ajax_permission";s:3:"old";}'),
('a43ea4d46b8c2a92b9302d5f6590ec26d7c7b32e', '127.0.0.1', 1473146106, '__ci_last_regenerate|i:1473145751;code|s:4:"3DY3";identity|s:12:"jingli-demo1";username|s:12:"jingli-demo1";email|s:5:"a@a.c";user_id|s:1:"3";old_last_login|s:10:"1473124845";ajax_permission|s:51:"æ²¡æœ‰æˆæƒè®¿é—®  <br> [project/recycling/detail]";__ci_vars|a:1:{s:15:"ajax_permission";s:3:"old";}'),
('dfe97616d9c8c15d68d05dbcd603c80ad2aca44e', '127.0.0.1', 1473147561, '__ci_last_regenerate|i:1473146121;code|s:4:"3DY3";identity|s:12:"jingli-demo1";username|s:12:"jingli-demo1";email|s:5:"a@a.c";user_id|s:1:"3";old_last_login|s:10:"1473124845";csrfkey|s:8:"FPoarLCz";__ci_vars|a:2:{s:7:"csrfkey";s:3:"old";s:9:"csrfvalue";s:3:"old";}csrfvalue|s:20:"Jz72kf4CwgrnqjuGaOR0";'),
('18eb2dca741fee9ef3e37345ee0360a374483d9a', '127.0.0.1', 1473149521, '__ci_last_regenerate|i:1473148702;code|s:4:"3DY3";identity|s:12:"jingli-demo1";username|s:12:"jingli-demo1";email|s:5:"a@a.c";user_id|s:1:"3";old_last_login|s:10:"1473124845";csrfkey|s:8:"VCR7kJce";__ci_vars|a:2:{s:7:"csrfkey";s:3:"old";s:9:"csrfvalue";s:3:"old";}csrfvalue|s:20:"y9xC6ZUateWzgGX8YLSq";'),
('38eb81484edd5c162af12ad48244c2e4d439f655', '127.0.0.1', 1473149853, '__ci_last_regenerate|i:1473149001;code|s:4:"y8m6";identity|s:12:"dengji-demo1";username|s:12:"dengji-demo1";email|s:6:"b@a.cc";user_id|s:1:"5";old_last_login|s:10:"1473124911";csrfkey|s:8:"TJPSK49x";__ci_vars|a:2:{s:7:"csrfkey";s:3:"old";s:9:"csrfvalue";s:3:"old";}csrfvalue|s:20:"BeEnbUO7Hjdu2QtVTikr";'),
('6c4c211289a8144d899d3631dbaee4bc530e2561', '127.0.0.1', 1473149812, '__ci_last_regenerate|i:1473149528;code|s:4:"3DY3";identity|s:12:"jingli-demo1";username|s:12:"jingli-demo1";email|s:5:"a@a.c";user_id|s:1:"3";old_last_login|s:10:"1473124845";csrfkey|s:8:"ZueHSlm7";__ci_vars|a:2:{s:7:"csrfkey";s:3:"new";s:9:"csrfvalue";s:3:"new";}csrfvalue|s:20:"8dAbkvDh6qU9fnuBmVsS";'),
('29c8b2dccf9251085ab8dee45c9d507de56ab1c3', '127.0.0.1', 1473151056, '__ci_last_regenerate|i:1473149855;code|s:4:"y8m6";identity|s:12:"dengji-demo1";username|s:12:"dengji-demo1";email|s:6:"b@a.cc";user_id|s:1:"5";old_last_login|s:10:"1473124911";'),
('c68f3e7936debc645753824977a6a12b813f2599', '127.0.0.1', 1473150147, '__ci_last_regenerate|i:1473149875;code|s:4:"3DY3";identity|s:12:"jingli-demo1";username|s:12:"jingli-demo1";email|s:5:"a@a.c";user_id|s:1:"3";old_last_login|s:10:"1473124845";'),
('d0940a2c0278b9fa9e961d751255135d11c17cce', '127.0.0.1', 1473150273, '__ci_last_regenerate|i:1473150205;code|s:4:"3DY3";identity|s:12:"jingli-demo1";username|s:12:"jingli-demo1";email|s:5:"a@a.c";user_id|s:1:"3";old_last_login|s:10:"1473124845";'),
('d8d23926c9d5cfe8b57db6b5af6738e62823fdf6', '127.0.0.1', 1473151210, '__ci_last_regenerate|i:1473150934;code|s:4:"3DY3";identity|s:12:"jingli-demo1";username|s:12:"jingli-demo1";email|s:5:"a@a.c";user_id|s:1:"3";old_last_login|s:10:"1473124845";'),
('d6eb01cac389c012fded9e4c98c8080934397d8e', '127.0.0.1', 1473151456, '__ci_last_regenerate|i:1473151247;code|s:4:"3DY3";identity|s:12:"jingli-demo1";username|s:12:"jingli-demo1";email|s:5:"a@a.c";user_id|s:1:"3";old_last_login|s:10:"1473124845";'),
('4920fdc3233fc3ef9c7b50c0426975a77bd0f2c6', '127.0.0.1', 1473151791, '__ci_last_regenerate|i:1473151567;code|s:4:"3DY3";identity|s:12:"jingli-demo1";username|s:12:"jingli-demo1";email|s:5:"a@a.c";user_id|s:1:"3";old_last_login|s:10:"1473124845";ajax_permission|s:51:"æ²¡æœ‰æˆæƒè®¿é—®  <br> [project/investing/detail]";__ci_vars|a:1:{s:15:"ajax_permission";s:3:"old";}'),
('32f8d02f0c4f04d6ff28a583f9952d01d0bf3a05', '127.0.0.1', 1473151661, '__ci_last_regenerate|i:1473151650;code|s:4:"y8m6";identity|s:12:"dengji-demo1";username|s:12:"dengji-demo1";email|s:6:"b@a.cc";user_id|s:1:"5";old_last_login|s:10:"1473124911";csrfkey|s:8:"LqrxPB4S";__ci_vars|a:2:{s:7:"csrfkey";s:3:"old";s:9:"csrfvalue";s:3:"old";}csrfvalue|s:20:"awozK801n2RPeDpuSsOr";'),
('d2189dead0aa9baca3bec28dadc995b3d8130498', '127.0.0.1', 1473154346, '__ci_last_regenerate|i:1473152063;code|s:4:"y8m6";identity|s:12:"dengji-demo1";username|s:12:"dengji-demo1";email|s:6:"b@a.cc";user_id|s:1:"5";old_last_login|s:10:"1473124911";success|s:21:"é¡¹ç›®æ·»åŠ æˆåŠŸï¼";__ci_vars|a:1:{s:7:"success";s:3:"new";}'),
('9fbdb5c0737ddb25658f3ab48dd79b553c1b42f1', '127.0.0.1', 1473152492, '__ci_last_regenerate|i:1473152095;code|s:4:"3DY3";identity|s:12:"jingli-demo1";username|s:12:"jingli-demo1";email|s:5:"a@a.c";user_id|s:1:"3";old_last_login|s:10:"1473124845";csrfkey|s:8:"4BkN3TK1";__ci_vars|a:3:{s:7:"csrfkey";s:3:"old";s:9:"csrfvalue";s:3:"old";s:7:"success";s:3:"new";}csrfvalue|s:20:"1s8nzAmRbG0DUr7I2C9J";success|s:44:"é¡¹ç›®å·²æ ¸å®ï¼ç¼–å·: GR1609069731685843";'),
('02b024d9ff9a215cca64fff65992bee09c025911', '127.0.0.1', 1473152131, '__ci_last_regenerate|i:1473152131;code|s:4:"TvjU";identity|s:12:"kuguan-demo1";username|s:12:"kuguan-demo1";email|s:11:"kuguan@bb.c";user_id|s:1:"7";old_last_login|s:10:"1473064770";'),
('97bc62547f07347491631ec424d3b8ddb0ad353f', '127.0.0.1', 1473152768, '__ci_last_regenerate|i:1473152492;code|s:4:"3DY3";identity|s:12:"jingli-demo1";username|s:12:"jingli-demo1";email|s:5:"a@a.c";user_id|s:1:"3";old_last_login|s:10:"1473124845";'),
('7103201a89e2bde06feb16ea37ba27d41d89dcf8', '127.0.0.1', 1473152503, '__ci_last_regenerate|i:1473152502;code|s:4:"TvjU";identity|s:12:"kuguan-demo1";username|s:12:"kuguan-demo1";email|s:11:"kuguan@bb.c";user_id|s:1:"7";old_last_login|s:10:"1473064770";'),
('768f06ecc8484c8426f6299bacf48aa6eec7bee3', '127.0.0.1', 1473153442, '__ci_last_regenerate|i:1473152523;code|s:4:"ma8s";identity|s:12:"kuguan-demo2";username|s:12:"kuguan-demo2";email|s:11:"kuguan@a.cc";user_id|s:1:"8";old_last_login|s:10:"1472280758";csrfkey|s:8:"SlxaoG5P";__ci_vars|a:3:{s:7:"csrfkey";s:3:"old";s:9:"csrfvalue";s:3:"old";s:7:"success";s:3:"new";}csrfvalue|s:20:"RFS5TwqpMlWYc8m93LDK";success|s:50:"é¡¹ç›®å·²å…¥åº“æ ‡è®°ï¼ç¼–å·: GR1609069731685843";'),
('acc62611300e2bf1faaf94368a9362c469a1d698', '127.0.0.1', 1473153443, '__ci_last_regenerate|i:1473153442;code|s:4:"ma8s";identity|s:12:"kuguan-demo2";username|s:12:"kuguan-demo2";email|s:11:"kuguan@a.cc";user_id|s:1:"8";old_last_login|s:10:"1472280758";'),
('bd7f7441d04caea2219895b2d1a74c4afe0b0980', '127.0.0.1', 1473153750, '__ci_last_regenerate|i:1473153489;code|s:4:"3DY3";identity|s:12:"jingli-demo1";username|s:12:"jingli-demo1";email|s:5:"a@a.c";user_id|s:1:"3";old_last_login|s:10:"1473124845";ajax_permission|s:51:"æ²¡æœ‰æˆæƒè®¿é—®  <br> [project/recycling/booked]";__ci_vars|a:1:{s:15:"ajax_permission";s:3:"new";}'),
('e42d31fe348d5dfdabc40188bbb90ead0b6fca75', '127.0.0.1', 1473153586, '__ci_last_regenerate|i:1473153585;code|s:4:"TvjU";identity|s:12:"kuguan-demo1";username|s:12:"kuguan-demo1";email|s:11:"kuguan@bb.c";user_id|s:1:"7";old_last_login|s:10:"1473064770";'),
('7e6679fa1d592f1929291fec42b7227df90a29a5', '127.0.0.1', 1473153684, '__ci_last_regenerate|i:1473153684;code|s:4:"md4z";'),
('228449b98c5cbad16b7086d8ee4d424ca728622b', '127.0.0.1', 1473156825, '__ci_last_regenerate|i:1473154346;code|s:4:"y8m6";identity|s:12:"dengji-demo1";username|s:12:"dengji-demo1";email|s:6:"b@a.cc";user_id|s:1:"5";old_last_login|s:10:"1473124911";'),
('bf0cb1a18446387d75916ac555cb4fd0dfaefd26', '127.0.0.1', 1473154721, '__ci_last_regenerate|i:1473154484;code|s:4:"3DY3";identity|s:12:"jingli-demo1";username|s:12:"jingli-demo1";email|s:5:"a@a.c";user_id|s:1:"3";old_last_login|s:10:"1473124845";'),
('f476ff6424ebce25157a2b6306ea60382233fc15', '127.0.0.1', 1473154775, '__ci_last_regenerate|i:1473154528;code|s:4:"TvjU";identity|s:12:"kuguan-demo1";username|s:12:"kuguan-demo1";email|s:11:"kuguan@bb.c";user_id|s:1:"7";old_last_login|s:10:"1473064770";'),
('e1186d82547c6fe8baf26609de56908b7c54dd93', '127.0.0.1', 1473155259, '__ci_last_regenerate|i:1473154977;code|s:4:"3DY3";identity|s:12:"jingli-demo1";username|s:12:"jingli-demo1";email|s:5:"a@a.c";user_id|s:1:"3";old_last_login|s:10:"1473124845";'),
('2b048a674843abcca66ed9cfd795bc9890427c6c', '127.0.0.1', 1473156451, '__ci_last_regenerate|i:1473154983;code|s:4:"TvjU";identity|s:12:"kuguan-demo1";username|s:12:"kuguan-demo1";email|s:11:"kuguan@bb.c";user_id|s:1:"7";old_last_login|s:10:"1473064770";'),
('b00a4cd5d3244fbc0c6a8bb7936f898fb8ba314c', '127.0.0.1', 1473155640, '__ci_last_regenerate|i:1473155501;code|s:4:"3DY3";identity|s:12:"jingli-demo1";username|s:12:"jingli-demo1";email|s:5:"a@a.c";user_id|s:1:"3";old_last_login|s:10:"1473124845";'),
('485fb7ddbc14a2041815dba831b251074070024c', '127.0.0.1', 1473155987, '__ci_last_regenerate|i:1473155985;code|s:4:"3DY3";identity|s:12:"jingli-demo1";username|s:12:"jingli-demo1";email|s:5:"a@a.c";user_id|s:1:"3";old_last_login|s:10:"1473124845";'),
('2b2226791facf14a0c77c0675763e19ad834b943', '127.0.0.1', 1473156901, '__ci_last_regenerate|i:1473156725;code|s:4:"3DY3";identity|s:12:"jingli-demo1";username|s:12:"jingli-demo1";email|s:5:"a@a.c";user_id|s:1:"3";old_last_login|s:10:"1473124845";'),
('e3457d2d9ce0a612f8875e2dac830ad56d8ae779', '127.0.0.1', 1473162247, '__ci_last_regenerate|i:1473162241;code|s:4:"XHuQ";identity|s:12:"jingli-demo1";username|s:12:"jingli-demo1";email|s:5:"a@a.c";user_id|s:1:"3";old_last_login|s:10:"1473131177";'),
('e5df225582b9770e811f03b1424ff801f5aaa587', '127.0.0.1', 1473163361, '__ci_last_regenerate|i:1473162924;code|s:4:"XHuQ";identity|s:12:"jingli-demo1";username|s:12:"jingli-demo1";email|s:5:"a@a.c";user_id|s:1:"3";old_last_login|s:10:"1473131177";ajax_permission|s:51:"æ²¡æœ‰æˆæƒè®¿é—®  <br> [project/recycling/detail]";__ci_vars|a:1:{s:15:"ajax_permission";s:3:"new";}'),
('9fd3081dfd94a400edb92f3ce9d0e4f084efdaa0', '127.0.0.1', 1473164626, '__ci_last_regenerate|i:1473163366;code|s:4:"XHuQ";identity|s:12:"jingli-demo1";username|s:12:"jingli-demo1";email|s:5:"a@a.c";user_id|s:1:"3";old_last_login|s:10:"1473131177";ajax_permission|s:51:"æ²¡æœ‰æˆæƒè®¿é—®  <br> [project/recycling/detail]";__ci_vars|a:1:{s:15:"ajax_permission";s:3:"old";}'),
('608a7b04091a013ad3bcbab371bbd11c4ac75b57', '127.0.0.1', 1473165030, '__ci_last_regenerate|i:1473164630;code|s:4:"XHuQ";identity|s:12:"jingli-demo1";username|s:12:"jingli-demo1";email|s:5:"a@a.c";user_id|s:1:"3";old_last_login|s:10:"1473131177";'),
('5d2404177e2cf4b3d6377e400c41a2cf3dc66e46', '127.0.0.1', 1473171176, '__ci_last_regenerate|i:1473165172;code|s:4:"XHuQ";identity|s:12:"jingli-demo1";username|s:12:"jingli-demo1";email|s:5:"a@a.c";user_id|s:1:"3";old_last_login|s:10:"1473131177";'),
('7ac55183aff003a4c3bb97474873d3f5a0498abb', '127.0.0.1', 1473173564, '__ci_last_regenerate|i:1473172331;code|s:4:"VEn8";identity|s:10:"admin-root";username|s:10:"admin-root";email|s:15:"admin@admin.com";user_id|s:1:"1";old_last_login|s:10:"1473124819";'),
('cb67e16921ddae073ddfee047e19321ae2d7cc54', '127.0.0.1', 1473173111, '__ci_last_regenerate|i:1473173096;code|s:4:"sD7T";identity|s:12:"jingli-demo1";username|s:12:"jingli-demo1";email|s:5:"a@a.c";user_id|s:1:"3";old_last_login|s:10:"1473162246";'),
('cd1367b3a57e19b90c37300980efff9109e4c3e7', '127.0.0.1', 1473173823, '__ci_last_regenerate|i:1473173616;code|s:4:"sD7T";identity|s:12:"jingli-demo1";username|s:12:"jingli-demo1";email|s:5:"a@a.c";user_id|s:1:"3";old_last_login|s:10:"1473162246";'),
('bff53bf5b127b55b04206905b912c74176f64157', '127.0.0.1', 1473174194, '__ci_last_regenerate|i:1473173957;code|s:4:"sD7T";identity|s:12:"jingli-demo1";username|s:12:"jingli-demo1";email|s:5:"a@a.c";user_id|s:1:"3";old_last_login|s:10:"1473162246";'),
('c529f623c0e276cd17cb05fa97436d5ef022daf3', '127.0.0.1', 1473174347, '__ci_last_regenerate|i:1473174285;code|s:4:"VEn8";identity|s:10:"admin-root";username|s:10:"admin-root";email|s:15:"admin@admin.com";user_id|s:1:"1";old_last_login|s:10:"1473124819";'),
('76e3a15ff2af1b573e0a240aeb198ad81d4c3e88', '127.0.0.1', 1473208553, '__ci_last_regenerate|i:1473208512;code|s:4:"5qmG";identity|s:12:"jingli-demo1";username|s:12:"jingli-demo1";email|s:5:"a@a.c";user_id|s:1:"3";old_last_login|s:10:"1473173109";'),
('40af41bfb9884ff395bc212bf00d3da34c5cfc16', '127.0.0.1', 1473208857, '__ci_last_regenerate|i:1473208856;code|s:4:"5qmG";identity|s:12:"jingli-demo1";username|s:12:"jingli-demo1";email|s:5:"a@a.c";user_id|s:1:"3";old_last_login|s:10:"1473173109";'),
('1fb5871c5d9eb6b64fe1177cc5f02c1f470442c5', '127.0.0.1', 1473209587, '__ci_last_regenerate|i:1473209533;code|s:4:"5qmG";identity|s:12:"jingli-demo1";username|s:12:"jingli-demo1";email|s:5:"a@a.c";user_id|s:1:"3";old_last_login|s:10:"1473173109";'),
('774d99253f70b1abc2a86445e102ce8d53bb8181', '127.0.0.1', 1473210941, '__ci_last_regenerate|i:1473210746;code|s:4:"5qmG";identity|s:12:"jingli-demo1";username|s:12:"jingli-demo1";email|s:5:"a@a.c";user_id|s:1:"3";old_last_login|s:10:"1473173109";error_permission|s:40:"æ²¡æœ‰æˆæƒè®¿é—®  <br> [article/index]";__ci_vars|a:1:{s:16:"error_permission";s:3:"new";}'),
('454ff6995c9ce91709032159e9be665f83386fd2', '127.0.0.1', 1473211362, '__ci_last_regenerate|i:1473211132;code|s:4:"5qmG";identity|s:12:"jingli-demo1";username|s:12:"jingli-demo1";email|s:5:"a@a.c";user_id|s:1:"3";old_last_login|s:10:"1473173109";error_permission|s:40:"æ²¡æœ‰æˆæƒè®¿é—®  <br> [article/index]";__ci_vars|a:1:{s:16:"error_permission";s:3:"new";}'),
('cf474d76a36982c12ff409a4684971d7f0979a79', '127.0.0.1', 1473216505, '__ci_last_regenerate|i:1473211632;code|s:4:"5qmG";identity|s:12:"jingli-demo1";username|s:12:"jingli-demo1";email|s:5:"a@a.c";user_id|s:1:"3";old_last_login|s:10:"1473173109";'),
('4dc0329e64a564cc71b1422f08dfff70495b75a3', '127.0.0.1', 1473217595, '__ci_last_regenerate|i:1473217487;code|s:4:"5qmG";identity|s:12:"jingli-demo1";username|s:12:"jingli-demo1";email|s:5:"a@a.c";user_id|s:1:"3";old_last_login|s:10:"1473173109";'),
('a6d7f5b78805a6ecd8684f07bfc82b759b8f735c', '127.0.0.1', 1473219382, '__ci_last_regenerate|i:1473217982;code|s:4:"5qmG";identity|s:12:"jingli-demo1";username|s:12:"jingli-demo1";email|s:5:"a@a.c";user_id|s:1:"3";old_last_login|s:10:"1473173109";'),
('2a611b317551ca4f87cb87171fee80550bc22e95', '127.0.0.1', 1473219853, '__ci_last_regenerate|i:1473219652;code|s:4:"5qmG";identity|s:12:"jingli-demo1";username|s:12:"jingli-demo1";email|s:5:"a@a.c";user_id|s:1:"3";old_last_login|s:10:"1473173109";'),
('19e3e234025c2e7560a01ce2df6fcc850b3cd7a0', '127.0.0.1', 1473220495, '__ci_last_regenerate|i:1473220494;code|s:4:"5qmG";identity|s:12:"jingli-demo1";username|s:12:"jingli-demo1";email|s:5:"a@a.c";user_id|s:1:"3";old_last_login|s:10:"1473173109";'),
('25f1fcf99e263c3adf1512649ce32fe030d91edf', '127.0.0.1', 1473222227, '__ci_last_regenerate|i:1473221025;code|s:4:"5qmG";identity|s:12:"jingli-demo1";username|s:12:"jingli-demo1";email|s:5:"a@a.c";user_id|s:1:"3";old_last_login|s:10:"1473173109";'),
('3d9007c222fee131800592c64d078324b49c360f', '127.0.0.1', 1473223086, '__ci_last_regenerate|i:1473222866;code|s:4:"5qmG";identity|s:12:"jingli-demo1";username|s:12:"jingli-demo1";email|s:5:"a@a.c";user_id|s:1:"3";old_last_login|s:10:"1473173109";'),
('2e7e8c8a299f70f07e1d19f6b711405133c77a0b', '127.0.0.1', 1473224578, '__ci_last_regenerate|i:1473223321;code|s:4:"5qmG";identity|s:12:"jingli-demo1";username|s:12:"jingli-demo1";email|s:5:"a@a.c";user_id|s:1:"3";old_last_login|s:10:"1473173109";'),
('16ec35991ac2f735c26331b0e2e1d9e9dea7a03c', '127.0.0.1', 1473225369, '__ci_last_regenerate|i:1473225368;code|s:4:"5qmG";identity|s:12:"jingli-demo1";username|s:12:"jingli-demo1";email|s:5:"a@a.c";user_id|s:1:"3";old_last_login|s:10:"1473173109";'),
('a060931e085f03a3d3fa8bc00817a26812bea7d5', '127.0.0.1', 1473225891, '__ci_last_regenerate|i:1473225809;code|s:4:"5qmG";identity|s:12:"jingli-demo1";username|s:12:"jingli-demo1";email|s:5:"a@a.c";user_id|s:1:"3";old_last_login|s:10:"1473173109";'),
('4d54f7bad9166af1617c78f231e24b9acce98788', '127.0.0.1', 1473226775, '__ci_last_regenerate|i:1473226773;code|s:4:"5qmG";identity|s:12:"jingli-demo1";username|s:12:"jingli-demo1";email|s:5:"a@a.c";user_id|s:1:"3";old_last_login|s:10:"1473173109";'),
('c4d56f7b1444f3fbb6fd43999e4d5d0009f06ba7', '127.0.0.1', 1473229767, '__ci_last_regenerate|i:1473227303;code|s:4:"5qmG";identity|s:12:"jingli-demo1";username|s:12:"jingli-demo1";email|s:5:"a@a.c";user_id|s:1:"3";old_last_login|s:10:"1473173109";'),
('55e1956c3d3c4fd50cb7a7efeab2ee21f0d06397', '127.0.0.1', 1473230314, '__ci_last_regenerate|i:1473230095;code|s:4:"5qmG";identity|s:12:"jingli-demo1";username|s:12:"jingli-demo1";email|s:5:"a@a.c";user_id|s:1:"3";old_last_login|s:10:"1473173109";'),
('a7df2b5453301b7e91acb07ef91147220b4d288c', '127.0.0.1', 1473231307, '__ci_last_regenerate|i:1473231306;code|s:4:"5qmG";identity|s:12:"jingli-demo1";username|s:12:"jingli-demo1";email|s:5:"a@a.c";user_id|s:1:"3";old_last_login|s:10:"1473173109";'),
('a4a78835cfdb0a873489b38f286fdd35d92950b7', '127.0.0.1', 1473232878, '__ci_last_regenerate|i:1473231622;code|s:4:"5qmG";identity|s:12:"jingli-demo1";username|s:12:"jingli-demo1";email|s:5:"a@a.c";user_id|s:1:"3";old_last_login|s:10:"1473173109";'),
('8a26967ea95dadf3c0b2d1b98c7639862860cad3', '127.0.0.1', 1473233456, '__ci_last_regenerate|i:1473233403;code|s:4:"5qmG";identity|s:12:"jingli-demo1";username|s:12:"jingli-demo1";email|s:5:"a@a.c";user_id|s:1:"3";old_last_login|s:10:"1473173109";'),
('450bf8fe1b2e085ba2a6c7b91b28207d98b14827', '127.0.0.1', 1473234083, '__ci_last_regenerate|i:1473233925;code|s:4:"5qmG";identity|s:12:"jingli-demo1";username|s:12:"jingli-demo1";email|s:5:"a@a.c";user_id|s:1:"3";old_last_login|s:10:"1473173109";'),
('9a2bc06e777a32a4e52c2c76eb69e26b8b07daf1', '127.0.0.1', 1473235617, '__ci_last_regenerate|i:1473234243;code|s:4:"5qmG";identity|s:12:"jingli-demo1";username|s:12:"jingli-demo1";email|s:5:"a@a.c";user_id|s:1:"3";old_last_login|s:10:"1473173109";'),
('730b56dfc9f0bb325333d59d5f01e725636381d3', '127.0.0.1', 1473236093, '__ci_last_regenerate|i:1473235819;code|s:4:"5qmG";identity|s:12:"jingli-demo1";username|s:12:"jingli-demo1";email|s:5:"a@a.c";user_id|s:1:"3";old_last_login|s:10:"1473173109";ajax_permission|s:48:"æ²¡æœ‰æˆæƒè®¿é—®  <br> [project/stock/storage]";__ci_vars|a:1:{s:15:"ajax_permission";s:3:"old";}'),
('0dcf3a9d01603045ed989d5f755623f2986602e4', '127.0.0.1', 1473236200, '__ci_last_regenerate|i:1473236160;code|s:4:"5qmG";identity|s:12:"jingli-demo1";username|s:12:"jingli-demo1";email|s:5:"a@a.c";user_id|s:1:"3";old_last_login|s:10:"1473173109";'),
('1cac1685ef2cf40a10c597e7f8bc5eb52b5ee4ae', '127.0.0.1', 1473237050, '__ci_last_regenerate|i:1473236822;code|s:4:"5qmG";identity|s:12:"jingli-demo1";username|s:12:"jingli-demo1";email|s:5:"a@a.c";user_id|s:1:"3";old_last_login|s:10:"1473173109";'),
('afdb982863e02b2f649375358a9320a16eded5f6', '127.0.0.1', 1473237470, '__ci_last_regenerate|i:1473237235;code|s:4:"5qmG";identity|s:12:"jingli-demo1";username|s:12:"jingli-demo1";email|s:5:"a@a.c";user_id|s:1:"3";old_last_login|s:10:"1473173109";'),
('5df5a0f84349f9b8eed7ae10ca4ebc03b1156b20', '127.0.0.1', 1473237763, '__ci_last_regenerate|i:1473237575;code|s:4:"5qmG";identity|s:12:"jingli-demo1";username|s:12:"jingli-demo1";email|s:5:"a@a.c";user_id|s:1:"3";old_last_login|s:10:"1473173109";csrfkey|s:8:"nbIjDKSQ";__ci_vars|a:2:{s:7:"csrfkey";s:3:"new";s:9:"csrfvalue";s:3:"new";}csrfvalue|s:20:"No7YK8mQ0A9aJZODEG2B";'),
('76efc01e43d872a48d64c9b1a40da86b9e75e3c0', '127.0.0.1', 1473238347, '__ci_last_regenerate|i:1473238053;code|s:4:"5qmG";identity|s:12:"jingli-demo1";username|s:12:"jingli-demo1";email|s:5:"a@a.c";user_id|s:1:"3";old_last_login|s:10:"1473173109";csrfkey|s:8:"KujWA1wn";__ci_vars|a:2:{s:7:"csrfkey";s:3:"new";s:9:"csrfvalue";s:3:"new";}csrfvalue|s:20:"NI2iWbnvodDYAgtEF9kp";'),
('667a30d128449cbdfa7e1281f4db17b808147822', '127.0.0.1', 1473238727, '__ci_last_regenerate|i:1473238397;code|s:4:"5qmG";identity|s:12:"jingli-demo1";username|s:12:"jingli-demo1";email|s:5:"a@a.c";user_id|s:1:"3";old_last_login|s:10:"1473173109";csrfkey|s:8:"FP5M7WOt";__ci_vars|a:2:{s:7:"csrfkey";s:3:"new";s:9:"csrfvalue";s:3:"new";}csrfvalue|s:20:"6Lq18Jy7AsmYl4Sa3jfC";'),
('d9b20978c6f7bfb331d4276d56e1df16ec47c5c5', '127.0.0.1', 1473238852, '__ci_last_regenerate|i:1473238785;code|s:4:"5qmG";identity|s:12:"jingli-demo1";username|s:12:"jingli-demo1";email|s:5:"a@a.c";user_id|s:1:"3";old_last_login|s:10:"1473173109";csrfkey|s:8:"keFQJtIp";__ci_vars|a:2:{s:7:"csrfkey";s:3:"new";s:9:"csrfvalue";s:3:"new";}csrfvalue|s:20:"OQ5xTI7Xo4NRta1uSAvz";'),
('040919cddfbf1ec997df7b71a3ce69248eb1e04d', '127.0.0.1', 1473240887, '__ci_last_regenerate|i:1473239436;code|s:4:"5qmG";identity|s:12:"jingli-demo1";username|s:12:"jingli-demo1";email|s:5:"a@a.c";user_id|s:1:"3";old_last_login|s:10:"1473173109";csrfkey|s:8:"4SnRq7IM";__ci_vars|a:2:{s:7:"csrfkey";s:3:"old";s:9:"csrfvalue";s:3:"old";}csrfvalue|s:20:"ovDGslrbZPgK1pRWI78L";'),
('1f0897676e38026a4d31600f6bf7be6c4bfcfad7', '127.0.0.1', 1473241038, '__ci_last_regenerate|i:1473240954;code|s:4:"5bDp";identity|s:12:"dengji-demo1";username|s:12:"dengji-demo1";email|s:6:"b@a.cc";user_id|s:1:"5";old_last_login|s:10:"1473134149";csrfkey|s:8:"MI5RB0Qj";__ci_vars|a:2:{s:7:"csrfkey";s:3:"new";s:9:"csrfvalue";s:3:"new";}csrfvalue|s:20:"aCQeYgibVt6ENTyFvIJu";'),
('bbff738c77fc9cc15e6a1d9c888ff1720bf81415', '127.0.0.1', 1473242590, '__ci_last_regenerate|i:1473241384;code|s:4:"jNtz";identity|s:12:"jingli-demo1";username|s:12:"jingli-demo1";email|s:5:"a@a.c";user_id|s:1:"3";old_last_login|s:10:"1473208514";'),
('b13da3643adf9d9c9044e916308e1485c43a89eb', '127.0.0.1', 1473249732, '__ci_last_regenerate|i:1473249169;code|s:4:"M5cQ";identity|s:10:"admin-root";username|s:10:"admin-root";email|s:15:"admin@admin.com";user_id|s:1:"1";old_last_login|s:10:"1473172336";'),
('e5ca4d80d1c5910508119bebf744a1d7d830fee5', '127.0.0.1', 1473250174, '__ci_last_regenerate|i:1473250017;code|s:4:"M5cQ";identity|s:10:"admin-root";username|s:10:"admin-root";email|s:15:"admin@admin.com";user_id|s:1:"1";old_last_login|s:10:"1473172336";'),
('50ebfb7a72141fbaf233026f1cab9cd3a0f146fd', '127.0.0.1', 1473251991, '__ci_last_regenerate|i:1473250722;code|s:4:"M5cQ";identity|s:10:"admin-root";username|s:10:"admin-root";email|s:15:"admin@admin.com";user_id|s:1:"1";old_last_login|s:10:"1473172336";'),
('c1c86b6ca7e3178389bf534c3d21c3651e5fef86', '127.0.0.1', 1473252168, '__ci_last_regenerate|i:1473252067;code|s:4:"M5cQ";identity|s:10:"admin-root";username|s:10:"admin-root";email|s:15:"admin@admin.com";user_id|s:1:"1";old_last_login|s:10:"1473172336";'),
('199a080de6e55fa36b221aade4ec5815401d287d', '127.0.0.1', 1473252515, '__ci_last_regenerate|i:1473252444;code|s:4:"M5cQ";identity|s:10:"admin-root";username|s:10:"admin-root";email|s:15:"admin@admin.com";user_id|s:1:"1";old_last_login|s:10:"1473172336";'),
('a56a96df3b2f8d9fb602ee959e8da6c726912246', '127.0.0.1', 1473252933, '__ci_last_regenerate|i:1473252758;code|s:4:"M5cQ";identity|s:10:"admin-root";username|s:10:"admin-root";email|s:15:"admin@admin.com";user_id|s:1:"1";old_last_login|s:10:"1473172336";'),
('d2bce371aa8da62913308d64844e18e9cad3b095', '127.0.0.1', 1473253396, '__ci_last_regenerate|i:1473253083;code|s:4:"M5cQ";identity|s:10:"admin-root";username|s:10:"admin-root";email|s:15:"admin@admin.com";user_id|s:1:"1";old_last_login|s:10:"1473172336";success|s:12:"ä¿å­˜æˆåŠŸ";__ci_vars|a:1:{s:7:"success";s:3:"old";}'),
('54d277ccd053630d9b0625910813c870dcabf3b3', '127.0.0.1', 1473256006, '__ci_last_regenerate|i:1473253495;code|s:4:"M5cQ";identity|s:10:"admin-root";username|s:10:"admin-root";email|s:15:"admin@admin.com";user_id|s:1:"1";old_last_login|s:10:"1473172336";'),
('27885e9fd543ac1b49fd660e0ad84ce0bc66ffb6', '127.0.0.1', 1473254646, '__ci_last_regenerate|i:1473253724;code|s:4:"pFXU";identity|s:12:"dengji-demo1";username|s:12:"dengji-demo1";email|s:6:"b@a.cc";user_id|s:1:"5";old_last_login|s:10:"1473240960";csrfkey|s:8:"7fzor9Vk";__ci_vars|a:2:{s:7:"csrfkey";s:3:"new";s:9:"csrfvalue";s:3:"new";}csrfvalue|s:20:"rht6OAMWsDeUuqGV8i7C";'),
('c941c0716428add10d6ecffb067b1077bc948ccc', '127.0.0.1', 1473257216, '__ci_last_regenerate|i:1473254784;code|s:4:"pFXU";identity|s:12:"dengji-demo1";username|s:12:"dengji-demo1";email|s:6:"b@a.cc";user_id|s:1:"5";old_last_login|s:10:"1473240960";'),
('04e262359165bcd08fcdf39a0669f9f64889530d', '127.0.0.1', 1473256340, '__ci_last_regenerate|i:1473256148;code|s:4:"M5cQ";identity|s:10:"admin-root";username|s:10:"admin-root";email|s:15:"admin@admin.com";user_id|s:1:"1";old_last_login|s:10:"1473172336";'),
('01a05b821739ec8658d8528ba392cfe483c5e070', '127.0.0.1', 1473266416, '__ci_last_regenerate|i:1473256691;code|s:4:"M5cQ";identity|s:10:"admin-root";username|s:10:"admin-root";email|s:15:"admin@admin.com";user_id|s:1:"1";old_last_login|s:10:"1473172336";'),
('3f8bd7fa97ef91983b20aeef27a27773bcf7fef1', '127.0.0.1', 1473257244, '__ci_last_regenerate|i:1473257234;code|s:4:"pFXU";identity|s:12:"dengji-demo1";username|s:12:"dengji-demo1";email|s:6:"b@a.cc";user_id|s:1:"5";old_last_login|s:10:"1473240960";'),
('5c15fb06ea34b86aa05b5cae0bcae65586738b28', '127.0.0.1', 1473258536, '__ci_last_regenerate|i:1473257816;code|s:4:"pFXU";identity|s:12:"dengji-demo1";username|s:12:"dengji-demo1";email|s:6:"b@a.cc";user_id|s:1:"5";old_last_login|s:10:"1473240960";csrfkey|s:8:"nyBmAspv";__ci_vars|a:2:{s:7:"csrfkey";s:3:"new";s:9:"csrfvalue";s:3:"new";}csrfvalue|s:20:"Co5VP1jElqQbyc9OhvB6";'),
('334837d0de4d4c92638aef0667e96ba5cbadb02e', '127.0.0.1', 1473259019, '__ci_last_regenerate|i:1473258771;code|s:4:"pFXU";identity|s:12:"dengji-demo1";username|s:12:"dengji-demo1";email|s:6:"b@a.cc";user_id|s:1:"5";old_last_login|s:10:"1473240960";'),
('76e989c3f1f20e952f3d6860646f0acb23ebf436', '127.0.0.1', 1473260763, '__ci_last_regenerate|i:1473259144;code|s:4:"pFXU";identity|s:12:"dengji-demo1";username|s:12:"dengji-demo1";email|s:6:"b@a.cc";user_id|s:1:"5";old_last_login|s:10:"1473240960";csrfkey|s:8:"Yqp07h4V";__ci_vars|a:2:{s:7:"csrfkey";s:3:"new";s:9:"csrfvalue";s:3:"new";}csrfvalue|s:20:"mj4sk6RYQSUeu15tZf3b";'),
('c253935b41d74137947ee99237d452505ecfbb1b', '127.0.0.1', 1473261217, '__ci_last_regenerate|i:1473260980;code|s:4:"pFXU";identity|s:12:"dengji-demo1";username|s:12:"dengji-demo1";email|s:6:"b@a.cc";user_id|s:1:"5";old_last_login|s:10:"1473240960";csrfkey|s:8:"g6iBAUX5";__ci_vars|a:2:{s:7:"csrfkey";s:3:"new";s:9:"csrfvalue";s:3:"new";}csrfvalue|s:20:"yaOosTCRXxL2bg1GpvPu";'),
('0ac876fe713300d920b25b9b63630ed6a997393e', '127.0.0.1', 1473261720, '__ci_last_regenerate|i:1473261460;code|s:4:"pFXU";identity|s:12:"dengji-demo1";username|s:12:"dengji-demo1";email|s:6:"b@a.cc";user_id|s:1:"5";old_last_login|s:10:"1473240960";csrfkey|s:8:"lM3TP297";__ci_vars|a:2:{s:7:"csrfkey";s:3:"new";s:9:"csrfvalue";s:3:"new";}csrfvalue|s:20:"8aVxr3yBWpRkXYMCFtAS";'),
('13de300f7b4810e4b32528b493e2aa04f4c093bc', '127.0.0.1', 1473262465, '__ci_last_regenerate|i:1473262143;code|s:4:"pFXU";identity|s:12:"dengji-demo1";username|s:12:"dengji-demo1";email|s:6:"b@a.cc";user_id|s:1:"5";old_last_login|s:10:"1473240960";csrfkey|s:8:"QxphC5bG";__ci_vars|a:2:{s:7:"csrfkey";s:3:"old";s:9:"csrfvalue";s:3:"old";}csrfvalue|s:20:"AoJdhbRz9HX6r54s3SqM";'),
('8789c57b239b3608324f8020aa11b42899564215', '127.0.0.1', 1473263059, '__ci_last_regenerate|i:1473262470;code|s:4:"pFXU";identity|s:12:"dengji-demo1";username|s:12:"dengji-demo1";email|s:6:"b@a.cc";user_id|s:1:"5";old_last_login|s:10:"1473240960";'),
('6a5c7fc3658be5ca75fe306d6b2e1e3491f82b81', '127.0.0.1', 1473264063, '__ci_last_regenerate|i:1473263777;code|s:4:"pFXU";identity|s:12:"dengji-demo1";username|s:12:"dengji-demo1";email|s:6:"b@a.cc";user_id|s:1:"5";old_last_login|s:10:"1473240960";'),
('7efa8175d44d3994be8525d61181ac95750670cd', '127.0.0.1', 1473264393, '__ci_last_regenerate|i:1473264085;code|s:4:"pFXU";identity|s:12:"dengji-demo1";username|s:12:"dengji-demo1";email|s:6:"b@a.cc";user_id|s:1:"5";old_last_login|s:10:"1473240960";csrfkey|s:8:"AUrknOwR";__ci_vars|a:2:{s:7:"csrfkey";s:3:"old";s:9:"csrfvalue";s:3:"old";}csrfvalue|s:20:"2afBuZYHg3UsPiAQ0Dtz";'),
('a6478dde6cecbdeb383d21fd45e6ce9bd37dbc1e', '127.0.0.1', 1473264726, '__ci_last_regenerate|i:1473264401;code|s:4:"pFXU";identity|s:12:"dengji-demo1";username|s:12:"dengji-demo1";email|s:6:"b@a.cc";user_id|s:1:"5";old_last_login|s:10:"1473240960";'),
('d2e66362183ef4e3c7ded76fb24d92e525d390c7', '127.0.0.1', 1473266405, '__ci_last_regenerate|i:1473264770;code|s:4:"pFXU";identity|s:12:"dengji-demo1";username|s:12:"dengji-demo1";email|s:6:"b@a.cc";user_id|s:1:"5";old_last_login|s:10:"1473240960";success|s:21:"é¡¹ç›®ç¼–è¾‘æˆåŠŸï¼";__ci_vars|a:1:{s:7:"success";s:3:"new";}'),
('8749d73354e483cebf5962c4fed49506a6461604', '127.0.0.1', 1473267727, '__ci_last_regenerate|i:1473266405;code|s:4:"pFXU";identity|s:12:"dengji-demo1";username|s:12:"dengji-demo1";email|s:6:"b@a.cc";user_id|s:1:"5";old_last_login|s:10:"1473240960";csrfkey|s:8:"ReMsPQug";__ci_vars|a:2:{s:7:"csrfkey";s:3:"old";s:9:"csrfvalue";s:3:"old";}csrfvalue|s:20:"N7LiCWbaJFVjvO1UnYxE";'),
('ce46c5b33f1e029d8915f5bd15232112f4be9725', '127.0.0.1', 1473267878, '__ci_last_regenerate|i:1473266549;code|s:4:"QxYH";identity|s:12:"jingli-demo1";username|s:12:"jingli-demo1";email|s:5:"a@a.c";user_id|s:1:"3";old_last_login|s:10:"1473241385";csrfkey|s:8:"NHJbS0pQ";__ci_vars|a:2:{s:7:"csrfkey";s:3:"old";s:9:"csrfvalue";s:3:"old";}csrfvalue|s:20:"zCYLRfWBnlK7yMVtmNdv";'),
('5a75ea57140e9d95df574164896308c3a5cf33de', '127.0.0.1', 1473269297, '__ci_last_regenerate|i:1473267869;code|s:4:"pFXU";identity|s:12:"dengji-demo1";username|s:12:"dengji-demo1";email|s:6:"b@a.cc";user_id|s:1:"5";old_last_login|s:10:"1473240960";'),
('3f9e894d988c5911e3a89fe362b214604f475a7a', '127.0.0.1', 1473268511, '__ci_last_regenerate|i:1473267879;code|s:4:"QxYH";identity|s:12:"jingli-demo1";username|s:12:"jingli-demo1";email|s:5:"a@a.c";user_id|s:1:"3";old_last_login|s:10:"1473241385";csrfkey|s:8:"2jQTYmDR";__ci_vars|a:3:{s:7:"csrfkey";s:3:"old";s:9:"csrfvalue";s:3:"old";s:7:"success";s:3:"new";}csrfvalue|s:20:"04TaEQcuLlf9FPBWNi17";success|s:44:"é¡¹ç›®å·²æ ¸å®ï¼ç¼–å·: GR1609084360044048";'),
('656dff57575b4693b35b8385e901a9a39e4e6e1f', '127.0.0.1', 1473268528, '__ci_last_regenerate|i:1473268513;code|s:4:"QxYH";identity|s:12:"jingli-demo1";username|s:12:"jingli-demo1";email|s:5:"a@a.c";user_id|s:1:"3";old_last_login|s:10:"1473241385";'),
('e665cc0801896bd5080357d10999dad8a93d5b15', '127.0.0.1', 1473269140, '__ci_last_regenerate|i:1473268822;code|s:4:"dT72";identity|s:12:"kuguan-demo1";username|s:12:"kuguan-demo1";email|s:11:"kuguan@bb.c";user_id|s:1:"7";old_last_login|s:10:"1473138246";csrfkey|s:8:"eN4SBn6Q";__ci_vars|a:2:{s:7:"csrfkey";s:3:"new";s:9:"csrfvalue";s:3:"new";}csrfvalue|s:20:"UuGn2M0bD6LKgcAfQIyZ";'),
('5a23610ba11e23a63c4da91c1804b8f01f3bcfd1', '127.0.0.1', 1473269362, '__ci_last_regenerate|i:1473269148;code|s:4:"dT72";identity|s:12:"kuguan-demo1";username|s:12:"kuguan-demo1";email|s:11:"kuguan@bb.c";user_id|s:1:"7";old_last_login|s:10:"1473138246";');

-- --------------------------------------------------------

--
-- è¡¨çš„ç»“æ„ `gd_setting`
--

CREATE TABLE IF NOT EXISTS `gd_setting` (
  `setting_id` int(11) unsigned NOT NULL AUTO_INCREMENT,
  `code` varchar(64) NOT NULL DEFAULT '',
  `value` text,
  `serialized` tinyint(1) NOT NULL DEFAULT '0',
  `group` varchar(64) NOT NULL DEFAULT 'config',
  `initial` tinyint(1) NOT NULL DEFAULT '1',
  PRIMARY KEY (`setting_id`,`code`),
  KEY `option_name` (`code`),
  KEY `auto_load` (`initial`)
) ENGINE=InnoDB  DEFAULT CHARSET=utf8 AUTO_INCREMENT=39 ;

--
-- è½¬å­˜è¡¨ä¸­çš„æ•°æ® `gd_setting`
--

INSERT INTO `gd_setting` (`setting_id`, `code`, `value`, `serialized`, `group`, `initial`) VALUES
(4, 'site_name', 'é»„é‡‘ç å¤´', 0, 'site', 1),
(5, 'site_keywords', 'é»„é‡‘äº¤æ˜“ é‡‘ç”Ÿé‡‘ ', 0, 'site', 1),
(6, 'site_description', 'å€¼å¾—ä¿¡èµ–çš„ç§äººçš„é‡‘åº“', 0, 'site', 1),
(7, 'site_email', 'gold@xinyan.com', 0, 'site', 1),
(8, 'golden_price', 'a:2:{s:6:"apikey";s:16:"101ae9aa1007ce6d";s:6:"apiurl";s:34:"http://api.jisuapi.com/gold/shgold";}', 1, 'api', 1),
(9, 'investing_privacy', '2', 0, 'project', 1),
(10, 'investing_initial', '1', 0, 'project', 1),
(11, 'recycling_privacy', '3', 0, 'project', 1),
(12, 'recycling_initial', '1', 0, 'project', 1),
(13, 'profit_weight', '6', 0, 'project', 1),
(14, 'investing_checked', '2', 0, 'project', 1),
(15, 'investing_confirmed', '3', 0, 'project', 1),
(18, 'investing_refused', '5', 0, 'project', 1),
(19, 'investing_terminated', '6', 0, 'project', 1),
(25, 'recycling_checked', '2', 0, 'project', 1),
(26, 'recycling_confirmed', '3', 0, 'project', 1),
(30, 'recycling_refused', '5', 0, 'project', 1),
(31, 'recycling_terminated', '6', 0, 'project', 1),
(32, 'order_percent', '30', 0, 'project', 1),
(33, 'recycling_growing', '4', 0, 'project', 1),
(34, 'gold_growing', 'season', 0, 'project', 1),
(35, 'growing_mode', 't0', 0, 'project', 1),
(36, 'investing_growing', '4', 0, 'project', 1),
(37, 'terminated_trash', '1', 0, 'project', 1),
(38, 'site_title', 'é»„é‡‘ç å¤´ é»„é‡‘çº¿ä¸‹äº¤æ˜“å¹³å°', 0, 'site', 1);

-- --------------------------------------------------------

--
-- è¡¨çš„ç»“æ„ `gd_worker`
--

CREATE TABLE IF NOT EXISTS `gd_worker` (
  `id` int(11) unsigned NOT NULL AUTO_INCREMENT,
  `username` varchar(32) DEFAULT NULL,
  `realname` varchar(32) NOT NULL,
  `avatar` varchar(256) DEFAULT NULL,
  `password` varchar(255) NOT NULL,
  `salt` varchar(255) DEFAULT NULL,
  `email` varchar(100) NOT NULL,
  `remember_code` varchar(40) DEFAULT NULL,
  `addtime` int(11) NOT NULL DEFAULT '0',
  `last_login` int(11) DEFAULT '0',
  `last_ip` char(15) NOT NULL,
  `status` tinyint(1) DEFAULT '1',
  `phone` varchar(20) DEFAULT NULL,
  `wechat` varchar(64) DEFAULT NULL,
  `qq` char(12) DEFAULT NULL,
  `company_id` tinyint(4) NOT NULL DEFAULT '0',
  PRIMARY KEY (`id`)
) ENGINE=InnoDB  DEFAULT CHARSET=utf8 AUTO_INCREMENT=13 ;

--
-- è½¬å­˜è¡¨ä¸­çš„æ•°æ® `gd_worker`
--

INSERT INTO `gd_worker` (`id`, `username`, `realname`, `avatar`, `password`, `salt`, `email`, `remember_code`, `addtime`, `last_login`, `last_ip`, `status`, `phone`, `wechat`, `qq`, `company_id`) VALUES
(1, 'admin-root', 'ç®¡ç†å‘˜', 'public/images/avatar/121034209220f1.jpg', '$2a$07$SeBknntpZror9uyftVopmu61qg0ms8Qv1yV6FG.kQOSM.9QhmTo36', '', 'admin@admin.com', NULL, 1469999823, 1473249173, '127.0.0.1', 1, '', NULL, NULL, 0),
(2, 'zhujingxiu', 'æœ±æ™¯ä¿®', NULL, '$2y$08$QQOBCnHUhFTH/CjeWztJGOOfAz2xuqSki7P2qn5/WojZQvXc10NAK', NULL, 'zhujingxiu@hotmail.com', NULL, 1470736567, 1470736771, '127.0.0.1', 1, '18850911766', NULL, NULL, 0),
(3, 'jingli-demo1', 'ç»ç†æµ‹è¯•', 'public/images/avatar/avatar2.png', '$2y$08$k1dyXUI7CRYqc/CpH9UT0ONk93y3sP7EQ5Jdcr/lvOoUE4Tob05Oe', NULL, 'a@a.c', NULL, 1471598448, 1473266567, '127.0.0.1', 1, '13913901390', 'qweweqweq', '', 0),
(4, 'jingli-demo2', 'ç»ç†æµ‹è¯•B', 'public/images/avatar/user1-128x128.jpg', '$2y$08$1gGt5kfd2/S0WGDZNt6PMu8bj1WBhiww4AgNx4TJSRrJaiQ7jV4gu', NULL, 'a@a.cc', NULL, 1471598720, 1472277405, '127.0.0.1', 1, '', NULL, NULL, 0),
(5, 'dengji-demo1', 'ç™»è®°æµ‹è¯•A', 'public/images/avatar/avatar1.png', '$2y$08$YHzCZKpn3DYoZWYfE4UD4.7KSke2QaVc5Ou04ljhRNZn5sDqc7QF2', NULL, 'b@a.cc', NULL, 1471598889, 1473253736, '127.0.0.1', 1, '', NULL, NULL, 0),
(6, 'dengji-demo2', 'å½•å•æµ‹è¯•B', 'public/images/avatar/user3-128x128.jpg', '$2y$08$7JByOlb/P/L.c8P.mqeMX.N7qSiLGBWyx3YWA44wUDkAMY0rGKtQS', NULL, 'ludan@b.cc', NULL, 1471598958, 1473133650, '127.0.0.1', 1, '', NULL, NULL, 0),
(7, 'kuguan-demo1', 'åº“ç®¡æµ‹è¯•A', 'public/images/avatar/user4-128x128.jpg', '$2y$08$SuuFWJ0sZL2z.SZDLaTX3Od/bkVZ04Ax1fc1SmDtoVf8X0XjuRuJO', NULL, 'kuguan@bb.c', NULL, 1471599005, 1473268843, '127.0.0.1', 1, '', NULL, NULL, 0),
(8, 'kuguan-demo2', 'åº“ç®¡æµ‹è¯•B', 'public/images/avatar/user5-128x128.jpg', '$2y$08$18MwNqHD5QKE/M2xcF4NXuLScN67KrGQfBCfXPEEEM/W5PNC/5/5G', NULL, 'kuguan@a.cc', NULL, 1471599054, 1473152537, '127.0.0.1', 1, '', NULL, NULL, 0),
(9, 'jianding-demo1', 'é‰´å®šäººA', 'public/images/avatar/user8-128x128.jpg', '$2y$08$GqumJcWGIEa25v1OB3i5M.k8Vgxg99kuKXpGsUs5ZzQiUIp.Qer5G', NULL, 'jianding@g.cc', NULL, 1471599152, 0, '127.0.0.1', 1, '', NULL, NULL, 0),
(10, 'jianding-demo2', 'é‰´å®šäººB', 'public/images/avatar/user7-128x128.jpg', '$2y$08$kPYhqg2giK0IhN5v6WS4WuMQvXq0m0gpF6Cx.xAR4..dsxS9UmNDG', NULL, 'admin@admin.com', NULL, 1471599225, 0, '127.0.0.1', 1, '', NULL, NULL, 0),
(11, 'all-demo1', 'ç»¼åˆè´¦æˆ·', 'public/images/avatar/user2-160x160.jpg', '$2y$08$bnDehV48c1sDsmwPNmmTHOdMMxUE1MHNGItvkmvL7CC2G20doVhcq', NULL, 'all@b.cc', NULL, 1471599856, 1471600479, '127.0.0.1', 1, '', NULL, NULL, 0),
(12, 'zhujingxiu1', 'æœ±æ™¯ä¿®2', NULL, '$2y$08$QQOBCnHUhFTH/CjeWztJGOOfAz2xuqSki7P2qn5/WojZQvXc10NAK', NULL, 'zhujingxiu@hotmail.com', NULL, 1470736567, 1470736771, '127.0.0.1', 1, '18850911766', NULL, NULL, 0);

-- --------------------------------------------------------

--
-- è¡¨çš„ç»“æ„ `gd_worker_activity`
--

CREATE TABLE IF NOT EXISTS `gd_worker_activity` (
  `activity_id` int(11) NOT NULL AUTO_INCREMENT,
  `worker_id` int(11) NOT NULL DEFAULT '0',
  `content` varchar(256) COLLATE utf8_unicode_ci DEFAULT NULL,
  `addtime` int(11) NOT NULL,
  PRIMARY KEY (`activity_id`)
) ENGINE=InnoDB DEFAULT CHARSET=utf8 COLLATE=utf8_unicode_ci AUTO_INCREMENT=1 ;

-- --------------------------------------------------------

--
-- è¡¨çš„ç»“æ„ `gd_worker_attempt`
--

CREATE TABLE IF NOT EXISTS `gd_worker_attempt` (
  `id` int(11) unsigned NOT NULL AUTO_INCREMENT,
  `ip_address` varchar(15) NOT NULL,
  `login` varchar(100) NOT NULL,
  `time` int(11) unsigned DEFAULT NULL,
  PRIMARY KEY (`id`)
) ENGINE=InnoDB DEFAULT CHARSET=utf8 AUTO_INCREMENT=1 ;

-- --------------------------------------------------------

--
-- è¡¨çš„ç»“æ„ `gd_worker_company`
--

CREATE TABLE IF NOT EXISTS `gd_worker_company` (
  `company_id` int(11) NOT NULL AUTO_INCREMENT,
  `title` varchar(128) COLLATE utf8_unicode_ci NOT NULL,
  `status` tinyint(4) NOT NULL DEFAULT '1',
  `addtime` int(11) NOT NULL,
  PRIMARY KEY (`company_id`)
) ENGINE=InnoDB DEFAULT CHARSET=utf8 COLLATE=utf8_unicode_ci AUTO_INCREMENT=1 ;

-- --------------------------------------------------------

--
-- è¡¨çš„ç»“æ„ `gd_worker_group`
--

CREATE TABLE IF NOT EXISTS `gd_worker_group` (
  `id` mediumint(8) unsigned NOT NULL AUTO_INCREMENT,
  `code` varchar(20) NOT NULL,
  `title` varchar(100) NOT NULL,
  `is_system` tinyint(4) NOT NULL DEFAULT '0',
  `permission` text,
  `status` tinyint(4) NOT NULL DEFAULT '1',
  PRIMARY KEY (`id`)
) ENGINE=InnoDB  DEFAULT CHARSET=utf8 AUTO_INCREMENT=7 ;

--
-- è½¬å­˜è¡¨ä¸­çš„æ•°æ® `gd_worker_group`
--

INSERT INTO `gd_worker_group` (`id`, `code`, `title`, `is_system`, `permission`, `status`) VALUES
(1, 'admin', 'ç®¡ç†ç»„', 1, '', 1),
(2, 'member', 'ä¸šåŠ¡å‘˜', 0, '2997,2999,3001,3003,2998,3000,3002', 1),
(3, 'manager', 'ç»ç†', 0, '1,2,3,5,6,7,8,9,10,11,22,23,24,25,26,27,30,33,35,48,49,50,51,52,55,59,63,67,68,70,78,80,84,85,94,96,98,100,101,102,105,106,107,108,109,110,112,113,114,115,116,118', 1),
(4, 'warehouser', 'åº“ç®¡', 0, '1,2,3,55,61,65,70,82,87,98,100,101,105,107,108,111,117,118,119', 1),
(5, 'appraiser', 'é‰´å®šäºº', 0, '74,73,70,1,3,2', 1),
(6, 'booker', 'ç™»è®°äºº', 0, '1,2,3,52,55,57,70,72,93,98,100,101,103', 1);

-- --------------------------------------------------------

--
-- è¡¨çš„ç»“æ„ `gd_worker_notify`
--

CREATE TABLE IF NOT EXISTS `gd_worker_notify` (
  `notify_id` int(11) NOT NULL AUTO_INCREMENT,
  `sender_id` int(11) NOT NULL DEFAULT '0',
  `receiver_id` int(11) NOT NULL,
  `mode` enum('announcement','summary') COLLATE utf8_unicode_ci NOT NULL DEFAULT 'announcement',
  `title` int(11) NOT NULL,
  `content` text COLLATE utf8_unicode_ci NOT NULL,
  `status` tinyint(4) NOT NULL DEFAULT '1',
  `is_read` tinyint(1) NOT NULL DEFAULT '0',
  `addtime` int(11) NOT NULL DEFAULT '0',
  PRIMARY KEY (`notify_id`)
) ENGINE=InnoDB DEFAULT CHARSET=utf8 COLLATE=utf8_unicode_ci AUTO_INCREMENT=1 ;

-- --------------------------------------------------------

--
-- è¡¨çš„ç»“æ„ `gd_worker_rel`
--

CREATE TABLE IF NOT EXISTS `gd_worker_rel` (
  `id` int(11) unsigned NOT NULL AUTO_INCREMENT,
  `worker_id` int(11) unsigned NOT NULL,
  `group_id` mediumint(8) unsigned NOT NULL,
  PRIMARY KEY (`id`),
  UNIQUE KEY `uc_users_groups` (`worker_id`,`group_id`),
  KEY `fk_users_groups_users1_idx` (`worker_id`),
  KEY `fk_users_groups_groups1_idx` (`group_id`)
) ENGINE=InnoDB  DEFAULT CHARSET=utf8 AUTO_INCREMENT=25 ;

--
-- è½¬å­˜è¡¨ä¸­çš„æ•°æ® `gd_worker_rel`
--

INSERT INTO `gd_worker_rel` (`id`, `worker_id`, `group_id`) VALUES
(20, 1, 1),
(5, 3, 3),
(7, 4, 3),
(9, 5, 6),
(11, 6, 6),
(13, 7, 4),
(15, 8, 4),
(17, 9, 5),
(19, 10, 5),
(22, 11, 3),
(23, 11, 5),
(24, 11, 6),
(21, 12, 2);

--
-- é™åˆ¶å¯¼å‡ºçš„è¡¨
--

--
-- é™åˆ¶è¡¨ `gd_worker_rel`
--
ALTER TABLE `gd_worker_rel`
  ADD CONSTRAINT `fk_users_groups_groups1` FOREIGN KEY (`group_id`) REFERENCES `gd_worker_group` (`id`) ON DELETE CASCADE ON UPDATE NO ACTION,
  ADD CONSTRAINT `fk_users_groups_users1` FOREIGN KEY (`worker_id`) REFERENCES `gd_worker` (`id`) ON DELETE CASCADE ON UPDATE NO ACTION;

/*!40101 SET CHARACTER_SET_CLIENT=@OLD_CHARACTER_SET_CLIENT */;
/*!40101 SET CHARACTER_SET_RESULTS=@OLD_CHARACTER_SET_RESULTS */;
/*!40101 SET COLLATION_CONNECTION=@OLD_COLLATION_CONNECTION */;
