-- phpMyAdmin SQL Dump
-- version phpStudy 2014
-- http://www.phpmyadmin.net
--
-- ä¸»æœº: localhost
-- ç”Ÿæˆæ—¥æœŸ: 2016 å¹?09 æœ?01 æ—?00:46
-- æœåŠ¡å™¨ç‰ˆæœ¬: 5.5.47
-- PHP ç‰ˆæœ¬: 5.5.30

SET SQL_MODE="NO_AUTO_VALUE_ON_ZERO";
SET time_zone = "+00:00";


/*!40101 SET @OLD_CHARACTER_SET_CLIENT=@@CHARACTER_SET_CLIENT */;
/*!40101 SET @OLD_CHARACTER_SET_RESULTS=@@CHARACTER_SET_RESULTS */;
/*!40101 SET @OLD_COLLATION_CONNECTION=@@COLLATION_CONNECTION */;
/*!40101 SET NAMES utf8 */;

--
-- æ•°æ®åº“: `golden`
--

-- --------------------------------------------------------

--
-- è¡¨çš„ç»“æ„ `gd_article`
--

CREATE TABLE IF NOT EXISTS `gd_article` (
  `article_id` int(11) NOT NULL AUTO_INCREMENT,
  `category_id` int(11) NOT NULL DEFAULT '0',
  `title` varchar(128) COLLATE utf8_unicode_ci DEFAULT NULL,
  `text` text COLLATE utf8_unicode_ci,
  `is_top` tinyint(4) NOT NULL DEFAULT '0',
  `status` tinyint(4) NOT NULL DEFAULT '1',
  `author_id` int(11) NOT NULL DEFAULT '0',
  `addtime` int(11) NOT NULL,
  PRIMARY KEY (`article_id`)
) ENGINE=InnoDB  DEFAULT CHARSET=utf8 COLLATE=utf8_unicode_ci AUTO_INCREMENT=4 ;

--
-- è½¬å­˜è¡¨ä¸­çš„æ•°æ® `gd_article`
--

INSERT INTO `gd_article` (`article_id`, `category_id`, `title`, `text`, `is_top`, `status`, `author_id`, `addtime`) VALUES
(1, 1, 'è¿™æ˜¯ä¸€ç¯‡æµ‹è¯•æ–‡ç« ', '&lt;p&gt;è¿™æ˜¯æµ‹è¯•å†…å®¹&lt;/p&gt;&lt;ol class=&quot; list-paddingleft-2&quot; style=&quot;list-style-type: decimal;&quot;&gt;&lt;li&gt;&lt;p&gt;æµ‹è¯•1&lt;/p&gt;&lt;/li&gt;&lt;li&gt;&lt;p&gt;æµ‹è¯•2&lt;/p&gt;&lt;/li&gt;&lt;li&gt;&lt;p&gt;æµ‹è¯•3&lt;br/&gt;&lt;/p&gt;&lt;/li&gt;&lt;/ol&gt;', 0, 1, 1, 1471337030),
(2, 2, 'é’±ç”Ÿé‡‘ç›¸å…³åè®®', '&lt;p&gt;é’±ç”Ÿé‡‘ç›¸å…³åè®®&lt;/p&gt;&lt;ul class=&quot; list-paddingleft-2&quot; style=&quot;list-style-type: disc;&quot;&gt;&lt;li&gt;&lt;p&gt;ç¬¬ä¸€æ¡&lt;/p&gt;&lt;/li&gt;&lt;li&gt;&lt;p&gt;ç¬¬äºŒæ¡&lt;/p&gt;&lt;/li&gt;&lt;li&gt;&lt;p&gt;ç¬¬ä¸‰æ¡&lt;/p&gt;&lt;/li&gt;&lt;li&gt;&lt;p&gt;ç¬¬å››æ¡&lt;/p&gt;&lt;/li&gt;&lt;li&gt;&lt;p&gt;ç¬¬äº”æ¡&lt;br/&gt;&lt;/p&gt;&lt;/li&gt;&lt;/ul&gt;', 0, 1, 1, 1471337324),
(3, 2, 'é‡‘ç”Ÿé‡‘åè®®', '&lt;p&gt;é‡‘ç”Ÿé‡‘åè®®&lt;/p&gt;&lt;ol class=&quot; list-paddingleft-2&quot; style=&quot;list-style-type: decimal;&quot;&gt;&lt;li&gt;&lt;p&gt;åè®®å†…å®¹1&lt;/p&gt;&lt;/li&gt;&lt;li&gt;&lt;p&gt;åè®®å†…å®¹2&lt;/p&gt;&lt;/li&gt;&lt;li&gt;&lt;p&gt;ã€‚ã€‚ã€‚&lt;br/&gt;&lt;/p&gt;&lt;/li&gt;&lt;/ol&gt;', 0, 1, 1, 1471422878);

-- --------------------------------------------------------

--
-- è¡¨çš„ç»“æ„ `gd_article_category`
--

CREATE TABLE IF NOT EXISTS `gd_article_category` (
  `category_id` int(11) NOT NULL AUTO_INCREMENT,
  `code` varchar(32) COLLATE utf8_unicode_ci NOT NULL,
  `title` varchar(128) COLLATE utf8_unicode_ci DEFAULT NULL,
  `is_admin` tinyint(4) NOT NULL DEFAULT '0',
  `status` tinyint(4) NOT NULL DEFAULT '1',
  `worker_id` int(11) NOT NULL DEFAULT '0',
  `addtime` int(11) NOT NULL DEFAULT '0',
  PRIMARY KEY (`category_id`)
) ENGINE=InnoDB  DEFAULT CHARSET=utf8 COLLATE=utf8_unicode_ci AUTO_INCREMENT=4 ;

--
-- è½¬å­˜è¡¨ä¸­çš„æ•°æ® `gd_article_category`
--

INSERT INTO `gd_article_category` (`category_id`, `code`, `title`, `is_admin`, `status`, `worker_id`, `addtime`) VALUES
(1, 'daily', 'æ¯æ—¥é‡‘è¯„', 0, 1, 1, 1470088332),
(2, 'privacy', 'æ¡æ¬¾åè®®', 0, 1, 1, 1470088332),
(3, 'news', 'æ–°é—»', 0, 1, 1, 1471174877);

-- --------------------------------------------------------

--
-- è¡¨çš„ç»“æ„ `gd_customer`
--

CREATE TABLE IF NOT EXISTS `gd_customer` (
  `customer_id` int(11) NOT NULL AUTO_INCREMENT,
  `realname` varchar(32) COLLATE utf8_unicode_ci NOT NULL,
  `avatar` varchar(128) COLLATE utf8_unicode_ci DEFAULT NULL,
  `phone` varchar(16) COLLATE utf8_unicode_ci NOT NULL,
  `idnumber` char(18) COLLATE utf8_unicode_ci NOT NULL,
  `wechat` varchar(64) COLLATE utf8_unicode_ci NOT NULL,
  `qq` char(12) COLLATE utf8_unicode_ci DEFAULT NULL,
  `group_id` tinyint(4) NOT NULL DEFAULT '1',
  `status` tinyint(1) NOT NULL DEFAULT '1',
  `referrer_id` varchar(32) COLLATE utf8_unicode_ci NOT NULL,
  `note` text COLLATE utf8_unicode_ci,
  `worker_id` int(11) NOT NULL DEFAULT '0',
  `addtime` int(11) NOT NULL DEFAULT '0',
  `lasttime` int(11) NOT NULL DEFAULT '0',
  PRIMARY KEY (`customer_id`)
) ENGINE=InnoDB  DEFAULT CHARSET=utf8 COLLATE=utf8_unicode_ci AUTO_INCREMENT=9 ;

--
-- è½¬å­˜è¡¨ä¸­çš„æ•°æ® `gd_customer`
--

INSERT INTO `gd_customer` (`customer_id`, `realname`, `avatar`, `phone`, `idnumber`, `wechat`, `qq`, `group_id`, `status`, `referrer_id`, `note`, `worker_id`, `addtime`, `lasttime`) VALUES
(2, 'æç™¾åº¦', NULL, '18850911766', '321245198905080904', '', NULL, 1, 1, '2', NULL, 5, 1472552472, 1472552472),
(3, 'åˆ˜äº¬ä¸œ', NULL, '18959506595', '321324199008080808', '', NULL, 1, 1, '2', NULL, 5, 1472559583, 1472559583),
(4, 'é©¬æ™“äº‘', NULL, '18850219878', '321324195406050508', '', NULL, 1, 1, '2', NULL, 5, 1472604934, 1472604934),
(5, 'é©¬è…¾è®¯', NULL, '18959596565', '321254198808050604', '', NULL, 1, 1, '12', NULL, 5, 1472605860, 1472605860),
(6, 'ä½™åä¸º', NULL, '18959596767', '321254198908050604', '', NULL, 1, 1, '12', NULL, 5, 1472605860, 1472605860),
(7, 'é›·å°ç±³', NULL, '13113213313', '321254197708053454', 'leixiaomi', '324456532', 1, 1, '', '', 3, 1472645815, 1472645866),
(8, 'ä¹”è‹¹æœ', NULL, '18808800990', '325225197008078888', 'qiaopingguo', '32323454435', 2, 1, '12', 'ä¹”å¸®ä¸»', 3, 1472646256, 1472646256);

-- --------------------------------------------------------

--
-- è¡¨çš„ç»“æ„ `gd_customer_apply`
--

CREATE TABLE IF NOT EXISTS `gd_customer_apply` (
  `apply_id` int(11) NOT NULL AUTO_INCREMENT,
  `customer_id` int(11) NOT NULL,
  `phone` varchar(32) COLLATE utf8_unicode_ci DEFAULT NULL,
  `weight` decimal(11,2) NOT NULL DEFAULT '0.00',
  `mode` enum('appling','order') COLLATE utf8_unicode_ci NOT NULL DEFAULT 'appling',
  `note` text COLLATE utf8_unicode_ci,
  `status` tinyint(1) NOT NULL DEFAULT '1',
  `worker_id` int(11) NOT NULL DEFAULT '0',
  `addtime` int(11) NOT NULL DEFAULT '0',
  PRIMARY KEY (`apply_id`)
) ENGINE=InnoDB  DEFAULT CHARSET=utf8 COLLATE=utf8_unicode_ci AUTO_INCREMENT=5 ;

-- --------------------------------------------------------

--
-- è¡¨çš„ç»“æ„ `gd_customer_group`
--

CREATE TABLE IF NOT EXISTS `gd_customer_group` (
  `group_id` int(11) NOT NULL AUTO_INCREMENT,
  `title` varchar(32) COLLATE utf8_unicode_ci NOT NULL,
  `code` char(16) COLLATE utf8_unicode_ci NOT NULL,
  `icon` varchar(128) COLLATE utf8_unicode_ci DEFAULT NULL,
  `rule` text COLLATE utf8_unicode_ci,
  `note` varchar(128) COLLATE utf8_unicode_ci DEFAULT NULL,
  `status` tinyint(1) NOT NULL DEFAULT '0',
  `worker_id` int(11) NOT NULL DEFAULT '0',
  `addtime` int(11) NOT NULL DEFAULT '0',
  `lasttime` int(11) NOT NULL DEFAULT '0',
  PRIMARY KEY (`group_id`)
) ENGINE=InnoDB  DEFAULT CHARSET=utf8 COLLATE=utf8_unicode_ci AUTO_INCREMENT=5 ;

--
-- è½¬å­˜è¡¨ä¸­çš„æ•°æ® `gd_customer_group`
--

INSERT INTO `gd_customer_group` (`group_id`, `title`, `code`, `icon`, `rule`, `note`, `status`, `worker_id`, `addtime`, `lasttime`) VALUES
(1, 'é“œç‰Œ', 'bronze', NULL, NULL, 'é“œç‰Œå®¢æˆ·', 1, 1, 1472583692, 1472583692),
(2, 'é“¶ç‰Œ', 'silver', NULL, NULL, 'é“¶ç‰Œå®¢æˆ·', 1, 1, 1472589632, 1472589632),
(3, 'é‡‘ç‰Œ', ' gold', NULL, NULL, 'é‡‘ç‰Œå®¢æˆ·', 1, 1, 1472589963, 1472589963),
(4, 'é’»çŸ³', 'diamond', NULL, NULL, 'é’»çŸ³å®¢æˆ·', 1, 1, 1472589995, 1472589995);

-- --------------------------------------------------------

--
-- è¡¨çš„ç»“æ„ `gd_customer_history`
--

CREATE TABLE IF NOT EXISTS `gd_customer_history` (
  `history_id` int(11) NOT NULL AUTO_INCREMENT,
  `customer_id` int(11) NOT NULL,
  `note` text COLLATE utf8_unicode_ci NOT NULL,
  `worker_id` int(11) NOT NULL DEFAULT '0',
  `addtime` int(11) NOT NULL DEFAULT '0',
  PRIMARY KEY (`history_id`)
) ENGINE=InnoDB  DEFAULT CHARSET=utf8 COLLATE=utf8_unicode_ci AUTO_INCREMENT=6 ;

--
-- è½¬å­˜è¡¨ä¸­çš„æ•°æ® `gd_customer_history`
--

INSERT INTO `gd_customer_history` (`history_id`, `customer_id`, `note`, `worker_id`, `addtime`) VALUES
(1, 7, 'ç”³è¯·æé‡‘ï¼š15.00å…‹', 3, 1472655342),
(2, 7, 'å–æ¶ˆæé‡‘ï¼š15.00å…‹<br>sadsadasdsad', 3, 1472655831),
(3, 8, 'ç”³è¯·æé‡‘ï¼š12.00å…‹', 3, 1472655913),
(4, 7, 'ç”³è¯·æé‡‘ï¼š11.00å…‹', 3, 1472658219),
(5, 8, 'ç”³è¯·æé‡‘ï¼š10.00å…‹', 3, 1472658396);

-- --------------------------------------------------------

--
-- è¡¨çš„ç»“æ„ `gd_customer_stock`
--

CREATE TABLE IF NOT EXISTS `gd_customer_stock` (
  `stock_id` int(11) NOT NULL AUTO_INCREMENT,
  `customer_id` int(11) NOT NULL,
  `mode` enum('in','out','profit','free') COLLATE utf8_unicode_ci NOT NULL DEFAULT 'profit',
  `project_sn` char(18) COLLATE utf8_unicode_ci NOT NULL,
  `weight` decimal(13,2) NOT NULL DEFAULT '0.00',
  `file` text COLLATE utf8_unicode_ci,
  `notify` tinyint(1) NOT NULL DEFAULT '1',
  `note` text COLLATE utf8_unicode_ci,
  `worker_id` int(11) NOT NULL DEFAULT '0',
  `addtime` int(11) NOT NULL DEFAULT '0',
  PRIMARY KEY (`stock_id`)
) ENGINE=InnoDB  DEFAULT CHARSET=utf8 COLLATE=utf8_unicode_ci AUTO_INCREMENT=8 ;

--
-- è½¬å­˜è¡¨ä¸­çš„æ•°æ® `gd_customer_stock`
--

INSERT INTO `gd_customer_stock` (`stock_id`, `customer_id`, `mode`, `project_sn`, `weight`, `file`, `notify`, `note`, `worker_id`, `addtime`) VALUES
(4, 7, 'in', 'GR1608319242154447', '31.00', NULL, 1, '', 3, 1472653349),
(5, 8, 'in', 'GR1608315162053241', '20.00', NULL, 1, '', 3, 1472653784),
(6, 0, 'out', '', '-11.00', NULL, 1, 'å¤§çš„æ’’æ‰“ç®—çš„æ’’', 7, 1472658260),
(7, 8, 'out', '', '-10.00', NULL, 1, 'é˜¿è¨å¾·æ’’çš„æ’’', 7, 1472658506);

-- --------------------------------------------------------

--
-- è¡¨çš„ç»“æ„ `gd_golden_price`
--

CREATE TABLE IF NOT EXISTS `gd_golden_price` (
  `id` int(11) NOT NULL AUTO_INCREMENT,
  `date` date NOT NULL,
  `type` varchar(32) COLLATE utf8_unicode_ci DEFAULT NULL,
  `typename` varchar(32) COLLATE utf8_unicode_ci DEFAULT NULL,
  `price` decimal(8,2) NOT NULL DEFAULT '0.00',
  `addtime` int(11) NOT NULL DEFAULT '0',
  PRIMARY KEY (`id`)
) ENGINE=InnoDB  DEFAULT CHARSET=utf8 COLLATE=utf8_unicode_ci AUTO_INCREMENT=29 ;

--
-- è½¬å­˜è¡¨ä¸­çš„æ•°æ® `gd_golden_price`
--

INSERT INTO `gd_golden_price` (`id`, `date`, `type`, `typename`, `price`, `addtime`) VALUES
(1, '2016-08-25', 'Au99.99', 'æ²ªé‡‘99', '284.89', 1472186901),
(2, '2016-08-22', 'Au99.99', ' æ²ªé‡‘99', '286.36', 1471234567),
(3, '2016-08-23', 'Au99.99', ' æ²ªé‡‘99', '286.82', 1471234567),
(4, '2016-08-24', 'Au99.99', ' æ²ªé‡‘99', '286.70', 1471234567),
(6, '2016-08-19', 'Au99.99', ' æ²ªé‡‘99', '288.20', 1471234567),
(7, '2016-08-18', 'Au99.99', ' æ²ªé‡‘99', '288.87', 1471234567),
(8, '2016-08-17', 'Au99.99', ' æ²ªé‡‘99', '286.79', 1471234567),
(9, '2016-08-16', 'Au99.99', ' æ²ªé‡‘99', '287.98', 1471234567),
(10, '2016-08-15', 'Au99.99', ' æ²ªé‡‘99', '287.35', 1471234567),
(11, '2016-08-12', 'Au99.99', ' æ²ªé‡‘99', '286.80', 1471234567),
(12, '2016-08-11', 'Au99.99', ' æ²ªé‡‘99', '287.84', 1471234567),
(13, '2016-08-10', 'Au99.99', ' æ²ªé‡‘99', '289.80', 1471234567),
(14, '2016-08-09', 'Au99.99', ' æ²ªé‡‘99', '289.00', 1471234567),
(15, '2016-08-08', 'Au99.99', ' æ²ªé‡‘99', '286.42', 1471234567),
(16, '2016-08-05', 'Au99.99', ' æ²ªé‡‘99', '292.12', 1471234567),
(17, '2016-08-04', 'Au99.99', ' æ²ªé‡‘99', '289.05', 1471234567),
(18, '2016-08-03', 'Au99.99', ' æ²ªé‡‘99', '291.90', 1471234567),
(19, '2016-08-02', 'Au99.99', ' æ²ªé‡‘99', '290.10', 1471234567),
(20, '2016-08-01', 'Au99.99', ' æ²ªé‡‘99', '288.17', 1471234567),
(21, '2016-07-29', 'Au99.99', ' æ²ªé‡‘99', '285.83', 1471234567),
(22, '2016-07-28', 'Au99.99', ' æ²ªé‡‘99', '287.71', 1471234567),
(23, '2016-07-27', 'Au99.99', ' æ²ªé‡‘99', '283.63', 1471234567),
(24, '2016-08-26', 'Au99.99', 'æ²ªé‡‘99', '284.89', 1472260847),
(25, '2016-08-27', 'Au99.99', 'æ²ªé‡‘99', '284.89', 1472399839),
(26, '2016-08-28', 'Au99.99', 'æ²ªé‡‘99', '284.89', 1472400119),
(27, '2016-08-29', 'Au99.99', 'æ²ªé‡‘99', '283.50', 1472518017),
(28, '2016-08-30', 'Au99.99', 'æ²ªé‡‘99', '283.99', 1472573192);

-- --------------------------------------------------------

--
-- è¡¨çš„ç»“æ„ `gd_golden_today`
--

CREATE TABLE IF NOT EXISTS `gd_golden_today` (
  `date` date DEFAULT NULL,
  `type` varchar(32) COLLATE utf8_unicode_ci NOT NULL,
  `typename` varchar(32) COLLATE utf8_unicode_ci NOT NULL,
  `price` decimal(8,2) NOT NULL DEFAULT '0.00',
  `opening` decimal(8,2) NOT NULL DEFAULT '0.00',
  `maxprice` decimal(8,2) NOT NULL DEFAULT '0.00',
  `minprice` decimal(8,2) NOT NULL DEFAULT '0.00',
  `change` decimal(6,2) NOT NULL DEFAULT '0.00',
  `lastclosing` decimal(8,2) NOT NULL DEFAULT '0.00',
  `tradeamount` decimal(15,4) NOT NULL DEFAULT '0.0000',
  `updatetime` int(11) NOT NULL DEFAULT '0',
  `addtime` int(11) NOT NULL,
  KEY `date` (`date`),
  KEY `updatetime` (`updatetime`)
) ENGINE=InnoDB DEFAULT CHARSET=utf8 COLLATE=utf8_unicode_ci;

--
-- è½¬å­˜è¡¨ä¸­çš„æ•°æ® `gd_golden_today`
--

INSERT INTO `gd_golden_today` (`date`, `type`, `typename`, `price`, `opening`, `maxprice`, `minprice`, `change`, `lastclosing`, `tradeamount`, `updatetime`, `addtime`) VALUES
('2016-08-30', 'Au(T+D)', 'é»„é‡‘å»¶æœŸ', '284.85', '283.57', '284.94', '283.41', '0.49', '283.45', '18346.0000', 1472495373, 1472518017),
('2016-08-30', 'mAu(T+D)', 'è¿·ä½ é»„é‡‘å»¶æœŸ', '284.89', '283.96', '285.01', '283.60', '0.45', '283.62', '1378.4000', 1472495371, 1472518017),
('2016-08-30', 'Au99.99', 'æ²ªé‡‘99', '285.00', '283.90', '285.00', '283.00', '0.53', '283.50', '100.5200', 1472495309, 1472518017),
('2016-08-30', 'Au(T+N1)', 'å»¶æœŸå•é‡‘', '287.30', '283.50', '287.30', '283.50', '0.42', '286.10', '89.2000', 1472494889, 1472518017),
('2016-08-30', 'Au100g', 'æ²ªé‡‘100G', '284.80', '284.01', '284.80', '284.01', '0.32', '283.88', '2.4000', 1472492440, 1472518017),
('2016-08-30', 'Pt99.95', 'æ²ªé“‚95', '246.00', '246.00', '246.00', '246.00', '0.41', '245.00', '2.0000', 1472495341, 1472518017),
('2016-08-30', 'Au99.95', 'æ²ªé‡‘95', '0.00', '0.00', '0.00', '0.00', '0.00', '283.50', '0.0000', 1472495224, 1472518017),
('2016-08-30', 'Au(T+N2)', 'å»¶æœŸåŒé‡‘', '0.00', '0.00', '0.00', '0.00', '0.00', '284.15', '0.0000', 1472492502, 1472518017),
('2016-08-30', 'iAu99.99', 'IAU99.99', '0.00', '0.00', '0.00', '0.00', '0.00', '284.15', '0.0000', 1472495339, 1472518017),
('2016-08-30', 'Au(T+D)', 'é»„é‡‘å»¶æœŸ', '284.48', '283.57', '284.94', '283.41', '0.36', '283.45', '20542.0000', 1472520898, 1472521812),
('2016-08-30', 'Au99.99', 'æ²ªé‡‘99', '284.65', '283.90', '285.00', '283.00', '0.41', '283.50', '2261.1800', 1472520877, 1472521812),
('2016-08-30', 'mAu(T+D)', 'è¿·ä½ é»„é‡‘å»¶æœŸ', '284.59', '283.96', '285.01', '283.60', '0.34', '283.62', '1496.8000', 1472520897, 1472521812),
('2016-08-30', 'Au(T+N1)', 'å»¶æœŸå•é‡‘', '286.75', '283.50', '287.30', '283.50', '0.23', '286.10', '90.8000', 1472520802, 1472521812),
('2016-08-30', 'Pt99.95', 'æ²ªé“‚95', '246.50', '246.00', '246.50', '246.00', '0.61', '245.00', '6.0000', 1472519077, 1472521812),
('2016-08-30', 'Au100g', 'æ²ªé‡‘100G', '285.00', '284.01', '285.00', '284.01', '0.39', '283.88', '3.6000', 1472520867, 1472521812),
('2016-08-30', 'Au99.95', 'æ²ªé‡‘95', '0.00', '0.00', '0.00', '0.00', '0.00', '283.50', '0.0000', 1472520672, 1472521812),
('2016-08-30', 'Au(T+N2)', 'å»¶æœŸåŒé‡‘', '0.00', '0.00', '0.00', '0.00', '0.00', '284.15', '0.0000', 1472520877, 1472521812),
('2016-08-30', 'iAu99.99', 'IAU99.99', '0.00', '0.00', '0.00', '0.00', '0.00', '284.15', '0.0000', 1472520873, 1472521812),
('2016-08-30', 'Au(T+D)', 'é»„é‡‘å»¶æœŸ', '284.60', '283.57', '284.94', '283.41', '0.41', '283.45', '24576.0000', 1472524530, 1472525430),
('2016-08-30', 'Au99.99', 'æ²ªé‡‘99', '284.80', '283.90', '285.00', '283.00', '0.46', '283.50', '3716.8400', 1472524531, 1472525430),
('2016-08-30', 'mAu(T+D)', 'è¿·ä½ é»„é‡‘å»¶æœŸ', '284.78', '283.96', '285.01', '283.60', '0.41', '283.62', '1643.8000', 1472524520, 1472525430),
('2016-08-30', 'Au(T+N1)', 'å»¶æœŸå•é‡‘', '287.50', '283.50', '287.50', '283.50', '0.49', '286.10', '97.0000', 1472524290, 1472525430),
('2016-08-30', 'Pt99.95', 'æ²ªé“‚95', '245.50', '246.00', '246.50', '245.50', '0.20', '245.00', '82.0000', 1472523773, 1472525430),
('2016-08-30', 'Au99.95', 'æ²ªé‡‘95', '284.60', '284.60', '284.60', '284.49', '0.39', '283.50', '34.0000', 1472524439, 1472525430),
('2016-08-30', 'Au100g', 'æ²ªé‡‘100G', '285.00', '284.01', '285.00', '284.01', '0.39', '283.88', '5.0000', 1472524381, 1472525430),
('2016-08-30', 'Au(T+N2)', 'å»¶æœŸåŒé‡‘', '0.00', '0.00', '0.00', '0.00', '0.00', '284.15', '0.0000', 1472524272, 1472525430),
('2016-08-30', 'iAu99.99', 'IAU99.99', '0.00', '0.00', '0.00', '0.00', '0.00', '284.15', '0.0000', 1472524426, 1472525430),
('2016-08-30', 'Au(T+D)', 'é»„é‡‘å»¶æœŸ', '284.61', '283.57', '284.94', '283.41', '0.41', '283.45', '25134.0000', 1472525713, 1472529134),
('2016-08-30', 'Au99.99', 'æ²ªé‡‘99', '284.78', '283.90', '285.00', '283.00', '0.45', '283.50', '4319.8000', 1472525727, 1472529134),
('2016-08-30', 'mAu(T+D)', 'è¿·ä½ é»„é‡‘å»¶æœŸ', '284.75', '283.96', '285.01', '283.60', '0.40', '283.62', '1678.0000', 1472525728, 1472529134),
('2016-08-30', 'Au(T+N1)', 'å»¶æœŸå•é‡‘', '287.50', '283.50', '287.50', '283.50', '0.49', '286.10', '97.0000', 1472525645, 1472529134),
('2016-08-30', 'Au99.95', 'æ²ªé‡‘95', '284.65', '284.60', '284.65', '284.49', '0.41', '283.50', '46.0000', 1472525652, 1472529134),
('2016-08-30', 'Au100g', 'æ²ªé‡‘100G', '284.56', '284.01', '285.00', '284.01', '0.24', '283.88', '5.6000', 1472525660, 1472529134),
('2016-08-30', 'Au(T+N2)', 'å»¶æœŸåŒé‡‘', '0.00', '0.00', '0.00', '0.00', '0.00', '284.15', '0.0000', 1472525699, 1472529134),
('2016-08-30', 'iAu99.99', 'IAU99.99', '0.00', '0.00', '0.00', '0.00', '0.00', '284.15', '0.0000', 1472525710, 1472529134),
('2016-08-30', 'Au(T+D)', 'é»„é‡‘å»¶æœŸ', '284.52', '283.57', '284.94', '283.41', '0.38', '283.45', '29964.0000', 1472527773, 1472530932),
('2016-08-30', 'Au99.99', 'æ²ªé‡‘99', '284.87', '283.90', '285.00', '283.00', '0.48', '283.50', '8645.8600', 1472527765, 1472530932),
('2016-08-30', 'mAu(T+D)', 'è¿·ä½ é»„é‡‘å»¶æœŸ', '284.85', '283.96', '285.01', '283.60', '0.43', '283.62', '1747.4000', 1472527753, 1472530932),
('2016-08-30', 'Au99.95', 'æ²ªé‡‘95', '284.70', '284.60', '284.70', '284.49', '0.42', '283.50', '118.0000', 1472527767, 1472530932),
('2016-08-30', 'Pt99.95', 'æ²ªé“‚95', '245.50', '246.00', '246.50', '245.50', '0.20', '245.00', '104.0000', 1472527761, 1472530932),
('2016-08-30', 'Au(T+N1)', 'å»¶æœŸå•é‡‘', '287.50', '283.50', '287.50', '283.50', '0.49', '286.10', '97.0000', 1472527775, 1472530932),
('2016-08-30', 'Au100g', 'æ²ªé‡‘100G', '284.72', '284.01', '285.00', '284.01', '0.30', '283.88', '6.8000', 1472527632, 1472530932),
('2016-08-30', 'Au(T+N2)', 'å»¶æœŸåŒé‡‘', '285.20', '285.20', '285.20', '285.20', '0.37', '284.15', '2.0000', 1472527765, 1472530932),
('2016-08-30', 'iAu99.99', 'IAU99.99', '0.00', '0.00', '0.00', '0.00', '0.00', '284.15', '0.0000', 1472527739, 1472530932),
('2016-08-30', 'Au(T+D)', 'é»„é‡‘å»¶æœŸ', '284.59', '283.57', '284.94', '283.41', '0.40', '283.45', '30412.0000', 1472535387, 1472536873),
('2016-08-30', 'Au99.99', 'æ²ªé‡‘99', '284.80', '283.90', '285.00', '283.00', '0.46', '283.50', '8801.9000', 1472535387, 1472536873),
('2016-08-30', 'mAu(T+D)', 'è¿·ä½ é»„é‡‘å»¶æœŸ', '284.78', '283.96', '285.01', '283.60', '0.41', '283.62', '1769.4000', 1472535387, 1472536873),
('2016-08-30', 'Au99.95', 'æ²ªé‡‘95', '284.70', '284.60', '284.70', '284.49', '0.42', '283.50', '120.0000', 1472535383, 1472536873),
('2016-08-30', 'Pt99.95', 'æ²ªé“‚95', '245.50', '246.00', '246.50', '245.50', '0.20', '245.00', '104.0000', 1472535060, 1472536873),
('2016-08-30', 'Au(T+N1)', 'å»¶æœŸå•é‡‘', '287.50', '283.50', '287.50', '283.50', '0.49', '286.10', '97.0000', 1472535383, 1472536873),
('2016-08-30', 'Au100g', 'æ²ªé‡‘100G', '284.72', '284.01', '285.00', '284.01', '0.30', '283.88', '6.8000', 1472535378, 1472536873),
('2016-08-30', 'Au(T+N2)', 'å»¶æœŸåŒé‡‘', '285.15', '285.20', '285.20', '285.15', '0.35', '284.15', '2.2000', 1472535369, 1472536873),
('2016-08-30', 'iAu99.99', 'IAU99.99', '0.00', '0.00', '0.00', '0.00', '0.00', '284.15', '0.0000', 1472535379, 1472536873),
('2016-08-30', 'Au(T+D)', 'é»„é‡‘å»¶æœŸ', '284.20', '283.57', '284.94', '283.41', '0.26', '283.45', '37980.0000', 1472538989, 1472539967),
('2016-08-30', 'Au99.99', 'æ²ªé‡‘99', '284.30', '283.90', '285.00', '283.00', '0.28', '283.50', '14765.9000', 1472538986, 1472539967),
('2016-08-30', 'mAu(T+D)', 'è¿·ä½ é»„é‡‘å»¶æœŸ', '284.28', '283.96', '285.01', '283.60', '0.23', '283.62', '2255.0000', 1472538989, 1472539967),
('2016-08-30', 'Au99.95', 'æ²ªé‡‘95', '284.21', '284.60', '284.70', '284.21', '0.25', '283.50', '398.0000', 1472538958, 1472539967),
('2016-08-30', 'Pt99.95', 'æ²ªé“‚95', '246.00', '246.00', '246.50', '245.50', '0.41', '245.00', '174.0000', 1472538896, 1472539967),
('2016-08-30', 'Au(T+N1)', 'å»¶æœŸå•é‡‘', '287.50', '283.50', '287.50', '283.50', '0.49', '286.10', '97.0000', 1472538989, 1472539967),
('2016-08-30', 'Au(T+N2)', 'å»¶æœŸåŒé‡‘', '285.60', '285.20', '285.60', '285.15', '0.51', '284.15', '42.8000', 1472538989, 1472539967),
('2016-08-30', 'Au100g', 'æ²ªé‡‘100G', '284.50', '284.01', '285.00', '284.01', '0.22', '283.88', '18.2000', 1472538950, 1472539967),
('2016-08-30', 'iAu99.99', 'IAU99.99', '284.69', '284.69', '284.69', '284.69', '0.19', '284.15', '0.0800', 1472538989, 1472539967),
('2016-08-30', 'Au(T+D)', 'é»„é‡‘å»¶æœŸ', '284.01', '283.57', '284.94', '283.41', '0.20', '283.45', '40218.0000', 1472540251, 1472541845),
('2016-08-30', 'Au99.99', 'æ²ªé‡‘99', '284.25', '283.90', '285.00', '283.00', '0.26', '283.50', '15367.4200', 1472540248, 1472541845),
('2016-08-30', 'Au(T+N1)', 'å»¶æœŸå•é‡‘', '286.85', '283.50', '287.50', '283.50', '0.26', '286.10', '4097.2000', 1472540233, 1472541845),
('2016-08-30', 'Au(T+N2)', 'å»¶æœŸåŒé‡‘', '284.70', '285.20', '285.60', '284.70', '0.19', '284.15', '4042.8000', 1472540215, 1472541845),
('2016-08-30', 'mAu(T+D)', 'è¿·ä½ é»„é‡‘å»¶æœŸ', '284.13', '283.96', '285.01', '283.60', '0.18', '283.62', '2460.4000', 1472540248, 1472541845),
('2016-08-30', 'Au99.95', 'æ²ªé‡‘95', '284.00', '284.60', '284.70', '284.00', '0.18', '283.50', '454.0000', 1472540244, 1472541845),
('2016-08-30', 'Pt99.95', 'æ²ªé“‚95', '245.50', '246.00', '246.50', '245.50', '0.20', '245.00', '200.0000', 1472539875, 1472541845),
('2016-08-30', 'Au100g', 'æ²ªé‡‘100G', '284.50', '284.01', '285.00', '284.01', '0.22', '283.88', '20.6000', 1472540119, 1472541845),
('2016-08-30', 'iAu99.99', 'IAU99.99', '284.69', '284.69', '284.69', '284.69', '0.19', '284.15', '0.0800', 1472540241, 1472541845),
('2016-08-30', 'Au(T+D)', 'é»„é‡‘å»¶æœŸ', '283.90', '283.57', '284.94', '283.41', '0.16', '283.45', '44074.0000', 1472542174, 1472545464),
('2016-08-30', 'Au99.99', 'æ²ªé‡‘99', '283.98', '283.90', '285.00', '283.00', '0.17', '283.50', '19008.8400', 1472542174, 1472545464),
('2016-08-30', 'Au(T+N1)', 'å»¶æœŸå•é‡‘', '286.20', '283.50', '287.50', '283.50', '0.03', '286.10', '4097.6000', 1472542152, 1472545464),
('2016-08-30', 'Au(T+N2)', 'å»¶æœŸåŒé‡‘', '284.70', '285.20', '285.60', '284.70', '0.19', '284.15', '4043.2000', 1472542152, 1472545464),
('2016-08-30', 'mAu(T+D)', 'è¿·ä½ é»„é‡‘å»¶æœŸ', '284.15', '283.96', '285.01', '283.60', '0.19', '283.62', '2784.4000', 1472542171, 1472545464),
('2016-08-30', 'Au99.95', 'æ²ªé‡‘95', '283.61', '284.60', '284.70', '283.61', '0.04', '283.50', '604.0000', 1472542174, 1472545464),
('2016-08-30', 'Pt99.95', 'æ²ªé“‚95', '245.00', '246.00', '246.50', '245.00', '0.00', '245.00', '230.0000', 1472542174, 1472545464),
('2016-08-30', 'Au100g', 'æ²ªé‡‘100G', '284.54', '284.01', '285.00', '284.01', '0.23', '283.88', '30.2000', 1472542174, 1472545464),
('2016-08-30', 'iAu99.99', 'IAU99.99', '284.69', '284.69', '284.69', '284.69', '0.19', '284.15', '0.0800', 1472542174, 1472545464),
('2016-08-30', 'iAu100g', 'IAU100G', '0.00', '0.00', '0.00', '0.00', '0.00', '282.53', '0.0000', 1472542174, 1472545464),
('2016-08-30', 'iAu99.5', 'IAU99.5', '0.00', '0.00', '0.00', '0.00', '0.00', '237.80', '0.0000', 1472542174, 1472545464),
('2016-08-30', 'Au(T+D)', 'é»„é‡‘å»¶æœŸ', '283.70', '284.03', '284.27', '283.61', '-0.06', '283.87', '3306.0000', 1472561944, 1472564273),
('2016-08-30', 'mAu(T+D)', 'è¿·ä½ é»„é‡‘å»¶æœŸ', '283.90', '284.13', '284.50', '283.80', '-0.08', '284.12', '277.6000', 1472561943, 1472564273),
('2016-08-30', 'Au(T+N1)', 'å»¶æœŸå•é‡‘', '289.95', '284.10', '289.95', '284.10', '1.10', '286.80', '52.2000', 1472561935, 1472564274),
('2016-08-30', 'Au99.99', 'æ²ªé‡‘99', '283.98', '284.99', '284.99', '283.98', '0.00', '283.99', '3.1400', 1472561924, 1472564274),
('2016-08-30', 'Au100g', 'æ²ªé‡‘100G', '285.44', '285.44', '285.44', '285.44', '0.33', '284.51', '0.2000', 1472561825, 1472564274),
('2016-08-30', 'Au99.95', 'æ²ªé‡‘95', '0.00', '0.00', '0.00', '0.00', '0.00', '283.61', '0.0000', 1472561638, 1472564274),
('2016-08-30', 'Pt99.95', 'æ²ªé“‚95', '0.00', '0.00', '0.00', '0.00', '0.00', '245.00', '0.0000', 1472560961, 1472564274),
('2016-08-30', 'iAu100g', 'IAU100G', '0.00', '0.00', '0.00', '0.00', '0.00', '282.53', '0.0000', 1472559015, 1472564274),
('2016-08-30', 'iAu99.5', 'IAU99.5', '0.00', '0.00', '0.00', '0.00', '0.00', '237.80', '0.0000', 1472557214, 1472564274),
('2016-08-30', 'iAu99.99', 'IAU99.99', '0.00', '0.00', '0.00', '0.00', '0.00', '284.69', '0.0000', 1472561942, 1472564274),
('2016-08-30', 'Au(T+N2)', 'å»¶æœŸåŒé‡‘', '0.00', '0.00', '0.00', '0.00', '0.00', '284.70', '0.0000', 1472561407, 1472564274),
('2016-08-30', 'Au(T+D)', 'é»„é‡‘å»¶æœŸ', '283.85', '284.03', '284.27', '283.58', '-0.01', '283.87', '7388.0000', 1472565572, 1472566457),
('2016-08-30', 'mAu(T+D)', 'è¿·ä½ é»„é‡‘å»¶æœŸ', '284.15', '284.13', '284.50', '283.75', '0.01', '284.12', '541.6000', 1472565572, 1472566457),
('2016-08-30', 'Au(T+N1)', 'å»¶æœŸå•é‡‘', '286.85', '284.10', '289.95', '284.10', '0.02', '286.80', '58.6000', 1472565564, 1472566457),
('2016-08-30', 'Au99.99', 'æ²ªé‡‘99', '284.10', '284.99', '284.99', '283.90', '0.04', '283.99', '14.3600', 1472565560, 1472566457),
('2016-08-30', 'Au(T+N2)', 'å»¶æœŸåŒé‡‘', '284.00', '284.00', '284.00', '284.00', '-0.25', '284.70', '0.6000', 1472565348, 1472566457),
('2016-08-30', 'Au100g', 'æ²ªé‡‘100G', '284.00', '285.44', '285.44', '284.00', '-0.18', '284.51', '0.6000', 1472565425, 1472566457),
('2016-08-30', 'Au99.95', 'æ²ªé‡‘95', '0.00', '0.00', '0.00', '0.00', '0.00', '283.61', '0.0000', 1472565302, 1472566457),
('2016-08-30', 'iAu100g', 'IAU100G', '0.00', '0.00', '0.00', '0.00', '0.00', '282.53', '0.0000', 1472563057, 1472566457),
('2016-08-30', 'iAu99.99', 'IAU99.99', '0.00', '0.00', '0.00', '0.00', '0.00', '284.69', '0.0000', 1472565572, 1472566457),
('2016-08-30', 'Pt99.95', 'æ²ªé“‚95', '0.00', '0.00', '0.00', '0.00', '0.00', '245.00', '0.0000', 1472564419, 1472566457),
('2016-08-30', 'Au(T+D)', 'é»„é‡‘å»¶æœŸ', '283.84', '284.03', '284.27', '283.58', '-0.01', '283.87', '6316.0000', 1472564371, 1472567643),
('2016-08-30', 'mAu(T+D)', 'è¿·ä½ é»„é‡‘å»¶æœŸ', '283.98', '284.13', '284.50', '283.75', '-0.05', '284.12', '475.6000', 1472564370, 1472567643),
('2016-08-30', 'Au(T+N1)', 'å»¶æœŸå•é‡‘', '289.95', '284.10', '289.95', '284.10', '1.10', '286.80', '52.2000', 1472564311, 1472567643),
('2016-08-30', 'Au99.99', 'æ²ªé‡‘99', '284.10', '284.99', '284.99', '283.90', '0.04', '283.99', '13.5000', 1472564365, 1472567643),
('2016-08-30', 'Au100g', 'æ²ªé‡‘100G', '285.44', '285.44', '285.44', '285.44', '0.33', '284.51', '0.2000', 1472564364, 1472567643),
('2016-08-30', 'Au99.95', 'æ²ªé‡‘95', '0.00', '0.00', '0.00', '0.00', '0.00', '283.61', '0.0000', 1472563481, 1472567643),
('2016-08-30', 'Pt99.95', 'æ²ªé“‚95', '0.00', '0.00', '0.00', '0.00', '0.00', '245.00', '0.0000', 1472563207, 1472567643),
('2016-08-30', 'iAu99.99', 'IAU99.99', '0.00', '0.00', '0.00', '0.00', '0.00', '284.69', '0.0000', 1472564368, 1472567643),
('2016-08-30', 'Au(T+N2)', 'å»¶æœŸåŒé‡‘', '0.00', '0.00', '0.00', '0.00', '0.00', '284.70', '0.0000', 1472564331, 1472567643),
('2016-08-30', 'Au(T+D)', 'é»„é‡‘å»¶æœŸ', '283.93', '284.03', '284.27', '283.51', '0.02', '283.87', '10542.0000', 1472569204, 1472569538),
('2016-08-30', 'mAu(T+D)', 'è¿·ä½ é»„é‡‘å»¶æœŸ', '284.10', '284.13', '284.50', '283.75', '-0.01', '284.12', '771.2000', 1472569204, 1472569538),
('2016-08-30', 'Au(T+N1)', 'å»¶æœŸå•é‡‘', '286.30', '284.10', '289.95', '284.10', '-0.17', '286.80', '60.4000', 1472569202, 1472569538),
('2016-08-30', 'Au99.99', 'æ²ªé‡‘99', '283.92', '284.99', '284.99', '283.90', '-0.02', '283.99', '19.4200', 1472569147, 1472569538),
('2016-08-30', 'Au100g', 'æ²ªé‡‘100G', '284.96', '285.44', '285.44', '284.00', '0.16', '284.51', '5.8000', 1472568071, 1472569538),
('2016-08-30', 'Pt99.95', 'æ²ªé“‚95', '244.00', '244.00', '244.00', '244.00', '-0.41', '245.00', '2.0000', 1472568387, 1472569538),
('2016-08-30', 'Au(T+N2)', 'å»¶æœŸåŒé‡‘', '284.00', '284.00', '284.00', '284.00', '-0.25', '284.70', '1.0000', 1472569204, 1472569538),
('2016-08-30', 'iAu100g', 'IAU100G', '0.00', '0.00', '0.00', '0.00', '0.00', '282.53', '0.0000', 1472567525, 1472569538),
('2016-08-30', 'iAu99.99', 'IAU99.99', '0.00', '0.00', '0.00', '0.00', '0.00', '284.69', '0.0000', 1472569197, 1472569538),
('2016-08-30', 'Au99.95', 'æ²ªé‡‘95', '0.00', '0.00', '0.00', '0.00', '0.00', '283.61', '0.0000', 1472568642, 1472569538),
('2016-08-30', 'Au(T+D)', 'é»„é‡‘å»¶æœŸ', '283.69', '284.03', '284.27', '283.50', '-0.06', '283.87', '12122.0000', 1472571655, 1472573192),
('2016-08-30', 'mAu(T+D)', 'è¿·ä½ é»„é‡‘å»¶æœŸ', '283.92', '284.13', '284.50', '283.70', '-0.07', '284.12', '872.8000', 1472571657, 1472573192),
('2016-08-30', 'Au(T+N1)', 'å»¶æœŸå•é‡‘', '286.30', '284.10', '289.95', '284.10', '-0.17', '286.80', '60.4000', 1472571638, 1472573192),
('2016-08-30', 'Au99.99', 'æ²ªé‡‘99', '284.00', '284.99', '284.99', '283.90', '0.00', '283.99', '21.4600', 1472571608, 1472573192),
('2016-08-30', 'Au100g', 'æ²ªé‡‘100G', '284.00', '285.44', '285.44', '284.00', '-0.18', '284.51', '6.6000', 1472571636, 1472573192),
('2016-08-30', 'Pt99.95', 'æ²ªé“‚95', '244.00', '244.00', '244.00', '244.00', '-0.41', '245.00', '2.0000', 1472569902, 1472573192),
('2016-08-30', 'Au(T+N2)', 'å»¶æœŸåŒé‡‘', '284.10', '284.00', '284.10', '284.00', '-0.21', '284.70', '1.2000', 1472571615, 1472573192),
('2016-08-30', 'iAu99.99', 'IAU99.99', '0.00', '0.00', '0.00', '0.00', '0.00', '284.69', '0.0000', 1472571616, 1472573192),
('2016-08-30', 'Au99.95', 'æ²ªé‡‘95', '0.00', '0.00', '0.00', '0.00', '0.00', '283.61', '0.0000', 1472570596, 1472573192),
('2016-08-31', 'Au(T+D)', 'é»„é‡‘å»¶æœŸ', '283.09', '284.03', '284.27', '282.90', '-0.27', '283.87', '19194.0000', 1472581765, 1472604002),
('2016-08-31', 'mAu(T+D)', 'è¿·ä½ é»„é‡‘å»¶æœŸ', '283.10', '284.13', '284.50', '283.07', '-0.36', '284.12', '1493.8000', 1472581773, 1472604002),
('2016-08-31', 'Au(T+N2)', 'å»¶æœŸåŒé‡‘', '283.80', '284.00', '284.65', '283.80', '-0.32', '284.70', '132.6000', 1472581770, 1472604002),
('2016-08-31', 'Au(T+N1)', 'å»¶æœŸå•é‡‘', '285.60', '284.10', '289.95', '284.10', '-0.42', '286.80', '68.8000', 1472581766, 1472604002),
('2016-08-31', 'Au99.99', 'æ²ªé‡‘99', '283.35', '284.99', '284.99', '283.30', '-0.23', '283.99', '52.0800', 1472581766, 1472604002),
('2016-08-31', 'Au100g', 'æ²ªé‡‘100G', '283.60', '285.44', '285.44', '283.60', '-0.32', '284.51', '8.0000', 1472581513, 1472604002),
('2016-08-31', 'Pt99.95', 'æ²ªé“‚95', '244.00', '244.00', '244.00', '244.00', '-0.41', '245.00', '2.0000', 1472581573, 1472604002),
('2016-08-31', 'Au99.95', 'æ²ªé‡‘95', '0.00', '0.00', '0.00', '0.00', '0.00', '283.61', '0.0000', 1472581680, 1472604002),
('2016-08-31', 'iAu99.99', 'IAU99.99', '0.00', '0.00', '0.00', '0.00', '0.00', '284.69', '0.0000', 1472581765, 1472604002),
('2016-08-31', 'Au(T+D)', 'é»„é‡‘å»¶æœŸ', '282.80', '284.03', '284.27', '282.73', '-0.38', '283.87', '20876.0000', 1472605293, 1472605618),
('2016-08-31', 'mAu(T+D)', 'è¿·ä½ é»„é‡‘å»¶æœŸ', '282.95', '284.13', '284.50', '282.88', '-0.41', '284.12', '1773.8000', 1472605293, 1472605618),
('2016-08-31', 'Au(T+N2)', 'å»¶æœŸåŒé‡‘', '283.60', '284.00', '284.65', '283.55', '-0.39', '284.70', '133.2000', 1472605292, 1472605618),
('2016-08-31', 'Au(T+N1)', 'å»¶æœŸå•é‡‘', '285.60', '284.10', '289.95', '284.10', '-0.42', '286.80', '68.8000', 1472605262, 1472605618),
('2016-08-31', 'Au99.99', 'æ²ªé‡‘99', '283.15', '284.99', '284.99', '283.15', '-0.30', '283.99', '54.4200', 1472605276, 1472605618),
('2016-08-31', 'Au100g', 'æ²ªé‡‘100G', '283.20', '285.44', '285.44', '283.20', '-0.46', '284.51', '10.0000', 1472605279, 1472605618),
('2016-08-31', 'Au99.95', 'æ²ªé‡‘95', '0.00', '0.00', '0.00', '0.00', '0.00', '283.61', '0.0000', 1472605255, 1472605618),
('2016-08-31', 'iAu99.99', 'IAU99.99', '0.00', '0.00', '0.00', '0.00', '0.00', '284.69', '0.0000', 1472605288, 1472605618),
('2016-08-31', 'Au(T+D)', 'é»„é‡‘å»¶æœŸ', '283.00', '284.03', '284.27', '282.40', '-0.31', '283.87', '27098.0000', 1472606730, 1472609584),
('2016-08-31', 'mAu(T+D)', 'è¿·ä½ é»„é‡‘å»¶æœŸ', '283.20', '284.13', '284.50', '282.61', '-0.32', '284.12', '2153.4000', 1472606729, 1472609584),
('2016-08-31', 'Au(T+N2)', 'å»¶æœŸåŒé‡‘', '283.90', '284.00', '284.65', '283.25', '-0.28', '284.70', '211.0000', 1472606714, 1472609584),
('2016-08-31', 'Au99.99', 'æ²ªé‡‘99', '283.29', '284.99', '284.99', '282.70', '-0.25', '283.99', '201.6000', 1472606728, 1472609584),
('2016-08-31', 'Au(T+N1)', 'å»¶æœŸå•é‡‘', '285.60', '284.10', '289.95', '284.10', '-0.42', '286.80', '69.8000', 1472606725, 1472609584),
('2016-08-31', 'Au99.95', 'æ²ªé‡‘95', '282.60', '282.60', '282.60', '282.60', '-0.36', '283.61', '40.0000', 1472606647, 1472609584),
('2016-08-31', 'Au100g', 'æ²ªé‡‘100G', '283.55', '285.44', '285.44', '282.70', '-0.34', '284.51', '14.6000', 1472606720, 1472609584),
('2016-08-31', 'Pt99.95', 'æ²ªé“‚95', '242.00', '244.00', '244.00', '242.00', '-1.22', '245.00', '10.0000', 1472606682, 1472609584),
('2016-08-31', 'iAu99.99', 'IAU99.99', '283.50', '283.50', '283.50', '283.50', '-0.42', '284.69', '0.7000', 1472606731, 1472609584),
('2016-08-31', 'iAu100g', 'IAU100G', '0.00', '0.00', '0.00', '0.00', '0.00', '282.53', '0.0000', 1472605437, 1472609584),
('2016-08-31', 'Au(T+D)', 'é»„é‡‘å»¶æœŸ', '283.07', '284.03', '284.27', '282.40', '-0.28', '283.87', '41224.0000', 1472610329, 1472611556),
('2016-08-31', 'mAu(T+D)', 'è¿·ä½ é»„é‡‘å»¶æœŸ', '283.18', '284.13', '284.50', '282.61', '-0.33', '284.12', '4426.2000', 1472610333, 1472611556),
('2016-08-31', 'Au99.99', 'æ²ªé‡‘99', '283.20', '284.99', '284.99', '282.70', '-0.28', '283.99', '2809.2800', 1472610333, 1472611556),
('2016-08-31', 'Au(T+N2)', 'å»¶æœŸåŒé‡‘', '283.85', '284.00', '284.65', '283.25', '-0.30', '284.70', '237.8000', 1472610081, 1472611556),
('2016-08-31', 'Au(T+N1)', 'å»¶æœŸå•é‡‘', '285.60', '284.10', '289.95', '284.10', '-0.42', '286.80', '115.8000', 1472610248, 1472611556),
('2016-08-31', 'Au99.95', 'æ²ªé‡‘95', '283.00', '282.60', '283.00', '282.60', '-0.22', '283.61', '102.0000', 1472610237, 1472611556),
('2016-08-31', 'Pt99.95', 'æ²ªé“‚95', '242.25', '244.00', '244.00', '242.00', '-1.12', '245.00', '44.0000', 1472610325, 1472611556),
('2016-08-31', 'Au100g', 'æ²ªé‡‘100G', '283.65', '285.44', '285.44', '282.70', '-0.30', '284.51', '25.2000', 1472610319, 1472611556),
('2016-08-31', 'iAu99.99', 'IAU99.99', '283.50', '283.50', '283.50', '283.50', '-0.42', '284.69', '0.7000', 1472610310, 1472611556),
('2016-08-31', 'iAu100g', 'IAU100G', '0.00', '0.00', '0.00', '0.00', '0.00', '282.53', '0.0000', 1472607960, 1472611556),
('2016-08-31', 'Au(T+D)', 'é»„é‡‘å»¶æœŸ', '283.05', '284.03', '284.27', '282.40', '-0.29', '283.87', '44018.0000', 1472612526, 1472613081),
('2016-08-31', 'mAu(T+D)', 'è¿·ä½ é»„é‡‘å»¶æœŸ', '283.19', '284.13', '284.50', '282.61', '-0.33', '284.12', '4618.0000', 1472612526, 1472613081),
('2016-08-31', 'Au99.99', 'æ²ªé‡‘99', '283.15', '284.99', '284.99', '282.70', '-0.30', '283.99', '4053.8800', 1472612521, 1472613081),
('2016-08-31', 'Au(T+N2)', 'å»¶æœŸåŒé‡‘', '283.85', '284.00', '284.65', '283.25', '-0.30', '284.70', '237.8000', 1472612441, 1472613081),
('2016-08-31', 'Au99.95', 'æ²ªé‡‘95', '283.00', '282.60', '283.05', '282.60', '-0.22', '283.61', '172.0000', 1472612475, 1472613081),
('2016-08-31', 'Au(T+N1)', 'å»¶æœŸå•é‡‘', '285.50', '284.10', '289.95', '284.10', '-0.45', '286.80', '123.8000', 1472612451, 1472613081),
('2016-08-31', 'Pt99.95', 'æ²ªé“‚95', '242.50', '244.00', '244.00', '242.00', '-1.02', '245.00', '62.0000', 1472611667, 1472613081),
('2016-08-31', 'Au100g', 'æ²ªé‡‘100G', '283.50', '285.44', '285.44', '282.70', '-0.35', '284.51', '31.4000', 1472612441, 1472613081),
('2016-08-31', 'iAu99.99', 'IAU99.99', '283.50', '283.50', '283.50', '283.50', '-0.42', '284.69', '0.7000', 1472612519, 1472613081),
('2016-08-31', 'Au(T+D)', 'é»„é‡‘å»¶æœŸ', '282.99', '284.03', '284.27', '282.40', '-0.31', '283.87', '46554.0000', 1472613930, 1472617423),
('2016-08-31', 'mAu(T+D)', 'è¿·ä½ é»„é‡‘å»¶æœŸ', '283.16', '284.13', '284.50', '282.61', '-0.34', '284.12', '4726.0000', 1472613932, 1472617423),
('2016-08-31', 'Au99.99', 'æ²ªé‡‘99', '283.14', '284.99', '284.99', '282.70', '-0.30', '283.99', '4402.5000', 1472613927, 1472617423),
('2016-08-31', 'Au(T+N2)', 'å»¶æœŸåŒé‡‘', '283.85', '284.00', '284.65', '283.25', '-0.30', '284.70', '237.8000', 1472613932, 1472617423),
('2016-08-31', 'Au99.95', 'æ²ªé‡‘95', '283.00', '282.60', '283.05', '282.60', '-0.22', '283.61', '214.0000', 1472613882, 1472617423),
('2016-08-31', 'Au(T+N1)', 'å»¶æœŸå•é‡‘', '285.50', '284.10', '289.95', '284.10', '-0.45', '286.80', '123.8000', 1472613932, 1472617423),
('2016-08-31', 'Au100g', 'æ²ªé‡‘100G', '283.50', '285.44', '285.44', '282.70', '-0.35', '284.51', '33.6000', 1472613900, 1472617423),
('2016-08-31', 'iAu99.99', 'IAU99.99', '283.50', '283.50', '283.50', '283.50', '-0.42', '284.69', '0.7000', 1472613932, 1472617423),
('2016-08-31', 'iAu100g', 'IAU100G', '0.00', '0.00', '0.00', '0.00', '0.00', '282.53', '0.0000', 1472612552, 1472617423),
('2016-08-31', 'Au(T+D)', 'é»„é‡‘å»¶æœŸ', '283.00', '284.03', '284.27', '282.40', '-0.31', '283.87', '46782.0000', 1472614172, 1472618842),
('2016-08-31', 'mAu(T+D)', 'è¿·ä½ é»„é‡‘å»¶æœŸ', '283.08', '284.13', '284.50', '282.61', '-0.37', '284.12', '4734.4000', 1472614167, 1472618842),
('2016-08-31', 'Au99.99', 'æ²ªé‡‘99', '283.10', '284.99', '284.99', '282.70', '-0.31', '283.99', '4524.9000', 1472614171, 1472618842),
('2016-08-31', 'Au(T+N2)', 'å»¶æœŸåŒé‡‘', '283.85', '284.00', '284.65', '283.25', '-0.30', '284.70', '237.8000', 1472614173, 1472618842),
('2016-08-31', 'Au99.95', 'æ²ªé‡‘95', '283.00', '282.60', '283.05', '282.60', '-0.22', '283.61', '218.0000', 1472614141, 1472618842),
('2016-08-31', 'Au(T+N1)', 'å»¶æœŸå•é‡‘', '285.50', '284.10', '289.95', '284.10', '-0.45', '286.80', '123.8000', 1472614142, 1472618842),
('2016-08-31', 'Au100g', 'æ²ªé‡‘100G', '283.50', '285.44', '285.44', '282.70', '-0.35', '284.51', '33.6000', 1472614113, 1472618842),
('2016-08-31', 'iAu99.99', 'IAU99.99', '283.50', '283.50', '283.50', '283.50', '-0.42', '284.69', '0.7000', 1472614170, 1472618842),
('2016-08-31', 'Au(T+D)', 'é»„é‡‘å»¶æœŸ', '282.68', '284.03', '284.27', '282.40', '-0.42', '283.87', '53048.0000', 1472626988, 1472627771),
('2016-08-31', 'Au99.99', 'æ²ªé‡‘99', '282.85', '284.99', '284.99', '282.62', '-0.40', '283.99', '11995.3600', 1472626973, 1472627771),
('2016-08-31', 'mAu(T+D)', 'è¿·ä½ é»„é‡‘å»¶æœŸ', '282.85', '284.13', '284.50', '282.61', '-0.45', '284.12', '5738.6000', 1472626983, 1472627771),
('2016-08-31', 'Au(T+N2)', 'å»¶æœŸåŒé‡‘', '283.45', '284.00', '284.65', '283.25', '-0.44', '284.70', '4309.6000', 1472626948, 1472627771),
('2016-08-31', 'Au(T+N1)', 'å»¶æœŸå•é‡‘', '285.55', '284.10', '289.95', '284.10', '-0.44', '286.80', '4124.4000', 1472626975, 1472627771),
('2016-08-31', 'Au99.95', 'æ²ªé‡‘95', '282.60', '282.60', '283.05', '282.50', '-0.36', '283.61', '544.0000', 1472626984, 1472627771),
('2016-08-31', 'Pt99.95', 'æ²ªé“‚95', '241.75', '244.00', '244.00', '241.75', '-1.33', '245.00', '124.0000', 1472626654, 1472627771),
('2016-08-31', 'Au100g', 'æ²ªé‡‘100G', '283.00', '285.44', '285.44', '282.70', '-0.53', '284.51', '51.4000', 1472626974, 1472627771),
('2016-08-31', 'iAu99.99', 'IAU99.99', '283.50', '283.50', '283.50', '283.50', '-0.42', '284.69', '0.7000', 1472626954, 1472627771),
('2016-08-31', 'Au(T+D)', 'é»„é‡‘å»¶æœŸ', '282.62', '284.03', '284.27', '282.40', '-0.44', '283.87', '54838.0000', 1472628574, 1472631472),
('2016-08-31', 'Au99.99', 'æ²ªé‡‘99', '283.16', '284.99', '284.99', '282.62', '-0.29', '283.99', '17187.8400', 1472628573, 1472631472),
('2016-08-31', 'mAu(T+D)', 'è¿·ä½ é»„é‡‘å»¶æœŸ', '282.80', '284.13', '284.50', '282.61', '-0.46', '284.12', '6003.0000', 1472628573, 1472631472),
('2016-08-31', 'Au(T+N2)', 'å»¶æœŸåŒé‡‘', '283.60', '284.00', '284.65', '283.25', '-0.39', '284.70', '4317.8000', 1472628562, 1472631472),
('2016-08-31', 'Au(T+N1)', 'å»¶æœŸå•é‡‘', '285.55', '284.10', '289.95', '284.10', '-0.44', '286.80', '4124.4000', 1472628562, 1472631472),
('2016-08-31', 'Au99.95', 'æ²ªé‡‘95', '283.40', '282.60', '283.60', '282.50', '-0.07', '283.61', '662.0000', 1472628573, 1472631472),
('2016-08-31', 'Pt99.95', 'æ²ªé“‚95', '241.75', '244.00', '244.00', '241.75', '-1.33', '245.00', '124.0000', 1472628573, 1472631472),
('2016-08-31', 'Au100g', 'æ²ªé‡‘100G', '283.00', '285.44', '285.44', '282.70', '-0.53', '284.51', '62.0000', 1472628573, 1472631472),
('2016-08-31', 'iAu99.99', 'IAU99.99', '283.50', '283.50', '283.50', '283.50', '-0.42', '284.69', '0.7000', 1472628573, 1472631472),
('2016-08-31', 'iAu100g', 'IAU100G', '0.00', '0.00', '0.00', '0.00', '0.00', '282.53', '0.0000', 1472628573, 1472631472),
('2016-08-31', 'iAu99.5', 'IAU99.5', '0.00', '0.00', '0.00', '0.00', '0.00', '237.80', '0.0000', 1472628573, 1472631472),
('2016-08-31', 'Au(T+D)', 'é»„é‡‘å»¶æœŸ', '281.94', '282.80', '282.81', '281.20', '-0.24', '282.63', '23510.0000', 1472650268, 1472651472),
('2016-08-31', 'mAu(T+D)', 'è¿·ä½ é»„é‡‘å»¶æœŸ', '282.14', '283.08', '283.08', '281.30', '-0.23', '282.79', '1864.0000', 1472650264, 1472651472),
('2016-08-31', 'Au(T+N1)', 'å»¶æœŸå•é‡‘', '283.80', '284.00', '284.40', '283.10', '-0.60', '285.50', '55.4000', 1472650267, 1472651472),
('2016-08-31', 'Au99.99', 'æ²ªé‡‘99', '282.49', '282.52', '283.50', '281.51', '-0.25', '283.19', '33.0800', 1472650230, 1472651472),
('2016-08-31', 'Au99.95', 'æ²ªé‡‘95', '276.10', '276.10', '276.10', '276.10', '-2.37', '282.80', '10.0000', 1472650020, 1472651472),
('2016-08-31', 'Au100g', 'æ²ªé‡‘100G', '282.50', '282.38', '282.99', '282.22', '-0.12', '282.84', '1.6000', 1472650180, 1472651472),
('2016-08-31', 'Pt99.95', 'æ²ªé“‚95', '0.00', '0.00', '0.00', '0.00', '0.00', '241.92', '0.0000', 1472648969, 1472651472),
('2016-08-31', 'iAu100g', 'IAU100G', '0.00', '0.00', '0.00', '0.00', '0.00', '282.53', '0.0000', 1472649263, 1472651472),
('2016-08-31', 'iAu99.5', 'IAU99.5', '0.00', '0.00', '0.00', '0.00', '0.00', '237.80', '0.0000', 1472643615, 1472651472),
('2016-08-31', 'iAu99.99', 'IAU99.99', '0.00', '0.00', '0.00', '0.00', '0.00', '283.50', '0.0000', 1472650263, 1472651472),
('2016-08-31', 'Au(T+N2)', 'å»¶æœŸåŒé‡‘', '0.00', '0.00', '0.00', '0.00', '0.00', '283.55', '0.0000', 1472650235, 1472651472),
('2016-08-31', 'Au(T+D)', 'é»„é‡‘å»¶æœŸ', '282.40', '282.80', '282.81', '281.20', '-0.08', '282.63', '30904.0000', 1472652369, 1472653292),
('2016-08-31', 'mAu(T+D)', 'è¿·ä½ é»„é‡‘å»¶æœŸ', '282.54', '283.08', '283.08', '281.30', '-0.09', '282.79', '2433.8000', 1472652370, 1472653292),
('2016-08-31', 'Au(T+N1)', 'å»¶æœŸå•é‡‘', '285.90', '284.00', '286.50', '283.10', '0.14', '285.50', '57.2000', 1472652367, 1472653292),
('2016-08-31', 'Au99.99', 'æ²ªé‡‘99', '282.90', '282.52', '283.50', '281.51', '-0.10', '283.19', '54.5600', 1472652370, 1472653292),
('2016-08-31', 'Au99.95', 'æ²ªé‡‘95', '276.10', '276.10', '276.10', '276.10', '-2.37', '282.80', '10.0000', 1472652141, 1472653292),
('2016-08-31', 'Au(T+N2)', 'å»¶æœŸåŒé‡‘', '283.55', '283.00', '283.55', '283.00', '0.00', '283.55', '5.0000', 1472652370, 1472653292),
('2016-08-31', 'Au100g', 'æ²ªé‡‘100G', '282.50', '282.38', '282.99', '282.22', '-0.12', '282.84', '2.2000', 1472652344, 1472653292),
('2016-08-31', 'iAu100g', 'IAU100G', '0.00', '0.00', '0.00', '0.00', '0.00', '282.53', '0.0000', 1472652268, 1472653292),
('2016-08-31', 'iAu99.99', 'IAU99.99', '0.00', '0.00', '0.00', '0.00', '0.00', '283.50', '0.0000', 1472652347, 1472653292),
('2016-08-31', 'Pt99.95', 'æ²ªé“‚95', '0.00', '0.00', '0.00', '0.00', '0.00', '241.92', '0.0000', 1472651748, 1472653292),
('2016-08-31', 'Au(T+D)', 'é»„é‡‘å»¶æœŸ', '282.07', '282.80', '282.81', '281.20', '-0.20', '282.63', '36438.0000', 1472656027, 1472656892),
('2016-08-31', 'mAu(T+D)', 'è¿·ä½ é»„é‡‘å»¶æœŸ', '282.35', '283.08', '283.08', '281.30', '-0.16', '282.79', '2682.4000', 1472656025, 1472656892),
('2016-08-31', 'Au(T+N1)', 'å»¶æœŸå•é‡‘', '284.00', '284.00', '286.50', '283.10', '-0.53', '285.50', '59.2000', 1472656028, 1472656892),
('2016-08-31', 'Au99.99', 'æ²ªé‡‘99', '282.50', '282.52', '283.50', '281.51', '-0.24', '283.19', '56.6600', 1472655980, 1472656892),
('2016-08-31', 'Au(T+N2)', 'å»¶æœŸåŒé‡‘', '283.20', '283.00', '283.55', '283.00', '-0.12', '283.55', '12.2000', 1472656028, 1472656892),
('2016-08-31', 'Au99.95', 'æ²ªé‡‘95', '276.10', '276.10', '276.10', '276.10', '-2.37', '282.80', '10.0000', 1472655702, 1472656892),
('2016-08-31', 'Au100g', 'æ²ªé‡‘100G', '282.50', '282.38', '282.99', '282.22', '-0.12', '282.84', '4.4000', 1472655816, 1472656892),
('2016-08-31', 'iAu99.99', 'IAU99.99', '0.00', '0.00', '0.00', '0.00', '0.00', '283.50', '0.0000', 1472656020, 1472656892),
('2016-08-31', 'Pt99.95', 'æ²ªé“‚95', '0.00', '0.00', '0.00', '0.00', '0.00', '241.92', '0.0000', 1472652858, 1472656892),
('2016-08-31', 'Au(T+D)', 'é»„é‡‘å»¶æœŸ', '281.90', '282.80', '282.81', '281.20', '-0.26', '282.63', '37544.0000', 1472657467, 1472659009),
('2016-08-31', 'mAu(T+D)', 'è¿·ä½ é»„é‡‘å»¶æœŸ', '282.07', '283.08', '283.08', '281.30', '-0.25', '282.79', '2732.6000', 1472657468, 1472659009),
('2016-08-31', 'Au(T+N1)', 'å»¶æœŸå•é‡‘', '285.00', '284.00', '286.50', '283.10', '-0.18', '285.50', '59.4000', 1472657451, 1472659009),
('2016-08-31', 'Au99.99', 'æ²ªé‡‘99', '282.30', '282.52', '283.50', '281.51', '-0.31', '283.19', '58.6400', 1472657452, 1472659009),
('2016-08-31', 'Au(T+N2)', 'å»¶æœŸåŒé‡‘', '283.25', '283.00', '283.55', '283.00', '-0.11', '283.55', '12.4000', 1472657459, 1472659009),
('2016-08-31', 'Au99.95', 'æ²ªé‡‘95', '276.10', '276.10', '276.10', '276.10', '-2.37', '282.80', '10.0000', 1472657364, 1472659009),
('2016-08-31', 'Au100g', 'æ²ªé‡‘100G', '282.50', '282.38', '282.99', '282.22', '-0.12', '282.84', '5.4000', 1472657292, 1472659009),
('2016-08-31', 'iAu99.99', 'IAU99.99', '0.00', '0.00', '0.00', '0.00', '0.00', '283.50', '0.0000', 1472657441, 1472659009);

-- --------------------------------------------------------

--
-- è¡¨çš„ç»“æ„ `gd_node`
--

CREATE TABLE IF NOT EXISTS `gd_node` (
  `node_id` int(11) NOT NULL AUTO_INCREMENT,
  `mode` enum('auth','menu') NOT NULL DEFAULT 'auth',
  `parent_id` int(11) NOT NULL DEFAULT '0',
  `level` tinyint(4) NOT NULL DEFAULT '1',
  `name` varchar(32) DEFAULT NULL,
  `title` text,
  `path` varchar(96) DEFAULT NULL,
  `status` tinyint(1) NOT NULL DEFAULT '1',
  `auth` tinyint(1) NOT NULL DEFAULT '0',
  `sort` smallint(6) NOT NULL DEFAULT '0',
  `note` text,
  PRIMARY KEY (`node_id`)
) ENGINE=InnoDB  DEFAULT CHARSET=utf8 AUTO_INCREMENT=113 ;

--
-- è½¬å­˜è¡¨ä¸­çš„æ•°æ® `gd_node`
--

INSERT INTO `gd_node` (`node_id`, `mode`, `parent_id`, `level`, `name`, `title`, `path`, `status`, `auth`, `sort`, `note`) VALUES
(1, 'auth', 0, 1, 'tool', 'å°å·¥å…·', 'tool', 1, 1, 0, NULL),
(2, 'auth', 1, 1, 'API', 'é€šç”¨æ¥å£', 'tool/api', 1, 0, 0, ''),
(3, 'auth', 2, 1, 'golden_price', 'è·å–é»„é‡‘ä»·æ ¼', 'tool/api/price', 1, 0, 0, ''),
(4, 'auth', 0, 1, 'auth', 'ç”¨æˆ·æ¨¡å—', '', 1, 1, 0, ''),
(5, 'auth', 4, 1, 'worker', 'å‘˜å·¥ç®¡ç†', 'auth/worker', 1, 1, 0, ''),
(6, 'auth', 5, 1, 'list', 'å‘˜å·¥åˆ—è¡¨é¡µ', 'auth/worker/list', 1, 1, 0, ''),
(7, 'auth', 5, 1, 'check_username', 'éªŒè¯ç”¨æˆ·åæœ‰æ•ˆ', 'auth/worker/check_username', 1, 1, 0, ''),
(8, 'auth', 5, 1, 'save', 'æ·»åŠ ç¼–è¾‘å‘˜å·¥', 'auth/worker/save', 1, 1, 0, ''),
(9, 'auth', 5, 1, 'get_info', 'è·å–å‘˜å·¥ä¿¡æ¯', 'auth/worker/get_info', 1, 1, 0, ''),
(10, 'auth', 5, 1, 'activate', 'å¯ç”¨å‘˜å·¥', 'auth/worker/activate', 1, 1, 0, ''),
(11, 'auth', 5, 1, 'deactivate', 'ç¦ç”¨å‘˜å·¥', 'auth/worker/deactivate', 1, 1, 0, ''),
(12, 'auth', 4, 1, 'role', 'è§’è‰²æ¨¡å—', 'auth/role', 1, 1, 0, ''),
(13, 'auth', 12, 1, 'index', 'è§’è‰²åˆ—è¡¨', 'auth/role/index', 1, 1, 0, ''),
(14, 'auth', 12, 1, 'check_code', 'éªŒè¯è§’è‰²æ ‡è¯†', 'auth/role/check_code', 1, 1, 0, ''),
(15, 'auth', 12, 1, 'save', 'æ·»åŠ ç¼–è¾‘è§’è‰²', 'auth/role/save', 1, 1, 0, ''),
(16, 'auth', 12, 1, 'get_info', 'è·å–è§’è‰²ä¿¡æ¯', 'auth/role/get_info', 1, 1, 0, ''),
(17, 'auth', 4, 1, 'permission', 'æƒé™æ¨¡å—', 'auth/permission', 1, 1, 0, ''),
(18, 'auth', 17, 1, 'index', 'æƒé™èŠ‚ç‚¹æ ‘', 'auth/permission/index', 1, 1, 0, ''),
(19, 'auth', 17, 1, 'save', 'æ·»åŠ ç¼–è¾‘æƒé™èŠ‚ç‚¹', 'auth/permission/save', 1, 1, 0, ''),
(20, 'auth', 17, 1, 'delete', 'åˆ é™¤èŠ‚ç‚¹', 'auth/permission/delete', 1, 1, 0, ''),
(21, 'auth', 17, 1, 'get_info', 'è·å–èŠ‚ç‚¹ä¿¡æ¯', 'auth/permission/get_info', 1, 1, 0, ''),
(22, 'auth', 4, 1, 'profile', 'ä¸ªäººèµ„æ–™', 'auth/profile', 1, 0, 0, ''),
(23, 'auth', 22, 1, 'index', 'ä¸ªäººèµ„æ–™é¡µé¢', 'auth/profile/index', 1, 0, 0, ''),
(24, 'auth', 22, 1, 'check_oldpwd', 'éªŒè¯æ—§å¯†ç ', 'auth/profile/check_oldpwd', 1, 0, 0, ''),
(25, 'auth', 22, 1, 'password', 'é‡ç½®å¯†ç ', 'auth/profile/password', 1, 0, 0, ''),
(26, 'auth', 22, 1, 'save', 'ç¼–è¾‘ä¸ªäººèµ„æ–™', 'auth/profile/save', 1, 0, 0, ''),
(27, 'auth', 22, 1, 'avatar', 'ä¸Šä¼ å¤´åƒ', 'auth/profile/avatar', 1, 0, 0, ''),
(28, 'auth', 0, 1, 'setting', 'å‚æ•°è®¾ç½®', 'setting', 1, 1, 0, ''),
(29, 'auth', 28, 1, 'system', 'å¹³å°å‚æ•°', 'setting/system', 1, 1, 0, ''),
(30, 'auth', 29, 1, 'index', 'è¯»å–å¹³å°å‚æ•°', 'setting/system/index', 1, 1, 0, ''),
(31, 'auth', 29, 1, 'save', 'ç¼–è¾‘å‚æ•°', 'setting/system/save', 1, 1, 0, ''),
(32, 'auth', 28, 1, 'project', 'ä¸šåŠ¡å‚æ•°', 'setting/project', 1, 1, 0, ''),
(33, 'auth', 32, 1, 'index', 'è¯»å–ä¸šåŠ¡å‚æ•°', 'setting/project/index', 1, 1, 0, ''),
(34, 'auth', 32, 1, 'save', 'ç¼–è¾‘å‚æ•°', 'setting/project/save', 1, 1, 0, ''),
(35, 'auth', 32, 1, 'status_list', 'è¯»å–é¡¹ç›®çŠ¶æ€åˆ—è¡¨', 'setting/project/status_list', 1, 1, 0, ''),
(36, 'auth', 32, 1, 'save_status', 'ç¼–è¾‘é¡¹ç›®çŠ¶æ€', 'setting/project/save_status', 1, 1, 0, ''),
(37, 'auth', 32, 1, 'check_status', 'éªŒè¯é¡¹ç›®çŠ¶æ€æ ‡è¯†', 'setting/project/check_status', 1, 1, 0, ''),
(38, 'auth', 32, 1, 'get_status', 'è·å–é¡¹ç›®çŠ¶æ€ä¿¡æ¯', 'setting/project/get_status', 1, 1, 0, ''),
(39, 'auth', 28, 1, 'api', 'æ¥å£å‚æ•°', 'setting/api', 1, 1, 0, ''),
(40, 'auth', 39, 1, 'inde', 'è¯»å–æ¥å£å‚æ•°', 'setting/api/index', 1, 1, 0, ''),
(41, 'auth', 39, 1, 'save', 'ç¼–è¾‘å‚æ•°', 'setting/api/save', 1, 1, 0, ''),
(42, 'auth', 0, 1, 'article', 'æ–‡ç« ç®¡ç†', 'article', 1, 1, 0, ''),
(43, 'auth', 42, 1, 'category', 'æ–‡ç« åˆ†ç±»', 'article/category', 1, 1, 0, ''),
(44, 'auth', 43, 1, 'index', 'è¯»å–æ–‡ç« åˆ†ç±»åˆ—è¡¨', 'article/category/index', 1, 1, 0, ''),
(45, 'auth', 43, 1, 'save', 'æ·»åŠ ç¼–è¾‘æ–‡ç« åˆ†ç±»', 'article/category/save', 1, 1, 0, ''),
(46, 'auth', 43, 1, 'get_info', 'è·å–æ–‡ç« åˆ†ç±»ä¿¡æ¯', 'article/category/get_info', 1, 1, 0, ''),
(47, 'auth', 43, 1, 'check_code', 'éªŒè¯æ–‡ç« åˆ†ç±»æ ‡è¯†', 'article/category/check_code', 1, 1, 0, ''),
(48, 'auth', 42, 1, 'article', 'æ–‡ç« ç®¡ç†', 'article/article', 1, 1, 0, ''),
(49, 'auth', 48, 1, 'index', 'è¯»å–æ‰€æœ‰æ–‡ç« ', 'article/article/index', 1, 1, 0, ''),
(50, 'auth', 48, 1, 'form', 'åŠ è½½æ–‡ç« ç¼–è¾‘è¡¨å•', 'article/article/form', 1, 1, 0, ''),
(51, 'auth', 48, 1, 'save', 'æ·»åŠ ç¼–è¾‘æ–‡ç« ', 'article/article/save', 1, 1, 0, ''),
(52, 'auth', 48, 1, 'detail', 'æŸ¥çœ‹æ–‡ç« å†…å®¹', 'article/article/detail', 1, 0, 0, ''),
(53, 'auth', 0, 1, 'project', 'é¡¹ç›®ç®¡ç†', 'project', 1, 1, 0, ''),
(54, 'auth', 53, 1, 'investing', 'é’±ç”Ÿé‡‘', 'project/investing', 1, 1, 0, ''),
(55, 'auth', 54, 1, 'index', 'è¯»å–é’±ç”Ÿé‡‘é¡¹ç›®åˆ—è¡¨', 'project/investing/index', 1, 1, 0, ''),
(57, 'auth', 54, 1, 'applied', 'æ·»åŠ é¡¹ç›®', 'project/investing/booked', 1, 1, 0, ''),
(59, 'auth', 54, 1, 'checked', 'æ ¸å®é¡¹ç›®ä¿¡æ¯', 'project/investing/checked', 1, 1, 0, ''),
(61, 'auth', 54, 1, 'confirmed', 'åº“ç®¡ç¡®è®¤', 'project/investing/confirmed', 1, 1, 0, ''),
(63, 'auth', 54, 1, 'applied', 'ç”³è¯·å–é‡‘', 'project/investing/applied', 1, 1, 0, ''),
(65, 'auth', 54, 1, 'taken', 'ç¡®è®¤æé‡‘', 'project/investing/taken', 1, 1, 0, ''),
(67, 'auth', 54, 1, 'refused', 'é©³å›é¡¹ç›®', 'project/investing/refused', 1, 1, 0, ''),
(68, 'auth', 54, 1, 'trashed', 'åºŸå¼ƒé¡¹ç›®', 'project/investing/trashed', 1, 1, 0, ''),
(69, 'auth', 53, 1, 'recycling', 'é‡‘ç”Ÿé‡‘', 'project/recycling', 1, 1, 0, ''),
(70, 'auth', 69, 1, 'index', 'è¯»å–é¡¹ç›®åˆ—è¡¨', 'project/recycling/index', 1, 1, 0, ''),
(72, 'auth', 69, 1, 'booked', 'ç™»è®°é¡¹ç›®', 'project/recycling/booked', 1, 1, 0, ''),
(78, 'auth', 69, 1, 'checked', 'æ ¸å®é¡¹ç›®ä¿¡æ¯', 'project/recycling/checked', 1, 1, 0, ''),
(80, 'auth', 69, 3, 'terminated', 'ç»ˆæ­¢é¡¹ç›®', 'project/recycling/terminated', 1, 1, 0, ''),
(82, 'auth', 69, 1, 'taken', 'ç¡®è®¤æé‡‘', 'project/recycling/taken', 1, 1, 0, ''),
(84, 'auth', 69, 1, 'refused', 'æ‹’ç»ç”³è¯·', 'project/recycling/refused', 1, 1, 0, ''),
(85, 'auth', 69, 1, 'trashed', 'åºŸå¼ƒé¡¹ç›®', 'project/recycling/trashed', 1, 1, 0, ''),
(87, 'auth', 69, 1, 'confirmed', 'åº“ç®¡ç¡®è®¤', 'project/recycling/confirmed', 1, 1, 0, ''),
(88, 'auth', 0, 1, 'dashboard', 'é¦–é¡µ', '', 1, 0, 0, NULL),
(89, 'auth', 88, 1, 'home', 'æ§åˆ¶é¢æ¿', 'home/index', 1, 0, 0, NULL),
(90, 'auth', 0, 1, 'error', 'é”™è¯¯æç¤º', '', 1, 0, 0, NULL),
(91, 'auth', 90, 1, 'permission', 'æ— æ­¤æˆæƒ', 'error/permission', 1, 0, 0, NULL),
(92, 'auth', 90, 1, 'permission', 'æ— æ­¤æˆæƒ', 'error/permission/index', 1, 0, 0, NULL),
(93, 'auth', 54, 1, 'update', 'ç¼–è¾‘é¡¹ç›®', 'project/investing/update', 1, 1, 0, ''),
(94, 'auth', 54, 1, 'terminated', 'ç»ˆæ­¢é¡¹ç›®', 'project/investing/terminated', 1, 1, 0, ''),
(96, 'auth', 54, 1, 'cancle', 'å–æ¶ˆç”³è¯·æé‡‘', 'project/investing/cancle', 1, 1, 0, ''),
(98, 'auth', 1, 1, 'filemanager', 'æ–‡ä»¶ç®¡ç†', 'tool/filemanager', 1, 0, 0, ''),
(100, 'auth', 98, 1, 'upload', 'ä¸Šä¼ æ–‡ä»¶', 'tool/filemanager/upload', 1, 0, 0, ''),
(101, 'auth', 98, 1, 'upload', 'ä¸Šä¼ æ–‡ä»¶', 'tool/filemanager/upload', 1, 0, 0, ''),
(102, 'auth', 5, 1, 'autocomplete', 'è‡ªåŠ¨åŒ¹é…', 'auth/worker/autocomplete', 1, 0, 0, ''),
(103, 'auth', 69, 1, 'update', 'ç¼–è¾‘é¡¹ç›®', 'project/recycling/update', 1, 1, 0, ''),
(104, 'auth', 53, 1, 'customer', 'å®¢æˆ·ç®¡ç†', 'project/customer', 1, 1, 0, ''),
(105, 'auth', 104, 1, 'index', 'æŸ¥çœ‹å®¢æˆ·åˆ—è¡¨', 'project/customer/index', 1, 1, 0, ''),
(106, 'auth', 104, 1, 'update', 'æ›´æ–°å®¢æˆ·èµ„æ–™', 'project/customer/update', 1, 1, 0, ''),
(107, 'auth', 104, 1, 'stock', 'æŸ¥çœ‹å®¢æˆ·åº“å­˜æ˜ç»†', 'project/customer/stock', 1, 1, 0, ''),
(108, 'auth', 104, 1, 'autocomplete', 'è‡ªåŠ¨åŒ¹é…å®¢æˆ·èµ„æ–™', 'project/customer/autocomplete', 1, 0, 0, ''),
(109, 'auth', 104, 1, 'applied', 'å®¢æˆ·æé‡‘', 'project/customer/applied', 1, 1, 0, ''),
(110, 'auth', 104, 1, 'order', 'é—¨åº—æ¶ˆè´¹ç”³è¯·', 'project/customer/order', 1, 1, 0, ''),
(111, 'auth', 104, 1, 'taken', 'ç¡®è®¤ç”³è¯·æé‡‘æˆ–æ¶ˆè´¹', 'project/customer/taken', 1, 1, 0, ''),
(112, 'auth', 104, 1, 'cancle', 'å–æ¶ˆå®¢æˆ·æé‡‘ç”³è¯·', 'project/customer/cancle', 1, 1, 0, '');

-- --------------------------------------------------------

--
-- è¡¨çš„ç»“æ„ `gd_project_investing`
--

CREATE TABLE IF NOT EXISTS `gd_project_investing` (
  `project_id` int(11) NOT NULL AUTO_INCREMENT,
  `project_sn` char(18) COLLATE utf8_unicode_ci NOT NULL,
  `customer_id` int(11) NOT NULL DEFAULT '0',
  `realname` varchar(32) COLLATE utf8_unicode_ci DEFAULT NULL,
  `phone` varchar(16) COLLATE utf8_unicode_ci NOT NULL,
  `idnumber` char(18) COLLATE utf8_unicode_ci DEFAULT NULL,
  `wechat` varchar(64) COLLATE utf8_unicode_ci DEFAULT NULL,
  `referrer` varchar(32) COLLATE utf8_unicode_ci DEFAULT NULL,
  `price` decimal(6,2) NOT NULL DEFAULT '0.00',
  `weight` decimal(11,2) NOT NULL DEFAULT '0.00',
  `amount` decimal(11,2) NOT NULL DEFAULT '0.00',
  `period` tinyint(4) NOT NULL DEFAULT '0',
  `start` date DEFAULT NULL,
  `end` date DEFAULT NULL,
  `total` decimal(11,2) NOT NULL DEFAULT '0.00',
  `note` text COLLATE utf8_unicode_ci,
  `is_del` tinyint(1) NOT NULL DEFAULT '0',
  `status_id` tinyint(1) NOT NULL DEFAULT '0',
  `worker_id` int(11) NOT NULL DEFAULT '0',
  `addtime` int(11) NOT NULL DEFAULT '0',
  `lasttime` int(11) NOT NULL DEFAULT '0',
  `locker` int(11) NOT NULL DEFAULT '0',
  PRIMARY KEY (`project_id`)
) ENGINE=InnoDB DEFAULT CHARSET=utf8 COLLATE=utf8_unicode_ci AUTO_INCREMENT=1 ;

-- --------------------------------------------------------

--
-- è¡¨çš„ç»“æ„ `gd_project_investing_history`
--

CREATE TABLE IF NOT EXISTS `gd_project_investing_history` (
  `history_id` int(11) NOT NULL AUTO_INCREMENT,
  `project_id` int(11) NOT NULL DEFAULT '0',
  `status_id` int(11) NOT NULL DEFAULT '0',
  `note` text COLLATE utf8_unicode_ci NOT NULL,
  `request` text COLLATE utf8_unicode_ci,
  `worker_id` int(11) NOT NULL DEFAULT '0',
  `addtime` int(11) NOT NULL DEFAULT '0',
  `ip` char(15) COLLATE utf8_unicode_ci DEFAULT NULL,
  PRIMARY KEY (`history_id`)
) ENGINE=InnoDB DEFAULT CHARSET=utf8 COLLATE=utf8_unicode_ci AUTO_INCREMENT=1 ;

-- --------------------------------------------------------

--
-- è¡¨çš„ç»“æ„ `gd_project_investing_status`
--

CREATE TABLE IF NOT EXISTS `gd_project_investing_status` (
  `status_id` int(11) NOT NULL AUTO_INCREMENT,
  `title` varchar(64) COLLATE utf8_unicode_ci NOT NULL,
  `code` varchar(32) COLLATE utf8_unicode_ci NOT NULL,
  `list_label` varchar(256) COLLATE utf8_unicode_ci DEFAULT NULL,
  `note` varchar(128) COLLATE utf8_unicode_ci NOT NULL,
  `status` tinyint(1) NOT NULL DEFAULT '1',
  PRIMARY KEY (`status_id`)
) ENGINE=InnoDB  DEFAULT CHARSET=utf8 COLLATE=utf8_unicode_ci AUTO_INCREMENT=9 ;

--
-- è½¬å­˜è¡¨ä¸­çš„æ•°æ® `gd_project_investing_status`
--

INSERT INTO `gd_project_investing_status` (`status_id`, `title`, `code`, `list_label`, `note`, `status`) VALUES
(1, 'å·²ç™»è®°', 'booked', NULL, 'ç™»è®°å®¢æˆ·ä¹°é‡‘ä¿¡æ¯', 1),
(2, 'å·²æ ¸å®', 'checked', NULL, 'ä¸Šçº§ä¸»ç®¡æ ¸å¯¹å®¢æˆ·ä¿¡æ¯ã€é»„é‡‘ä¹°å…¥ä¿¡æ¯', 1),
(3, 'å·²ç¡®è®¤', 'confirmed', NULL, 'åº“ç®¡ç¡®è®¤å¹¶æ ‡è®°', 1),
(4, 'å·²åˆ°æœŸ', 'expired', NULL, 'é¡¹ç›®åˆ°æœŸï¼Œç”Ÿé‡‘', 1),
(5, 'å·²ç”³è¯·', 'applied', NULL, 'ç”³è¯·æé‡‘', 1),
(6, 'å·²å®Œç»“', 'finished', NULL, 'åˆ°æœŸå–é‡‘ï¼Œé¡¹ç›®å®Œç»“ ï¼ˆå¯è½¬åˆ°é‡‘ç”Ÿé‡‘ï¼‰', 1),
(7, 'å·²é©³å›', 'refused', NULL, 'å®¢æˆ·ä¿¡æ¯ç­‰é—®é¢˜é€ æˆ', 1),
(8, 'å·²ç»ˆæ­¢', 'terminated', NULL, 'æå‰ç»ˆæ­¢é¡¹ç›®', 1);

-- --------------------------------------------------------

--
-- è¡¨çš„ç»“æ„ `gd_project_recycling`
--

CREATE TABLE IF NOT EXISTS `gd_project_recycling` (
  `project_id` int(11) NOT NULL AUTO_INCREMENT,
  `project_sn` char(18) COLLATE utf8_unicode_ci NOT NULL,
  `status_id` tinyint(4) NOT NULL DEFAULT '0',
  `customer_id` int(11) NOT NULL DEFAULT '0',
  `referrer_id` int(11) NOT NULL DEFAULT '0',
  `price` decimal(6,2) NOT NULL DEFAULT '0.00',
  `origin_weight` decimal(9,2) NOT NULL DEFAULT '0.00',
  `weight` decimal(9,2) NOT NULL DEFAULT '0.00',
  `number` tinyint(4) NOT NULL DEFAULT '0',
  `type` enum('ornaments','goldbar','other') COLLATE utf8_unicode_ci DEFAULT 'ornaments',
  `appraiser_id` int(11) NOT NULL DEFAULT '0',
  `loss` decimal(5,2) NOT NULL DEFAULT '0.00',
  `note` text COLLATE utf8_unicode_ci,
  `is_del` tinyint(1) NOT NULL DEFAULT '0',
  `worker_id` int(11) NOT NULL DEFAULT '0',
  `addtime` int(11) NOT NULL DEFAULT '0',
  `lasttime` int(11) NOT NULL DEFAULT '0',
  `locker` int(11) NOT NULL DEFAULT '0',
  PRIMARY KEY (`project_id`)
) ENGINE=InnoDB  DEFAULT CHARSET=utf8 COLLATE=utf8_unicode_ci AUTO_INCREMENT=4 ;

--
-- è½¬å­˜è¡¨ä¸­çš„æ•°æ® `gd_project_recycling`
--

INSERT INTO `gd_project_recycling` (`project_id`, `project_sn`, `status_id`, `customer_id`, `referrer_id`, `price`, `origin_weight`, `weight`, `number`, `type`, `appraiser_id`, `loss`, `note`, `is_del`, `worker_id`, `addtime`, `lasttime`, `locker`) VALUES
(1, 'GR1608315162053241', 6, 8, 12, '283.16', '22.00', '20.00', 2, 'ornaments', 9, '6.00', '231243242432', 1, 3, 1472646761, 1472653784, 0),
(2, 'GR1608319242154447', 6, 7, 0, '283.16', '33.00', '31.00', 3, 'ornaments', 9, '7.00', 'sawewqrewtretetre', 1, 3, 1472651087, 1472653349, 0),
(3, 'GR1609018170081051', 4, 8, 12, '282.30', '12.00', '11.00', 1, 'ornaments', 9, '8.00', 'åº“å­˜å·²ç¡®è®¤æ ‡è®°ï¼Œè‡ªåŠ¨æ¨è¿›åˆ°æ­£åœ¨å¢å€¼', 0, 7, 1472659851, 1472660062, 0);

-- --------------------------------------------------------

--
-- è¡¨çš„ç»“æ„ `gd_project_recycling_file`
--

CREATE TABLE IF NOT EXISTS `gd_project_recycling_file` (
  `file_id` int(11) NOT NULL AUTO_INCREMENT,
  `project_id` int(11) NOT NULL DEFAULT '0',
  `mode` enum('photo','invoice','report','privacy') COLLATE utf8_unicode_ci NOT NULL DEFAULT 'photo',
  `file` text COLLATE utf8_unicode_ci NOT NULL,
  `status` tinyint(1) NOT NULL DEFAULT '1',
  `worker_id` int(11) NOT NULL DEFAULT '0',
  `addtime` int(11) NOT NULL DEFAULT '0',
  PRIMARY KEY (`file_id`)
) ENGINE=InnoDB  DEFAULT CHARSET=utf8 COLLATE=utf8_unicode_ci AUTO_INCREMENT=12 ;

--
-- è½¬å­˜è¡¨ä¸­çš„æ•°æ® `gd_project_recycling_file`
--

INSERT INTO `gd_project_recycling_file` (`file_id`, `project_id`, `mode`, `file`, `status`, `worker_id`, `addtime`) VALUES
(1, 1, 'photo', '[{"name":"avatar4.png","path":"public\\/uploads\\/2016\\/08\\/31203115d185f7.png"}]', 1, 5, 1472646761),
(2, 1, 'invoice', '[{"name":"user6-128x128.jpg","path":"public\\/uploads\\/2016\\/08\\/31203118c7fc97.jpg"}]', 1, 5, 1472646761),
(3, 1, 'report', '[{"name":"29155021142d12.txt","path":"public\\/uploads\\/2016\\/08\\/31203123ae62a7.txt"}]', 1, 5, 1472646761),
(4, 1, 'privacy', '[{"name":"29155000ed424f.txt","path":"public\\/uploads\\/2016\\/08\\/312031262cc9db.txt"}]', 1, 5, 1472646761),
(5, 2, 'photo', '[{"name":"avatar3.png","path":"public\\/uploads\\/2016\\/08\\/31214317c8c0dc.png"}]', 1, 5, 1472651087),
(6, 2, 'invoice', '[{"name":"avatar.png","path":"public\\/uploads\\/2016\\/08\\/312143200a466f.png"}]', 1, 5, 1472651087),
(7, 2, 'report', '[{"name":"29155021142d12.txt","path":"public\\/uploads\\/2016\\/08\\/31214323195807.txt"}]', 1, 5, 1472651087),
(8, 2, 'privacy', '[{"name":"29155000ed424f.txt","path":"public\\/uploads\\/2016\\/08\\/312143279a52de.txt"}]', 1, 5, 1472651087),
(9, 3, 'photo', '[{"name":"user4-128x128.jpg","path":"public\\/uploads\\/2016\\/09\\/01001016417a7f.jpg"}]', 1, 5, 1472659852),
(10, 3, 'invoice', '[{"name":"user6-128x128.jpg","path":"public\\/uploads\\/2016\\/09\\/01001020a27ded.jpg"}]', 1, 5, 1472659852),
(11, 3, 'privacy', '[{"name":"29155021142d12.txt","path":"public\\/uploads\\/2016\\/09\\/01001045283236.txt"}]', 1, 5, 1472659852);

-- --------------------------------------------------------

--
-- è¡¨çš„ç»“æ„ `gd_project_recycling_history`
--

CREATE TABLE IF NOT EXISTS `gd_project_recycling_history` (
  `history_id` int(11) NOT NULL AUTO_INCREMENT,
  `project_id` int(11) NOT NULL DEFAULT '0',
  `status_id` int(11) NOT NULL DEFAULT '0',
  `note` text COLLATE utf8_unicode_ci NOT NULL,
  `request` text COLLATE utf8_unicode_ci,
  `worker_id` int(11) NOT NULL DEFAULT '0',
  `addtime` int(11) NOT NULL DEFAULT '0',
  `ip` char(15) COLLATE utf8_unicode_ci DEFAULT NULL,
  PRIMARY KEY (`history_id`)
) ENGINE=InnoDB  DEFAULT CHARSET=utf8 COLLATE=utf8_unicode_ci AUTO_INCREMENT=16 ;

--
-- è½¬å­˜è¡¨ä¸­çš„æ•°æ® `gd_project_recycling_history`
--

INSERT INTO `gd_project_recycling_history` (`history_id`, `project_id`, `status_id`, `note`, `request`, `worker_id`, `addtime`, `ip`) VALUES
(1, 1, 1, 'asdsadasdasdadsa', '', 5, 1472646761, '127.0.0.1'),
(2, 1, 2, '', 'array (\n  ''weight'' =&gt; ''20.00'',\n  ''_weight'' =&gt; ''20.00'',\n  ''phone'' =&gt; ''18808800990'',\n  ''_phone'' =&gt; ''18808800990'',\n)', 3, 1472646926, '127.0.0.1'),
(3, 1, 3, 'è¿›åº“å­˜äº†å¦¥å¦¥çš„', 'array (\n  ''weight'' =&gt; ''20.00'',\n  ''_weight'' =&gt; ''20.00'',\n  ''phone'' =&gt; ''18808800990'',\n  ''_phone'' =&gt; ''18808800990'',\n)', 7, 1472648191, '127.0.0.1'),
(4, 1, 4, 'åº“å­˜å·²ç¡®è®¤æ ‡è®°ï¼Œè‡ªåŠ¨æ¨è¿›åˆ°æ­£åœ¨å¢å€¼', '', 7, 1472648192, '127.0.0.1'),
(5, 2, 1, 'æˆ‘å»é¢ä¸ºä¼é¹…æˆ‘å»', '', 5, 1472651087, '127.0.0.1'),
(6, 2, 2, '', 'array (\n  ''weight'' =&gt; ''31.00'',\n  ''_weight'' =&gt; ''31.00'',\n  ''phone'' =&gt; ''13113213313'',\n  ''_phone'' =&gt; ''13113213313'',\n)', 3, 1472651230, '127.0.0.1'),
(7, 2, 3, 'æŒ‰æ—¶æ‰“ç®—', 'array (\n  ''weight'' =&gt; ''31.00'',\n  ''_weight'' =&gt; ''31.00'',\n  ''phone'' =&gt; ''13113213313'',\n  ''_phone'' =&gt; ''13113213313'',\n)', 7, 1472651289, '127.0.0.1'),
(8, 2, 4, 'åº“å­˜å·²ç¡®è®¤æ ‡è®°ï¼Œè‡ªåŠ¨æ¨è¿›åˆ°æ­£åœ¨å¢å€¼', '', 7, 1472651289, '127.0.0.1'),
(9, 2, 6, 'sawewqrewtretetre', '', 3, 1472653349, '127.0.0.1'),
(10, 1, 6, '231243242432', '', 3, 1472653784, '127.0.0.1'),
(11, 3, 1, 'çš„æ’’çš„æ’’çš„æ’’', '', 5, 1472659852, '127.0.0.1'),
(12, 3, 2, '', 'array (\n  ''weight'' =&gt; ''11.00'',\n  ''_weight'' =&gt; ''11.00'',\n  ''phone'' =&gt; ''18808800990'',\n  ''_phone'' =&gt; ''18808800990'',\n)', 3, 1472659928, '127.0.0.1'),
(14, 3, 3, 'æ’’çš„æ’’', 'array (\n  ''weight'' =&gt; ''11.00'',\n  ''_weight'' =&gt; ''11.00'',\n  ''phone'' =&gt; ''18808800990'',\n  ''_phone'' =&gt; ''18808800990'',\n)', 7, 1472660062, '127.0.0.1'),
(15, 3, 4, 'åº“å­˜å·²ç¡®è®¤æ ‡è®°ï¼Œè‡ªåŠ¨æ¨è¿›åˆ°æ­£åœ¨å¢å€¼', '', 7, 1472660062, '127.0.0.1');

-- --------------------------------------------------------

--
-- è¡¨çš„ç»“æ„ `gd_project_recycling_status`
--

CREATE TABLE IF NOT EXISTS `gd_project_recycling_status` (
  `status_id` int(11) NOT NULL AUTO_INCREMENT,
  `title` varchar(64) COLLATE utf8_unicode_ci NOT NULL,
  `code` varchar(32) COLLATE utf8_unicode_ci NOT NULL,
  `list_label` varchar(256) COLLATE utf8_unicode_ci DEFAULT NULL,
  `note` varchar(128) COLLATE utf8_unicode_ci NOT NULL,
  `status` tinyint(1) NOT NULL DEFAULT '1',
  PRIMARY KEY (`status_id`)
) ENGINE=InnoDB  DEFAULT CHARSET=utf8 COLLATE=utf8_unicode_ci AUTO_INCREMENT=9 ;

--
-- è½¬å­˜è¡¨ä¸­çš„æ•°æ® `gd_project_recycling_status`
--

INSERT INTO `gd_project_recycling_status` (`status_id`, `title`, `code`, `list_label`, `note`, `status`) VALUES
(1, 'å·²ç™»è®°', 'booked', NULL, 'ç™»è®°å®¢æˆ·å­˜é‡‘ä¿¡æ¯ï¼Œå«é‰´å®šç»“æœåŠå®¢æˆ·åŒæ„ä¹¦', 1),
(2, 'å·²æ ¸å®', 'checked', NULL, 'ä¸Šçº§ä¸»ç®¡æ ¸å¯¹å®¢æˆ·ã€ç‰©å“åŠé‰´å®šç»“æœ', 1),
(3, 'å·²ç¡®è®¤', 'confirmed', NULL, 'åº“ç®¡ç¡®è®¤å¹¶æ ‡è®°', 1),
(4, 'å¢å€¼ä¸­', 'growing', NULL, 'è¡ç”Ÿæ”¶ç›Šé»„é‡‘', 1),
(5, 'å·²é©³å›', 'refused', NULL, 'å®¢æˆ·ä¿¡æ¯æˆ–é»„é‡‘ç‰©å“ç­‰é—®é¢˜é€ æˆ', 1),
(6, 'å·²ç»ˆæ­¢', 'terminated', NULL, 'æå‰ç»ˆæ­¢é¡¹ç›®', 1);

-- --------------------------------------------------------

--
-- è¡¨çš„ç»“æ„ `gd_project_stock`
--

CREATE TABLE IF NOT EXISTS `gd_project_stock` (
  `stock_id` int(11) NOT NULL AUTO_INCREMENT,
  `project_id` int(11) DEFAULT '0',
  `customer_id` int(11) NOT NULL DEFAULT '0',
  `referrer_id` int(11) NOT NULL DEFAULT '0',
  `title` varchar(64) COLLATE utf8_unicode_ci NOT NULL,
  `mode` enum('investing','recycling','stock') COLLATE utf8_unicode_ci NOT NULL DEFAULT 'investing',
  `info` text COLLATE utf8_unicode_ci,
  `weight` decimal(13,2) NOT NULL DEFAULT '0.00',
  `start` date DEFAULT NULL,
  `note` text COLLATE utf8_unicode_ci,
  `status` tinyint(4) NOT NULL,
  `worker_id` int(11) NOT NULL,
  `addtime` int(11) NOT NULL,
  `lasttime` int(11) NOT NULL DEFAULT '0',
  PRIMARY KEY (`stock_id`)
) ENGINE=InnoDB  DEFAULT CHARSET=utf8 COLLATE=utf8_unicode_ci AUTO_INCREMENT=4 ;

--
-- è½¬å­˜è¡¨ä¸­çš„æ•°æ® `gd_project_stock`
--

INSERT INTO `gd_project_stock` (`stock_id`, `project_id`, `customer_id`, `referrer_id`, `title`, `mode`, `info`, `weight`, `start`, `note`, `status`, `worker_id`, `addtime`, `lasttime`) VALUES
(1, 1, 8, 12, 'é¡¹ç›®GR1608315162053241å­˜é‡‘20.00å…‹', 'recycling', 'a:9:{s:10:"project_sn";s:18:"GR1608315162053241";s:8:"realname";s:9:"ä¹”è‹¹æœ";s:5:"phone";s:11:"18808800990";s:8:"idnumber";s:18:"325225197008078888";s:4:"type";s:9:"ornaments";s:6:"number";s:1:"2";s:13:"origin_weight";s:5:"22.00";s:6:"weight";s:5:"20.00";s:12:"appraiser_id";s:1:"9";}', '20.00', '2016-08-31', 'è¿›åº“å­˜äº†å¦¥å¦¥çš„', 0, 3, 1472648191, 1472653784),
(2, 2, 7, 0, 'é¡¹ç›®GR1608319242154447å­˜é‡‘31.00å…‹', 'recycling', 'a:9:{s:10:"project_sn";s:18:"GR1608319242154447";s:8:"realname";s:9:"é›·å°ç±³";s:5:"phone";s:11:"13113213313";s:8:"idnumber";s:18:"321254197708053454";s:4:"type";s:9:"ornaments";s:6:"number";s:1:"3";s:13:"origin_weight";s:5:"33.00";s:6:"weight";s:5:"31.00";s:12:"appraiser_id";s:1:"9";}', '31.00', '2016-08-31', 'æŒ‰æ—¶æ‰“ç®—', 0, 3, 1472651289, 1472653349),
(3, 3, 8, 12, 'é¡¹ç›®GR1609018170081051å­˜é‡‘11.00å…‹', 'recycling', 'a:9:{s:10:"project_sn";s:18:"GR1609018170081051";s:8:"realname";s:9:"ä¹”è‹¹æœ";s:5:"phone";s:11:"18808800990";s:8:"idnumber";s:18:"325225197008078888";s:4:"type";s:6:"é‡‘é¥°";s:6:"number";s:1:"1";s:13:"origin_weight";s:5:"12.00";s:6:"weight";s:5:"11.00";s:12:"appraiser_id";s:1:"9";}', '11.00', '2016-09-01', 'æ’’çš„æ’’', 1, 7, 1472660062, 1472660062);

-- --------------------------------------------------------

--
-- è¡¨çš„ç»“æ„ `gd_project_trash`
--

CREATE TABLE IF NOT EXISTS `gd_project_trash` (
  `trash_id` int(11) NOT NULL AUTO_INCREMENT,
  `project_id` int(11) NOT NULL,
  `project_sn` char(18) COLLATE utf8_unicode_ci NOT NULL,
  `mode` enum('investing','recycling') COLLATE utf8_unicode_ci NOT NULL DEFAULT 'recycling',
  `customer` varchar(256) COLLATE utf8_unicode_ci DEFAULT NULL,
  `gold` text COLLATE utf8_unicode_ci,
  `status_id` tinyint(4) NOT NULL DEFAULT '0',
  `note` text COLLATE utf8_unicode_ci,
  `worker_id` int(11) NOT NULL DEFAULT '0',
  `addtime` int(11) NOT NULL DEFAULT '0',
  PRIMARY KEY (`trash_id`)
) ENGINE=InnoDB  DEFAULT CHARSET=utf8 COLLATE=utf8_unicode_ci AUTO_INCREMENT=3 ;

--
-- è½¬å­˜è¡¨ä¸­çš„æ•°æ® `gd_project_trash`
--

INSERT INTO `gd_project_trash` (`trash_id`, `project_id`, `project_sn`, `mode`, `customer`, `gold`, `status_id`, `note`, `worker_id`, `addtime`) VALUES
(1, 2, 'GR1608319242154447', 'recycling', 'a:3:{s:8:"realname";s:9:"é›·å°ç±³";s:5:"phone";s:11:"13113213313";s:8:"referrer";N;}', 'a:7:{s:5:"price";s:6:"283.16";s:6:"weight";s:5:"31.00";s:6:"amount";N;s:6:"period";N;s:5:"start";N;s:3:"end";N;s:7:"addtime";s:10:"1472651087";}', 6, '', 3, 1472653349),
(2, 1, 'GR1608315162053241', 'recycling', 'a:4:{s:8:"realname";s:9:"ä¹”è‹¹æœ";s:5:"phone";s:11:"18808800990";s:8:"idnumber";s:18:"325225197008078888";s:8:"referrer";s:10:"æœ±æ™¯ä¿®2";}', 'a:7:{s:5:"price";s:6:"283.16";s:4:"type";s:6:"é‡‘é¥°";s:6:"number";s:1:"2";s:13:"origin_weight";s:5:"22.00";s:6:"weight";s:5:"20.00";s:9:"appraiser";s:10:"é‰´å®šäººA";s:5:"start";N;}', 6, '', 3, 1472653784);

-- --------------------------------------------------------

--
-- è¡¨çš„ç»“æ„ `gd_sessions`
--

CREATE TABLE IF NOT EXISTS `gd_sessions` (
  `sess_id` varchar(40) COLLATE utf8_unicode_ci NOT NULL,
  `ip_address` varchar(45) COLLATE utf8_unicode_ci NOT NULL,
  `timestamp` int(10) unsigned NOT NULL DEFAULT '0',
  `data` text COLLATE utf8_unicode_ci NOT NULL,
  KEY `ci_sessions_timestamp` (`timestamp`)
) ENGINE=InnoDB DEFAULT CHARSET=utf8 COLLATE=utf8_unicode_ci;

--
-- è½¬å­˜è¡¨ä¸­çš„æ•°æ® `gd_sessions`
--

INSERT INTO `gd_sessions` (`sess_id`, `ip_address`, `timestamp`, `data`) VALUES
('b01873b31d62fb5e7623bb3de9bb6fd397180571', '127.0.0.1', 1472627776, '__ci_last_regenerate|i:1472620354;code|s:4:"RNZD";identity|s:12:"dengji-demo1";username|s:12:"dengji-demo1";email|s:6:"b@a.cc";user_id|s:1:"5";old_last_login|s:10:"1472604062";'),
('959ddf722cb69db04ca748e3d97a759fc74c6d29', '127.0.0.1', 1472625554, '__ci_last_regenerate|i:1472621822;code|s:4:"6z2q";identity|s:12:"jingli-demo1";username|s:12:"jingli-demo1";email|s:5:"a@a.c";user_id|s:1:"3";old_last_login|s:10:"1472571603";csrfkey|s:8:"2q5IEr9K";__ci_vars|a:2:{s:7:"csrfkey";s:3:"old";s:9:"csrfvalue";s:3:"old";}csrfvalue|s:20:"ycYEDPIKSqHAJXk2r0QZ";'),
('8bb2ef1eba421fcd9eeb3eec86beb3bf4b519580', '127.0.0.1', 1472626680, '__ci_last_regenerate|i:1472621838;code|s:4:"bu25";identity|s:10:"admin-root";username|s:10:"admin-root";email|s:15:"admin@admin.com";user_id|s:1:"1";old_last_login|s:10:"1472567261";'),
('c3a678e234e5bee901ca8e255dfaa78bd2fe26cf', '127.0.0.1', 1472626424, '__ci_last_regenerate|i:1472626308;code|s:4:"6z2q";identity|s:12:"jingli-demo1";username|s:12:"jingli-demo1";email|s:5:"a@a.c";user_id|s:1:"3";old_last_login|s:10:"1472571603";'),
('dc15e69a70a44514af6c24f3cfcec5cf4ea9c4e0', '127.0.0.1', 1472627028, '__ci_last_regenerate|i:1472626872;code|s:4:"6z2q";identity|s:12:"jingli-demo1";username|s:12:"jingli-demo1";email|s:5:"a@a.c";user_id|s:1:"3";old_last_login|s:10:"1472571603";'),
('ed1bc46960dfe4394a6f2638e6efe0a51c5d888c', '127.0.0.1', 1472627260, '__ci_last_regenerate|i:1472627180;code|s:4:"6z2q";identity|s:12:"jingli-demo1";username|s:12:"jingli-demo1";email|s:5:"a@a.c";user_id|s:1:"3";old_last_login|s:10:"1472571603";'),
('06eb10acf4bba82fcaf9623e8d43f3ef27c1dca5', '127.0.0.1', 1472628026, '__ci_last_regenerate|i:1472627771;code|s:4:"6z2q";identity|s:12:"jingli-demo1";username|s:12:"jingli-demo1";email|s:5:"a@a.c";user_id|s:1:"3";old_last_login|s:10:"1472571603";csrfkey|s:8:"CAU2i6jL";__ci_vars|a:2:{s:7:"csrfkey";s:3:"new";s:9:"csrfvalue";s:3:"new";}csrfvalue|s:20:"pqcfgYL371OZkiSHEReV";'),
('84dc0f39fbd1c7dbedff7dc0e6f62b0bd78f9edb', '127.0.0.1', 1472630256, '__ci_last_regenerate|i:1472627783;code|s:4:"RNZD";identity|s:12:"dengji-demo1";username|s:12:"dengji-demo1";email|s:6:"b@a.cc";user_id|s:1:"5";old_last_login|s:10:"1472604062";'),
('77c4f535047d209104fbfad576a72bbe07649ada', '127.0.0.1', 1472627945, '__ci_last_regenerate|i:1472627824;code|s:4:"9HDr";identity|s:10:"admin-root";username|s:10:"admin-root";email|s:15:"admin@admin.com";user_id|s:1:"1";old_last_login|s:10:"1472606352";'),
('7f07ad426dfcbd9957dda198708f8b8d9cadf633', '127.0.0.1', 1472630420, '__ci_last_regenerate|i:1472627999;code|s:4:"MbQZ";identity|s:12:"kuguan-demo1";username|s:12:"kuguan-demo1";email|s:11:"kuguan@bb.c";user_id|s:1:"7";old_last_login|s:10:"1472627809";'),
('09b22972404798f98756bb5483c2100974599d13', '127.0.0.1', 1472628486, '__ci_last_regenerate|i:1472628201;code|s:4:"6z2q";identity|s:12:"jingli-demo1";username|s:12:"jingli-demo1";email|s:5:"a@a.c";user_id|s:1:"3";old_last_login|s:10:"1472571603";'),
('791c6c090fdfcbaf6a326f4c6622925700d4c8ec', '127.0.0.1', 1472628935, '__ci_last_regenerate|i:1472628665;code|s:4:"6z2q";identity|s:12:"jingli-demo1";username|s:12:"jingli-demo1";email|s:5:"a@a.c";user_id|s:1:"3";old_last_login|s:10:"1472571603";'),
('050c2ec447c00e628b1d9651106cb5368f2f999a', '127.0.0.1', 1472630338, '__ci_last_regenerate|i:1472629001;code|s:4:"6z2q";identity|s:12:"jingli-demo1";username|s:12:"jingli-demo1";email|s:5:"a@a.c";user_id|s:1:"3";old_last_login|s:10:"1472571603";'),
('b0a014a02f89da3df54d3d088947b96bfee45af5', '127.0.0.1', 1472630391, '__ci_last_regenerate|i:1472630258;code|s:4:"RNZD";identity|s:12:"dengji-demo1";username|s:12:"dengji-demo1";email|s:6:"b@a.cc";user_id|s:1:"5";old_last_login|s:10:"1472604062";'),
('89e7c87546e516be2533313cf829ffebbff580e8', '127.0.0.1', 1472630613, '__ci_last_regenerate|i:1472630408;code|s:4:"6z2q";identity|s:12:"jingli-demo1";username|s:12:"jingli-demo1";email|s:5:"a@a.c";user_id|s:1:"3";old_last_login|s:10:"1472571603";'),
('4336130b88ea5403f3b82cfebe854d6676903e30', '127.0.0.1', 1472632262, '__ci_last_regenerate|i:1472630419;code|s:4:"MbQZ";identity|s:12:"kuguan-demo1";username|s:12:"kuguan-demo1";email|s:11:"kuguan@bb.c";user_id|s:1:"7";old_last_login|s:10:"1472627809";'),
('37715fbeb1b80e3a8b92d6f58246dd88ebc85111', '127.0.0.1', 1472633827, '__ci_last_regenerate|i:1472630860;code|s:4:"RNZD";identity|s:12:"dengji-demo1";username|s:12:"dengji-demo1";email|s:6:"b@a.cc";user_id|s:1:"5";old_last_login|s:10:"1472604062";csrfkey|s:8:"a5QFvNlp";__ci_vars|a:2:{s:7:"csrfkey";s:3:"new";s:9:"csrfvalue";s:3:"new";}csrfvalue|s:20:"3fOo0tTB7lQJ5RbKwUm2";'),
('0d6f03805ef09e4f7e2c8288561825c38f661bba', '127.0.0.1', 1472631062, '__ci_last_regenerate|i:1472630955;code|s:4:"Z4VP";identity|s:10:"admin-root";username|s:10:"admin-root";email|s:15:"admin@admin.com";user_id|s:1:"1";old_last_login|s:10:"1472627833";'),
('0a091364ad9c9d4f2be2c4427e42f961724a4658', '127.0.0.1', 1472632236, '__ci_last_regenerate|i:1472631471;code|s:4:"6z2q";identity|s:12:"jingli-demo1";username|s:12:"jingli-demo1";email|s:5:"a@a.c";user_id|s:1:"3";old_last_login|s:10:"1472571603";success|s:38:"å·²å–æ¶ˆæé‡‘ç”³è¯·ï¼å®¢æˆ·: æœ±é™";__ci_vars|a:1:{s:7:"success";s:3:"new";}'),
('4b5e63cdb955aae7c58941e55d2a116ac4919be0', '127.0.0.1', 1472632364, '__ci_last_regenerate|i:1472632237;code|s:4:"6z2q";identity|s:12:"jingli-demo1";username|s:12:"jingli-demo1";email|s:5:"a@a.c";user_id|s:1:"3";old_last_login|s:10:"1472571603";'),
('fbe3067540872a11222465bf5f80355e4f60bfad', '127.0.0.1', 1472632704, '__ci_last_regenerate|i:1472632403;code|s:4:"MbQZ";identity|s:12:"kuguan-demo1";username|s:12:"kuguan-demo1";email|s:11:"kuguan@bb.c";user_id|s:1:"7";old_last_login|s:10:"1472627809";'),
('cdfbbede7c86fe0e93a095ee072b6e9bfed405b1', '127.0.0.1', 1472633876, '__ci_last_regenerate|i:1472632674;code|s:4:"6z2q";identity|s:12:"jingli-demo1";username|s:12:"jingli-demo1";email|s:5:"a@a.c";user_id|s:1:"3";old_last_login|s:10:"1472571603";'),
('6915b9785a8332b11bf87f05210bd5c9d2ec3ae6', '127.0.0.1', 1472632714, '__ci_last_regenerate|i:1472632713;code|s:4:"MbQZ";identity|s:12:"kuguan-demo1";username|s:12:"kuguan-demo1";email|s:11:"kuguan@bb.c";user_id|s:1:"7";old_last_login|s:10:"1472627809";'),
('5637a2f2625ec36518e11a16a870217af9cfb433', '127.0.0.1', 1472633667, '__ci_last_regenerate|i:1472633051;code|s:4:"MbQZ";identity|s:12:"kuguan-demo1";username|s:12:"kuguan-demo1";email|s:11:"kuguan@bb.c";user_id|s:1:"7";old_last_login|s:10:"1472627809";csrfkey|s:8:"oYUIORDy";__ci_vars|a:2:{s:7:"csrfkey";s:3:"new";s:9:"csrfvalue";s:3:"new";}csrfvalue|s:20:"MHvuENwA3BtqSDTbm9Ge";'),
('2d8dacfa9e5b3c890dea35858b4b80470395df2f', '127.0.0.1', 1472637895, '__ci_last_regenerate|i:1472633678;code|s:4:"MbQZ";identity|s:12:"kuguan-demo1";username|s:12:"kuguan-demo1";email|s:11:"kuguan@bb.c";user_id|s:1:"7";old_last_login|s:10:"1472627809";'),
('dc131a9e233d6863923d710beb80490170effd5e', '127.0.0.1', 1472637542, '__ci_last_regenerate|i:1472633940;code|s:4:"RNZD";identity|s:12:"dengji-demo1";username|s:12:"dengji-demo1";email|s:6:"b@a.cc";user_id|s:1:"5";old_last_login|s:10:"1472604062";'),
('b66ba73c005fa516de4b90efc0dc505d8d66d91c', '127.0.0.1', 1472637893, '__ci_last_regenerate|i:1472633958;code|s:4:"6z2q";identity|s:12:"jingli-demo1";username|s:12:"jingli-demo1";email|s:5:"a@a.c";user_id|s:1:"3";old_last_login|s:10:"1472571603";'),
('d43ff9174ef33b8934c565e32f1ddd9d3942f953', '127.0.0.1', 1472647853, '__ci_last_regenerate|i:1472641199;code|s:4:"VAs7";identity|s:12:"kuguan-demo1";username|s:12:"kuguan-demo1";email|s:11:"kuguan@bb.c";user_id|s:1:"7";old_last_login|s:10:"1472628012";'),
('b152c3a101e5a32e79d62ba33774866ea9606599', '127.0.0.1', 1472643632, '__ci_last_regenerate|i:1472641214;code|s:4:"4yxS";identity|s:12:"jingli-demo1";username|s:12:"jingli-demo1";email|s:5:"a@a.c";user_id|s:1:"3";old_last_login|s:10:"1472604007";'),
('5297b62f70bc99f964e3d00a0b5c892a816cf347', '127.0.0.1', 1472643928, '__ci_last_regenerate|i:1472643927;code|s:4:"4yxS";identity|s:12:"jingli-demo1";username|s:12:"jingli-demo1";email|s:5:"a@a.c";user_id|s:1:"3";old_last_login|s:10:"1472604007";'),
('fb3f718ae1c96e4e3b48e8d3c79c9ff4410ed186', '127.0.0.1', 1472645815, '__ci_last_regenerate|i:1472645077;code|s:4:"4yxS";identity|s:12:"jingli-demo1";username|s:12:"jingli-demo1";email|s:5:"a@a.c";user_id|s:1:"3";old_last_login|s:10:"1472604007";success|s:18:"æ–‡ç« ä¿å­˜æˆåŠŸ";__ci_vars|a:1:{s:7:"success";s:3:"new";}'),
('85d502879247a33dfff2714f0374832d0469dde4', '127.0.0.1', 1472646108, '__ci_last_regenerate|i:1472645815;code|s:4:"4yxS";identity|s:12:"jingli-demo1";username|s:12:"jingli-demo1";email|s:5:"a@a.c";user_id|s:1:"3";old_last_login|s:10:"1472604007";'),
('d2d9669fd3cf0c4e4645c9b10575e8f96a6cbc60', '127.0.0.1', 1472646465, '__ci_last_regenerate|i:1472646109;code|s:4:"It2Y";identity|s:12:"jingli-demo1";username|s:12:"jingli-demo1";email|s:5:"a@a.c";user_id|s:1:"3";old_last_login|s:10:"1472641216";'),
('eb95ff3c4d5968c62a6087a43fb753f882d84587', '127.0.0.1', 1472646762, '__ci_last_regenerate|i:1472646576;code|s:4:"SFQV";identity|s:12:"dengji-demo1";username|s:12:"dengji-demo1";email|s:6:"b@a.cc";user_id|s:1:"5";old_last_login|s:10:"1472617718";'),
('3543f0ebc2b299742769cf7a651997c8d59f542e', '127.0.0.1', 1472648132, '__ci_last_regenerate|i:1472646863;code|s:4:"4yxS";identity|s:12:"jingli-demo1";username|s:12:"jingli-demo1";email|s:5:"a@a.c";user_id|s:1:"3";old_last_login|s:10:"1472604007";'),
('f58c480c83c31d07237f822a794ad25364c6733d', '127.0.0.1', 1472650982, '__ci_last_regenerate|i:1472646934;code|s:4:"SFQV";identity|s:12:"dengji-demo1";username|s:12:"dengji-demo1";email|s:6:"b@a.cc";user_id|s:1:"5";old_last_login|s:10:"1472617718";'),
('7f577b9c5f276c0eae6af2985efa17d7f216a25b', '127.0.0.1', 1472648191, '__ci_last_regenerate|i:1472647853;code|s:4:"VAs7";identity|s:12:"kuguan-demo1";username|s:12:"kuguan-demo1";email|s:11:"kuguan@bb.c";user_id|s:1:"7";old_last_login|s:10:"1472628012";csrfkey|s:8:"NEKjJx3L";__ci_vars|a:3:{s:7:"csrfkey";s:3:"old";s:9:"csrfvalue";s:3:"old";s:7:"success";s:3:"new";}csrfvalue|s:20:"r7hI5HN4Y8BUqkJpxRtn";success|s:50:"é¡¹ç›®å·²å…¥åº“æ ‡è®°ï¼ç¼–å·: GR1608315162053241";'),
('d55e13c91fa3418903e9ff9de6fe8334733f3334', '127.0.0.1', 1472650592, '__ci_last_regenerate|i:1472648191;code|s:4:"VAs7";identity|s:12:"kuguan-demo1";username|s:12:"kuguan-demo1";email|s:11:"kuguan@bb.c";user_id|s:1:"7";old_last_login|s:10:"1472628012";'),
('996ff939ed6b78966f4748ddcad6cc938fce43e1', '127.0.0.1', 1472648578, '__ci_last_regenerate|i:1472648280;code|s:4:"4yxS";identity|s:12:"jingli-demo1";username|s:12:"jingli-demo1";email|s:5:"a@a.c";user_id|s:1:"3";old_last_login|s:10:"1472604007";'),
('f3fb60d92565f9a6f1234d7b6c10196e1fffbaef', '127.0.0.1', 1472649936, '__ci_last_regenerate|i:1472648609;code|s:4:"4yxS";identity|s:12:"jingli-demo1";username|s:12:"jingli-demo1";email|s:5:"a@a.c";user_id|s:1:"3";old_last_login|s:10:"1472604007";'),
('f92f603c6d9374e7fb5e7cbd05c2a4770e10ea01', '127.0.0.1', 1472658092, '__ci_last_regenerate|i:1472649618;code|s:4:"GVhT";identity|s:10:"admin-root";username|s:10:"admin-root";email|s:15:"admin@admin.com";user_id|s:1:"1";old_last_login|s:10:"1472630964";'),
('3af1347d0836c063e6a5f29475899bf02b1e8343', '127.0.0.1', 1472650900, '__ci_last_regenerate|i:1472650676;code|s:4:"4yxS";identity|s:12:"jingli-demo1";username|s:12:"jingli-demo1";email|s:5:"a@a.c";user_id|s:1:"3";old_last_login|s:10:"1472604007";'),
('4a7493e6cbb363f7d333594905a5b4c19b7dfd43', '127.0.0.1', 1472650806, '__ci_last_regenerate|i:1472650711;code|s:4:"VAs7";identity|s:12:"kuguan-demo1";username|s:12:"kuguan-demo1";email|s:11:"kuguan@bb.c";user_id|s:1:"7";old_last_login|s:10:"1472628012";'),
('83f76aedd87a49116db132155c8b16ed875ae2ac', '127.0.0.1', 1472651088, '__ci_last_regenerate|i:1472650997;code|s:4:"SFQV";identity|s:12:"dengji-demo1";username|s:12:"dengji-demo1";email|s:6:"b@a.cc";user_id|s:1:"5";old_last_login|s:10:"1472617718";'),
('2ae495902a8d289f8bc55263c6bb21e6737b18dd', '127.0.0.1', 1472651314, '__ci_last_regenerate|i:1472651098;code|s:4:"4yxS";identity|s:12:"jingli-demo1";username|s:12:"jingli-demo1";email|s:5:"a@a.c";user_id|s:1:"3";old_last_login|s:10:"1472604007";'),
('f8d59979ab4a67cff64a5b40fd373460a4ee12b4', '127.0.0.1', 1472654982, '__ci_last_regenerate|i:1472651253;code|s:4:"VAs7";identity|s:12:"kuguan-demo1";username|s:12:"kuguan-demo1";email|s:11:"kuguan@bb.c";user_id|s:1:"7";old_last_login|s:10:"1472628012";'),
('0fb44a67502719182eac0efd29c78ef5fab5a7e5', '127.0.0.1', 1472658565, '__ci_last_regenerate|i:1472651352;code|s:4:"SFQV";identity|s:12:"dengji-demo1";username|s:12:"dengji-demo1";email|s:6:"b@a.cc";user_id|s:1:"5";old_last_login|s:10:"1472617718";'),
('1ae7e9d767b85b257844adf0060cfaf3195fdd8a', '127.0.0.1', 1472652677, '__ci_last_regenerate|i:1472651472;code|s:4:"4yxS";identity|s:12:"jingli-demo1";username|s:12:"jingli-demo1";email|s:5:"a@a.c";user_id|s:1:"3";old_last_login|s:10:"1472604007";'),
('f74acb6cd5d0cbfe5c6f4163f5fb553660cf3b7b', '127.0.0.1', 1472653349, '__ci_last_regenerate|i:1472653056;code|s:4:"4yxS";identity|s:12:"jingli-demo1";username|s:12:"jingli-demo1";email|s:5:"a@a.c";user_id|s:1:"3";old_last_login|s:10:"1472604007";success|s:44:"é¡¹ç›®å·²ç»ˆæ­¢ï¼ç¼–å·: GR1608319242154447";__ci_vars|a:1:{s:7:"success";s:3:"new";}'),
('a668b5bd50b5423810986109b13d132611d2dbf3', '127.0.0.1', 1472653784, '__ci_last_regenerate|i:1472653648;code|s:4:"4yxS";identity|s:12:"jingli-demo1";username|s:12:"jingli-demo1";email|s:5:"a@a.c";user_id|s:1:"3";old_last_login|s:10:"1472604007";success|s:44:"é¡¹ç›®å·²ç»ˆæ­¢ï¼ç¼–å·: GR1608315162053241";__ci_vars|a:1:{s:7:"success";s:3:"new";}'),
('fc8f821f9167b1d7efab1dc560ff635bcbc40642', '127.0.0.1', 1472654727, '__ci_last_regenerate|i:1472654410;code|s:4:"4yxS";identity|s:12:"jingli-demo1";username|s:12:"jingli-demo1";email|s:5:"a@a.c";user_id|s:1:"3";old_last_login|s:10:"1472604007";csrfkey|s:8:"SVZQ1uWt";__ci_vars|a:2:{s:7:"csrfkey";s:3:"new";s:9:"csrfvalue";s:3:"new";}csrfvalue|s:20:"d4VyzWUxZ2qwshtY69HM";'),
('79290d97b150955253698814acc020cf971569a6', '127.0.0.1', 1472654886, '__ci_last_regenerate|i:1472654816;code|s:4:"4yxS";identity|s:12:"jingli-demo1";username|s:12:"jingli-demo1";email|s:5:"a@a.c";user_id|s:1:"3";old_last_login|s:10:"1472604007";csrfkey|s:8:"RKwsykcl";__ci_vars|a:2:{s:7:"csrfkey";s:3:"new";s:9:"csrfvalue";s:3:"new";}csrfvalue|s:20:"oJjeMX76gpiEC8ZDzBIf";'),
('fdee8d89b2c86ebdd3cb371cfc1fba6f8b69b1b0', '127.0.0.1', 1472655831, '__ci_last_regenerate|i:1472655145;code|s:4:"4yxS";identity|s:12:"jingli-demo1";username|s:12:"jingli-demo1";email|s:5:"a@a.c";user_id|s:1:"3";old_last_login|s:10:"1472604007";csrfkey|s:8:"E8mkDtq7";__ci_vars|a:3:{s:7:"csrfkey";s:3:"old";s:9:"csrfvalue";s:3:"old";s:7:"success";s:3:"new";}csrfvalue|s:20:"LcU40watbFDN9XBYAKWj";success|s:41:"å·²å–æ¶ˆæé‡‘ç”³è¯·ï¼å®¢æˆ·: é›·å°ç±³";'),
('852c1246d60897a3d22508accda763b34df6d956', '127.0.0.1', 1472655243, '__ci_last_regenerate|i:1472655243;code|s:4:"VAs7";identity|s:12:"kuguan-demo1";username|s:12:"kuguan-demo1";email|s:11:"kuguan@bb.c";user_id|s:1:"7";old_last_login|s:10:"1472628012";'),
('b41ec54f13907e61c3b9e9a3ddb6cdc220cf3e88', '127.0.0.1', 1472658219, '__ci_last_regenerate|i:1472655833;code|s:4:"4yxS";identity|s:12:"jingli-demo1";username|s:12:"jingli-demo1";email|s:5:"a@a.c";user_id|s:1:"3";old_last_login|s:10:"1472604007";csrfkey|s:8:"SRBiV0wN";__ci_vars|a:3:{s:7:"csrfkey";s:3:"old";s:9:"csrfvalue";s:3:"old";s:7:"success";s:3:"new";}csrfvalue|s:20:"nJh0TRy5suxSz6jYCfda";success|s:35:"å·²ç”³è¯·æé‡‘ï¼å®¢æˆ·: é›·å°ç±³";'),
('7fd53d9446deebfb6dfe9b4576f7f8568765b47f', '127.0.0.1', 1472656827, '__ci_last_regenerate|i:1472655936;code|s:4:"VAs7";identity|s:12:"kuguan-demo1";username|s:12:"kuguan-demo1";email|s:11:"kuguan@bb.c";user_id|s:1:"7";old_last_login|s:10:"1472628012";csrfkey|s:8:"RHwu15jZ";__ci_vars|a:2:{s:7:"csrfkey";s:3:"old";s:9:"csrfvalue";s:3:"old";}csrfvalue|s:20:"dSYExsVOue0Xw2N3MKaP";'),
('992f28adebd96ee4ea2abe10d2ccd855949a2918', '127.0.0.1', 1472657122, '__ci_last_regenerate|i:1472656845;code|s:4:"VAs7";identity|s:12:"kuguan-demo1";username|s:12:"kuguan-demo1";email|s:11:"kuguan@bb.c";user_id|s:1:"7";old_last_login|s:10:"1472628012";csrfkey|s:8:"ImEMAN5B";__ci_vars|a:2:{s:7:"csrfkey";s:3:"old";s:9:"csrfvalue";s:3:"old";}csrfvalue|s:20:"xdsvpPGuH8yrBhgCmAlt";'),
('e8b28540c9558d6ab0b32ddf39f511ce230f11c1', '127.0.0.1', 1472657578, '__ci_last_regenerate|i:1472657324;code|s:4:"VAs7";identity|s:12:"kuguan-demo1";username|s:12:"kuguan-demo1";email|s:11:"kuguan@bb.c";user_id|s:1:"7";old_last_login|s:10:"1472628012";csrfkey|s:8:"6Ygsy71n";__ci_vars|a:2:{s:7:"csrfkey";s:3:"old";s:9:"csrfvalue";s:3:"old";}csrfvalue|s:20:"2wL7mix4chVo8k6Qrna1";'),
('3b41929432700805a817f3de8d46300098aaa0cd', '127.0.0.1', 1472657907, '__ci_last_regenerate|i:1472657689;code|s:4:"VAs7";identity|s:12:"kuguan-demo1";username|s:12:"kuguan-demo1";email|s:11:"kuguan@bb.c";user_id|s:1:"7";old_last_login|s:10:"1472628012";csrfkey|s:8:"C6qBxLNA";__ci_vars|a:2:{s:7:"csrfkey";s:3:"old";s:9:"csrfvalue";s:3:"old";}csrfvalue|s:20:"aPAJdY5knBm2pO9SXIGx";'),
('bd94ea49bc4af8de5aba7f25a350ab1528f9f4f2', '127.0.0.1', 1472658316, '__ci_last_regenerate|i:1472658015;code|s:4:"VAs7";identity|s:12:"kuguan-demo1";username|s:12:"kuguan-demo1";email|s:11:"kuguan@bb.c";user_id|s:1:"7";old_last_login|s:10:"1472628012";'),
('27de570b0fc0d1997bf4747166a6970cf2f439f3', '127.0.0.1', 1472659611, '__ci_last_regenerate|i:1472658221;code|s:4:"4yxS";identity|s:12:"jingli-demo1";username|s:12:"jingli-demo1";email|s:5:"a@a.c";user_id|s:1:"3";old_last_login|s:10:"1472604007";'),
('d2ee032ccdd83881e2d4f52271c8160bd7681e23', '127.0.0.1', 1472659707, '__ci_last_regenerate|i:1472658403;code|s:4:"VAs7";identity|s:12:"kuguan-demo1";username|s:12:"kuguan-demo1";email|s:11:"kuguan@bb.c";user_id|s:1:"7";old_last_login|s:10:"1472628012";'),
('b118c61ddf4549b6136fb4400c52f072cf497b4c', '127.0.0.1', 1472661561, '__ci_last_regenerate|i:1472659008;code|s:4:"GVhT";identity|s:10:"admin-root";username|s:10:"admin-root";email|s:15:"admin@admin.com";user_id|s:1:"1";old_last_login|s:10:"1472630964";'),
('6245f72503cf8450ff9c03030db2ae75233c3f5d', '127.0.0.1', 1472661053, '__ci_last_regenerate|i:1472659613;code|s:4:"SFQV";identity|s:12:"dengji-demo1";username|s:12:"dengji-demo1";email|s:6:"b@a.cc";user_id|s:1:"5";old_last_login|s:10:"1472617718";'),
('9473c9fcf9916f3d583d20fc432d900a90c7dd9e', '127.0.0.1', 1472659945, '__ci_last_regenerate|i:1472659890;code|s:4:"4yxS";identity|s:12:"jingli-demo1";username|s:12:"jingli-demo1";email|s:5:"a@a.c";user_id|s:1:"3";old_last_login|s:10:"1472604007";'),
('6788ce13f13e7b6d74b12deb64f1eb1443d95381', '127.0.0.1', 1472660153, '__ci_last_regenerate|i:1472659951;code|s:4:"VAs7";identity|s:12:"kuguan-demo1";username|s:12:"kuguan-demo1";email|s:11:"kuguan@bb.c";user_id|s:1:"7";old_last_login|s:10:"1472628012";ajax_permission|s:51:"æ²¡æœ‰æˆæƒè®¿é—®  <br> [project/investing/booked]";__ci_vars|a:1:{s:15:"ajax_permission";s:3:"new";}'),
('b65555cfc07a8a44ee2090dbbb64f5bf6eda750f', '127.0.0.1', 1472661466, '__ci_last_regenerate|i:1472660259;code|s:4:"4yxS";identity|s:12:"jingli-demo1";username|s:12:"jingli-demo1";email|s:5:"a@a.c";user_id|s:1:"3";old_last_login|s:10:"1472604007";'),
('0e7b04d150cac1bd2e47c5c223842de15b2b3d56', '127.0.0.1', 1472661562, '__ci_last_regenerate|i:1472660361;code|s:4:"VAs7";identity|s:12:"kuguan-demo1";username|s:12:"kuguan-demo1";email|s:11:"kuguan@bb.c";user_id|s:1:"7";old_last_login|s:10:"1472628012";'),
('eac431eebdbee57e88fc6c04ff60705957f951ae', '127.0.0.1', 1472661814, '__ci_last_regenerate|i:1472661781;code|s:4:"VAs7";identity|s:12:"kuguan-demo1";username|s:12:"kuguan-demo1";email|s:11:"kuguan@bb.c";user_id|s:1:"7";old_last_login|s:10:"1472628012";'),
('13962bac96878ea7d6877b98f38818db2f5dffba', '127.0.0.1', 1472661820, '__ci_last_regenerate|i:1472661807;code|s:4:"4yxS";identity|s:12:"jingli-demo1";username|s:12:"jingli-demo1";email|s:5:"a@a.c";user_id|s:1:"3";old_last_login|s:10:"1472604007";');

-- --------------------------------------------------------

--
-- è¡¨çš„ç»“æ„ `gd_setting`
--

CREATE TABLE IF NOT EXISTS `gd_setting` (
  `setting_id` int(11) unsigned NOT NULL AUTO_INCREMENT,
  `code` varchar(64) NOT NULL DEFAULT '',
  `value` text,
  `serialized` tinyint(1) NOT NULL DEFAULT '0',
  `group` varchar(64) NOT NULL DEFAULT 'config',
  `initial` tinyint(1) NOT NULL DEFAULT '1',
  PRIMARY KEY (`setting_id`,`code`),
  KEY `option_name` (`code`),
  KEY `auto_load` (`initial`)
) ENGINE=InnoDB  DEFAULT CHARSET=utf8 AUTO_INCREMENT=35 ;

--
-- è½¬å­˜è¡¨ä¸­çš„æ•°æ® `gd_setting`
--

INSERT INTO `gd_setting` (`setting_id`, `code`, `value`, `serialized`, `group`, `initial`) VALUES
(4, 'site_name', 'Demo Site', 0, 'site', 1),
(5, 'site_keywords', 'keywords, go, here', 0, 'site', 1),
(6, 'site_description', 'Demo Site description', 0, 'site', 1),
(7, 'site_email', 'noreply@example.com', 0, 'site', 1),
(8, 'golden_price', 'a:2:{s:6:"apikey";s:16:"101ae9aa1007ce6d";s:6:"apiurl";s:34:"http://api.jisuapi.com/gold/shgold";}', 1, 'api', 1),
(9, 'investing_privacy', '2', 0, 'project', 1),
(10, 'investing_initial', '1', 0, 'project', 1),
(11, 'recycling_privacy', '3', 0, 'project', 1),
(12, 'recycling_initial', '1', 0, 'project', 1),
(13, 'profit_weight', '6', 0, 'project', 1),
(14, 'investing_checked', '2', 0, 'project', 1),
(15, 'investing_confirmed', '3', 0, 'project', 1),
(16, 'investing_expired', '4', 0, 'project', 1),
(17, 'investing_lacking', '6', 0, 'project', 1),
(18, 'investing_refused', '7', 0, 'project', 1),
(19, 'investing_terminated', '8', 0, 'project', 1),
(20, 'investing_finished', '6', 0, 'project', 1),
(21, 'investing_applied', '5', 0, 'project', 1),
(25, 'recycling_checked', '2', 0, 'project', 1),
(26, 'recycling_confirmed', '3', 0, 'project', 1),
(30, 'recycling_refused', '5', 0, 'project', 1),
(31, 'recycling_terminated', '6', 0, 'project', 1),
(32, 'order_percent', '30', 0, 'project', 1),
(33, 'recycling_growing', '4', 0, 'project', 1),
(34, 'gold_growing', 'season', 0, 'project', 1);

-- --------------------------------------------------------

--
-- è¡¨çš„ç»“æ„ `gd_worker`
--

CREATE TABLE IF NOT EXISTS `gd_worker` (
  `id` int(11) unsigned NOT NULL AUTO_INCREMENT,
  `username` varchar(32) DEFAULT NULL,
  `realname` varchar(32) NOT NULL,
  `avatar` varchar(256) DEFAULT NULL,
  `password` varchar(255) NOT NULL,
  `salt` varchar(255) DEFAULT NULL,
  `email` varchar(100) NOT NULL,
  `remember_code` varchar(40) DEFAULT NULL,
  `addtime` int(11) NOT NULL DEFAULT '0',
  `last_login` int(11) DEFAULT '0',
  `last_ip` char(15) NOT NULL,
  `status` tinyint(1) DEFAULT '1',
  `phone` varchar(20) DEFAULT NULL,
  PRIMARY KEY (`id`)
) ENGINE=InnoDB  DEFAULT CHARSET=utf8 AUTO_INCREMENT=13 ;

--
-- è½¬å­˜è¡¨ä¸­çš„æ•°æ® `gd_worker`
--

INSERT INTO `gd_worker` (`id`, `username`, `realname`, `avatar`, `password`, `salt`, `email`, `remember_code`, `addtime`, `last_login`, `last_ip`, `status`, `phone`) VALUES
(1, 'admin-root', 'ç®¡ç†å‘˜', 'public/images/avatar/121034209220f1.jpg', '$2a$07$SeBknntpZror9uyftVopmu61qg0ms8Qv1yV6FG.kQOSM.9QhmTo36', '', 'admin@admin.com', NULL, 1469999823, 1472649633, '127.0.0.1', 1, ''),
(2, 'zhujingxiu', 'æœ±æ™¯ä¿®', NULL, '$2y$08$QQOBCnHUhFTH/CjeWztJGOOfAz2xuqSki7P2qn5/WojZQvXc10NAK', NULL, 'zhujingxiu@hotmail.com', NULL, 1470736567, 1470736771, '127.0.0.1', 1, '18850911766'),
(3, 'jingli-demo1', 'ç»ç†æµ‹è¯•A', 'public/images/avatar/avatar2.png', '$2y$08$k1dyXUI7CRYqc/CpH9UT0ONk93y3sP7EQ5Jdcr/lvOoUE4Tob05Oe', NULL, 'a@a.c', NULL, 1471598448, 1472646128, '127.0.0.1', 1, ''),
(4, 'jingli-demo2', 'ç»ç†æµ‹è¯•B', 'public/images/avatar/user1-128x128.jpg', '$2y$08$1gGt5kfd2/S0WGDZNt6PMu8bj1WBhiww4AgNx4TJSRrJaiQ7jV4gu', NULL, 'a@a.cc', NULL, 1471598720, 1472277405, '127.0.0.1', 1, ''),
(5, 'dengji-demo1', 'ç™»è®°æµ‹è¯•A', 'public/images/avatar/avatar1.png', '$2y$08$YHzCZKpn3DYoZWYfE4UD4.7KSke2QaVc5Ou04ljhRNZn5sDqc7QF2', NULL, 'b@a.cc', NULL, 1471598889, 1472646587, '127.0.0.1', 1, ''),
(6, 'dengji-demo2', 'å½•å•æµ‹è¯•B', 'public/images/avatar/user3-128x128.jpg', '$2y$08$7JByOlb/P/L.c8P.mqeMX.N7qSiLGBWyx3YWA44wUDkAMY0rGKtQS', NULL, 'ludan@b.cc', NULL, 1471598958, 1472269180, '127.0.0.1', 1, ''),
(7, 'kuguan-demo1', 'åº“ç®¡æµ‹è¯•A', 'public/images/avatar/user4-128x128.jpg', '$2y$08$SuuFWJ0sZL2z.SZDLaTX3Od/bkVZ04Ax1fc1SmDtoVf8X0XjuRuJO', NULL, 'kuguan@bb.c', NULL, 1471599005, 1472647853, '127.0.0.1', 1, ''),
(8, 'kuguan-demo2', 'åº“ç®¡æµ‹è¯•B', 'public/images/avatar/user5-128x128.jpg', '$2y$08$18MwNqHD5QKE/M2xcF4NXuLScN67KrGQfBCfXPEEEM/W5PNC/5/5G', NULL, 'kuguan@a.cc', NULL, 1471599054, 1472280758, '127.0.0.1', 1, ''),
(9, 'jianding-demo1', 'é‰´å®šäººA', 'public/images/avatar/user8-128x128.jpg', '$2y$08$GqumJcWGIEa25v1OB3i5M.k8Vgxg99kuKXpGsUs5ZzQiUIp.Qer5G', NULL, 'jianding@g.cc', NULL, 1471599152, 0, '127.0.0.1', 1, ''),
(10, 'jianding-demo2', 'é‰´å®šäººB', 'public/images/avatar/user7-128x128.jpg', '$2y$08$kPYhqg2giK0IhN5v6WS4WuMQvXq0m0gpF6Cx.xAR4..dsxS9UmNDG', NULL, 'admin@admin.com', NULL, 1471599225, 0, '127.0.0.1', 1, ''),
(11, 'all-demo1', 'ç»¼åˆè´¦æˆ·', 'public/images/avatar/user2-160x160.jpg', '$2y$08$bnDehV48c1sDsmwPNmmTHOdMMxUE1MHNGItvkmvL7CC2G20doVhcq', NULL, 'all@b.cc', NULL, 1471599856, 1471600479, '127.0.0.1', 1, ''),
(12, 'zhujingxiu1', 'æœ±æ™¯ä¿®2', NULL, '$2y$08$QQOBCnHUhFTH/CjeWztJGOOfAz2xuqSki7P2qn5/WojZQvXc10NAK', NULL, 'zhujingxiu@hotmail.com', NULL, 1470736567, 1470736771, '127.0.0.1', 1, '18850911766');

-- --------------------------------------------------------

--
-- è¡¨çš„ç»“æ„ `gd_worker_activity`
--

CREATE TABLE IF NOT EXISTS `gd_worker_activity` (
  `activity_id` int(11) NOT NULL AUTO_INCREMENT,
  `worker_id` int(11) NOT NULL DEFAULT '0',
  `content` varchar(256) COLLATE utf8_unicode_ci DEFAULT NULL,
  `addtime` int(11) NOT NULL,
  PRIMARY KEY (`activity_id`)
) ENGINE=InnoDB  DEFAULT CHARSET=utf8 COLLATE=utf8_unicode_ci AUTO_INCREMENT=361 ;

--
-- è½¬å­˜è¡¨ä¸­çš„æ•°æ® `gd_worker_activity`
--

INSERT INTO `gd_worker_activity` (`activity_id`, `worker_id`, `content`, `addtime`) VALUES
(1, 1, 'SELECT COUNT(*) AS `numrows`', 1472186284),
(2, 1, 'SELECT COUNT(*) AS `numrows`\nFROM `gd_golden_price`\nWHERE `date` = ''2016-08-25''', 1472186366),
(3, 1, 'SELECT COUNT(*) AS `numrows`', 1472194969),
(4, 1, 'SELECT COUNT(*) AS `numrows`', 1472194969),
(5, 1, 'SELECT COUNT(*) AS `numrows`', 1472194969),
(6, 1, 'SELECT COUNT(*) AS `numrows`', 1472194969),
(7, 1, 'SELECT COUNT(*) AS `numrows`', 1472194969),
(8, 1, 'SELECT COUNT(*) AS `numrows`', 1472194969),
(9, 1, 'SELECT COUNT(*) AS `numrows`', 1472194969),
(10, 1, 'SELECT COUNT(*) AS `numrows`', 1472194969),
(11, 1, 'SELECT COUNT(*) AS `numrows`', 1472194969),
(12, 1, 'SELECT COUNT(*) AS `numrows`', 1472194969),
(13, 1, 'SELECT COUNT(*) AS `numrows`', 1472194969),
(14, 1, 'SELECT COUNT(*) AS `numrows`', 1472194999),
(15, 1, 'SELECT COUNT(*) AS `numrows`', 1472194999),
(16, 1, 'SELECT COUNT(*) AS `numrows`', 1472194999),
(17, 1, 'SELECT COUNT(*) AS `numrows`', 1472194999),
(18, 1, 'SELECT COUNT(*) AS `numrows`', 1472194999),
(19, 1, 'SELECT COUNT(*) AS `numrows`', 1472194999),
(20, 1, 'SELECT COUNT(*) AS `numrows`', 1472194999),
(21, 1, 'SELECT COUNT(*) AS `numrows`', 1472194999),
(22, 1, 'SELECT COUNT(*) AS `numrows`', 1472194999),
(23, 1, 'SELECT COUNT(*) AS `numrows`', 1472194999),
(24, 1, 'SELECT COUNT(*) AS `numrows`', 1472194999),
(25, 1, 'SELECT COUNT(*) AS `numrows`', 1472195029),
(26, 1, 'SELECT COUNT(*) AS `numrows`', 1472195029),
(27, 1, 'SELECT COUNT(*) AS `numrows`', 1472195029),
(28, 1, 'SELECT COUNT(*) AS `numrows`', 1472195029),
(29, 1, 'SELECT COUNT(*) AS `numrows`', 1472195029),
(30, 1, 'SELECT COUNT(*) AS `numrows`', 1472195029),
(31, 1, 'SELECT COUNT(*) AS `numrows`', 1472195029),
(32, 1, 'SELECT COUNT(*) AS `numrows`', 1472195029),
(33, 1, 'SELECT COUNT(*) AS `numrows`', 1472195029),
(34, 1, 'SELECT COUNT(*) AS `numrows`', 1472195029),
(35, 1, 'SELECT COUNT(*) AS `numrows`', 1472195029),
(36, 1, 'SELECT COUNT(*) AS `numrows`', 1472195059),
(37, 1, 'SELECT COUNT(*) AS `numrows`', 1472195059),
(38, 1, 'SELECT COUNT(*) AS `numrows`', 1472195059),
(39, 1, 'SELECT COUNT(*) AS `numrows`', 1472195059),
(40, 1, 'SELECT COUNT(*) AS `numrows`', 1472195059),
(41, 1, 'SELECT COUNT(*) AS `numrows`', 1472195059),
(42, 1, 'SELECT COUNT(*) AS `numrows`', 1472195059),
(43, 1, 'SELECT COUNT(*) AS `numrows`', 1472195059),
(44, 1, 'SELECT COUNT(*) AS `numrows`', 1472195059),
(45, 1, 'SELECT COUNT(*) AS `numrows`', 1472195059),
(46, 1, 'SELECT COUNT(*) AS `numrows`', 1472195059),
(47, 1, 'SELECT COUNT(*) AS `numrows`', 1472195089),
(48, 1, 'SELECT COUNT(*) AS `numrows`', 1472195089),
(49, 1, 'SELECT COUNT(*) AS `numrows`', 1472195089),
(50, 1, 'SELECT COUNT(*) AS `numrows`', 1472195089),
(51, 1, 'SELECT COUNT(*) AS `numrows`', 1472195089),
(52, 1, 'SELECT COUNT(*) AS `numrows`', 1472195089),
(53, 1, 'SELECT COUNT(*) AS `numrows`', 1472195089),
(54, 1, 'SELECT COUNT(*) AS `numrows`', 1472195089),
(55, 1, 'SELECT COUNT(*) AS `numrows`', 1472195089),
(56, 1, 'SELECT COUNT(*) AS `numrows`', 1472195089),
(57, 1, 'SELECT COUNT(*) AS `numrows`', 1472195089),
(58, 1, 'SELECT COUNT(*) AS `numrows`', 1472195119),
(59, 1, 'SELECT COUNT(*) AS `numrows`', 1472195119),
(60, 1, 'SELECT COUNT(*) AS `numrows`', 1472195119),
(61, 1, 'SELECT COUNT(*) AS `numrows`', 1472195119),
(62, 1, 'SELECT COUNT(*) AS `numrows`', 1472195119),
(63, 1, 'SELECT COUNT(*) AS `numrows`', 1472195119),
(64, 1, 'SELECT COUNT(*) AS `numrows`', 1472195119),
(65, 1, 'SELECT COUNT(*) AS `numrows`', 1472195119),
(66, 1, 'SELECT COUNT(*) AS `numrows`', 1472195119),
(67, 1, 'SELECT COUNT(*) AS `numrows`', 1472195119),
(68, 1, 'SELECT COUNT(*) AS `numrows`', 1472195119),
(69, 1, 'SELECT COUNT(*) AS `numrows`', 1472195149),
(70, 1, 'SELECT COUNT(*) AS `numrows`', 1472195149),
(71, 1, 'SELECT COUNT(*) AS `numrows`', 1472195149),
(72, 1, 'SELECT COUNT(*) AS `numrows`', 1472195149),
(73, 1, 'SELECT COUNT(*) AS `numrows`', 1472195149),
(74, 1, 'SELECT COUNT(*) AS `numrows`', 1472195149),
(75, 1, 'SELECT COUNT(*) AS `numrows`', 1472195149),
(76, 1, 'SELECT COUNT(*) AS `numrows`', 1472195149),
(77, 1, 'SELECT COUNT(*) AS `numrows`', 1472195149),
(78, 1, 'SELECT COUNT(*) AS `numrows`', 1472195149),
(79, 1, 'SELECT COUNT(*) AS `numrows`', 1472195149),
(80, 1, 'SELECT COUNT(*) AS `numrows`', 1472195178),
(81, 1, 'SELECT COUNT(*) AS `numrows`', 1472195178),
(82, 1, 'SELECT COUNT(*) AS `numrows`', 1472195178),
(83, 1, 'SELECT COUNT(*) AS `numrows`', 1472195178),
(84, 1, 'SELECT COUNT(*) AS `numrows`', 1472195178),
(85, 1, 'SELECT COUNT(*) AS `numrows`', 1472195178),
(86, 1, 'SELECT COUNT(*) AS `numrows`', 1472195178),
(87, 1, 'SELECT COUNT(*) AS `numrows`', 1472195178),
(88, 1, 'SELECT COUNT(*) AS `numrows`', 1472195178),
(89, 1, 'SELECT COUNT(*) AS `numrows`', 1472195178),
(90, 1, 'SELECT COUNT(*) AS `numrows`', 1472195178),
(91, 1, 'SELECT COUNT(*) AS `numrows`', 1472195208),
(92, 1, 'SELECT COUNT(*) AS `numrows`', 1472195208),
(93, 1, 'SELECT COUNT(*) AS `numrows`', 1472195208),
(94, 1, 'SELECT COUNT(*) AS `numrows`', 1472195208),
(95, 1, 'SELECT COUNT(*) AS `numrows`', 1472195208),
(96, 1, 'SELECT COUNT(*) AS `numrows`', 1472195208),
(97, 1, 'SELECT COUNT(*) AS `numrows`', 1472195208),
(98, 1, 'SELECT COUNT(*) AS `numrows`', 1472195208),
(99, 1, 'SELECT COUNT(*) AS `numrows`', 1472195208),
(100, 1, 'SELECT COUNT(*) AS `numrows`', 1472195208),
(101, 1, 'SELECT COUNT(*) AS `numrows`', 1472195208),
(102, 1, 'SELECT COUNT(*) AS `numrows`', 1472195238),
(103, 1, 'SELECT COUNT(*) AS `numrows`', 1472195238),
(104, 1, 'SELECT COUNT(*) AS `numrows`', 1472195238),
(105, 1, 'SELECT COUNT(*) AS `numrows`', 1472195238),
(106, 1, 'SELECT COUNT(*) AS `numrows`', 1472195238),
(107, 1, 'SELECT COUNT(*) AS `numrows`', 1472195238),
(108, 1, 'SELECT COUNT(*) AS `numrows`', 1472195238),
(109, 1, 'SELECT COUNT(*) AS `numrows`', 1472195238),
(110, 1, 'SELECT COUNT(*) AS `numrows`', 1472195238),
(111, 1, 'SELECT COUNT(*) AS `numrows`', 1472195238),
(112, 1, 'SELECT COUNT(*) AS `numrows`', 1472195238),
(113, 1, 'SELECT COUNT(*) AS `numrows`', 1472195268),
(114, 1, 'SELECT COUNT(*) AS `numrows`', 1472195268),
(115, 1, 'SELECT COUNT(*) AS `numrows`', 1472195268),
(116, 1, 'SELECT COUNT(*) AS `numrows`', 1472195268),
(117, 1, 'SELECT COUNT(*) AS `numrows`', 1472195268),
(118, 1, 'SELECT COUNT(*) AS `numrows`', 1472195268),
(119, 1, 'SELECT COUNT(*) AS `numrows`', 1472195268),
(120, 1, 'SELECT COUNT(*) AS `numrows`', 1472195268),
(121, 1, 'SELECT COUNT(*) AS `numrows`', 1472195268),
(122, 1, 'SELECT COUNT(*) AS `numrows`', 1472195268),
(123, 1, 'SELECT COUNT(*) AS `numrows`', 1472195268),
(124, 1, 'SELECT COUNT(*) AS `numrows`', 1472195298),
(125, 1, 'SELECT COUNT(*) AS `numrows`', 1472195298),
(126, 1, 'SELECT COUNT(*) AS `numrows`', 1472195298),
(127, 1, 'SELECT COUNT(*) AS `numrows`', 1472195298),
(128, 1, 'SELECT COUNT(*) AS `numrows`', 1472195298),
(129, 1, 'SELECT COUNT(*) AS `numrows`', 1472195298),
(130, 1, 'SELECT COUNT(*) AS `numrows`', 1472195298),
(131, 1, 'SELECT COUNT(*) AS `numrows`', 1472195298),
(132, 1, 'SELECT COUNT(*) AS `numrows`', 1472195298),
(133, 1, 'SELECT COUNT(*) AS `numrows`', 1472195298),
(134, 1, 'SELECT COUNT(*) AS `numrows`', 1472195298),
(135, 1, 'SELECT COUNT(*) AS `numrows`', 1472195329),
(136, 1, 'SELECT COUNT(*) AS `numrows`', 1472195329),
(137, 1, 'SELECT COUNT(*) AS `numrows`', 1472195329),
(138, 1, 'SELECT COUNT(*) AS `numrows`', 1472195329),
(139, 1, 'SELECT COUNT(*) AS `numrows`', 1472195329),
(140, 1, 'SELECT COUNT(*) AS `numrows`', 1472195329),
(141, 1, 'SELECT COUNT(*) AS `numrows`', 1472195329),
(142, 1, 'SELECT COUNT(*) AS `numrows`', 1472195329),
(143, 1, 'SELECT COUNT(*) AS `numrows`', 1472195329),
(144, 1, 'SELECT COUNT(*) AS `numrows`', 1472195329),
(145, 1, 'SELECT COUNT(*) AS `numrows`', 1472195329),
(146, 1, 'SELECT COUNT(*) AS `numrows`\nFROM `gd_golden_today`\nWHERE `updatetime` = 1472190237\nAND `type` = ''Au(T+D)''', 1472195359),
(147, 1, 'SELECT COUNT(*) AS `numrows`\nFROM `gd_golden_today`\nWHERE `updatetime` = 1472190233\nAND `type` = ''Au99.99''', 1472195359),
(148, 1, 'SELECT COUNT(*) AS `numrows`\nFROM `gd_golden_today`\nWHERE `updatetime` = 1472190237\nAND `type` = ''mAu(T+D)''', 1472195359),
(149, 1, 'SELECT COUNT(*) AS `numrows`\nFROM `gd_golden_today`\nWHERE `updatetime` = 1472190232\nAND `type` = ''Au(T+N2)''', 1472195359),
(150, 1, 'SELECT COUNT(*) AS `numrows`\nFROM `gd_golden_today`\nWHERE `updatetime` = 1472190158\nAND `type` = ''Au99.95''', 1472195359),
(151, 1, 'SELECT COUNT(*) AS `numrows`\nFROM `gd_golden_today`\nWHERE `updatetime` = 1472189752\nAND `type` = ''Pt99.95''', 1472195359),
(152, 1, 'SELECT COUNT(*) AS `numrows`\nFROM `gd_golden_today`\nWHERE `updatetime` = 1472190233\nAND `type` = ''Au(T+N1)''', 1472195359),
(153, 1, 'SELECT COUNT(*) AS `numrows`\nFROM `gd_golden_today`\nWHERE `updatetime` = 1472190063\nAND `type` = ''Au100g''', 1472195359),
(154, 1, 'SELECT COUNT(*) AS `numrows`\nFROM `gd_golden_today`\nWHERE `updatetime` = 1472190224\nAND `type` = ''iAu99.99''', 1472195359),
(155, 1, 'SELECT COUNT(*) AS `numrows`\nFROM `gd_golden_today`\nWHERE `updatetime` = 1472145654\nAND `type` = ''iAu100g''', 1472195359),
(156, 1, 'SELECT COUNT(*) AS `numrows`\nFROM `gd_golden_today`\nWHERE `updatetime` = 1472125226\nAND `type` = ''iAu99.5''', 1472195359),
(157, 1, 'SELECT COUNT(*) AS `numrows`\nFROM `gd_golden_today`\nWHERE `updatetime` = 1472190237\nAND `type` = ''Au(T+D)''', 1472195389),
(158, 1, 'SELECT COUNT(*) AS `numrows`\nFROM `gd_golden_today`\nWHERE `updatetime` = 1472190233\nAND `type` = ''Au99.99''', 1472195389),
(159, 1, 'SELECT COUNT(*) AS `numrows`\nFROM `gd_golden_today`\nWHERE `updatetime` = 1472190237\nAND `type` = ''mAu(T+D)''', 1472195389),
(160, 1, 'SELECT COUNT(*) AS `numrows`\nFROM `gd_golden_today`\nWHERE `updatetime` = 1472190232\nAND `type` = ''Au(T+N2)''', 1472195389),
(161, 1, 'SELECT COUNT(*) AS `numrows`\nFROM `gd_golden_today`\nWHERE `updatetime` = 1472190158\nAND `type` = ''Au99.95''', 1472195389),
(162, 1, 'SELECT COUNT(*) AS `numrows`\nFROM `gd_golden_today`\nWHERE `updatetime` = 1472189752\nAND `type` = ''Pt99.95''', 1472195389),
(163, 1, 'SELECT COUNT(*) AS `numrows`\nFROM `gd_golden_today`\nWHERE `updatetime` = 1472190233\nAND `type` = ''Au(T+N1)''', 1472195389),
(164, 1, 'SELECT COUNT(*) AS `numrows`\nFROM `gd_golden_today`\nWHERE `updatetime` = 1472190063\nAND `type` = ''Au100g''', 1472195389),
(165, 1, 'SELECT COUNT(*) AS `numrows`\nFROM `gd_golden_today`\nWHERE `updatetime` = 1472190224\nAND `type` = ''iAu99.99''', 1472195389),
(166, 1, 'SELECT COUNT(*) AS `numrows`\nFROM `gd_golden_today`\nWHERE `updatetime` = 1472145654\nAND `type` = ''iAu100g''', 1472195389),
(167, 1, 'SELECT COUNT(*) AS `numrows`\nFROM `gd_golden_today`\nWHERE `updatetime` = 1472125226\nAND `type` = ''iAu99.5''', 1472195389),
(168, 1, 'SELECT COUNT(*) AS `numrows`\nFROM `gd_golden_today`\nWHERE `updatetime` = 1472190237\nAND `type` = ''Au(T+D)''', 1472195419),
(169, 1, 'SELECT COUNT(*) AS `numrows`\nFROM `gd_golden_today`\nWHERE `updatetime` = 1472190233\nAND `type` = ''Au99.99''', 1472195419),
(170, 1, 'SELECT COUNT(*) AS `numrows`\nFROM `gd_golden_today`\nWHERE `updatetime` = 1472190237\nAND `type` = ''mAu(T+D)''', 1472195419),
(171, 1, 'SELECT COUNT(*) AS `numrows`\nFROM `gd_golden_today`\nWHERE `updatetime` = 1472190232\nAND `type` = ''Au(T+N2)''', 1472195419),
(172, 1, 'SELECT COUNT(*) AS `numrows`\nFROM `gd_golden_today`\nWHERE `updatetime` = 1472190158\nAND `type` = ''Au99.95''', 1472195419),
(173, 1, 'SELECT COUNT(*) AS `numrows`\nFROM `gd_golden_today`\nWHERE `updatetime` = 1472189752\nAND `type` = ''Pt99.95''', 1472195419),
(174, 1, 'SELECT COUNT(*) AS `numrows`\nFROM `gd_golden_today`\nWHERE `updatetime` = 1472190233\nAND `type` = ''Au(T+N1)''', 1472195419),
(175, 1, 'SELECT COUNT(*) AS `numrows`\nFROM `gd_golden_today`\nWHERE `updatetime` = 1472190063\nAND `type` = ''Au100g''', 1472195419),
(176, 1, 'SELECT COUNT(*) AS `numrows`\nFROM `gd_golden_today`\nWHERE `updatetime` = 1472190224\nAND `type` = ''iAu99.99''', 1472195419),
(177, 1, 'SELECT COUNT(*) AS `numrows`\nFROM `gd_golden_today`\nWHERE `updatetime` = 1472145654\nAND `type` = ''iAu100g''', 1472195419),
(178, 1, 'SELECT COUNT(*) AS `numrows`\nFROM `gd_golden_today`\nWHERE `updatetime` = 1472125226\nAND `type` = ''iAu99.5''', 1472195419),
(179, 1, 'SELECT COUNT(*) AS `numrows`\nFROM `gd_golden_today`\nWHERE `updatetime` = 1472190237\nAND `type` = ''Au(T+D)''', 1472195449),
(180, 1, 'SELECT COUNT(*) AS `numrows`\nFROM `gd_golden_today`\nWHERE `updatetime` = 1472190233\nAND `type` = ''Au99.99''', 1472195449),
(181, 1, 'SELECT COUNT(*) AS `numrows`\nFROM `gd_golden_today`\nWHERE `updatetime` = 1472190237\nAND `type` = ''mAu(T+D)''', 1472195449),
(182, 1, 'SELECT COUNT(*) AS `numrows`\nFROM `gd_golden_today`\nWHERE `updatetime` = 1472190232\nAND `type` = ''Au(T+N2)''', 1472195449),
(183, 1, 'SELECT COUNT(*) AS `numrows`\nFROM `gd_golden_today`\nWHERE `updatetime` = 1472190158\nAND `type` = ''Au99.95''', 1472195449),
(184, 1, 'SELECT COUNT(*) AS `numrows`\nFROM `gd_golden_today`\nWHERE `updatetime` = 1472189752\nAND `type` = ''Pt99.95''', 1472195449),
(185, 1, 'SELECT COUNT(*) AS `numrows`\nFROM `gd_golden_today`\nWHERE `updatetime` = 1472190233\nAND `type` = ''Au(T+N1)''', 1472195449),
(186, 1, 'SELECT COUNT(*) AS `numrows`\nFROM `gd_golden_today`\nWHERE `updatetime` = 1472190063\nAND `type` = ''Au100g''', 1472195449),
(187, 1, 'SELECT COUNT(*) AS `numrows`\nFROM `gd_golden_today`\nWHERE `updatetime` = 1472190224\nAND `type` = ''iAu99.99''', 1472195449),
(188, 1, 'SELECT COUNT(*) AS `numrows`\nFROM `gd_golden_today`\nWHERE `updatetime` = 1472145654\nAND `type` = ''iAu100g''', 1472195449),
(189, 1, 'SELECT COUNT(*) AS `numrows`\nFROM `gd_golden_today`\nWHERE `updatetime` = 1472125226\nAND `type` = ''iAu99.5''', 1472195449),
(190, 1, 'SELECT COUNT(*) AS `numrows`\nFROM `gd_golden_today`\nWHERE `updatetime` = 1472190237\nAND `type` = ''Au(T+D)''', 1472195479),
(191, 1, 'SELECT COUNT(*) AS `numrows`\nFROM `gd_golden_today`\nWHERE `updatetime` = 1472190233\nAND `type` = ''Au99.99''', 1472195479),
(192, 1, 'SELECT COUNT(*) AS `numrows`\nFROM `gd_golden_today`\nWHERE `updatetime` = 1472190237\nAND `type` = ''mAu(T+D)''', 1472195479),
(193, 1, 'SELECT COUNT(*) AS `numrows`\nFROM `gd_golden_today`\nWHERE `updatetime` = 1472190232\nAND `type` = ''Au(T+N2)''', 1472195479),
(194, 1, 'SELECT COUNT(*) AS `numrows`\nFROM `gd_golden_today`\nWHERE `updatetime` = 1472190158\nAND `type` = ''Au99.95''', 1472195479),
(195, 1, 'SELECT COUNT(*) AS `numrows`\nFROM `gd_golden_today`\nWHERE `updatetime` = 1472189752\nAND `type` = ''Pt99.95''', 1472195479),
(196, 1, 'SELECT COUNT(*) AS `numrows`\nFROM `gd_golden_today`\nWHERE `updatetime` = 1472190233\nAND `type` = ''Au(T+N1)''', 1472195479),
(197, 1, 'SELECT COUNT(*) AS `numrows`\nFROM `gd_golden_today`\nWHERE `updatetime` = 1472190063\nAND `type` = ''Au100g''', 1472195479),
(198, 1, 'SELECT COUNT(*) AS `numrows`\nFROM `gd_golden_today`\nWHERE `updatetime` = 1472190224\nAND `type` = ''iAu99.99''', 1472195479),
(199, 1, 'SELECT COUNT(*) AS `numrows`\nFROM `gd_golden_today`\nWHERE `updatetime` = 1472145654\nAND `type` = ''iAu100g''', 1472195479),
(200, 1, 'SELECT COUNT(*) AS `numrows`\nFROM `gd_golden_today`\nWHERE `updatetime` = 1472125226\nAND `type` = ''iAu99.5''', 1472195479),
(201, 1, 'SELECT COUNT(*) AS `numrows`\nFROM `gd_golden_today`\nWHERE `updatetime` = 1472190237\nAND `type` = ''Au(T+D)''', 1472195508),
(202, 1, 'SELECT COUNT(*) AS `numrows`\nFROM `gd_golden_today`\nWHERE `updatetime` = 1472190233\nAND `type` = ''Au99.99''', 1472195508),
(203, 1, 'SELECT COUNT(*) AS `numrows`\nFROM `gd_golden_today`\nWHERE `updatetime` = 1472190237\nAND `type` = ''mAu(T+D)''', 1472195508),
(204, 1, 'SELECT COUNT(*) AS `numrows`\nFROM `gd_golden_today`\nWHERE `updatetime` = 1472190232\nAND `type` = ''Au(T+N2)''', 1472195508),
(205, 1, 'SELECT COUNT(*) AS `numrows`\nFROM `gd_golden_today`\nWHERE `updatetime` = 1472190158\nAND `type` = ''Au99.95''', 1472195508),
(206, 1, 'SELECT COUNT(*) AS `numrows`\nFROM `gd_golden_today`\nWHERE `updatetime` = 1472189752\nAND `type` = ''Pt99.95''', 1472195508),
(207, 1, 'SELECT COUNT(*) AS `numrows`\nFROM `gd_golden_today`\nWHERE `updatetime` = 1472190233\nAND `type` = ''Au(T+N1)''', 1472195508),
(208, 1, 'SELECT COUNT(*) AS `numrows`\nFROM `gd_golden_today`\nWHERE `updatetime` = 1472190063\nAND `type` = ''Au100g''', 1472195508),
(209, 1, 'SELECT COUNT(*) AS `numrows`\nFROM `gd_golden_today`\nWHERE `updatetime` = 1472190224\nAND `type` = ''iAu99.99''', 1472195508),
(210, 1, 'SELECT COUNT(*) AS `numrows`\nFROM `gd_golden_today`\nWHERE `updatetime` = 1472145654\nAND `type` = ''iAu100g''', 1472195508),
(211, 1, 'SELECT COUNT(*) AS `numrows`\nFROM `gd_golden_today`\nWHERE `updatetime` = 1472125226\nAND `type` = ''iAu99.5''', 1472195508),
(212, 1, 'SELECT COUNT(*) AS `numrows`\nFROM `gd_golden_today`\nWHERE `updatetime` = 1472190237\nAND `type` = ''Au(T+D)''', 1472195538),
(213, 1, 'SELECT COUNT(*) AS `numrows`\nFROM `gd_golden_today`\nWHERE `updatetime` = 1472190233\nAND `type` = ''Au99.99''', 1472195538),
(214, 1, 'SELECT COUNT(*) AS `numrows`\nFROM `gd_golden_today`\nWHERE `updatetime` = 1472190237\nAND `type` = ''mAu(T+D)''', 1472195538),
(215, 1, 'SELECT COUNT(*) AS `numrows`\nFROM `gd_golden_today`\nWHERE `updatetime` = 1472190232\nAND `type` = ''Au(T+N2)''', 1472195538),
(216, 1, 'SELECT COUNT(*) AS `numrows`\nFROM `gd_golden_today`\nWHERE `updatetime` = 1472190158\nAND `type` = ''Au99.95''', 1472195538),
(217, 1, 'SELECT COUNT(*) AS `numrows`\nFROM `gd_golden_today`\nWHERE `updatetime` = 1472189752\nAND `type` = ''Pt99.95''', 1472195538),
(218, 1, 'SELECT COUNT(*) AS `numrows`\nFROM `gd_golden_today`\nWHERE `updatetime` = 1472190233\nAND `type` = ''Au(T+N1)''', 1472195538),
(219, 1, 'SELECT COUNT(*) AS `numrows`\nFROM `gd_golden_today`\nWHERE `updatetime` = 1472190063\nAND `type` = ''Au100g''', 1472195538),
(220, 1, 'SELECT COUNT(*) AS `numrows`\nFROM `gd_golden_today`\nWHERE `updatetime` = 1472190224\nAND `type` = ''iAu99.99''', 1472195538),
(221, 1, 'SELECT COUNT(*) AS `numrows`\nFROM `gd_golden_today`\nWHERE `updatetime` = 1472145654\nAND `type` = ''iAu100g''', 1472195538),
(222, 1, 'SELECT COUNT(*) AS `numrows`\nFROM `gd_golden_today`\nWHERE `updatetime` = 1472125226\nAND `type` = ''iAu99.5''', 1472195538),
(223, 1, 'SELECT COUNT(*) AS `numrows`\nFROM `gd_golden_today`\nWHERE `updatetime` = 1472190237\nAND `type` = ''Au(T+D)''', 1472195568),
(224, 1, 'SELECT COUNT(*) AS `numrows`\nFROM `gd_golden_today`\nWHERE `updatetime` = 1472190233\nAND `type` = ''Au99.99''', 1472195568),
(225, 1, 'SELECT COUNT(*) AS `numrows`\nFROM `gd_golden_today`\nWHERE `updatetime` = 1472190237\nAND `type` = ''mAu(T+D)''', 1472195568),
(226, 1, 'SELECT COUNT(*) AS `numrows`\nFROM `gd_golden_today`\nWHERE `updatetime` = 1472190232\nAND `type` = ''Au(T+N2)''', 1472195568),
(227, 1, 'SELECT COUNT(*) AS `numrows`\nFROM `gd_golden_today`\nWHERE `updatetime` = 1472190158\nAND `type` = ''Au99.95''', 1472195568),
(228, 1, 'SELECT COUNT(*) AS `numrows`\nFROM `gd_golden_today`\nWHERE `updatetime` = 1472189752\nAND `type` = ''Pt99.95''', 1472195568),
(229, 1, 'SELECT COUNT(*) AS `numrows`\nFROM `gd_golden_today`\nWHERE `updatetime` = 1472190233\nAND `type` = ''Au(T+N1)''', 1472195568),
(230, 1, 'SELECT COUNT(*) AS `numrows`\nFROM `gd_golden_today`\nWHERE `updatetime` = 1472190063\nAND `type` = ''Au100g''', 1472195568),
(231, 1, 'SELECT COUNT(*) AS `numrows`\nFROM `gd_golden_today`\nWHERE `updatetime` = 1472190224\nAND `type` = ''iAu99.99''', 1472195568),
(232, 1, 'SELECT COUNT(*) AS `numrows`\nFROM `gd_golden_today`\nWHERE `updatetime` = 1472145654\nAND `type` = ''iAu100g''', 1472195568),
(233, 1, 'SELECT COUNT(*) AS `numrows`\nFROM `gd_golden_today`\nWHERE `updatetime` = 1472125226\nAND `type` = ''iAu99.5''', 1472195568),
(234, 1, 'SELECT COUNT(*) AS `numrows`\nFROM `gd_golden_today`\nWHERE `updatetime` = 1472190237\nAND `type` = ''Au(T+D)''', 1472195598),
(235, 1, 'SELECT COUNT(*) AS `numrows`\nFROM `gd_golden_today`\nWHERE `updatetime` = 1472190233\nAND `type` = ''Au99.99''', 1472195598),
(236, 1, 'SELECT COUNT(*) AS `numrows`\nFROM `gd_golden_today`\nWHERE `updatetime` = 1472190237\nAND `type` = ''mAu(T+D)''', 1472195598),
(237, 1, 'SELECT COUNT(*) AS `numrows`\nFROM `gd_golden_today`\nWHERE `updatetime` = 1472190232\nAND `type` = ''Au(T+N2)''', 1472195598),
(238, 1, 'SELECT COUNT(*) AS `numrows`\nFROM `gd_golden_today`\nWHERE `updatetime` = 1472190158\nAND `type` = ''Au99.95''', 1472195598),
(239, 1, 'SELECT COUNT(*) AS `numrows`\nFROM `gd_golden_today`\nWHERE `updatetime` = 1472189752\nAND `type` = ''Pt99.95''', 1472195598),
(240, 1, 'SELECT COUNT(*) AS `numrows`\nFROM `gd_golden_today`\nWHERE `updatetime` = 1472190233\nAND `type` = ''Au(T+N1)''', 1472195598),
(241, 1, 'SELECT COUNT(*) AS `numrows`\nFROM `gd_golden_today`\nWHERE `updatetime` = 1472190063\nAND `type` = ''Au100g''', 1472195598),
(242, 1, 'SELECT COUNT(*) AS `numrows`\nFROM `gd_golden_today`\nWHERE `updatetime` = 1472190224\nAND `type` = ''iAu99.99''', 1472195598),
(243, 1, 'SELECT COUNT(*) AS `numrows`\nFROM `gd_golden_today`\nWHERE `updatetime` = 1472145654\nAND `type` = ''iAu100g''', 1472195598),
(244, 1, 'SELECT COUNT(*) AS `numrows`\nFROM `gd_golden_today`\nWHERE `updatetime` = 1472125226\nAND `type` = ''iAu99.5''', 1472195598),
(245, 1, 'SELECT COUNT(*) AS `numrows`\nFROM `gd_golden_today`\nWHERE `updatetime` = 1472190237\nAND `type` = ''Au(T+D)''', 1472195628),
(246, 1, 'SELECT COUNT(*) AS `numrows`\nFROM `gd_golden_today`\nWHERE `updatetime` = 1472190233\nAND `type` = ''Au99.99''', 1472195628),
(247, 1, 'SELECT COUNT(*) AS `numrows`\nFROM `gd_golden_today`\nWHERE `updatetime` = 1472190237\nAND `type` = ''mAu(T+D)''', 1472195628),
(248, 1, 'SELECT COUNT(*) AS `numrows`\nFROM `gd_golden_today`\nWHERE `updatetime` = 1472190232\nAND `type` = ''Au(T+N2)''', 1472195628),
(249, 1, 'SELECT COUNT(*) AS `numrows`\nFROM `gd_golden_today`\nWHERE `updatetime` = 1472190158\nAND `type` = ''Au99.95''', 1472195628),
(250, 1, 'SELECT COUNT(*) AS `numrows`\nFROM `gd_golden_today`\nWHERE `updatetime` = 1472189752\nAND `type` = ''Pt99.95''', 1472195628),
(251, 1, 'SELECT COUNT(*) AS `numrows`\nFROM `gd_golden_today`\nWHERE `updatetime` = 1472190233\nAND `type` = ''Au(T+N1)''', 1472195628),
(252, 1, 'SELECT COUNT(*) AS `numrows`\nFROM `gd_golden_today`\nWHERE `updatetime` = 1472190063\nAND `type` = ''Au100g''', 1472195628),
(253, 1, 'SELECT COUNT(*) AS `numrows`\nFROM `gd_golden_today`\nWHERE `updatetime` = 1472190224\nAND `type` = ''iAu99.99''', 1472195628),
(254, 1, 'SELECT COUNT(*) AS `numrows`\nFROM `gd_golden_today`\nWHERE `updatetime` = 1472145654\nAND `type` = ''iAu100g''', 1472195628),
(255, 1, 'SELECT COUNT(*) AS `numrows`\nFROM `gd_golden_today`\nWHERE `updatetime` = 1472125226\nAND `type` = ''iAu99.5''', 1472195628),
(256, 1, 'SELECT COUNT(*) AS `numrows`\nFROM `gd_golden_today`\nWHERE `updatetime` = 1472190237\nAND `type` = ''Au(T+D)''', 1472195658),
(257, 1, 'SELECT COUNT(*) AS `numrows`\nFROM `gd_golden_today`\nWHERE `updatetime` = 1472190233\nAND `type` = ''Au99.99''', 1472195658),
(258, 1, 'SELECT COUNT(*) AS `numrows`\nFROM `gd_golden_today`\nWHERE `updatetime` = 1472190237\nAND `type` = ''mAu(T+D)''', 1472195658),
(259, 1, 'SELECT COUNT(*) AS `numrows`\nFROM `gd_golden_today`\nWHERE `updatetime` = 1472190232\nAND `type` = ''Au(T+N2)''', 1472195658),
(260, 1, 'SELECT COUNT(*) AS `numrows`\nFROM `gd_golden_today`\nWHERE `updatetime` = 1472190158\nAND `type` = ''Au99.95''', 1472195658),
(261, 1, 'SELECT COUNT(*) AS `numrows`\nFROM `gd_golden_today`\nWHERE `updatetime` = 1472189752\nAND `type` = ''Pt99.95''', 1472195658),
(262, 1, 'SELECT COUNT(*) AS `numrows`\nFROM `gd_golden_today`\nWHERE `updatetime` = 1472190233\nAND `type` = ''Au(T+N1)''', 1472195658),
(263, 1, 'SELECT COUNT(*) AS `numrows`\nFROM `gd_golden_today`\nWHERE `updatetime` = 1472190063\nAND `type` = ''Au100g''', 1472195658),
(264, 1, 'SELECT COUNT(*) AS `numrows`\nFROM `gd_golden_today`\nWHERE `updatetime` = 1472190224\nAND `type` = ''iAu99.99''', 1472195658),
(265, 1, 'SELECT COUNT(*) AS `numrows`\nFROM `gd_golden_today`\nWHERE `updatetime` = 1472145654\nAND `type` = ''iAu100g''', 1472195658),
(266, 1, 'SELECT COUNT(*) AS `numrows`\nFROM `gd_golden_today`\nWHERE `updatetime` = 1472125226\nAND `type` = ''iAu99.5''', 1472195658),
(267, 1, 'SELECT COUNT(*) AS `numrows`\nFROM `gd_golden_today`\nWHERE `updatetime` = 1472190237\nAND `type` = ''Au(T+D)''', 1472195688),
(268, 1, 'SELECT COUNT(*) AS `numrows`\nFROM `gd_golden_today`\nWHERE `updatetime` = 1472190233\nAND `type` = ''Au99.99''', 1472195688),
(269, 1, 'SELECT COUNT(*) AS `numrows`\nFROM `gd_golden_today`\nWHERE `updatetime` = 1472190237\nAND `type` = ''mAu(T+D)''', 1472195688),
(270, 1, 'SELECT COUNT(*) AS `numrows`\nFROM `gd_golden_today`\nWHERE `updatetime` = 1472190232\nAND `type` = ''Au(T+N2)''', 1472195688),
(271, 1, 'SELECT COUNT(*) AS `numrows`\nFROM `gd_golden_today`\nWHERE `updatetime` = 1472190158\nAND `type` = ''Au99.95''', 1472195688),
(272, 1, 'SELECT COUNT(*) AS `numrows`\nFROM `gd_golden_today`\nWHERE `updatetime` = 1472189752\nAND `type` = ''Pt99.95''', 1472195688),
(273, 1, 'SELECT COUNT(*) AS `numrows`\nFROM `gd_golden_today`\nWHERE `updatetime` = 1472190233\nAND `type` = ''Au(T+N1)''', 1472195688),
(274, 1, 'SELECT COUNT(*) AS `numrows`\nFROM `gd_golden_today`\nWHERE `updatetime` = 1472190063\nAND `type` = ''Au100g''', 1472195688),
(275, 1, 'SELECT COUNT(*) AS `numrows`\nFROM `gd_golden_today`\nWHERE `updatetime` = 1472190224\nAND `type` = ''iAu99.99''', 1472195688),
(276, 1, 'SELECT COUNT(*) AS `numrows`\nFROM `gd_golden_today`\nWHERE `updatetime` = 1472145654\nAND `type` = ''iAu100g''', 1472195688),
(277, 1, 'SELECT COUNT(*) AS `numrows`\nFROM `gd_golden_today`\nWHERE `updatetime` = 1472125226\nAND `type` = ''iAu99.5''', 1472195688),
(278, 1, 'SELECT COUNT(*) AS `numrows`\nFROM `gd_golden_today`\nWHERE `updatetime` = 1472190237\nAND `type` = ''Au(T+D)''', 1472195718),
(279, 1, 'SELECT COUNT(*) AS `numrows`\nFROM `gd_golden_today`\nWHERE `updatetime` = 1472190233\nAND `type` = ''Au99.99''', 1472195718),
(280, 1, 'SELECT COUNT(*) AS `numrows`\nFROM `gd_golden_today`\nWHERE `updatetime` = 1472190237\nAND `type` = ''mAu(T+D)''', 1472195718),
(281, 1, 'SELECT COUNT(*) AS `numrows`\nFROM `gd_golden_today`\nWHERE `updatetime` = 1472190232\nAND `type` = ''Au(T+N2)''', 1472195718),
(282, 1, 'SELECT COUNT(*) AS `numrows`\nFROM `gd_golden_today`\nWHERE `updatetime` = 1472190158\nAND `type` = ''Au99.95''', 1472195718),
(283, 1, 'SELECT COUNT(*) AS `numrows`\nFROM `gd_golden_today`\nWHERE `updatetime` = 1472189752\nAND `type` = ''Pt99.95''', 1472195718),
(284, 1, 'SELECT COUNT(*) AS `numrows`\nFROM `gd_golden_today`\nWHERE `updatetime` = 1472190233\nAND `type` = ''Au(T+N1)''', 1472195718),
(285, 1, 'SELECT COUNT(*) AS `numrows`\nFROM `gd_golden_today`\nWHERE `updatetime` = 1472190063\nAND `type` = ''Au100g''', 1472195718),
(286, 1, 'SELECT COUNT(*) AS `numrows`\nFROM `gd_golden_today`\nWHERE `updatetime` = 1472190224\nAND `type` = ''iAu99.99''', 1472195718),
(287, 1, 'SELECT COUNT(*) AS `numrows`\nFROM `gd_golden_today`\nWHERE `updatetime` = 1472145654\nAND `type` = ''iAu100g''', 1472195718),
(288, 1, 'SELECT COUNT(*) AS `numrows`\nFROM `gd_golden_today`\nWHERE `updatetime` = 1472125226\nAND `type` = ''iAu99.5''', 1472195718),
(289, 1, 'SELECT COUNT(*) AS `numrows`\nFROM `gd_golden_today`\nWHERE `updatetime` = 1472190237\nAND `type` = ''Au(T+D)''', 1472195748),
(290, 1, 'SELECT COUNT(*) AS `numrows`\nFROM `gd_golden_today`\nWHERE `updatetime` = 1472190233\nAND `type` = ''Au99.99''', 1472195748),
(291, 1, 'SELECT COUNT(*) AS `numrows`\nFROM `gd_golden_today`\nWHERE `updatetime` = 1472190237\nAND `type` = ''mAu(T+D)''', 1472195748),
(292, 1, 'SELECT COUNT(*) AS `numrows`\nFROM `gd_golden_today`\nWHERE `updatetime` = 1472190232\nAND `type` = ''Au(T+N2)''', 1472195748),
(293, 1, 'SELECT COUNT(*) AS `numrows`\nFROM `gd_golden_today`\nWHERE `updatetime` = 1472190158\nAND `type` = ''Au99.95''', 1472195748),
(294, 1, 'SELECT COUNT(*) AS `numrows`\nFROM `gd_golden_today`\nWHERE `updatetime` = 1472189752\nAND `type` = ''Pt99.95''', 1472195748),
(295, 1, 'SELECT COUNT(*) AS `numrows`\nFROM `gd_golden_today`\nWHERE `updatetime` = 1472190233\nAND `type` = ''Au(T+N1)''', 1472195748),
(296, 1, 'SELECT COUNT(*) AS `numrows`\nFROM `gd_golden_today`\nWHERE `updatetime` = 1472190063\nAND `type` = ''Au100g''', 1472195748),
(297, 1, 'SELECT COUNT(*) AS `numrows`\nFROM `gd_golden_today`\nWHERE `updatetime` = 1472190224\nAND `type` = ''iAu99.99''', 1472195748),
(298, 1, 'SELECT COUNT(*) AS `numrows`\nFROM `gd_golden_today`\nWHERE `updatetime` = 1472145654\nAND `type` = ''iAu100g''', 1472195748),
(299, 1, 'SELECT COUNT(*) AS `numrows`\nFROM `gd_golden_today`\nWHERE `updatetime` = 1472125226\nAND `type` = ''iAu99.5''', 1472195748),
(300, 1, 'SELECT COUNT(*) AS `numrows`\nFROM `gd_golden_today`\nWHERE `updatetime` = 1472125226\nAND `type` = ''iAu99.5''', 1472195946),
(301, 1, 'SELECT COUNT(*) AS `numrows`\nFROM `gd_golden_today`\nWHERE `updatetime` = 1472192789\nAND `type` = ''Au(T+D)''', 1472196023),
(302, 1, 'SELECT COUNT(*) AS `numrows`\nFROM `gd_golden_today`\nWHERE `updatetime` = 1472192741\nAND `type` = ''Au99.99''', 1472196023),
(303, 1, 'SELECT COUNT(*) AS `numrows`\nFROM `gd_golden_today`\nWHERE `updatetime` = 1472192788\nAND `type` = ''mAu(T+D)''', 1472196023),
(304, 1, 'SELECT COUNT(*) AS `numrows`\nFROM `gd_golden_today`\nWHERE `updatetime` = 1472192704\nAND `type` = ''Au99.95''', 1472196023),
(305, 1, 'SELECT COUNT(*) AS `numrows`\nFROM `gd_golden_today`\nWHERE `updatetime` = 1472192621\nAND `type` = ''Au(T+N2)''', 1472196023),
(306, 1, 'SELECT COUNT(*) AS `numrows`\nFROM `gd_golden_today`\nWHERE `updatetime` = 1472192469\nAND `type` = ''Pt99.95''', 1472196023),
(307, 1, 'SELECT COUNT(*) AS `numrows`\nFROM `gd_golden_today`\nWHERE `updatetime` = 1472192736\nAND `type` = ''Au(T+N1)''', 1472196023),
(308, 1, 'SELECT COUNT(*) AS `numrows`\nFROM `gd_golden_today`\nWHERE `updatetime` = 1472192784\nAND `type` = ''Au100g''', 1472196023),
(309, 1, 'SELECT COUNT(*) AS `numrows`\nFROM `gd_golden_today`\nWHERE `updatetime` = 1472192723\nAND `type` = ''iAu100g''', 1472196023),
(310, 1, 'SELECT COUNT(*) AS `numrows`\nFROM `gd_golden_today`\nWHERE `updatetime` = 1472192776\nAND `type` = ''iAu99.99''', 1472196023),
(311, 1, 'SELECT COUNT(*) AS `numrows`\nFROM `gd_golden_today`\nWHERE `updatetime` = 1472125226\nAND `type` = ''iAu99.5''', 1472196023),
(312, 1, 'SELECT COUNT(*) AS `numrows`\nFROM `gd_golden_today`\nWHERE `updatetime` = 1472192789\nAND `type` = ''Au(T+D)''', 1472196186),
(313, 1, 'SELECT COUNT(*) AS `numrows`\nFROM `gd_golden_today`\nWHERE `updatetime` = 1472192741\nAND `type` = ''Au99.99''', 1472196186),
(314, 1, 'SELECT COUNT(*) AS `numrows`\nFROM `gd_golden_today`\nWHERE `updatetime` = 1472192788\nAND `type` = ''mAu(T+D)''', 1472196186),
(315, 1, 'SELECT COUNT(*) AS `numrows`\nFROM `gd_golden_today`\nWHERE `updatetime` = 1472192704\nAND `type` = ''Au99.95''', 1472196186),
(316, 1, 'SELECT COUNT(*) AS `numrows`\nFROM `gd_golden_today`\nWHERE `updatetime` = 1472192621\nAND `type` = ''Au(T+N2)''', 1472196186),
(317, 1, 'SELECT COUNT(*) AS `numrows`\nFROM `gd_golden_today`\nWHERE `updatetime` = 1472192469\nAND `type` = ''Pt99.95''', 1472196186),
(318, 1, 'SELECT COUNT(*) AS `numrows`\nFROM `gd_golden_today`\nWHERE `updatetime` = 1472192736\nAND `type` = ''Au(T+N1)''', 1472196186),
(319, 1, 'SELECT COUNT(*) AS `numrows`\nFROM `gd_golden_today`\nWHERE `updatetime` = 1472192784\nAND `type` = ''Au100g''', 1472196186),
(320, 1, 'SELECT COUNT(*) AS `numrows`\nFROM `gd_golden_today`\nWHERE `updatetime` = 1472192723\nAND `type` = ''iAu100g''', 1472196186),
(321, 1, 'SELECT COUNT(*) AS `numrows`\nFROM `gd_golden_today`\nWHERE `updatetime` = 1472192776\nAND `type` = ''iAu99.99''', 1472196186),
(322, 1, 'SELECT COUNT(*) AS `numrows`\nFROM `gd_golden_today`\nWHERE `updatetime` = 1472125226\nAND `type` = ''iAu99.5''', 1472196186),
(323, 1, 'SELECT COUNT(*) AS `numrows`\nFROM `gd_golden_today`\nWHERE `updatetime` = 1472192789\nAND `type` = ''Au(T+D)''', 1472196512),
(324, 1, 'SELECT COUNT(*) AS `numrows`\nFROM `gd_golden_today`\nWHERE `updatetime` = 1472192741\nAND `type` = ''Au99.99''', 1472196512),
(325, 1, 'SELECT COUNT(*) AS `numrows`\nFROM `gd_golden_today`\nWHERE `updatetime` = 1472192788\nAND `type` = ''mAu(T+D)''', 1472196512),
(326, 1, 'SELECT COUNT(*) AS `numrows`\nFROM `gd_golden_today`\nWHERE `updatetime` = 1472192704\nAND `type` = ''Au99.95''', 1472196512),
(327, 1, 'SELECT COUNT(*) AS `numrows`\nFROM `gd_golden_today`\nWHERE `updatetime` = 1472192621\nAND `type` = ''Au(T+N2)''', 1472196512),
(328, 1, 'SELECT COUNT(*) AS `numrows`\nFROM `gd_golden_today`\nWHERE `updatetime` = 1472192469\nAND `type` = ''Pt99.95''', 1472196512),
(329, 1, 'SELECT COUNT(*) AS `numrows`\nFROM `gd_golden_today`\nWHERE `updatetime` = 1472192736\nAND `type` = ''Au(T+N1)''', 1472196512),
(330, 1, 'SELECT COUNT(*) AS `numrows`\nFROM `gd_golden_today`\nWHERE `updatetime` = 1472192784\nAND `type` = ''Au100g''', 1472196512),
(331, 1, 'SELECT COUNT(*) AS `numrows`\nFROM `gd_golden_today`\nWHERE `updatetime` = 1472192723\nAND `type` = ''iAu100g''', 1472196512),
(332, 1, 'SELECT COUNT(*) AS `numrows`\nFROM `gd_golden_today`\nWHERE `updatetime` = 1472192776\nAND `type` = ''iAu99.99''', 1472196512),
(333, 1, 'SELECT COUNT(*) AS `numrows`\nFROM `gd_golden_today`\nWHERE `updatetime` = 1472125226\nAND `type` = ''iAu99.5''', 1472196512),
(334, 4, '1608272541144202|1', 1472278195),
(335, 4, 'active_period|1608272541144202', 1472278195),
(336, 4, '1608272541144202|1', 1472278325),
(337, 4, '1608272541144202|UPDATE `gd_project_investing` SET `worker_id` = ''4'', `lasttime` = 1472278325\nWHERE `project_sn` = ''1608272541144202''', 1472278325),
(338, 4, 'active_period|1608272541144202', 1472278325),
(339, 4, '1608272541144202|1', 1472278417),
(340, 4, '1608272541144202|UPDATE `gd_project_investing` SET `start` = ''2016-08-27'', `end` = ''2017-08-26'', `worker_id` = ''4'', `lasttime` = 1472278417\nWHERE `project_sn` = ''1608272541144202''', 1472278417),
(341, 4, 'active_period|1608272541144202', 1472278417),
(342, 3, '1608252211011343|1', 1472289668),
(343, 3, '1608252211011343|UPDATE `gd_project_investing` SET `start` = ''2016-08-25'', `end` = ''2017-08-24'', `worker_id` = ''3'', `lasttime` = 1472289668\nWHERE `project_sn` = ''1608252211011343''', 1472289668),
(344, 3, 'active_period|1608252211011343', 1472289668),
(345, 3, 'SD20155454564511|1', 1472384841),
(346, 3, 'SD20155454564511|UPDATE `gd_project_investing` SET `start` = ''2016-08-01'', `end` = ''2016-08-31'', `worker_id` = ''3'', `lasttime` = 1472384841\nWHERE `project_sn` = ''SD20155454564511''', 1472384841),
(347, 3, 'active_period|SD20155454564511', 1472384841),
(348, 3, '1608229881435008|1', 1472386688),
(349, 3, '1608229881435008|UPDATE `gd_project_investing` SET `start` = ''2016-08-22'', `end` = ''2017-02-21'', `worker_id` = ''3'', `lasttime` = 1472386688\nWHERE `project_sn` = ''1608229881435008''', 1472386688),
(350, 3, 'active_period|1608229881435008', 1472386688),
(351, 3, '1608222511510103|1', 1472386760),
(352, 3, '1608222511510103|UPDATE `gd_project_investing` SET `start` = ''2016-08-22'', `end` = ''2017-08-21'', `worker_id` = ''3'', `lasttime` = 1472386760\nWHERE `project_sn` = ''1608222511510103''', 1472386760),
(353, 3, 'active_period|1608222511510103', 1472386760),
(354, 3, '1608183471764952|1', 1472387499),
(355, 3, '1608183471764952|UPDATE `gd_project_investing` SET `start` = ''2016-08-18'', `end` = ''2016-11-17'', `worker_id` = ''3'', `lasttime` = 1472387499\nWHERE `project_sn` = ''1608183471764952''', 1472387499),
(356, 3, 'active_period|1608183471764952', 1472387499),
(357, 3, '1608186671184447|1', 1472387579),
(358, 3, '1608186671184447|UPDATE `gd_project_investing` SET `start` = ''2016-08-18'', `end` = ''2016-11-17'', `worker_id` = ''3'', `lasttime` = 1472387579\nWHERE `project_sn` = ''1608186671184447''', 1472387579),
(359, 3, 'active_period|1608186671184447', 1472387579),
(360, 7, 'in_stock|Array', 1472388632);

-- --------------------------------------------------------

--
-- è¡¨çš„ç»“æ„ `gd_worker_attempt`
--

CREATE TABLE IF NOT EXISTS `gd_worker_attempt` (
  `id` int(11) unsigned NOT NULL AUTO_INCREMENT,
  `ip_address` varchar(15) NOT NULL,
  `login` varchar(100) NOT NULL,
  `time` int(11) unsigned DEFAULT NULL,
  PRIMARY KEY (`id`)
) ENGINE=InnoDB DEFAULT CHARSET=utf8 AUTO_INCREMENT=1 ;

-- --------------------------------------------------------

--
-- è¡¨çš„ç»“æ„ `gd_worker_group`
--

CREATE TABLE IF NOT EXISTS `gd_worker_group` (
  `id` mediumint(8) unsigned NOT NULL AUTO_INCREMENT,
  `code` varchar(20) NOT NULL,
  `title` varchar(100) NOT NULL,
  `is_system` tinyint(4) NOT NULL DEFAULT '0',
  `permission` text,
  `status` tinyint(4) NOT NULL DEFAULT '1',
  PRIMARY KEY (`id`)
) ENGINE=InnoDB  DEFAULT CHARSET=utf8 AUTO_INCREMENT=7 ;

--
-- è½¬å­˜è¡¨ä¸­çš„æ•°æ® `gd_worker_group`
--

INSERT INTO `gd_worker_group` (`id`, `code`, `title`, `is_system`, `permission`, `status`) VALUES
(1, 'admin', 'ç®¡ç†ç»„', 1, '', 1),
(2, 'member', 'ä¸šåŠ¡å‘˜', 0, '2997,2999,3001,3003,2998,3000,3002', 1),
(3, 'manager', 'ç»ç†', 0, '1,2,3,5,6,7,8,9,10,11,22,23,24,25,26,27,30,33,35,48,49,50,51,52,55,59,63,67,68,70,78,80,84,85,94,96,98,100,101,102,105,106,107,108,109,110,112', 1),
(4, 'warehouser', 'åº“ç®¡', 0, '1,2,3,55,61,65,70,82,87,98,100,101,105,107,108,111', 1),
(5, 'appraiser', 'é‰´å®šäºº', 0, '74,73,70,1,3,2', 1),
(6, 'booker', 'ç™»è®°äºº', 0, '1,2,3,52,55,57,70,72,93,98,100,101,103', 1);

-- --------------------------------------------------------

--
-- è¡¨çš„ç»“æ„ `gd_worker_notify`
--

CREATE TABLE IF NOT EXISTS `gd_worker_notify` (
  `notify_id` int(11) NOT NULL AUTO_INCREMENT,
  `sender_id` int(11) NOT NULL DEFAULT '0',
  `receiver_id` int(11) NOT NULL,
  `mode` enum('announcement',' summary') COLLATE utf8_unicode_ci NOT NULL DEFAULT 'announcement',
  `title` int(11) NOT NULL,
  `content` text COLLATE utf8_unicode_ci NOT NULL,
  `status` tinyint(4) NOT NULL DEFAULT '1',
  `is_read` tinyint(1) NOT NULL DEFAULT '0',
  `addtime` int(11) NOT NULL DEFAULT '0',
  PRIMARY KEY (`notify_id`)
) ENGINE=InnoDB DEFAULT CHARSET=utf8 COLLATE=utf8_unicode_ci AUTO_INCREMENT=1 ;

-- --------------------------------------------------------

--
-- è¡¨çš„ç»“æ„ `gd_worker_rel`
--

CREATE TABLE IF NOT EXISTS `gd_worker_rel` (
  `id` int(11) unsigned NOT NULL AUTO_INCREMENT,
  `worker_id` int(11) unsigned NOT NULL,
  `group_id` mediumint(8) unsigned NOT NULL,
  PRIMARY KEY (`id`),
  UNIQUE KEY `uc_users_groups` (`worker_id`,`group_id`),
  KEY `fk_users_groups_users1_idx` (`worker_id`),
  KEY `fk_users_groups_groups1_idx` (`group_id`)
) ENGINE=InnoDB  DEFAULT CHARSET=utf8 AUTO_INCREMENT=25 ;

--
-- è½¬å­˜è¡¨ä¸­çš„æ•°æ® `gd_worker_rel`
--

INSERT INTO `gd_worker_rel` (`id`, `worker_id`, `group_id`) VALUES
(20, 1, 1),
(5, 3, 3),
(7, 4, 3),
(9, 5, 6),
(11, 6, 6),
(13, 7, 4),
(15, 8, 4),
(17, 9, 5),
(19, 10, 5),
(22, 11, 3),
(23, 11, 5),
(24, 11, 6),
(21, 12, 2);

--
-- é™åˆ¶å¯¼å‡ºçš„è¡¨
--

--
-- é™åˆ¶è¡¨ `gd_worker_rel`
--
ALTER TABLE `gd_worker_rel`
  ADD CONSTRAINT `fk_users_groups_groups1` FOREIGN KEY (`group_id`) REFERENCES `gd_worker_group` (`id`) ON DELETE CASCADE ON UPDATE NO ACTION,
  ADD CONSTRAINT `fk_users_groups_users1` FOREIGN KEY (`worker_id`) REFERENCES `gd_worker` (`id`) ON DELETE CASCADE ON UPDATE NO ACTION;

/*!40101 SET CHARACTER_SET_CLIENT=@OLD_CHARACTER_SET_CLIENT */;
/*!40101 SET CHARACTER_SET_RESULTS=@OLD_CHARACTER_SET_RESULTS */;
/*!40101 SET COLLATION_CONNECTION=@OLD_COLLATION_CONNECTION */;
