-- phpMyAdmin SQL Dump
-- version 4.5.1
-- http://www.phpmyadmin.net
--
-- Host: 127.0.0.1
-- Generation Time: 2016-09-21 12:00:58
-- 服务器版本： 10.1.9-MariaDB
-- PHP Version: 5.6.15

SET SQL_MODE = "NO_AUTO_VALUE_ON_ZERO";
SET time_zone = "+00:00";


/*!40101 SET @OLD_CHARACTER_SET_CLIENT=@@CHARACTER_SET_CLIENT */;
/*!40101 SET @OLD_CHARACTER_SET_RESULTS=@@CHARACTER_SET_RESULTS */;
/*!40101 SET @OLD_COLLATION_CONNECTION=@@COLLATION_CONNECTION */;
/*!40101 SET NAMES utf8mb4 */;

--
-- Database: `golden`
--

-- --------------------------------------------------------

--
-- 表的结构 `gd_article`
--

CREATE TABLE `gd_article` (
  `article_id` int(11) NOT NULL,
  `category_id` int(11) NOT NULL DEFAULT '0',
  `title` varchar(128) COLLATE utf8_unicode_ci DEFAULT NULL,
  `text` text COLLATE utf8_unicode_ci,
  `is_top` tinyint(4) NOT NULL DEFAULT '0',
  `status` tinyint(4) NOT NULL DEFAULT '1',
  `author_id` int(11) NOT NULL DEFAULT '0',
  `addtime` int(11) NOT NULL
) ENGINE=InnoDB DEFAULT CHARSET=utf8 COLLATE=utf8_unicode_ci;

--
-- 转存表中的数据 `gd_article`
--

INSERT INTO `gd_article` (`article_id`, `category_id`, `title`, `text`, `is_top`, `status`, `author_id`, `addtime`) VALUES
(1, 1, '这是一篇测试文章', '&lt;p&gt;这是测试内容&lt;/p&gt;&lt;ol class=&quot; list-paddingleft-2&quot; style=&quot;list-style-type: decimal;&quot;&gt;&lt;li&gt;&lt;p&gt;测试1&lt;/p&gt;&lt;/li&gt;&lt;li&gt;&lt;p&gt;测试2&lt;/p&gt;&lt;/li&gt;&lt;li&gt;&lt;p&gt;测试3&lt;br/&gt;&lt;/p&gt;&lt;/li&gt;&lt;/ol&gt;', 0, 1, 1, 1471337030),
(2, 2, '钱生金相关协议', '&lt;p&gt;钱生金相关协议&lt;/p&gt;&lt;ul class=&quot; list-paddingleft-2&quot; style=&quot;list-style-type: disc;&quot;&gt;&lt;li&gt;&lt;p&gt;第一条&lt;/p&gt;&lt;/li&gt;&lt;li&gt;&lt;p&gt;第二条&lt;/p&gt;&lt;/li&gt;&lt;li&gt;&lt;p&gt;第三条&lt;/p&gt;&lt;/li&gt;&lt;li&gt;&lt;p&gt;第四条&lt;/p&gt;&lt;/li&gt;&lt;li&gt;&lt;p&gt;第五条&lt;br/&gt;&lt;/p&gt;&lt;/li&gt;&lt;/ul&gt;', 0, 1, 1, 1471337324),
(3, 2, '金生金协议', '&lt;p&gt;金生金协议&lt;/p&gt;&lt;ol class=&quot; list-paddingleft-2&quot; style=&quot;list-style-type: decimal;&quot;&gt;&lt;li&gt;&lt;p&gt;协议内容1&lt;/p&gt;&lt;/li&gt;&lt;li&gt;&lt;p&gt;协议内容2&lt;/p&gt;&lt;/li&gt;&lt;li&gt;&lt;p&gt;。。。&lt;br/&gt;&lt;/p&gt;&lt;/li&gt;&lt;/ol&gt;', 0, 1, 1, 1471422878);

-- --------------------------------------------------------

--
-- 表的结构 `gd_article_category`
--

CREATE TABLE `gd_article_category` (
  `category_id` int(11) NOT NULL,
  `code` varchar(32) COLLATE utf8_unicode_ci NOT NULL,
  `title` varchar(128) COLLATE utf8_unicode_ci DEFAULT NULL,
  `is_admin` tinyint(4) NOT NULL DEFAULT '0',
  `status` tinyint(4) NOT NULL DEFAULT '1',
  `worker_id` int(11) NOT NULL DEFAULT '0',
  `addtime` int(11) NOT NULL DEFAULT '0'
) ENGINE=InnoDB DEFAULT CHARSET=utf8 COLLATE=utf8_unicode_ci;

--
-- 转存表中的数据 `gd_article_category`
--

INSERT INTO `gd_article_category` (`category_id`, `code`, `title`, `is_admin`, `status`, `worker_id`, `addtime`) VALUES
(1, 'daily', '每日金评', 0, 1, 1, 1470088332),
(2, 'privacy', '条款协议', 0, 1, 1, 1470088332),
(3, 'news', '新闻', 0, 1, 1, 1471174877);

-- --------------------------------------------------------

--
-- 表的结构 `gd_cron_job`
--

CREATE TABLE `gd_cron_job` (
  `job_id` int(11) NOT NULL,
  `method` varchar(64) COLLATE utf8_unicode_ci NOT NULL,
  `args` varchar(128) COLLATE utf8_unicode_ci DEFAULT NULL,
  `status` tinyint(4) NOT NULL DEFAULT '1',
  `addtime` int(11) NOT NULL
) ENGINE=InnoDB DEFAULT CHARSET=utf8 COLLATE=utf8_unicode_ci;

--
-- 转存表中的数据 `gd_cron_job`
--

INSERT INTO `gd_cron_job` (`job_id`, `method`, `args`, `status`, `addtime`) VALUES
(1, 'today_price', NULL, 1, 1473003003),
(2, 'push_growing', NULL, 1, 1473211232),
(3, 'growing', NULL, 1, 1473211232);

-- --------------------------------------------------------

--
-- 表的结构 `gd_cron_log`
--

CREATE TABLE `gd_cron_log` (
  `log_time` int(11) NOT NULL,
  `date` date NOT NULL,
  `time` time NOT NULL,
  `action` varchar(128) COLLATE utf8_unicode_ci NOT NULL,
  `text` text COLLATE utf8_unicode_ci NOT NULL
) ENGINE=InnoDB DEFAULT CHARSET=utf8 COLLATE=utf8_unicode_ci;

-- --------------------------------------------------------

--
-- 表的结构 `gd_cron_schedule`
--

CREATE TABLE `gd_cron_schedule` (
  `schedule_id` int(10) UNSIGNED NOT NULL,
  `job_code` varchar(255) NOT NULL DEFAULT '0',
  `status` enum('pending','running','success','missed','error') NOT NULL DEFAULT 'pending',
  `messages` text,
  `created_at` datetime NOT NULL DEFAULT '0000-00-00 00:00:00',
  `scheduled_at` datetime NOT NULL DEFAULT '0000-00-00 00:00:00',
  `executed_at` datetime NOT NULL DEFAULT '0000-00-00 00:00:00',
  `finished_at` datetime NOT NULL DEFAULT '0000-00-00 00:00:00'
) ENGINE=MyISAM DEFAULT CHARSET=utf8;

-- --------------------------------------------------------

--
-- 表的结构 `gd_customer`
--

CREATE TABLE `gd_customer` (
  `customer_id` int(11) NOT NULL,
  `realname` varchar(32) COLLATE utf8_unicode_ci NOT NULL,
  `avatar` varchar(128) COLLATE utf8_unicode_ci DEFAULT NULL,
  `phone` varchar(16) COLLATE utf8_unicode_ci NOT NULL,
  `idnumber` char(18) COLLATE utf8_unicode_ci NOT NULL,
  `wechat` varchar(64) COLLATE utf8_unicode_ci NOT NULL,
  `qq` char(12) COLLATE utf8_unicode_ci DEFAULT NULL,
  `email` varchar(96) COLLATE utf8_unicode_ci DEFAULT NULL,
  `address` varchar(256) COLLATE utf8_unicode_ci DEFAULT NULL,
  `group_id` tinyint(4) NOT NULL DEFAULT '1',
  `status` tinyint(1) NOT NULL DEFAULT '1',
  `referrer_id` varchar(32) COLLATE utf8_unicode_ci NOT NULL,
  `company_id` int(11) NOT NULL DEFAULT '0',
  `card_number` char(16) COLLATE utf8_unicode_ci NOT NULL,
  `note` text COLLATE utf8_unicode_ci,
  `worker_id` int(11) NOT NULL DEFAULT '0',
  `addtime` int(11) NOT NULL DEFAULT '0',
  `lasttime` int(11) NOT NULL DEFAULT '0'
) ENGINE=InnoDB DEFAULT CHARSET=utf8 COLLATE=utf8_unicode_ci;

--
-- 转存表中的数据 `gd_customer`
--

INSERT INTO `gd_customer` (`customer_id`, `realname`, `avatar`, `phone`, `idnumber`, `wechat`, `qq`, `email`, `address`, `group_id`, `status`, `referrer_id`, `company_id`, `card_number`, `note`, `worker_id`, `addtime`, `lasttime`) VALUES
(2, '李百度', NULL, '18850911766', '321245198905080904', '', NULL, NULL, NULL, 1, 1, '2', 0, '', NULL, 5, 1472552472, 1472552472),
(3, '刘京东', NULL, '18959506595', '321324199008080808', '', NULL, NULL, NULL, 1, 1, '2', 0, '', NULL, 5, 1472559583, 1472559583),
(4, '马晓云', NULL, '18850219878', '321324195406050508', '', NULL, NULL, NULL, 1, 1, '2', 0, '', NULL, 5, 1472604934, 1472604934),
(5, '马腾讯', NULL, '18959596565', '321254198808050604', '', NULL, NULL, NULL, 1, 1, '12', 0, '', NULL, 5, 1472605860, 1472605860),
(6, '余华为', NULL, '18959596767', '321254198908050604', '', NULL, NULL, NULL, 1, 1, '12', 0, '', NULL, 5, 1472605860, 1472605860),
(7, '雷小米', NULL, '13113213313', '214748364732125419', 'leixiaomi', '324456532', 'a@a.c', '', 1, 1, '2', 1, '312355435436554', 'sadasdasd', 3, 1472645815, 1474426508),
(8, '乔苹果', NULL, '18808800990', '325225197008078888', 'qiaopingguo', '32323454435', NULL, NULL, 2, 1, '12', 0, '', '乔帮主', 3, 1472646256, 1472646256),
(9, '沈万三', NULL, '13813800138', '138139199810039997', 'shenwansan', '64568789797', 'a@b.cc', NULL, 2, 1, '12', 0, '', 'asdsadasds', 3, 1472707274, 1472707274),
(10, '赵公明', NULL, '13606660888', '123321196606066666', 'zhaogongming', '', NULL, NULL, 3, 1, '12', 0, '', 'asdsad', 1, 1473059868, 1473059868);

-- --------------------------------------------------------

--
-- 表的结构 `gd_customer_apply`
--

CREATE TABLE `gd_customer_apply` (
  `apply_id` int(11) NOT NULL,
  `customer_id` int(11) NOT NULL,
  `phone` varchar(32) COLLATE utf8_unicode_ci DEFAULT NULL,
  `weight` decimal(11,2) NOT NULL DEFAULT '0.00',
  `fee` decimal(8,2) NOT NULL DEFAULT '0.00',
  `mode` enum('taking','order','renew') COLLATE utf8_unicode_ci NOT NULL DEFAULT 'taking',
  `note` text COLLATE utf8_unicode_ci,
  `status` tinyint(1) NOT NULL DEFAULT '1',
  `worker_id` int(11) NOT NULL DEFAULT '0',
  `addtime` int(11) NOT NULL DEFAULT '0',
  `locker_id` int(11) NOT NULL DEFAULT '0',
  `ip` char(15) COLLATE utf8_unicode_ci DEFAULT NULL
) ENGINE=InnoDB DEFAULT CHARSET=utf8 COLLATE=utf8_unicode_ci;

-- --------------------------------------------------------

--
-- 表的结构 `gd_customer_card`
--

CREATE TABLE `gd_customer_card` (
  `card_number` char(16) COLLATE utf8_unicode_ci NOT NULL,
  `card_serial` char(8) COLLATE utf8_unicode_ci NOT NULL,
  `status` tinyint(4) NOT NULL
) ENGINE=InnoDB DEFAULT CHARSET=utf8 COLLATE=utf8_unicode_ci;

--
-- 转存表中的数据 `gd_customer_card`
--

INSERT INTO `gd_customer_card` (`card_number`, `card_serial`, `status`) VALUES
('312355435436554', '9C8914DB', 1);

-- --------------------------------------------------------

--
-- 表的结构 `gd_customer_group`
--

CREATE TABLE `gd_customer_group` (
  `group_id` int(11) NOT NULL,
  `title` varchar(32) COLLATE utf8_unicode_ci NOT NULL,
  `code` char(16) COLLATE utf8_unicode_ci NOT NULL,
  `icon` varchar(128) COLLATE utf8_unicode_ci DEFAULT NULL,
  `rule` text COLLATE utf8_unicode_ci,
  `note` varchar(128) COLLATE utf8_unicode_ci DEFAULT NULL,
  `status` tinyint(1) NOT NULL DEFAULT '0',
  `worker_id` int(11) NOT NULL DEFAULT '0',
  `addtime` int(11) NOT NULL DEFAULT '0',
  `lasttime` int(11) NOT NULL DEFAULT '0'
) ENGINE=InnoDB DEFAULT CHARSET=utf8 COLLATE=utf8_unicode_ci;

--
-- 转存表中的数据 `gd_customer_group`
--

INSERT INTO `gd_customer_group` (`group_id`, `title`, `code`, `icon`, `rule`, `note`, `status`, `worker_id`, `addtime`, `lasttime`) VALUES
(1, '铜牌', 'bronze', NULL, NULL, '铜牌客户', 1, 1, 1472583692, 1472583692),
(2, '银牌', 'silver', NULL, NULL, '银牌客户', 1, 1, 1472589632, 1472589632),
(3, '金牌', ' gold', NULL, NULL, '金牌客户', 1, 1, 1472589963, 1472589963),
(4, '钻石', 'diamond', NULL, NULL, '钻石客户', 1, 1, 1472589995, 1472589995);

-- --------------------------------------------------------

--
-- 表的结构 `gd_customer_history`
--

CREATE TABLE `gd_customer_history` (
  `history_id` int(11) NOT NULL,
  `customer_id` int(11) NOT NULL,
  `note` text COLLATE utf8_unicode_ci NOT NULL,
  `worker_id` int(11) NOT NULL DEFAULT '0',
  `addtime` int(11) NOT NULL DEFAULT '0'
) ENGINE=InnoDB DEFAULT CHARSET=utf8 COLLATE=utf8_unicode_ci;

--
-- 转存表中的数据 `gd_customer_history`
--

INSERT INTO `gd_customer_history` (`history_id`, `customer_id`, `note`, `worker_id`, `addtime`) VALUES
(1, 7, '申请提金：10.00克', 3, 1474421535),
(2, 7, '申请提金：10.00克', 3, 1474423697),
(3, 7, '取消提金：10.00克<br>sadsadasdasda', 3, 1474423718),
(4, 7, '申请提金：10.00克', 3, 1474423921),
(5, 7, '取消提金：10.00克<br>asdsadsafdfasdsa', 3, 1474423936);

-- --------------------------------------------------------

--
-- 表的结构 `gd_customer_stock`
--

CREATE TABLE `gd_customer_stock` (
  `stock_id` int(11) NOT NULL,
  `customer_id` int(11) NOT NULL,
  `mode` enum('in','out','profit','free') COLLATE utf8_unicode_ci NOT NULL DEFAULT 'profit',
  `project_sn` char(18) COLLATE utf8_unicode_ci NOT NULL,
  `weight` decimal(13,2) NOT NULL DEFAULT '0.00',
  `fee` decimal(13,2) NOT NULL DEFAULT '0.00',
  `file` text COLLATE utf8_unicode_ci,
  `notify` tinyint(1) NOT NULL DEFAULT '1',
  `note` text COLLATE utf8_unicode_ci,
  `worker_id` int(11) NOT NULL DEFAULT '0',
  `addtime` int(11) NOT NULL DEFAULT '0'
) ENGINE=InnoDB DEFAULT CHARSET=utf8 COLLATE=utf8_unicode_ci;

--
-- 转存表中的数据 `gd_customer_stock`
--

INSERT INTO `gd_customer_stock` (`stock_id`, `customer_id`, `mode`, `project_sn`, `weight`, `fee`, `file`, `notify`, `note`, `worker_id`, `addtime`) VALUES
(1, 9, 'in', 'GR1609129651614635', '118.00', '0.00', NULL, 1, 'asdsasadasdsadsa', 3, 1474380239),
(2, 9, 'profit', 'GR1609129651614635', '1.00', '0.00', NULL, 1, '项目提前终止所得金息', 3, 1474380239),
(3, 7, 'in', 'GR1609129871653602', '98.00', '0.00', NULL, 1, 'asdsadsafafsadsadsa', 3, 1474380914),
(4, 7, 'profit', 'GR1609129871653602', '1.00', '0.00', NULL, 1, '项目提前终止所得金息', 3, 1474380914),
(5, 7, 'out', '', '-19.00', '0.00', NULL, 1, '客户续存 19.00 克', 3, 1474388190),
(6, 7, 'out', '', '-10.00', '5.00', NULL, 1, '阿萨德撒大', 7, 1474422108),
(7, 7, 'free', '', '1.23', '0.00', NULL, 1, 'sadsadsadssss', 3, 1474433515);

-- --------------------------------------------------------

--
-- 表的结构 `gd_golden_price`
--

CREATE TABLE `gd_golden_price` (
  `id` int(11) NOT NULL,
  `date` date NOT NULL,
  `type` varchar(32) COLLATE utf8_unicode_ci DEFAULT NULL,
  `typename` varchar(32) COLLATE utf8_unicode_ci DEFAULT NULL,
  `price` decimal(8,2) NOT NULL DEFAULT '0.00',
  `addtime` int(11) NOT NULL DEFAULT '0'
) ENGINE=InnoDB DEFAULT CHARSET=utf8 COLLATE=utf8_unicode_ci;

--
-- 转存表中的数据 `gd_golden_price`
--

INSERT INTO `gd_golden_price` (`id`, `date`, `type`, `typename`, `price`, `addtime`) VALUES
(1, '2016-08-25', 'Au99.99', '沪金99', '284.89', 1472186901),
(2, '2016-08-22', 'Au99.99', ' 沪金99', '286.36', 1471234567),
(3, '2016-08-23', 'Au99.99', ' 沪金99', '286.82', 1471234567),
(4, '2016-08-24', 'Au99.99', ' 沪金99', '286.70', 1471234567),
(6, '2016-08-19', 'Au99.99', ' 沪金99', '288.20', 1471234567),
(7, '2016-08-18', 'Au99.99', ' 沪金99', '288.87', 1471234567),
(8, '2016-08-17', 'Au99.99', ' 沪金99', '286.79', 1471234567),
(9, '2016-08-16', 'Au99.99', ' 沪金99', '287.98', 1471234567),
(10, '2016-08-15', 'Au99.99', ' 沪金99', '287.35', 1471234567),
(11, '2016-08-12', 'Au99.99', ' 沪金99', '286.80', 1471234567),
(12, '2016-08-11', 'Au99.99', ' 沪金99', '287.84', 1471234567),
(13, '2016-08-10', 'Au99.99', ' 沪金99', '289.80', 1471234567),
(14, '2016-08-09', 'Au99.99', ' 沪金99', '289.00', 1471234567),
(15, '2016-08-08', 'Au99.99', ' 沪金99', '286.42', 1471234567),
(16, '2016-08-05', 'Au99.99', ' 沪金99', '292.12', 1471234567),
(17, '2016-08-04', 'Au99.99', ' 沪金99', '289.05', 1471234567),
(18, '2016-08-03', 'Au99.99', ' 沪金99', '291.90', 1471234567),
(19, '2016-08-02', 'Au99.99', ' 沪金99', '290.10', 1471234567),
(20, '2016-08-01', 'Au99.99', ' 沪金99', '288.17', 1471234567),
(21, '2016-07-29', 'Au99.99', ' 沪金99', '285.83', 1471234567),
(22, '2016-07-28', 'Au99.99', ' 沪金99', '287.71', 1471234567),
(23, '2016-07-27', 'Au99.99', ' 沪金99', '283.63', 1471234567),
(24, '2016-08-26', 'Au99.99', '沪金99', '284.89', 1472260847),
(25, '2016-08-27', 'Au99.99', '沪金99', '284.89', 1472399839),
(26, '2016-08-28', 'Au99.99', '沪金99', '284.89', 1472400119),
(27, '2016-08-29', 'Au99.99', '沪金99', '283.50', 1472518017),
(28, '2016-08-30', 'Au99.99', '沪金99', '283.99', 1472573192),
(29, '2016-08-31', 'Au99.99', '沪金99', '283.19', 1472690403),
(30, '2016-09-01', 'Au99.99', '沪金99', '281.49', 1472747309),
(31, '2016-09-04', 'Au99.99', '沪金99', '282.46', 1473047202),
(32, '2016-09-05', 'Au99.99', '沪金99', '285.33', 1473122091),
(33, '2016-09-06', 'Au99.99', '沪金99', '286.30', 1473208513),
(34, '2016-09-07', 'Au99.99', '沪金99', '289.37', 1473297213),
(35, '2016-09-08', 'Au99.99', '沪金99', '289.20', 1473382443);

-- --------------------------------------------------------

--
-- 表的结构 `gd_golden_today`
--

CREATE TABLE `gd_golden_today` (
  `date` date DEFAULT NULL,
  `type` varchar(32) COLLATE utf8_unicode_ci NOT NULL,
  `typename` varchar(32) COLLATE utf8_unicode_ci NOT NULL,
  `price` decimal(8,2) NOT NULL DEFAULT '0.00',
  `opening` decimal(8,2) NOT NULL DEFAULT '0.00',
  `maxprice` decimal(8,2) NOT NULL DEFAULT '0.00',
  `minprice` decimal(8,2) NOT NULL DEFAULT '0.00',
  `change` decimal(6,2) NOT NULL DEFAULT '0.00',
  `lastclosing` decimal(8,2) NOT NULL DEFAULT '0.00',
  `tradeamount` decimal(15,4) NOT NULL DEFAULT '0.0000',
  `updatetime` int(11) NOT NULL DEFAULT '0',
  `addtime` int(11) NOT NULL
) ENGINE=InnoDB DEFAULT CHARSET=utf8 COLLATE=utf8_unicode_ci;

--
-- 转存表中的数据 `gd_golden_today`
--

INSERT INTO `gd_golden_today` (`date`, `type`, `typename`, `price`, `opening`, `maxprice`, `minprice`, `change`, `lastclosing`, `tradeamount`, `updatetime`, `addtime`) VALUES
('2016-09-08', 'Au(T+D)', '黄金延期', '288.69', '289.25', '289.55', '287.50', '-0.21', '289.29', '24888.0000', 1473272967, 1473297213),
('2016-09-08', 'mAu(T+D)', '迷你黄金延期', '288.81', '289.68', '289.70', '288.00', '-0.24', '289.51', '1942.8000', 1473272958, 1473297213),
('2016-09-08', 'Au99.99', '沪金99', '288.95', '289.48', '289.50', '288.20', '-0.15', '289.37', '108.4800', 1473272919, 1473297213),
('2016-09-08', 'Au99.95', '沪金95', '289.30', '289.50', '289.50', '289.30', '0.02', '289.24', '42.0000', 1473272661, 1473297213),
('2016-09-08', 'Au100g', '沪金100G', '288.00', '288.50', '289.39', '288.00', '-0.51', '289.47', '8.2000', 1473268911, 1473297213),
('2016-09-08', 'Au(T+N1)', '延期单金', '292.40', '292.45', '292.45', '291.20', '0.05', '292.25', '5.8000', 1473272966, 1473297213),
('2016-09-08', 'Au(T+N2)', '延期双金', '290.15', '289.70', '290.20', '289.05', '-0.50', '291.60', '4.6000', 1473272960, 1473297213),
('2016-09-07', 'iAu100g', 'IAU100G', '0.00', '0.00', '0.00', '0.00', '0.00', '261.18', '0.0000', 1473260449, 1473297213),
('2016-09-07', 'iAu99.5', 'IAU99.5', '0.00', '0.00', '0.00', '0.00', '0.00', '237.80', '0.0000', 1473248351, 1473297213),
('2016-09-08', 'iAu99.99', 'IAU99.99', '0.00', '0.00', '0.00', '0.00', '0.00', '287.99', '0.0000', 1473272958, 1473297213),
('2016-09-08', 'Pt99.95', '沪铂95', '0.00', '0.00', '0.00', '0.00', '0.00', '251.00', '0.0000', 1473272894, 1473297213),
('2016-09-08', 'Au(T+D)', '黄金延期', '288.90', '289.25', '289.55', '287.50', '-0.13', '289.29', '29230.0000', 1473298961, 1473299653),
('2016-09-08', 'mAu(T+D)', '迷你黄金延期', '289.00', '289.68', '289.70', '288.00', '-0.18', '289.51', '2214.8000', 1473298956, 1473299653),
('2016-09-08', 'Au99.99', '沪金99', '289.17', '289.48', '289.50', '288.20', '-0.07', '289.37', '318.0800', 1473298959, 1473299653),
('2016-09-08', 'Au99.95', '沪金95', '289.00', '289.50', '289.50', '289.00', '-0.08', '289.24', '58.0000', 1473298960, 1473299653),
('2016-09-08', 'Au(T+N1)', '延期单金', '291.85', '292.45', '292.45', '291.20', '-0.14', '292.25', '25.8000', 1473298961, 1473299653),
('2016-09-08', 'Au(T+N2)', '延期双金', '290.30', '289.70', '290.30', '289.05', '-0.45', '291.60', '24.6000', 1473298957, 1473299653),
('2016-09-08', 'Au100g', '沪金100G', '289.00', '288.50', '289.39', '288.00', '-0.16', '289.47', '12.4000', 1473298917, 1473299653),
('2016-09-08', 'Pt99.95', '沪铂95', '248.50', '248.50', '248.50', '248.50', '-1.00', '251.00', '2.0000', 1473297157, 1473299653),
('2016-09-08', 'iAu99.99', 'IAU99.99', '0.00', '0.00', '0.00', '0.00', '0.00', '287.99', '0.0000', 1473298912, 1473299653),
('2016-09-08', 'Au(T+D)', '黄金延期', '288.95', '289.25', '289.55', '287.50', '-0.12', '289.29', '34262.0000', 1473302529, 1473303275),
('2016-09-08', 'mAu(T+D)', '迷你黄金延期', '289.15', '289.68', '289.70', '288.00', '-0.12', '289.51', '2315.2000', 1473302529, 1473303275),
('2016-09-08', 'Au99.99', '沪金99', '289.35', '289.48', '289.50', '288.20', '-0.01', '289.37', '1667.9000', 1473302522, 1473303275),
('2016-09-08', 'Au99.95', '沪金95', '289.00', '289.50', '289.50', '288.90', '-0.08', '289.24', '440.0000', 1473302522, 1473303275),
('2016-09-08', 'Au(T+N2)', '延期双金', '289.10', '289.70', '290.65', '289.05', '-0.86', '291.60', '73.0000', 1473301512, 1473303275),
('2016-09-08', 'Au(T+N1)', '延期单金', '292.35', '292.45', '292.45', '291.20', '0.03', '292.25', '42.6000', 1473302527, 1473303275),
('2016-09-08', 'Au100g', '沪金100G', '289.00', '288.50', '289.39', '288.00', '-0.16', '289.47', '18.0000', 1473302474, 1473303275),
('2016-09-08', 'Pt99.95', '沪铂95', '248.25', '248.50', '248.50', '248.25', '-1.10', '251.00', '12.0000', 1473301836, 1473303275),
('2016-09-08', 'iAu99.99', 'IAU99.99', '0.00', '0.00', '0.00', '0.00', '0.00', '287.99', '0.0000', 1473302496, 1473303275),
('2016-09-08', 'Au(T+D)', '黄金延期', '288.90', '289.25', '289.55', '287.50', '-0.13', '289.29', '36326.0000', 1473305355, 1473306879),
('2016-09-08', 'Au99.99', '沪金99', '289.23', '289.48', '289.50', '288.20', '-0.05', '289.37', '3602.8200', 1473305361, 1473306879),
('2016-09-08', 'mAu(T+D)', '迷你黄金延期', '289.15', '289.68', '289.70', '288.00', '-0.12', '289.51', '2522.0000', 1473305366, 1473306879),
('2016-09-08', 'Au99.95', '沪金95', '289.00', '289.50', '289.50', '288.90', '-0.08', '289.24', '778.0000', 1473305359, 1473306879),
('2016-09-08', 'Au(T+N2)', '延期双金', '289.10', '289.70', '290.65', '289.05', '-0.86', '291.60', '73.0000', 1473305367, 1473306879),
('2016-09-08', 'Au(T+N1)', '延期单金', '292.35', '292.45', '292.45', '291.20', '0.03', '292.25', '43.2000', 1473305355, 1473306879),
('2016-09-08', 'Pt99.95', '沪铂95', '248.00', '248.50', '248.50', '248.00', '-1.20', '251.00', '20.0000', 1473305349, 1473306879),
('2016-09-08', 'Au100g', '沪金100G', '288.56', '288.50', '289.39', '288.00', '-0.31', '289.47', '19.6000', 1473305355, 1473306879),
('2016-09-08', 'iAu99.99', 'IAU99.99', '0.00', '0.00', '0.00', '0.00', '0.00', '287.99', '0.0000', 1473305368, 1473306879),
('2016-09-08', 'Au(T+D)', '黄金延期', '289.05', '289.25', '289.55', '287.50', '-0.08', '289.29', '37180.0000', 1473313390, 1473314154),
('2016-09-08', 'Au99.99', '沪金99', '289.35', '289.48', '289.50', '288.20', '-0.01', '289.37', '4497.2200', 1473313382, 1473314154),
('2016-09-08', 'mAu(T+D)', '迷你黄金延期', '289.16', '289.68', '289.70', '288.00', '-0.12', '289.51', '2596.8000', 1473313388, 1473314154),
('2016-09-08', 'Au99.95', '沪金95', '288.80', '289.50', '289.50', '288.80', '-0.15', '289.24', '796.0000', 1473313146, 1473314154),
('2016-09-08', 'Au(T+N2)', '延期双金', '289.10', '289.70', '290.65', '289.05', '-0.86', '291.60', '73.0000', 1473313362, 1473314154),
('2016-09-08', 'Au(T+N1)', '延期单金', '292.35', '292.45', '292.45', '291.20', '0.03', '292.25', '43.2000', 1473313298, 1473314154),
('2016-09-08', 'Au100g', '沪金100G', '289.28', '288.50', '289.39', '288.00', '-0.07', '289.47', '20.6000', 1473313380, 1473314154),
('2016-09-08', 'Pt99.95', '沪铂95', '248.00', '248.50', '248.50', '248.00', '-1.20', '251.00', '20.0000', 1473312731, 1473314154),
('2016-09-08', 'iAu99.99', 'IAU99.99', '289.20', '289.20', '289.20', '289.20', '0.42', '287.99', '0.0200', 1473312570, 1473314154),
('2016-09-08', 'Au(T+D)', '黄金延期', '289.05', '289.25', '289.55', '287.50', '-0.08', '289.29', '37180.0000', 1473313420, 1473316032),
('2016-09-08', 'Au99.99', '沪金99', '289.34', '289.48', '289.50', '288.20', '-0.01', '289.37', '4500.6200', 1473313416, 1473316032),
('2016-09-08', 'mAu(T+D)', '迷你黄金延期', '289.16', '289.68', '289.70', '288.00', '-0.12', '289.51', '2598.2000', 1473313418, 1473316032),
('2016-09-08', 'Au99.95', '沪金95', '288.80', '289.50', '289.50', '288.80', '-0.15', '289.24', '796.0000', 1473313415, 1473316032),
('2016-09-08', 'Au(T+D)', '黄金延期', '289.10', '289.25', '289.55', '287.50', '-0.07', '289.29', '43490.0000', 1473316994, 1473317881),
('2016-09-08', 'Au(T+N2)', '延期双金', '290.30', '289.70', '290.65', '289.05', '-0.45', '291.60', '16073.0000', 1473316926, 1473317881),
('2016-09-08', 'Au(T+N1)', '延期单金', '292.10', '292.45', '292.45', '291.20', '-0.05', '292.25', '12043.6000', 1473316926, 1473317881),
('2016-09-08', 'Au99.99', '沪金99', '289.33', '289.48', '289.50', '288.20', '-0.01', '289.37', '9337.6600', 1473316993, 1473317881),
('2016-09-08', 'mAu(T+D)', '迷你黄金延期', '289.18', '289.68', '289.70', '288.00', '-0.11', '289.51', '2887.0000', 1473316971, 1473317881),
('2016-09-08', 'Au99.95', '沪金95', '289.05', '289.50', '289.50', '288.80', '-0.07', '289.24', '1090.0000', 1473316875, 1473317881),
('2016-09-08', 'Au100g', '沪金100G', '289.30', '288.50', '289.40', '288.00', '-0.06', '289.47', '37.8000', 1473316893, 1473317881),
('2016-09-08', 'Pt99.95', '沪铂95', '248.00', '248.50', '248.50', '248.00', '-1.20', '251.00', '20.0000', 1473314519, 1473317881),
('2016-09-08', 'iAu99.99', 'IAU99.99', '289.20', '289.20', '289.20', '289.20', '0.42', '287.99', '0.0200', 1473313648, 1473317881),
('2016-09-08', 'Au(T+D)', '黄金延期', '289.10', '289.25', '289.55', '287.50', '-0.07', '289.29', '43570.0000', 1473317023, 1473319683),
('2016-09-08', 'Au99.99', '沪金99', '289.35', '289.48', '289.50', '288.20', '-0.01', '289.37', '9437.6600', 1473317000, 1473319683),
('2016-09-08', 'mAu(T+D)', '迷你黄金延期', '289.18', '289.68', '289.70', '288.00', '-0.11', '289.51', '2887.0000', 1473317017, 1473319683),
('2016-09-08', 'Au99.95', '沪金95', '289.05', '289.50', '289.50', '288.80', '-0.07', '289.24', '1090.0000', 1473317010, 1473319683),
('2016-09-08', 'Au(T+D)', '黄金延期', '289.09', '289.25', '289.55', '287.50', '-0.07', '289.29', '47666.0000', 1473319767, 1473321520),
('2016-09-08', 'Au(T+N2)', '延期双金', '290.30', '289.70', '290.65', '289.05', '-0.45', '291.60', '16073.0000', 1473319739, 1473321520),
('2016-09-08', 'Au99.99', '沪金99', '289.20', '289.48', '289.50', '288.20', '-0.06', '289.37', '13585.8400', 1473319769, 1473321520),
('2016-09-08', 'Au(T+N1)', '延期单金', '292.35', '292.45', '292.45', '291.20', '0.03', '292.25', '12048.0000', 1473319739, 1473321520),
('2016-09-08', 'mAu(T+D)', '迷你黄金延期', '289.23', '289.68', '289.70', '288.00', '-0.10', '289.51', '3509.0000', 1473319763, 1473321520),
('2016-09-08', 'Au99.95', '沪金95', '289.10', '289.50', '289.50', '288.80', '-0.05', '289.24', '1228.0000', 1473319769, 1473321520),
('2016-09-08', 'Au100g', '沪金100G', '289.00', '288.50', '289.40', '288.00', '-0.16', '289.47', '40.6000', 1473319769, 1473321520),
('2016-09-08', 'Pt99.95', '沪铂95', '248.75', '248.50', '248.75', '248.00', '-0.90', '251.00', '32.0000', 1473319769, 1473321520),
('2016-09-08', 'iAu99.99', 'IAU99.99', '289.20', '289.20', '289.20', '289.20', '0.42', '287.99', '0.0200', 1473319769, 1473321520),
('2016-09-08', 'iAu100g', 'IAU100G', '0.00', '0.00', '0.00', '0.00', '0.00', '261.18', '0.0000', 1473319769, 1473321520),
('2016-09-08', 'iAu99.5', 'IAU99.5', '0.00', '0.00', '0.00', '0.00', '0.00', '237.80', '0.0000', 1473319769, 1473321520),
('2016-09-08', 'Au(T+D)', '黄金延期', '288.52', '288.65', '289.25', '288.10', '-0.19', '289.08', '13624.0000', 1473342405, 1473343839),
('2016-09-08', 'mAu(T+D)', '迷你黄金延期', '288.62', '289.26', '289.40', '288.20', '-0.21', '289.23', '1200.6000', 1473342405, 1473343839),
('2016-09-08', 'Au99.95', '沪金95', '289.00', '289.10', '289.46', '289.00', '-0.03', '289.10', '80.0000', 1473342342, 1473343839),
('2016-09-08', 'Au99.99', '沪金99', '288.98', '289.69', '289.69', '288.50', '-0.08', '289.20', '8.4400', 1473342364, 1473343839),
('2016-09-08', 'Au100g', '沪金100G', '289.00', '289.00', '289.00', '289.00', '0.00', '289.00', '0.4000', 1473342222, 1473343839),
('2016-09-08', 'Au(T+N2)', '延期双金', '289.90', '289.90', '289.90', '289.90', '-0.14', '290.30', '0.2000', 1473342404, 1473343839),
('2016-09-08', 'Pt99.95', '沪铂95', '0.00', '0.00', '0.00', '0.00', '0.00', '248.33', '0.0000', 1473341727, 1473343839),
('2016-09-08', 'iAu100g', 'IAU100G', '0.00', '0.00', '0.00', '0.00', '0.00', '261.18', '0.0000', 1473341491, 1473343839),
('2016-09-08', 'iAu99.5', 'IAU99.5', '0.00', '0.00', '0.00', '0.00', '0.00', '237.80', '0.0000', 1473334755, 1473343839),
('2016-09-08', 'iAu99.99', 'IAU99.99', '0.00', '0.00', '0.00', '0.00', '0.00', '289.20', '0.0000', 1473342405, 1473343839),
('2016-09-08', 'Au(T+N1)', '延期单金', '0.00', '0.00', '0.00', '0.00', '0.00', '292.35', '0.0000', 1473342362, 1473343839),
('2016-09-08', 'Au(T+D)', '黄金延期', '288.56', '288.65', '289.25', '288.10', '-0.18', '289.08', '13612.0000', 1473342372, 1473345642),
('2016-09-08', 'mAu(T+D)', '迷你黄金延期', '288.61', '289.26', '289.40', '288.20', '-0.21', '289.23', '1199.0000', 1473342372, 1473345642),
('2016-09-08', 'Au(T+N2)', '延期双金', '289.90', '289.90', '289.90', '289.90', '-0.14', '290.30', '0.2000', 1473342372, 1473345642),
('2016-09-08', 'iAu99.99', 'IAU99.99', '0.00', '0.00', '0.00', '0.00', '0.00', '289.20', '0.0000', 1473342371, 1473345642),
('2016-09-08', 'Au(T+D)', '黄金延期', '288.60', '288.65', '289.25', '288.10', '-0.17', '289.08', '16310.0000', 1473346003, 1473347444),
('2016-09-08', 'mAu(T+D)', '迷你黄金延期', '288.70', '289.26', '289.40', '288.20', '-0.18', '289.23', '1472.0000', 1473346003, 1473347444),
('2016-09-08', 'Au99.95', '沪金95', '289.00', '289.10', '289.46', '289.00', '-0.03', '289.10', '80.0000', 1473344872, 1473347444),
('2016-09-08', 'Au99.99', '沪金99', '288.80', '289.69', '289.69', '288.22', '-0.14', '289.20', '16.8000', 1473346001, 1473347444),
('2016-09-08', 'Au100g', '沪金100G', '289.00', '289.00', '289.00', '289.00', '0.00', '289.00', '1.2000', 1473345916, 1473347444),
('2016-09-08', 'Au(T+N1)', '延期单金', '292.00', '291.60', '292.00', '291.60', '-0.12', '292.35', '1.0000', 1473345987, 1473347444),
('2016-09-08', 'Au(T+N2)', '延期双金', '289.90', '289.90', '289.90', '289.90', '-0.14', '290.30', '0.2000', 1473345940, 1473347444),
('2016-09-08', 'iAu100g', 'IAU100G', '0.00', '0.00', '0.00', '0.00', '0.00', '261.18', '0.0000', 1473345683, 1473347444),
('2016-09-08', 'iAu99.99', 'IAU99.99', '0.00', '0.00', '0.00', '0.00', '0.00', '289.20', '0.0000', 1473345988, 1473347444),
('2016-09-09', 'Au(T+D)', '黄金延期', '287.76', '288.65', '289.25', '287.33', '-0.46', '289.08', '28404.0000', 1473359369, 1473382443),
('2016-09-09', 'mAu(T+D)', '迷你黄金延期', '287.86', '289.26', '289.40', '287.60', '-0.47', '289.23', '2905.2000', 1473359367, 1473382443),
('2016-09-09', 'Au99.99', '沪金99', '288.50', '289.69', '289.69', '287.51', '-0.24', '289.20', '201.5800', 1473359298, 1473382443),
('2016-09-09', 'Au99.95', '沪金95', '288.20', '289.10', '289.46', '288.20', '-0.31', '289.10', '98.0000', 1473359324, 1473382443),
('2016-09-09', 'Au(T+N1)', '延期单金', '291.00', '291.60', '292.00', '291.00', '-0.46', '292.35', '22.0000', 1473359357, 1473382443),
('2016-09-09', 'Au100g', '沪金100G', '288.00', '289.00', '289.00', '288.00', '-0.35', '289.00', '2.8000', 1473357523, 1473382443),
('2016-09-09', 'Au(T+N2)', '延期双金', '289.00', '289.90', '289.90', '289.00', '-0.45', '290.30', '1.2000', 1473359357, 1473382443),
('2016-09-08', 'iAu100g', 'IAU100G', '0.00', '0.00', '0.00', '0.00', '0.00', '261.18', '0.0000', 1473349659, 1473382443),
('2016-09-09', 'iAu99.99', 'IAU99.99', '0.00', '0.00', '0.00', '0.00', '0.00', '289.20', '0.0000', 1473359367, 1473382443),
('2016-09-09', 'Pt99.95', '沪铂95', '0.00', '0.00', '0.00', '0.00', '0.00', '248.33', '0.0000', 1473359280, 1473382443),
('2016-09-09', 'Au(T+D)', '黄金延期', '287.69', '288.65', '289.25', '287.33', '-0.48', '289.08', '36474.0000', 1473386176, 1473386955),
('2016-09-09', 'mAu(T+D)', '迷你黄金延期', '287.95', '289.26', '289.40', '287.60', '-0.44', '289.23', '3283.4000', 1473386175, 1473386955),
('2016-09-09', 'Au99.99', '沪金99', '287.95', '289.69', '289.69', '287.51', '-0.43', '289.20', '911.5800', 1473386176, 1473386955),
('2016-09-09', 'Au99.95', '沪金95', '287.70', '289.10', '289.46', '287.65', '-0.48', '289.10', '204.0000', 1473386163, 1473386955),
('2016-09-09', 'Au(T+N2)', '延期双金', '289.00', '289.90', '289.90', '287.60', '-0.45', '290.30', '113.4000', 1473386095, 1473386955),
('2016-09-09', 'Au(T+N1)', '延期单金', '290.50', '291.60', '292.00', '290.50', '-0.63', '292.35', '98.2000', 1473386098, 1473386955),
('2016-09-09', 'Pt99.95', '沪铂95', '247.75', '247.75', '247.75', '247.75', '-0.23', '248.33', '10.0000', 1473385139, 1473386955),
('2016-09-09', 'Au100g', '沪金100G', '288.66', '289.00', '289.00', '287.65', '-0.12', '289.00', '6.8000', 1473386143, 1473386955),
('2016-09-09', 'iAu99.99', 'IAU99.99', '287.01', '287.01', '287.01', '287.01', '-0.76', '289.20', '0.0200', 1473386176, 1473386955),
('2016-09-09', 'iAu100g', 'IAU100G', '0.00', '0.00', '0.00', '0.00', '0.00', '261.18', '0.0000', 1473383673, 1473386955),
('2016-09-09', 'Au(T+D)', '黄金延期', '287.92', '288.65', '289.25', '287.33', '-0.40', '289.08', '40474.0000', 1473389804, 1473393562),
('2016-09-09', 'Au(T+N1)', '延期单金', '291.00', '291.60', '292.00', '290.50', '-0.46', '292.35', '12098.4000', 1473389751, 1473393562),
('2016-09-09', 'Au(T+N2)', '延期双金', '289.80', '289.90', '289.90', '287.60', '-0.17', '290.30', '8134.0000', 1473389796, 1473393562),
('2016-09-09', 'mAu(T+D)', '迷你黄金延期', '288.10', '289.26', '289.40', '287.60', '-0.39', '289.23', '3766.0000', 1473389805, 1473393562),
('2016-09-09', 'Au99.99', '沪金99', '288.01', '289.69', '289.69', '287.51', '-0.41', '289.20', '3152.9000', 1473389789, 1473393562),
('2016-09-09', 'Au99.95', '沪金95', '287.89', '289.10', '289.46', '287.65', '-0.42', '289.10', '726.0000', 1473389753, 1473393562),
('2016-09-09', 'Au100g', '沪金100G', '288.20', '289.00', '289.00', '287.65', '-0.28', '289.00', '10.0000', 1473389699, 1473393562),
('2016-09-09', 'Pt99.95', '沪铂95', '247.75', '247.75', '247.75', '247.75', '-0.23', '248.33', '10.0000', 1473388605, 1473393562),
('2016-09-09', 'iAu99.99', 'IAU99.99', '287.01', '287.01', '287.01', '287.01', '-0.76', '289.20', '0.1000', 1473389801, 1473393562),
('2016-09-09', 'Au(T+D)', '黄金延期', '287.87', '288.65', '289.25', '287.33', '-0.42', '289.08', '41186.0000', 1473391762, 1473394463),
('2016-09-09', 'Au(T+N1)', '延期单金', '290.55', '291.60', '292.00', '290.50', '-0.62', '292.35', '12100.2000', 1473391734, 1473394463),
('2016-09-09', 'Au(T+N2)', '延期双金', '289.80', '289.90', '289.90', '287.60', '-0.17', '290.30', '8134.0000', 1473391735, 1473394463),
('2016-09-09', 'Au99.99', '沪金99', '288.08', '289.69', '289.69', '287.51', '-0.39', '289.20', '4169.6600', 1473391751, 1473394463),
('2016-09-09', 'mAu(T+D)', '迷你黄金延期', '288.10', '289.26', '289.40', '287.60', '-0.39', '289.23', '3900.6000', 1473391763, 1473394463),
('2016-09-09', 'Au99.95', '沪金95', '287.80', '289.10', '289.46', '287.65', '-0.45', '289.10', '804.0000', 1473391734, 1473394463),
('2016-09-09', 'Au100g', '沪金100G', '288.54', '289.00', '289.00', '287.65', '-0.16', '289.00', '11.0000', 1473391269, 1473394463),
('2016-09-09', 'Pt99.95', '沪铂95', '247.75', '247.75', '247.75', '247.75', '-0.23', '248.33', '10.0000', 1473391753, 1473394463),
('2016-09-09', 'iAu99.99', 'IAU99.99', '288.20', '287.01', '288.20', '287.01', '-0.35', '289.20', '0.1400', 1473391747, 1473394463),
('2016-09-09', 'Au(T+D)', '黄金延期', '287.70', '288.65', '289.25', '287.33', '-0.48', '289.08', '43828.0000', 1473400695, 1473401732),
('2016-09-09', 'Au(T+N1)', '延期单金', '290.65', '291.60', '292.00', '290.50', '-0.58', '292.35', '12120.2000', 1473400546, 1473401732),
('2016-09-09', 'Au(T+N2)', '延期双金', '289.10', '289.90', '289.90', '287.60', '-0.41', '290.30', '8154.0000', 1473400592, 1473401732),
('2016-09-09', 'Au99.99', '沪金99', '287.90', '289.69', '289.69', '287.51', '-0.45', '289.20', '6229.7000', 1473400700, 1473401732),
('2016-09-09', 'mAu(T+D)', '迷你黄金延期', '287.90', '289.26', '289.40', '287.60', '-0.46', '289.23', '4019.4000', 1473400699, 1473401732),
('2016-09-09', 'Au99.95', '沪金95', '287.65', '289.10', '289.46', '287.60', '-0.50', '289.10', '884.0000', 1473400698, 1473401732),
('2016-09-09', 'Au100g', '沪金100G', '288.45', '289.00', '289.00', '287.65', '-0.19', '289.00', '14.0000', 1473400656, 1473401732),
('2016-09-09', 'Pt99.95', '沪铂95', '247.75', '247.75', '247.75', '247.75', '-0.23', '248.33', '10.0000', 1473400070, 1473401732),
('2016-09-09', 'iAu99.99', 'IAU99.99', '288.10', '287.01', '288.20', '287.01', '-0.38', '289.20', '0.2200', 1473400672, 1473401732),
('2016-09-09', 'Au(T+D)', '黄金延期', '287.45', '288.65', '289.25', '287.30', '-0.56', '289.08', '49926.0000', 1473404296, 1473405336),
('2016-09-09', 'Au(T+N1)', '延期单金', '290.50', '291.60', '292.00', '290.50', '-0.63', '292.35', '12137.6000', 1473404293, 1473405336),
('2016-09-09', 'Au99.99', '沪金99', '287.66', '289.69', '289.69', '287.51', '-0.53', '289.20', '11909.4800', 1473404293, 1473405336),
('2016-09-09', 'Au(T+N2)', '延期双金', '289.00', '289.90', '289.90', '287.60', '-0.45', '290.30', '8170.0000', 1473404293, 1473405336),
('2016-09-09', 'mAu(T+D)', '迷你黄金延期', '287.66', '289.26', '289.40', '287.54', '-0.54', '289.23', '4508.8000', 1473404297, 1473405336),
('2016-09-09', 'Au99.95', '沪金95', '287.45', '289.10', '289.46', '287.40', '-0.57', '289.10', '1222.0000', 1473404214, 1473405336),
('2016-09-09', 'Au100g', '沪金100G', '287.80', '289.00', '289.00', '287.65', '-0.42', '289.00', '23.2000', 1473404272, 1473405336),
('2016-09-09', 'Pt99.95', '沪铂95', '247.75', '247.75', '247.75', '247.75', '-0.23', '248.33', '10.0000', 1473402960, 1473405336),
('2016-09-09', 'iAu99.99', 'IAU99.99', '287.00', '287.01', '288.20', '287.00', '-0.76', '289.20', '0.7200', 1473404289, 1473405336),
('2016-09-09', 'Au(T+D)', '黄金延期', '287.58', '288.65', '289.25', '287.30', '-0.52', '289.08', '52014.0000', 1473406168, 1473409139),
('2016-09-09', 'Au(T+N1)', '延期单金', '290.85', '291.60', '292.00', '290.50', '-0.51', '292.35', '16137.6000', 1473406129, 1473409139),
('2016-09-09', 'Au99.99', '沪金99', '287.70', '289.69', '289.69', '287.51', '-0.52', '289.20', '14542.9400', 1473406168, 1473409139),
('2016-09-09', 'Au(T+N2)', '延期双金', '288.50', '289.90', '289.90', '287.60', '-0.62', '290.30', '12207.4000', 1473406129, 1473409139),
('2016-09-09', 'mAu(T+D)', '迷你黄金延期', '287.65', '289.26', '289.40', '287.54', '-0.55', '289.23', '4795.4000', 1473406168, 1473409139),
('2016-09-09', 'Au99.95', '沪金95', '287.48', '289.10', '289.46', '287.30', '-0.56', '289.10', '1372.0000', 1473406168, 1473409139),
('2016-09-09', 'Au100g', '沪金100G', '287.52', '289.00', '289.00', '287.52', '-0.51', '289.00', '27.2000', 1473406168, 1473409139),
('2016-09-09', 'Pt99.95', '沪铂95', '246.50', '247.75', '247.75', '246.50', '-0.74', '248.33', '12.0000', 1473406168, 1473409139),
('2016-09-09', 'iAu99.99', 'IAU99.99', '287.00', '287.01', '288.20', '287.00', '-0.76', '289.20', '0.7200', 1473406168, 1473409139),
('2016-09-09', 'iAu100g', 'IAU100G', '0.00', '0.00', '0.00', '0.00', '0.00', '261.18', '0.0000', 1473406168, 1473409139),
('2016-09-09', 'iAu99.5', 'IAU99.5', '0.00', '0.00', '0.00', '0.00', '0.00', '237.80', '0.0000', 1473406168, 1473409139),
(NULL, 'Au(T+D)', '黄金延期', '282.74', '0.00', '282.84', '281.70', '-1.84', '284.58', '0.0000', 1474249202, 1474249654),
(NULL, 'Au99.99', '沪金99', '283.00', '0.00', '285.10', '282.20', '-1.95', '284.95', '0.0000', 1474249203, 1474249654),
('2016-09-19', 'Au(T+D)', '黄金延期', '282.68', '0.00', '282.84', '281.70', '-1.90', '284.58', '0.0000', 1474249628, 1474249943),
('2016-09-19', 'Au99.99', '沪金99', '282.90', '0.00', '285.10', '282.20', '-2.05', '284.95', '0.0000', 1474249630, 1474249943),
('2016-09-19', 'Au(T+D)', '黄金延期', '282.70', '0.00', '282.84', '281.70', '-1.88', '284.58', '0.0000', 1474249809, 1474250148),
('2016-09-19', 'Au99.99', '沪金99', '282.88', '0.00', '285.10', '282.20', '-2.07', '284.95', '0.0000', 1474249809, 1474250148),
('2016-09-19', 'Au(T+D)', '黄金延期', '282.74', '0.00', '282.84', '281.70', '-1.84', '284.58', '0.0000', 1474250231, 1474250881),
('2016-09-19', 'Au99.99', '沪金99', '282.93', '0.00', '285.10', '282.20', '-2.02', '284.95', '0.0000', 1474250230, 1474250881),
('2016-09-19', 'Au(T+D)', '黄金延期', '282.70', '0.00', '282.84', '281.70', '-1.88', '284.58', '0.0000', 1474250390, 1474251182),
('2016-09-19', 'Au99.99', '沪金99', '282.93', '0.00', '285.10', '282.20', '-2.02', '284.95', '0.0000', 1474250386, 1474251182),
('2016-09-19', 'Au(T+D)', '黄金延期', '282.73', '0.00', '282.84', '281.70', '-1.85', '284.58', '0.0000', 1474250944, 1474251482),
('2016-09-19', 'Au99.99', '沪金99', '282.90', '0.00', '285.10', '282.20', '-2.05', '284.95', '0.0000', 1474250901, 1474251482),
('2016-09-19', 'Au(T+D)', '黄金延期', '282.73', '0.00', '282.84', '281.70', '-1.85', '284.58', '0.0000', 1474251569, 1474252082),
('2016-09-19', 'Au99.99', '沪金99', '282.93', '0.00', '285.10', '282.20', '-2.02', '284.95', '0.0000', 1474251562, 1474252082),
('2016-09-19', 'Au(T+D)', '黄金延期', '282.73', '0.00', '282.84', '281.70', '-1.85', '284.58', '0.0000', 1474251985, 1474252382),
('2016-09-19', 'Au99.99', '沪金99', '282.89', '0.00', '285.10', '282.20', '-2.06', '284.95', '0.0000', 1474251989, 1474252382),
('2016-09-19', 'Au(T+D)', '黄金延期', '283.27', '0.00', '283.40', '281.70', '-1.31', '284.58', '0.0000', 1474253373, 1474253650),
('2016-09-19', 'Au99.99', '沪金99', '283.48', '0.00', '285.10', '282.20', '-1.47', '284.95', '0.0000', 1474253374, 1474253650),
('2016-09-19', 'Au(T+D)', '黄金延期', '283.18', '0.00', '283.42', '281.70', '-1.40', '284.58', '0.0000', 1474253970, 1474254251),
('2016-09-19', 'Au99.99', '沪金99', '283.34', '0.00', '285.10', '282.20', '-1.61', '284.95', '0.0000', 1474253971, 1474254251),
('2016-09-19', 'Au(T+D)', '黄金延期', '283.20', '0.00', '283.42', '281.70', '-1.38', '284.58', '0.0000', 1474253792, 1474254551),
('2016-09-19', 'Au99.99', '沪金99', '283.40', '0.00', '285.10', '282.20', '-1.55', '284.95', '0.0000', 1474253772, 1474254551),
('2016-09-19', 'Au(T+D)', '黄金延期', '283.19', '0.00', '283.42', '281.70', '-1.39', '284.58', '0.0000', 1474254574, 1474254851),
('2016-09-19', 'Au99.99', '沪金99', '283.34', '0.00', '285.10', '282.20', '-1.61', '284.95', '0.0000', 1474254563, 1474254851),
('2016-09-19', 'Au(T+D)', '黄金延期', '283.10', '0.00', '283.42', '281.70', '-1.48', '284.58', '0.0000', 1474255170, 1474255451),
('2016-09-19', 'Au99.99', '沪金99', '283.25', '0.00', '285.10', '282.20', '-1.70', '284.95', '0.0000', 1474255168, 1474255451);

-- --------------------------------------------------------

--
-- 表的结构 `gd_node`
--

CREATE TABLE `gd_node` (
  `node_id` int(11) NOT NULL,
  `mode` enum('auth','menu') NOT NULL DEFAULT 'auth',
  `parent_id` int(11) NOT NULL DEFAULT '0',
  `level` tinyint(4) NOT NULL DEFAULT '1',
  `name` varchar(32) DEFAULT NULL,
  `title` text,
  `path` varchar(96) DEFAULT NULL,
  `status` tinyint(1) NOT NULL DEFAULT '1',
  `auth` tinyint(1) NOT NULL DEFAULT '0',
  `sort` smallint(6) NOT NULL DEFAULT '0',
  `note` text
) ENGINE=InnoDB DEFAULT CHARSET=utf8;

--
-- 转存表中的数据 `gd_node`
--

INSERT INTO `gd_node` (`node_id`, `mode`, `parent_id`, `level`, `name`, `title`, `path`, `status`, `auth`, `sort`, `note`) VALUES
(1, 'auth', 0, 1, 'tool', '小工具', 'tool', 1, 1, 0, NULL),
(2, 'auth', 1, 1, 'API', '通用接口', 'tool/api', 1, 0, 0, ''),
(3, 'auth', 2, 1, 'golden_price', '获取黄金价格', 'tool/api/price', 1, 0, 0, ''),
(4, 'auth', 0, 1, 'auth', '用户模块', '', 1, 1, 0, ''),
(5, 'auth', 4, 1, 'worker', '员工管理', 'auth/worker', 1, 1, 0, ''),
(6, 'auth', 5, 1, 'list', '员工列表页', 'auth/worker/list', 1, 1, 0, ''),
(7, 'auth', 5, 1, 'check_username', '验证用户名有效', 'auth/worker/check_username', 1, 1, 0, ''),
(8, 'auth', 5, 1, 'save', '添加编辑员工', 'auth/worker/save', 1, 1, 0, ''),
(9, 'auth', 5, 1, 'get_info', '获取员工信息', 'auth/worker/get_info', 1, 1, 0, ''),
(10, 'auth', 5, 1, 'activate', '启用员工', 'auth/worker/activate', 1, 1, 0, ''),
(11, 'auth', 5, 1, 'deactivate', '禁用员工', 'auth/worker/deactivate', 1, 1, 0, ''),
(12, 'auth', 4, 1, 'role', '角色模块', 'auth/role', 1, 1, 0, ''),
(13, 'auth', 12, 1, 'index', '角色列表', 'auth/role/index', 1, 1, 0, ''),
(14, 'auth', 12, 1, 'check_code', '验证角色标识', 'auth/role/check_code', 1, 1, 0, ''),
(15, 'auth', 12, 1, 'save', '添加编辑角色', 'auth/role/save', 1, 1, 0, ''),
(16, 'auth', 12, 1, 'get_info', '获取角色信息', 'auth/role/get_info', 1, 1, 0, ''),
(17, 'auth', 4, 1, 'permission', '权限模块', 'auth/permission', 1, 1, 0, ''),
(18, 'auth', 17, 1, 'index', '权限节点树', 'auth/permission/index', 1, 1, 0, ''),
(19, 'auth', 17, 1, 'save', '添加编辑权限节点', 'auth/permission/save', 1, 1, 0, ''),
(20, 'auth', 17, 1, 'delete', '删除节点', 'auth/permission/delete', 1, 1, 0, ''),
(21, 'auth', 17, 1, 'get_info', '获取节点信息', 'auth/permission/get_info', 1, 1, 0, ''),
(22, 'auth', 4, 1, 'profile', '个人资料', 'auth/profile', 1, 0, 0, ''),
(23, 'auth', 22, 1, 'index', '个人资料页面', 'auth/profile/index', 1, 0, 0, ''),
(24, 'auth', 22, 1, 'check_oldpwd', '验证旧密码', 'auth/profile/check_oldpwd', 1, 0, 0, ''),
(25, 'auth', 22, 1, 'password', '重置密码', 'auth/profile/password', 1, 0, 0, ''),
(26, 'auth', 22, 1, 'save', '编辑个人资料', 'auth/profile/save', 1, 0, 0, ''),
(27, 'auth', 22, 1, 'avatar', '上传头像', 'auth/profile/avatar', 1, 0, 0, ''),
(28, 'auth', 0, 1, 'setting', '参数设置', 'setting', 1, 1, 0, ''),
(29, 'auth', 28, 1, 'system', '平台参数', 'setting/system', 1, 1, 0, ''),
(30, 'auth', 29, 1, 'index', '读取平台参数', 'setting/system/index', 1, 1, 0, ''),
(31, 'auth', 29, 1, 'save', '编辑参数', 'setting/system/save', 1, 1, 0, ''),
(32, 'auth', 28, 1, 'project', '业务参数', 'setting/project', 1, 1, 0, ''),
(33, 'auth', 32, 1, 'index', '读取业务参数', 'setting/project/index', 1, 1, 0, ''),
(34, 'auth', 32, 1, 'save', '编辑参数', 'setting/project/save', 1, 1, 0, ''),
(35, 'auth', 32, 1, 'status_list', '读取项目状态列表', 'setting/project/status_list', 1, 1, 0, ''),
(36, 'auth', 32, 1, 'save_status', '编辑项目状态', 'setting/project/save_status', 1, 1, 0, ''),
(37, 'auth', 32, 1, 'check_status', '验证项目状态标识', 'setting/project/check_status', 1, 1, 0, ''),
(38, 'auth', 32, 1, 'get_status', '获取项目状态信息', 'setting/project/get_status', 1, 1, 0, ''),
(39, 'auth', 28, 1, 'api', '接口参数', 'setting/api', 1, 1, 0, ''),
(40, 'auth', 39, 1, 'inde', '读取接口参数', 'setting/api/index', 1, 1, 0, ''),
(41, 'auth', 39, 1, 'save', '编辑参数', 'setting/api/save', 1, 1, 0, ''),
(42, 'auth', 0, 1, 'article', '文章管理', 'article', 1, 1, 0, ''),
(43, 'auth', 42, 1, 'category', '文章分类', 'article/category', 1, 1, 0, ''),
(44, 'auth', 43, 1, 'index', '读取文章分类列表', 'article/category/index', 1, 1, 0, ''),
(45, 'auth', 43, 1, 'save', '添加编辑文章分类', 'article/category/save', 1, 1, 0, ''),
(46, 'auth', 43, 1, 'get_info', '获取文章分类信息', 'article/category/get_info', 1, 1, 0, ''),
(47, 'auth', 43, 1, 'check_code', '验证文章分类标识', 'article/category/check_code', 1, 1, 0, ''),
(48, 'auth', 42, 1, 'article', '文章管理', 'article/article', 1, 1, 0, ''),
(49, 'auth', 48, 1, 'index', '读取所有文章', 'article/article/index', 1, 1, 0, ''),
(50, 'auth', 48, 1, 'form', '加载文章编辑表单', 'article/article/form', 1, 1, 0, ''),
(51, 'auth', 48, 1, 'save', '添加编辑文章', 'article/article/save', 1, 1, 0, ''),
(52, 'auth', 48, 1, 'detail', '查看文章内容', 'article/article/detail', 1, 0, 0, ''),
(53, 'auth', 0, 1, 'project', '项目管理', 'project', 1, 1, 0, ''),
(54, 'auth', 53, 1, 'investing', '钱生金', 'project/investing', 1, 1, 0, ''),
(55, 'auth', 54, 1, 'index', '读取钱生金项目列表', 'project/investing/index', 1, 1, 0, ''),
(57, 'auth', 54, 1, 'applied', '添加项目', 'project/investing/booked', 1, 1, 0, ''),
(59, 'auth', 54, 1, 'checked', '核实项目信息', 'project/investing/checked', 1, 1, 0, ''),
(61, 'auth', 54, 1, 'confirmed', '库管确认', 'project/investing/confirmed', 1, 1, 0, ''),
(62, 'auth', 54, 1, 'privacy', '打印协议', 'project/investing/privacy', 1, 1, 0, ''),
(63, 'auth', 54, 1, 'applied', '申请取金', 'project/investing/applied', 1, 1, 0, ''),
(64, 'auth', 54, 1, 'reset_locker', '释放表单锁', 'project/investing/reset_locker', 1, 0, 0, ''),
(65, 'auth', 54, 1, 'detail', '项目详情', 'project/investing/detail', 1, 1, 0, ''),
(67, 'auth', 54, 1, 'refused', '驳回项目', 'project/investing/refused', 1, 1, 0, ''),
(68, 'auth', 54, 1, 'trashed', '废弃项目', 'project/investing/trashed', 1, 1, 0, ''),
(69, 'auth', 53, 1, 'recycling', '金生金', 'project/recycling', 1, 1, 0, ''),
(70, 'auth', 69, 1, 'index', '读取项目列表', 'project/recycling/index', 1, 1, 0, ''),
(72, 'auth', 69, 1, 'booked', '登记项目', 'project/recycling/booked', 1, 1, 0, ''),
(78, 'auth', 69, 1, 'checked', '核实项目资料', 'project/recycling/checked', 1, 1, 0, ''),
(80, 'auth', 69, 3, 'terminated', '终止项目', 'project/recycling/terminated', 1, 1, 0, ''),
(81, 'auth', 69, 3, 'reset_locker', '释放表单锁', 'project/recycling/reset_locker', 1, 0, 0, ''),
(82, 'auth', 69, 1, 'detail', '项目详情', 'project/recycling/detail', 1, 1, 0, ''),
(83, 'auth', 69, 1, 'privacy', '打印协议', 'project/recycling/privacy', 1, 1, 0, ''),
(84, 'auth', 69, 1, 'refused', '拒绝申请', 'project/recycling/refused', 1, 1, 0, ''),
(85, 'auth', 69, 1, 'trashed', '废弃项目', 'project/recycling/trashed', 1, 1, 0, ''),
(87, 'auth', 69, 1, 'confirmed', '库管确认', 'project/recycling/confirmed', 1, 1, 0, ''),
(88, 'auth', 0, 1, 'dashboard', '首页', '', 1, 0, 0, NULL),
(89, 'auth', 88, 1, 'home', '控制面板', 'home/index', 1, 0, 0, NULL),
(90, 'auth', 0, 1, 'error', '错误提示', '', 1, 0, 0, NULL),
(91, 'auth', 90, 1, 'permission', '无此授权', 'error/permission', 1, 0, 0, NULL),
(92, 'auth', 90, 1, 'permission', '无此授权', 'error/permission/index', 1, 0, 0, NULL),
(93, 'auth', 54, 1, 'update', '编辑项目', 'project/investing/update', 1, 1, 0, ''),
(94, 'auth', 54, 1, 'terminated', '终止项目', 'project/investing/terminated', 1, 1, 0, ''),
(95, 'auth', 88, 1, 'home', '发布通知', 'home/notification', 1, 0, 0, NULL),
(96, 'auth', 54, 1, 'cancle', '取消申请提金', 'project/investing/cancle', 1, 1, 0, ''),
(98, 'auth', 1, 1, 'filemanager', '文件管理', 'tool/filemanager', 1, 0, 0, ''),
(100, 'auth', 98, 1, 'upload', '上传文件', 'tool/filemanager/upload', 1, 0, 0, ''),
(101, 'auth', 98, 1, 'download', '下载文件', 'tool/filemanager/download', 1, 0, 0, ''),
(102, 'auth', 5, 1, 'autocomplete', '自动匹配', 'auth/worker/autocomplete', 1, 0, 0, ''),
(103, 'auth', 69, 1, 'update', '编辑项目', 'project/recycling/update', 1, 1, 0, ''),
(104, 'auth', 53, 1, 'customer', '客户管理', 'project/customer', 1, 1, 0, ''),
(105, 'auth', 104, 1, 'index', '查看客户列表', 'project/customer/index', 1, 1, 0, ''),
(106, 'auth', 104, 1, 'update', '更新客户资料', 'project/customer/update', 1, 1, 0, ''),
(107, 'auth', 104, 1, 'projects', '查看客户项目明细', 'project/customer/projects', 1, 1, 0, ''),
(108, 'auth', 104, 1, 'autocomplete', '自动匹配客户资料', 'project/customer/autocomplete', 1, 0, 0, ''),
(109, 'auth', 104, 1, 'applied', '客户提金', 'project/customer/applied', 1, 1, 0, ''),
(110, 'auth', 104, 1, 'order', '门店消费申请', 'project/customer/order', 1, 1, 0, ''),
(111, 'auth', 104, 1, 'taken', '确认申请提金或消费', 'project/customer/taken', 1, 1, 0, ''),
(112, 'auth', 104, 1, 'cancle', '取消客户提金申请', 'project/customer/cancle', 1, 1, 0, ''),
(113, 'auth', 53, 1, 'trash', '回收站', 'project/trash', 1, 1, 0, ''),
(114, 'auth', 113, 1, 'index', '读取回收站列表', 'project/trash/index', 1, 1, 0, ''),
(115, 'auth', 113, 1, 'restore', '还原', 'project/trash/restore', 1, 1, 0, ''),
(116, 'auth', 113, 1, 'remove', '删除', 'project/trash/remove', 1, 1, 0, ''),
(117, 'auth', 53, 1, 'stock', '库存管理', 'project/stock', 1, 1, 0, ''),
(118, 'auth', 117, 1, 'inde', '读取库存列表', 'project/stock/index', 1, 1, 0, ''),
(119, 'auth', 117, 1, 'storage', '添加黄金入库记录', 'project/stock/storage', 1, 1, 0, ''),
(120, 'auth', 117, 1, 'detail', '详细信息', 'project/stock/detail', 1, 1, 0, ''),
(121, 'auth', 117, 3, 'terminated', '终止项目', 'project/stock/terminated', 1, 1, 0, ''),
(124, 'auth', 104, 1, 'bind', '绑定金卡', 'project/customer/bind', 1, 1, 0, ''),
(125, 'auth', 104, 1, 'unbind', '取消客户金卡绑定', 'project/customer/unbind', 1, 1, 0, ''),
(126, 'auth', 104, 1, 'check_card', '验证输入的卡号', 'project/customer/check_card', 1, 1, 0, ''),
(127, 'auth', 104, 1, 'renew', '客户续存黄金', 'project/customer/renew', 1, 1, 0, ''),
(128, 'auth', 104, 1, 'free', '赠送客户黄金', 'project/customer/free', 1, 1, 0, '');

-- --------------------------------------------------------

--
-- 表的结构 `gd_project_file`
--

CREATE TABLE `gd_project_file` (
  `file_id` int(11) NOT NULL,
  `project_sn` char(18) COLLATE utf8_unicode_ci NOT NULL DEFAULT '0',
  `mode` enum('investing','recycling') COLLATE utf8_unicode_ci NOT NULL DEFAULT 'recycling',
  `dir` enum('photo','invoice','report','privacy') COLLATE utf8_unicode_ci NOT NULL DEFAULT 'photo',
  `file` text COLLATE utf8_unicode_ci NOT NULL,
  `status` tinyint(1) NOT NULL DEFAULT '1',
  `worker_id` int(11) NOT NULL DEFAULT '0',
  `addtime` int(11) NOT NULL DEFAULT '0'
) ENGINE=InnoDB DEFAULT CHARSET=utf8 COLLATE=utf8_unicode_ci;

--
-- 转存表中的数据 `gd_project_file`
--

INSERT INTO `gd_project_file` (`file_id`, `project_sn`, `mode`, `dir`, `file`, `status`, `worker_id`, `addtime`) VALUES
(1, 'GR1609129871653602', 'recycling', 'photo', '[{"name":"avatar4.png","path":"public\\/uploads\\/2016\\/09\\/12163550b5af5b.png"}]', 1, 5, 1473669362),
(2, 'GR1609129871653602', 'recycling', 'report', '[{"name":"29155021142d12.txt","path":"public\\/uploads\\/2016\\/09\\/12163553baeeef.txt"}]', 1, 5, 1473669362),
(3, 'GR1609129871653602', 'recycling', 'privacy', '[{"name":"29155000ed424f.txt","path":"public\\/uploads\\/2016\\/09\\/12163557925f74.txt"}]', 1, 5, 1473669362),
(4, 'GM1609126411664755', 'investing', 'privacy', '[{"name":"29155021142d12.txt","path":"public\\/uploads\\/2016\\/09\\/121647512f5653.txt"}]', 1, 5, 1473670075);

-- --------------------------------------------------------

--
-- 表的结构 `gd_project_investing`
--

CREATE TABLE `gd_project_investing` (
  `project_id` int(11) NOT NULL,
  `project_sn` char(18) COLLATE utf8_unicode_ci NOT NULL,
  `status_id` tinyint(4) NOT NULL DEFAULT '0',
  `customer_id` int(11) NOT NULL DEFAULT '0',
  `referrer_id` int(11) DEFAULT '0',
  `company_id` int(11) NOT NULL DEFAULT '0',
  `price` decimal(6,2) NOT NULL DEFAULT '0.00',
  `weight` decimal(11,2) NOT NULL DEFAULT '0.00',
  `amount` decimal(11,2) NOT NULL DEFAULT '0.00',
  `month` tinyint(4) NOT NULL DEFAULT '1',
  `profit` decimal(5,2) NOT NULL DEFAULT '0.00',
  `payment` enum('cash','gold') COLLATE utf8_unicode_ci NOT NULL DEFAULT 'gold',
  `start` date DEFAULT NULL,
  `end` date DEFAULT NULL,
  `note` text COLLATE utf8_unicode_ci,
  `is_del` tinyint(1) NOT NULL DEFAULT '0',
  `transferrer` int(11) NOT NULL DEFAULT '0',
  `worker_id` int(11) NOT NULL DEFAULT '0',
  `addtime` int(11) NOT NULL DEFAULT '0',
  `lasttime` int(11) NOT NULL DEFAULT '0',
  `locker_id` int(11) NOT NULL DEFAULT '0'
) ENGINE=InnoDB DEFAULT CHARSET=utf8 COLLATE=utf8_unicode_ci;

--
-- 转存表中的数据 `gd_project_investing`
--

INSERT INTO `gd_project_investing` (`project_id`, `project_sn`, `status_id`, `customer_id`, `referrer_id`, `company_id`, `price`, `weight`, `amount`, `month`, `profit`, `payment`, `start`, `end`, `note`, `is_del`, `transferrer`, `worker_id`, `addtime`, `lasttime`, `locker_id`) VALUES
(1, 'GM1609126411664755', 4, 2, 2, 1, '287.70', '10.00', '2877.00', 12, '0.08', 'gold', '2016-09-12', '2017-09-11', '库存已确认标记，自动推进到正在增值', 0, 3, 7, 1473670075, 1474424237, 0);

-- --------------------------------------------------------

--
-- 表的结构 `gd_project_investing_history`
--

CREATE TABLE `gd_project_investing_history` (
  `history_id` int(11) NOT NULL,
  `project_id` int(11) NOT NULL DEFAULT '0',
  `status_id` int(11) NOT NULL DEFAULT '0',
  `note` text COLLATE utf8_unicode_ci NOT NULL,
  `request` text COLLATE utf8_unicode_ci,
  `worker_id` int(11) NOT NULL DEFAULT '0',
  `addtime` int(11) NOT NULL DEFAULT '0',
  `ip` char(15) COLLATE utf8_unicode_ci DEFAULT NULL
) ENGINE=InnoDB DEFAULT CHARSET=utf8 COLLATE=utf8_unicode_ci;

--
-- 转存表中的数据 `gd_project_investing_history`
--

INSERT INTO `gd_project_investing_history` (`history_id`, `project_id`, `status_id`, `note`, `request`, `worker_id`, `addtime`, `ip`) VALUES
(1, 1, 1, '87898797', '', 5, 1473670075, '127.0.0.1'),
(2, 1, 2, '撒旦撒旦撒', 'array (\n  ''amount'' =&gt; ''2877.00'',\n  ''_amount'' =&gt; ''2877.00'',\n  ''phone'' =&gt; ''18850911766'',\n  ''_phone'' =&gt; ''18850911766'',\n)', 3, 1474353732, '127.0.0.1'),
(3, 1, 3, 'sadsadadsa', 'array (\n  ''weight'' =&gt; ''10.00'',\n  ''_weight'' =&gt; ''10.00'',\n  ''phone'' =&gt; ''18850911766'',\n  ''_phone'' =&gt; ''18850911766'',\n)', 7, 1474424237, '127.0.0.1'),
(4, 1, 4, '库存已确认标记，自动推进到正在增值', '', 7, 1474424237, '127.0.0.1');

-- --------------------------------------------------------

--
-- 表的结构 `gd_project_investing_status`
--

CREATE TABLE `gd_project_investing_status` (
  `status_id` int(11) NOT NULL,
  `title` varchar(64) COLLATE utf8_unicode_ci NOT NULL,
  `code` varchar(32) COLLATE utf8_unicode_ci NOT NULL,
  `list_label` varchar(256) COLLATE utf8_unicode_ci DEFAULT NULL,
  `note` varchar(128) COLLATE utf8_unicode_ci NOT NULL,
  `status` tinyint(1) NOT NULL DEFAULT '1'
) ENGINE=InnoDB DEFAULT CHARSET=utf8 COLLATE=utf8_unicode_ci;

--
-- 转存表中的数据 `gd_project_investing_status`
--

INSERT INTO `gd_project_investing_status` (`status_id`, `title`, `code`, `list_label`, `note`, `status`) VALUES
(1, '已登记', 'booked', NULL, '登记客户买金信息', 1),
(2, '已核实', 'checked', NULL, '上级主管核对客户信息、黄金买入信息', 1),
(3, '已确认', 'confirmed', NULL, '库管确认并标记', 1),
(4, '生金中', 'growing', NULL, '生金增值', 1),
(5, '已驳回', 'refused', NULL, '客户信息等问题造成', 1),
(6, '已终止', 'terminated', NULL, '提前终止项目', 1);

-- --------------------------------------------------------

--
-- 表的结构 `gd_project_period`
--

CREATE TABLE `gd_project_period` (
  `period_id` int(11) NOT NULL,
  `title` varchar(128) COLLATE utf8_unicode_ci NOT NULL,
  `month` tinyint(4) NOT NULL DEFAULT '1',
  `profit` decimal(5,2) NOT NULL DEFAULT '0.00',
  `status` tinyint(1) NOT NULL DEFAULT '1',
  `default` tinyint(4) NOT NULL DEFAULT '0',
  `note` text COLLATE utf8_unicode_ci
) ENGINE=InnoDB DEFAULT CHARSET=utf8 COLLATE=utf8_unicode_ci;

--
-- 转存表中的数据 `gd_project_period`
--

INSERT INTO `gd_project_period` (`period_id`, `title`, `month`, `profit`, `status`, `default`, `note`) VALUES
(1, '3个月 年化6%', 3, '6.00', 1, 0, ''),
(2, '6个月 年化7%', 6, '7.00', 1, 0, ''),
(3, '1年 年化8%', 12, '8.00', 1, 1, '');

-- --------------------------------------------------------

--
-- 表的结构 `gd_project_recycling`
--

CREATE TABLE `gd_project_recycling` (
  `project_id` int(11) NOT NULL,
  `project_sn` char(18) COLLATE utf8_unicode_ci NOT NULL,
  `status_id` tinyint(4) NOT NULL DEFAULT '0',
  `customer_id` int(11) NOT NULL DEFAULT '0',
  `referrer_id` int(11) NOT NULL DEFAULT '0',
  `company_id` int(11) NOT NULL DEFAULT '0',
  `price` decimal(6,2) NOT NULL DEFAULT '0.00',
  `origin_weight` decimal(9,2) NOT NULL DEFAULT '0.00',
  `weight` decimal(9,2) NOT NULL DEFAULT '0.00',
  `number` tinyint(4) NOT NULL DEFAULT '0',
  `type` enum('ornaments','goldbar','renew','other') COLLATE utf8_unicode_ci DEFAULT 'ornaments',
  `month` tinyint(4) NOT NULL DEFAULT '1',
  `profit` decimal(7,4) NOT NULL DEFAULT '0.0000',
  `payment` enum('cash','gold') COLLATE utf8_unicode_ci NOT NULL DEFAULT 'gold',
  `appraiser_id` int(11) NOT NULL DEFAULT '0',
  `loss` decimal(5,2) NOT NULL DEFAULT '0.00',
  `start` date DEFAULT NULL,
  `end` date DEFAULT NULL,
  `note` text COLLATE utf8_unicode_ci,
  `is_del` tinyint(1) NOT NULL DEFAULT '0',
  `worker_id` int(11) NOT NULL DEFAULT '0',
  `transferrer` varchar(256) COLLATE utf8_unicode_ci DEFAULT NULL,
  `addtime` int(11) NOT NULL DEFAULT '0',
  `lasttime` int(11) NOT NULL DEFAULT '0',
  `locker_id` int(11) NOT NULL DEFAULT '0'
) ENGINE=InnoDB DEFAULT CHARSET=utf8 COLLATE=utf8_unicode_ci;

--
-- 转存表中的数据 `gd_project_recycling`
--

INSERT INTO `gd_project_recycling` (`project_id`, `project_sn`, `status_id`, `customer_id`, `referrer_id`, `company_id`, `price`, `origin_weight`, `weight`, `number`, `type`, `month`, `profit`, `payment`, `appraiser_id`, `loss`, `start`, `end`, `note`, `is_del`, `worker_id`, `transferrer`, `addtime`, `lasttime`, `locker_id`) VALUES
(1, 'GR1609129871653602', 6, 7, 2, 1, '287.70', '100.00', '98.00', 1, 'ornaments', 12, '0.0800', 'gold', 9, '2.00', '2016-09-12', '2017-09-11', 'asdsadsafafsadsadsa', 0, 3, '3', 1473669362, 1474380914, 0),
(2, 'GR1609129651614635', 6, 9, 12, 1, '287.70', '120.00', '118.00', 3, 'ornaments', 12, '0.0800', 'gold', 9, '1.67', '2016-09-12', '2017-09-11', 'asdsasadasdsadsa', 0, 3, '3', 1473669995, 1474380239, 0),
(3, 'GR1609216850071630', 4, 7, 2, 1, '283.25', '19.00', '19.00', 1, 'renew', 12, '0.0800', 'gold', 0, '0.00', NULL, NULL, '库存已确认标记，自动推进到正在增值', 0, 7, '3', 1474388190, 1474424148, 0),
(4, 'GR1609212131243225', 1, 4, 2, 1, '283.25', '100.00', '99.88', 2, 'ornaments', 12, '0.0800', 'gold', 9, '0.12', NULL, NULL, 'ewqqwq', 0, 3, '3', 1474432345, 1474432345, 0);

-- --------------------------------------------------------

--
-- 表的结构 `gd_project_recycling_history`
--

CREATE TABLE `gd_project_recycling_history` (
  `history_id` int(11) NOT NULL,
  `project_id` int(11) NOT NULL DEFAULT '0',
  `status_id` int(11) NOT NULL DEFAULT '0',
  `note` text COLLATE utf8_unicode_ci NOT NULL,
  `request` text COLLATE utf8_unicode_ci,
  `worker_id` int(11) NOT NULL DEFAULT '0',
  `addtime` int(11) NOT NULL DEFAULT '0',
  `ip` char(15) COLLATE utf8_unicode_ci DEFAULT NULL
) ENGINE=InnoDB DEFAULT CHARSET=utf8 COLLATE=utf8_unicode_ci;

--
-- 转存表中的数据 `gd_project_recycling_history`
--

INSERT INTO `gd_project_recycling_history` (`history_id`, `project_id`, `status_id`, `note`, `request`, `worker_id`, `addtime`, `ip`) VALUES
(1, 1, 1, 'asdasdsa', '', 5, 1473669362, '127.0.0.1'),
(2, 2, 1, 'fdsfdsfsdfsd', '', 5, 1473669995, '127.0.0.1'),
(3, 2, 2, 'asdsadsa', 'array (\n  ''weight'' =&gt; ''118.00'',\n  ''_weight'' =&gt; ''118.00'',\n  ''phone'' =&gt; ''13813800138'',\n  ''_phone'' =&gt; ''13813800138'',\n)', 3, 1473822157, '127.0.0.1'),
(4, 1, 2, 'asdsadsa', 'array (\n  ''weight'' =&gt; ''98.00'',\n  ''_weight'' =&gt; ''98.00'',\n  ''phone'' =&gt; ''13113213313'',\n  ''_phone'' =&gt; ''13113213313'',\n)', 3, 1473822177, '127.0.0.1'),
(5, 1, 3, '入库封存', 'array (\n  ''weight'' =&gt; ''98.00'',\n  ''_weight'' =&gt; ''98.00'',\n  ''phone'' =&gt; ''13113213313'',\n  ''_phone'' =&gt; ''13113213313'',\n)', 7, 1473822264, '127.0.0.1'),
(6, 1, 4, '库存已确认标记，自动推进到正在增值', '', 7, 1473822264, '127.0.0.1'),
(7, 2, 3, '入库封存', 'array (\n  ''weight'' =&gt; ''118.00'',\n  ''_weight'' =&gt; ''118.00'',\n  ''phone'' =&gt; ''13813800138'',\n  ''_phone'' =&gt; ''13813800138'',\n)', 7, 1473822287, '127.0.0.1'),
(8, 2, 4, '库存已确认标记，自动推进到正在增值', '', 7, 1473822287, '127.0.0.1'),
(9, 2, 6, 'asdsasadasdsadsa', '', 3, 1474380239, '127.0.0.1'),
(10, 1, 6, 'asdsadsafafsadsadsa', '', 3, 1474380914, '127.0.0.1'),
(11, 3, 2, 'sadsada', '', 3, 1474388190, '127.0.0.1'),
(12, 3, 3, 'asdsadsadsadsa', 'array (\n  ''weight'' =&gt; ''19.00'',\n  ''_weight'' =&gt; ''19.00'',\n  ''phone'' =&gt; ''13113213313'',\n  ''_phone'' =&gt; ''13113213313'',\n)', 7, 1474424148, '127.0.0.1'),
(13, 3, 4, '库存已确认标记，自动推进到正在增值', '', 7, 1474424148, '127.0.0.1'),
(14, 4, 1, 'ewqqwq', '', 3, 1474432345, '127.0.0.1');

-- --------------------------------------------------------

--
-- 表的结构 `gd_project_recycling_status`
--

CREATE TABLE `gd_project_recycling_status` (
  `status_id` int(11) NOT NULL,
  `title` varchar(64) COLLATE utf8_unicode_ci NOT NULL,
  `code` varchar(32) COLLATE utf8_unicode_ci NOT NULL,
  `list_label` varchar(256) COLLATE utf8_unicode_ci DEFAULT NULL,
  `note` varchar(128) COLLATE utf8_unicode_ci NOT NULL,
  `status` tinyint(1) NOT NULL DEFAULT '1'
) ENGINE=InnoDB DEFAULT CHARSET=utf8 COLLATE=utf8_unicode_ci;

--
-- 转存表中的数据 `gd_project_recycling_status`
--

INSERT INTO `gd_project_recycling_status` (`status_id`, `title`, `code`, `list_label`, `note`, `status`) VALUES
(1, '已登记', 'booked', NULL, '登记客户存金信息，含鉴定结果及客户同意书', 1),
(2, '已核实', 'checked', NULL, '上级主管核对客户、物品及鉴定结果', 1),
(3, '已确认', 'confirmed', NULL, '库管确认并标记', 1),
(4, '增值中', 'growing', NULL, '衍生收益黄金', 1),
(5, '已驳回', 'refused', NULL, '客户信息或黄金物品等问题造成', 1),
(6, '已终止', 'terminated', NULL, '提前终止项目', 1);

-- --------------------------------------------------------

--
-- 表的结构 `gd_project_stock`
--

CREATE TABLE `gd_project_stock` (
  `stock_id` int(11) NOT NULL,
  `project_sn` char(18) COLLATE utf8_unicode_ci DEFAULT '0',
  `customer_id` int(11) NOT NULL DEFAULT '0',
  `referrer_id` int(11) NOT NULL DEFAULT '0',
  `company_id` int(11) NOT NULL DEFAULT '0',
  `title` varchar(64) COLLATE utf8_unicode_ci NOT NULL,
  `mode` enum('investing','recycling','stock') COLLATE utf8_unicode_ci NOT NULL DEFAULT 'investing',
  `info` text COLLATE utf8_unicode_ci,
  `weight` decimal(13,2) NOT NULL DEFAULT '0.00',
  `profit` decimal(7,4) NOT NULL DEFAULT '0.0000',
  `month` tinyint(4) NOT NULL DEFAULT '1',
  `start` date DEFAULT NULL,
  `end` date DEFAULT NULL,
  `last_profit` date DEFAULT NULL,
  `note` text COLLATE utf8_unicode_ci,
  `status` tinyint(4) NOT NULL,
  `worker_id` int(11) NOT NULL,
  `addtime` int(11) NOT NULL,
  `lasttime` int(11) NOT NULL DEFAULT '0'
) ENGINE=InnoDB DEFAULT CHARSET=utf8 COLLATE=utf8_unicode_ci;

--
-- 转存表中的数据 `gd_project_stock`
--

INSERT INTO `gd_project_stock` (`stock_id`, `project_sn`, `customer_id`, `referrer_id`, `company_id`, `title`, `mode`, `info`, `weight`, `profit`, `month`, `start`, `end`, `last_profit`, `note`, `status`, `worker_id`, `addtime`, `lasttime`) VALUES
(1, 'GR1609129871653602', 7, 2, 1, '项目GR1609129871653602存金98.00克', 'recycling', 'a:14:{s:10:"project_id";s:1:"1";s:8:"realname";s:9:"雷小米";s:5:"phone";s:11:"13113213313";s:8:"idnumber";s:18:"321254197708053454";s:6:"wechat";s:9:"leixiaomi";s:5:"price";s:6:"287.70";s:4:"type";s:6:"金饰";s:6:"number";s:1:"1";s:13:"origin_weight";s:6:"100.00";s:6:"weight";s:5:"98.00";s:4:"loss";s:5:"2.00%";s:9:"appraiser";s:10:"鉴定人A";s:8:"referrer";s:9:"朱景修";s:7:"payment";s:4:"gold";}', '98.00', '0.0800', 12, '2016-09-12', '2016-09-14', NULL, '入库封存', 0, 7, 1473822264, 1473822264),
(2, 'GR1609129651614635', 9, 12, 1, '项目GR1609129651614635存金118.00克', 'recycling', 'a:14:{s:10:"project_id";s:1:"2";s:8:"realname";s:9:"沈万三";s:5:"phone";s:11:"13813800138";s:8:"idnumber";s:18:"138139199810039997";s:6:"wechat";s:10:"shenwansan";s:5:"price";s:6:"287.70";s:4:"type";s:6:"金饰";s:6:"number";s:1:"3";s:13:"origin_weight";s:6:"120.00";s:6:"weight";s:6:"118.00";s:4:"loss";s:5:"1.67%";s:9:"appraiser";s:10:"鉴定人A";s:8:"referrer";s:10:"朱景修2";s:7:"payment";s:4:"gold";}', '118.00', '0.0800', 12, '2016-09-12', '2017-09-11', NULL, '入库封存', 0, 7, 1473822287, 1473822287),
(3, 'GR1609216850071630', 7, 2, 1, '项目GR1609216850071630存金19.00克', 'recycling', 'a:14:{s:10:"project_id";s:1:"3";s:8:"realname";s:9:"雷小米";s:5:"phone";s:11:"13113213313";s:8:"idnumber";s:10:"2147483647";s:6:"wechat";s:9:"leixiaomi";s:5:"price";s:6:"283.25";s:4:"type";s:9:"续存金";s:6:"number";s:1:"1";s:13:"origin_weight";s:5:"19.00";s:6:"weight";s:5:"19.00";s:4:"loss";s:5:"0.00%";s:9:"appraiser";s:13:"库管测试A";s:8:"referrer";s:9:"朱景修";s:7:"payment";s:4:"gold";}', '19.00', '0.0800', 12, NULL, NULL, NULL, 'asdsadsadsadsa', 1, 7, 1474424148, 1474424148),
(4, 'GM1609126411664755', 2, 2, 1, '项目GM1609126411664755存金10.00克', 'investing', 'a:10:{s:10:"project_id";s:1:"1";s:8:"realname";s:9:"李百度";s:5:"phone";s:11:"18850911766";s:8:"idnumber";s:18:"321245198905080904";s:6:"wechat";s:0:"";s:5:"price";s:6:"287.70";s:6:"amount";s:7:"2877.00";s:6:"weight";s:5:"10.00";s:8:"referrer";s:9:"朱景修";s:7:"payment";s:4:"gold";}', '10.00', '0.0800', 12, '2016-09-12', '2017-09-11', NULL, 'sadsadadsa', 1, 7, 1474424237, 1474424237);

-- --------------------------------------------------------

--
-- 表的结构 `gd_project_track`
--

CREATE TABLE `gd_project_track` (
  `track_id` int(11) NOT NULL,
  `project_sn` char(18) COLLATE utf8_unicode_ci NOT NULL,
  `mode` enum('investing','recycling') COLLATE utf8_unicode_ci NOT NULL DEFAULT 'recycling',
  `content` text COLLATE utf8_unicode_ci,
  `file` text COLLATE utf8_unicode_ci,
  `worker_id` int(11) NOT NULL,
  `addtime` int(11) NOT NULL
) ENGINE=InnoDB DEFAULT CHARSET=utf8 COLLATE=utf8_unicode_ci;

-- --------------------------------------------------------

--
-- 表的结构 `gd_project_trash`
--

CREATE TABLE `gd_project_trash` (
  `trash_id` int(11) NOT NULL,
  `project_id` int(11) NOT NULL,
  `project_sn` char(18) COLLATE utf8_unicode_ci NOT NULL,
  `mode` enum('investing','recycling') COLLATE utf8_unicode_ci NOT NULL DEFAULT 'recycling',
  `customer` varchar(256) COLLATE utf8_unicode_ci DEFAULT NULL,
  `gold` text COLLATE utf8_unicode_ci,
  `note` text COLLATE utf8_unicode_ci,
  `worker_id` int(11) NOT NULL DEFAULT '0',
  `addtime` int(11) NOT NULL DEFAULT '0',
  `ip` char(15) COLLATE utf8_unicode_ci DEFAULT NULL
) ENGINE=InnoDB DEFAULT CHARSET=utf8 COLLATE=utf8_unicode_ci;

-- --------------------------------------------------------

--
-- 表的结构 `gd_sessions`
--

CREATE TABLE `gd_sessions` (
  `sess_id` varchar(40) COLLATE utf8_unicode_ci NOT NULL,
  `ip_address` varchar(45) COLLATE utf8_unicode_ci NOT NULL,
  `timestamp` int(10) UNSIGNED NOT NULL DEFAULT '0',
  `data` text COLLATE utf8_unicode_ci NOT NULL
) ENGINE=InnoDB DEFAULT CHARSET=utf8 COLLATE=utf8_unicode_ci;

--
-- 转存表中的数据 `gd_sessions`
--

INSERT INTO `gd_sessions` (`sess_id`, `ip_address`, `timestamp`, `data`) VALUES
('8077efb993995a1b72d127635e5d6fd74d9fb6e8', '127.0.0.1', 1473148899, '__ci_last_regenerate|i:1473138098;code|s:4:"y8m6";identity|s:12:"dengji-demo1";username|s:12:"dengji-demo1";email|s:6:"b@a.cc";user_id|s:1:"5";old_last_login|s:10:"1473124911";'),
('2e200aeebb9c612bf63caff0bb74c08d2a4c1ac3', '127.0.0.1', 1473141107, '__ci_last_regenerate|i:1473138226;code|s:4:"TvjU";identity|s:12:"kuguan-demo1";username|s:12:"kuguan-demo1";email|s:11:"kuguan@bb.c";user_id|s:1:"7";old_last_login|s:10:"1473064770";csrfkey|s:8:"vHKDsjgz";__ci_vars|a:2:{s:7:"csrfkey";s:3:"old";s:9:"csrfvalue";s:3:"old";}csrfvalue|s:20:"H43NFSae8QnMBkZ07bWY";'),
('4bb27dd7a24ddfa9d7be086eff3aa24902fb19db', '127.0.0.1', 1473140898, '__ci_last_regenerate|i:1473138265;code|s:4:"3DY3";identity|s:12:"jingli-demo1";username|s:12:"jingli-demo1";email|s:5:"a@a.c";user_id|s:1:"3";old_last_login|s:10:"1473124845";'),
('a148af09ce8cde6a073227ac28fd1663c2330db1', '127.0.0.1', 1473141336, '__ci_last_regenerate|i:1473141224;code|s:4:"3DY3";identity|s:12:"jingli-demo1";username|s:12:"jingli-demo1";email|s:5:"a@a.c";user_id|s:1:"3";old_last_login|s:10:"1473124845";'),
('63d8f84494c811bd189860f17d511f2a0a3893dd', '127.0.0.1', 1473142173, '__ci_last_regenerate|i:1473141245;code|s:4:"TvjU";identity|s:12:"kuguan-demo1";username|s:12:"kuguan-demo1";email|s:11:"kuguan@bb.c";user_id|s:1:"7";old_last_login|s:10:"1473064770";csrfkey|s:8:"rcB0O7Fx";__ci_vars|a:2:{s:7:"csrfkey";s:3:"old";s:9:"csrfvalue";s:3:"old";}csrfvalue|s:20:"wjp4qUOFN9PmyhusYia2";'),
('f6cde54a39f8b6ee57d00727b8df4c49fb5eb9fa', '127.0.0.1', 1473151790, '__ci_last_regenerate|i:1473142189;code|s:4:"TvjU";identity|s:12:"kuguan-demo1";username|s:12:"kuguan-demo1";email|s:11:"kuguan@bb.c";user_id|s:1:"7";old_last_login|s:10:"1473064770";'),
('903af79f52a854fcf004783fe1584081c047da0b', '127.0.0.1', 1473142490, '__ci_last_regenerate|i:1473142198;code|s:4:"3DY3";identity|s:12:"jingli-demo1";username|s:12:"jingli-demo1";email|s:5:"a@a.c";user_id|s:1:"3";old_last_login|s:10:"1473124845";csrfkey|s:8:"ZhRajrkM";__ci_vars|a:2:{s:7:"csrfkey";s:3:"old";s:9:"csrfvalue";s:3:"old";}csrfvalue|s:20:"RTWfkSwdDJ6xBOgM5Y4P";'),
('c44dd2dfccfc9adb374fc784a6b57e360bd05655', '127.0.0.1', 1473142985, '__ci_last_regenerate|i:1473142514;code|s:4:"3DY3";identity|s:12:"jingli-demo1";username|s:12:"jingli-demo1";email|s:5:"a@a.c";user_id|s:1:"3";old_last_login|s:10:"1473124845";csrfkey|s:8:"Cue2Itis";__ci_vars|a:2:{s:7:"csrfkey";s:3:"new";s:9:"csrfvalue";s:3:"new";}csrfvalue|s:20:"Ys2vFbaMiTe9BwfuldDR";'),
('5e31fc98f7ce523acc2805ee2847a4584ea972a5', '127.0.0.1', 1473143415, '__ci_last_regenerate|i:1473143026;code|s:4:"3DY3";identity|s:12:"jingli-demo1";username|s:12:"jingli-demo1";email|s:5:"a@a.c";user_id|s:1:"3";old_last_login|s:10:"1473124845";csrfkey|s:8:"BLeRZ9a1";__ci_vars|a:2:{s:7:"csrfkey";s:3:"new";s:9:"csrfvalue";s:3:"new";}csrfvalue|s:20:"OKlmsIA3xE5bWqPYkeRM";'),
('bf8d8efa1f65981ee955ec3677c020f827e97018', '127.0.0.1', 1473144708, '__ci_last_regenerate|i:1473143418;code|s:4:"3DY3";identity|s:12:"jingli-demo1";username|s:12:"jingli-demo1";email|s:5:"a@a.c";user_id|s:1:"3";old_last_login|s:10:"1473124845";'),
('aa85d21dad0437a41b6b2ee394f4434fdde6c68f', '127.0.0.1', 1473145083, '__ci_last_regenerate|i:1473145082;code|s:4:"3DY3";identity|s:12:"jingli-demo1";username|s:12:"jingli-demo1";email|s:5:"a@a.c";user_id|s:1:"3";old_last_login|s:10:"1473124845";'),
('1e7a11d42974e81e2940c249175104c161b80e28', '127.0.0.1', 1473145647, '__ci_last_regenerate|i:1473145408;code|s:4:"3DY3";identity|s:12:"jingli-demo1";username|s:12:"jingli-demo1";email|s:5:"a@a.c";user_id|s:1:"3";old_last_login|s:10:"1473124845";ajax_permission|s:51:"没有授权访问  <br> [project/recycling/detail]";__ci_vars|a:1:{s:15:"ajax_permission";s:3:"old";}'),
('a43ea4d46b8c2a92b9302d5f6590ec26d7c7b32e', '127.0.0.1', 1473146106, '__ci_last_regenerate|i:1473145751;code|s:4:"3DY3";identity|s:12:"jingli-demo1";username|s:12:"jingli-demo1";email|s:5:"a@a.c";user_id|s:1:"3";old_last_login|s:10:"1473124845";ajax_permission|s:51:"没有授权访问  <br> [project/recycling/detail]";__ci_vars|a:1:{s:15:"ajax_permission";s:3:"old";}'),
('dfe97616d9c8c15d68d05dbcd603c80ad2aca44e', '127.0.0.1', 1473147561, '__ci_last_regenerate|i:1473146121;code|s:4:"3DY3";identity|s:12:"jingli-demo1";username|s:12:"jingli-demo1";email|s:5:"a@a.c";user_id|s:1:"3";old_last_login|s:10:"1473124845";csrfkey|s:8:"FPoarLCz";__ci_vars|a:2:{s:7:"csrfkey";s:3:"old";s:9:"csrfvalue";s:3:"old";}csrfvalue|s:20:"Jz72kf4CwgrnqjuGaOR0";'),
('18eb2dca741fee9ef3e37345ee0360a374483d9a', '127.0.0.1', 1473149521, '__ci_last_regenerate|i:1473148702;code|s:4:"3DY3";identity|s:12:"jingli-demo1";username|s:12:"jingli-demo1";email|s:5:"a@a.c";user_id|s:1:"3";old_last_login|s:10:"1473124845";csrfkey|s:8:"VCR7kJce";__ci_vars|a:2:{s:7:"csrfkey";s:3:"old";s:9:"csrfvalue";s:3:"old";}csrfvalue|s:20:"y9xC6ZUateWzgGX8YLSq";'),
('38eb81484edd5c162af12ad48244c2e4d439f655', '127.0.0.1', 1473149853, '__ci_last_regenerate|i:1473149001;code|s:4:"y8m6";identity|s:12:"dengji-demo1";username|s:12:"dengji-demo1";email|s:6:"b@a.cc";user_id|s:1:"5";old_last_login|s:10:"1473124911";csrfkey|s:8:"TJPSK49x";__ci_vars|a:2:{s:7:"csrfkey";s:3:"old";s:9:"csrfvalue";s:3:"old";}csrfvalue|s:20:"BeEnbUO7Hjdu2QtVTikr";'),
('6c4c211289a8144d899d3631dbaee4bc530e2561', '127.0.0.1', 1473149812, '__ci_last_regenerate|i:1473149528;code|s:4:"3DY3";identity|s:12:"jingli-demo1";username|s:12:"jingli-demo1";email|s:5:"a@a.c";user_id|s:1:"3";old_last_login|s:10:"1473124845";csrfkey|s:8:"ZueHSlm7";__ci_vars|a:2:{s:7:"csrfkey";s:3:"new";s:9:"csrfvalue";s:3:"new";}csrfvalue|s:20:"8dAbkvDh6qU9fnuBmVsS";'),
('29c8b2dccf9251085ab8dee45c9d507de56ab1c3', '127.0.0.1', 1473151056, '__ci_last_regenerate|i:1473149855;code|s:4:"y8m6";identity|s:12:"dengji-demo1";username|s:12:"dengji-demo1";email|s:6:"b@a.cc";user_id|s:1:"5";old_last_login|s:10:"1473124911";'),
('c68f3e7936debc645753824977a6a12b813f2599', '127.0.0.1', 1473150147, '__ci_last_regenerate|i:1473149875;code|s:4:"3DY3";identity|s:12:"jingli-demo1";username|s:12:"jingli-demo1";email|s:5:"a@a.c";user_id|s:1:"3";old_last_login|s:10:"1473124845";'),
('d0940a2c0278b9fa9e961d751255135d11c17cce', '127.0.0.1', 1473150273, '__ci_last_regenerate|i:1473150205;code|s:4:"3DY3";identity|s:12:"jingli-demo1";username|s:12:"jingli-demo1";email|s:5:"a@a.c";user_id|s:1:"3";old_last_login|s:10:"1473124845";'),
('d8d23926c9d5cfe8b57db6b5af6738e62823fdf6', '127.0.0.1', 1473151210, '__ci_last_regenerate|i:1473150934;code|s:4:"3DY3";identity|s:12:"jingli-demo1";username|s:12:"jingli-demo1";email|s:5:"a@a.c";user_id|s:1:"3";old_last_login|s:10:"1473124845";'),
('d6eb01cac389c012fded9e4c98c8080934397d8e', '127.0.0.1', 1473151456, '__ci_last_regenerate|i:1473151247;code|s:4:"3DY3";identity|s:12:"jingli-demo1";username|s:12:"jingli-demo1";email|s:5:"a@a.c";user_id|s:1:"3";old_last_login|s:10:"1473124845";'),
('4920fdc3233fc3ef9c7b50c0426975a77bd0f2c6', '127.0.0.1', 1473151791, '__ci_last_regenerate|i:1473151567;code|s:4:"3DY3";identity|s:12:"jingli-demo1";username|s:12:"jingli-demo1";email|s:5:"a@a.c";user_id|s:1:"3";old_last_login|s:10:"1473124845";ajax_permission|s:51:"没有授权访问  <br> [project/investing/detail]";__ci_vars|a:1:{s:15:"ajax_permission";s:3:"old";}'),
('32f8d02f0c4f04d6ff28a583f9952d01d0bf3a05', '127.0.0.1', 1473151661, '__ci_last_regenerate|i:1473151650;code|s:4:"y8m6";identity|s:12:"dengji-demo1";username|s:12:"dengji-demo1";email|s:6:"b@a.cc";user_id|s:1:"5";old_last_login|s:10:"1473124911";csrfkey|s:8:"LqrxPB4S";__ci_vars|a:2:{s:7:"csrfkey";s:3:"old";s:9:"csrfvalue";s:3:"old";}csrfvalue|s:20:"awozK801n2RPeDpuSsOr";'),
('d2189dead0aa9baca3bec28dadc995b3d8130498', '127.0.0.1', 1473154346, '__ci_last_regenerate|i:1473152063;code|s:4:"y8m6";identity|s:12:"dengji-demo1";username|s:12:"dengji-demo1";email|s:6:"b@a.cc";user_id|s:1:"5";old_last_login|s:10:"1473124911";success|s:21:"项目添加成功！";__ci_vars|a:1:{s:7:"success";s:3:"new";}'),
('9fbdb5c0737ddb25658f3ab48dd79b553c1b42f1', '127.0.0.1', 1473152492, '__ci_last_regenerate|i:1473152095;code|s:4:"3DY3";identity|s:12:"jingli-demo1";username|s:12:"jingli-demo1";email|s:5:"a@a.c";user_id|s:1:"3";old_last_login|s:10:"1473124845";csrfkey|s:8:"4BkN3TK1";__ci_vars|a:3:{s:7:"csrfkey";s:3:"old";s:9:"csrfvalue";s:3:"old";s:7:"success";s:3:"new";}csrfvalue|s:20:"1s8nzAmRbG0DUr7I2C9J";success|s:44:"项目已核实！编号: GR1609069731685843";'),
('02b024d9ff9a215cca64fff65992bee09c025911', '127.0.0.1', 1473152131, '__ci_last_regenerate|i:1473152131;code|s:4:"TvjU";identity|s:12:"kuguan-demo1";username|s:12:"kuguan-demo1";email|s:11:"kuguan@bb.c";user_id|s:1:"7";old_last_login|s:10:"1473064770";'),
('97bc62547f07347491631ec424d3b8ddb0ad353f', '127.0.0.1', 1473152768, '__ci_last_regenerate|i:1473152492;code|s:4:"3DY3";identity|s:12:"jingli-demo1";username|s:12:"jingli-demo1";email|s:5:"a@a.c";user_id|s:1:"3";old_last_login|s:10:"1473124845";'),
('7103201a89e2bde06feb16ea37ba27d41d89dcf8', '127.0.0.1', 1473152503, '__ci_last_regenerate|i:1473152502;code|s:4:"TvjU";identity|s:12:"kuguan-demo1";username|s:12:"kuguan-demo1";email|s:11:"kuguan@bb.c";user_id|s:1:"7";old_last_login|s:10:"1473064770";'),
('768f06ecc8484c8426f6299bacf48aa6eec7bee3', '127.0.0.1', 1473153442, '__ci_last_regenerate|i:1473152523;code|s:4:"ma8s";identity|s:12:"kuguan-demo2";username|s:12:"kuguan-demo2";email|s:11:"kuguan@a.cc";user_id|s:1:"8";old_last_login|s:10:"1472280758";csrfkey|s:8:"SlxaoG5P";__ci_vars|a:3:{s:7:"csrfkey";s:3:"old";s:9:"csrfvalue";s:3:"old";s:7:"success";s:3:"new";}csrfvalue|s:20:"RFS5TwqpMlWYc8m93LDK";success|s:50:"项目已入库标记！编号: GR1609069731685843";'),
('acc62611300e2bf1faaf94368a9362c469a1d698', '127.0.0.1', 1473153443, '__ci_last_regenerate|i:1473153442;code|s:4:"ma8s";identity|s:12:"kuguan-demo2";username|s:12:"kuguan-demo2";email|s:11:"kuguan@a.cc";user_id|s:1:"8";old_last_login|s:10:"1472280758";'),
('bd7f7441d04caea2219895b2d1a74c4afe0b0980', '127.0.0.1', 1473153750, '__ci_last_regenerate|i:1473153489;code|s:4:"3DY3";identity|s:12:"jingli-demo1";username|s:12:"jingli-demo1";email|s:5:"a@a.c";user_id|s:1:"3";old_last_login|s:10:"1473124845";ajax_permission|s:51:"没有授权访问  <br> [project/recycling/booked]";__ci_vars|a:1:{s:15:"ajax_permission";s:3:"new";}'),
('e42d31fe348d5dfdabc40188bbb90ead0b6fca75', '127.0.0.1', 1473153586, '__ci_last_regenerate|i:1473153585;code|s:4:"TvjU";identity|s:12:"kuguan-demo1";username|s:12:"kuguan-demo1";email|s:11:"kuguan@bb.c";user_id|s:1:"7";old_last_login|s:10:"1473064770";'),
('7e6679fa1d592f1929291fec42b7227df90a29a5', '127.0.0.1', 1473153684, '__ci_last_regenerate|i:1473153684;code|s:4:"md4z";'),
('228449b98c5cbad16b7086d8ee4d424ca728622b', '127.0.0.1', 1473156825, '__ci_last_regenerate|i:1473154346;code|s:4:"y8m6";identity|s:12:"dengji-demo1";username|s:12:"dengji-demo1";email|s:6:"b@a.cc";user_id|s:1:"5";old_last_login|s:10:"1473124911";'),
('bf0cb1a18446387d75916ac555cb4fd0dfaefd26', '127.0.0.1', 1473154721, '__ci_last_regenerate|i:1473154484;code|s:4:"3DY3";identity|s:12:"jingli-demo1";username|s:12:"jingli-demo1";email|s:5:"a@a.c";user_id|s:1:"3";old_last_login|s:10:"1473124845";'),
('f476ff6424ebce25157a2b6306ea60382233fc15', '127.0.0.1', 1473154775, '__ci_last_regenerate|i:1473154528;code|s:4:"TvjU";identity|s:12:"kuguan-demo1";username|s:12:"kuguan-demo1";email|s:11:"kuguan@bb.c";user_id|s:1:"7";old_last_login|s:10:"1473064770";'),
('e1186d82547c6fe8baf26609de56908b7c54dd93', '127.0.0.1', 1473155259, '__ci_last_regenerate|i:1473154977;code|s:4:"3DY3";identity|s:12:"jingli-demo1";username|s:12:"jingli-demo1";email|s:5:"a@a.c";user_id|s:1:"3";old_last_login|s:10:"1473124845";'),
('2b048a674843abcca66ed9cfd795bc9890427c6c', '127.0.0.1', 1473156451, '__ci_last_regenerate|i:1473154983;code|s:4:"TvjU";identity|s:12:"kuguan-demo1";username|s:12:"kuguan-demo1";email|s:11:"kuguan@bb.c";user_id|s:1:"7";old_last_login|s:10:"1473064770";'),
('b00a4cd5d3244fbc0c6a8bb7936f898fb8ba314c', '127.0.0.1', 1473155640, '__ci_last_regenerate|i:1473155501;code|s:4:"3DY3";identity|s:12:"jingli-demo1";username|s:12:"jingli-demo1";email|s:5:"a@a.c";user_id|s:1:"3";old_last_login|s:10:"1473124845";'),
('485fb7ddbc14a2041815dba831b251074070024c', '127.0.0.1', 1473155987, '__ci_last_regenerate|i:1473155985;code|s:4:"3DY3";identity|s:12:"jingli-demo1";username|s:12:"jingli-demo1";email|s:5:"a@a.c";user_id|s:1:"3";old_last_login|s:10:"1473124845";'),
('2b2226791facf14a0c77c0675763e19ad834b943', '127.0.0.1', 1473156901, '__ci_last_regenerate|i:1473156725;code|s:4:"3DY3";identity|s:12:"jingli-demo1";username|s:12:"jingli-demo1";email|s:5:"a@a.c";user_id|s:1:"3";old_last_login|s:10:"1473124845";'),
('e3457d2d9ce0a612f8875e2dac830ad56d8ae779', '127.0.0.1', 1473162247, '__ci_last_regenerate|i:1473162241;code|s:4:"XHuQ";identity|s:12:"jingli-demo1";username|s:12:"jingli-demo1";email|s:5:"a@a.c";user_id|s:1:"3";old_last_login|s:10:"1473131177";'),
('e5df225582b9770e811f03b1424ff801f5aaa587', '127.0.0.1', 1473163361, '__ci_last_regenerate|i:1473162924;code|s:4:"XHuQ";identity|s:12:"jingli-demo1";username|s:12:"jingli-demo1";email|s:5:"a@a.c";user_id|s:1:"3";old_last_login|s:10:"1473131177";ajax_permission|s:51:"没有授权访问  <br> [project/recycling/detail]";__ci_vars|a:1:{s:15:"ajax_permission";s:3:"new";}'),
('9fd3081dfd94a400edb92f3ce9d0e4f084efdaa0', '127.0.0.1', 1473164626, '__ci_last_regenerate|i:1473163366;code|s:4:"XHuQ";identity|s:12:"jingli-demo1";username|s:12:"jingli-demo1";email|s:5:"a@a.c";user_id|s:1:"3";old_last_login|s:10:"1473131177";ajax_permission|s:51:"没有授权访问  <br> [project/recycling/detail]";__ci_vars|a:1:{s:15:"ajax_permission";s:3:"old";}'),
('608a7b04091a013ad3bcbab371bbd11c4ac75b57', '127.0.0.1', 1473165030, '__ci_last_regenerate|i:1473164630;code|s:4:"XHuQ";identity|s:12:"jingli-demo1";username|s:12:"jingli-demo1";email|s:5:"a@a.c";user_id|s:1:"3";old_last_login|s:10:"1473131177";'),
('5d2404177e2cf4b3d6377e400c41a2cf3dc66e46', '127.0.0.1', 1473171176, '__ci_last_regenerate|i:1473165172;code|s:4:"XHuQ";identity|s:12:"jingli-demo1";username|s:12:"jingli-demo1";email|s:5:"a@a.c";user_id|s:1:"3";old_last_login|s:10:"1473131177";'),
('7ac55183aff003a4c3bb97474873d3f5a0498abb', '127.0.0.1', 1473173564, '__ci_last_regenerate|i:1473172331;code|s:4:"VEn8";identity|s:10:"admin-root";username|s:10:"admin-root";email|s:15:"admin@admin.com";user_id|s:1:"1";old_last_login|s:10:"1473124819";'),
('cb67e16921ddae073ddfee047e19321ae2d7cc54', '127.0.0.1', 1473173111, '__ci_last_regenerate|i:1473173096;code|s:4:"sD7T";identity|s:12:"jingli-demo1";username|s:12:"jingli-demo1";email|s:5:"a@a.c";user_id|s:1:"3";old_last_login|s:10:"1473162246";'),
('cd1367b3a57e19b90c37300980efff9109e4c3e7', '127.0.0.1', 1473173823, '__ci_last_regenerate|i:1473173616;code|s:4:"sD7T";identity|s:12:"jingli-demo1";username|s:12:"jingli-demo1";email|s:5:"a@a.c";user_id|s:1:"3";old_last_login|s:10:"1473162246";'),
('bff53bf5b127b55b04206905b912c74176f64157', '127.0.0.1', 1473174194, '__ci_last_regenerate|i:1473173957;code|s:4:"sD7T";identity|s:12:"jingli-demo1";username|s:12:"jingli-demo1";email|s:5:"a@a.c";user_id|s:1:"3";old_last_login|s:10:"1473162246";'),
('c529f623c0e276cd17cb05fa97436d5ef022daf3', '127.0.0.1', 1473174347, '__ci_last_regenerate|i:1473174285;code|s:4:"VEn8";identity|s:10:"admin-root";username|s:10:"admin-root";email|s:15:"admin@admin.com";user_id|s:1:"1";old_last_login|s:10:"1473124819";'),
('76e3a15ff2af1b573e0a240aeb198ad81d4c3e88', '127.0.0.1', 1473208553, '__ci_last_regenerate|i:1473208512;code|s:4:"5qmG";identity|s:12:"jingli-demo1";username|s:12:"jingli-demo1";email|s:5:"a@a.c";user_id|s:1:"3";old_last_login|s:10:"1473173109";'),
('40af41bfb9884ff395bc212bf00d3da34c5cfc16', '127.0.0.1', 1473208857, '__ci_last_regenerate|i:1473208856;code|s:4:"5qmG";identity|s:12:"jingli-demo1";username|s:12:"jingli-demo1";email|s:5:"a@a.c";user_id|s:1:"3";old_last_login|s:10:"1473173109";'),
('1fb5871c5d9eb6b64fe1177cc5f02c1f470442c5', '127.0.0.1', 1473209587, '__ci_last_regenerate|i:1473209533;code|s:4:"5qmG";identity|s:12:"jingli-demo1";username|s:12:"jingli-demo1";email|s:5:"a@a.c";user_id|s:1:"3";old_last_login|s:10:"1473173109";'),
('774d99253f70b1abc2a86445e102ce8d53bb8181', '127.0.0.1', 1473210941, '__ci_last_regenerate|i:1473210746;code|s:4:"5qmG";identity|s:12:"jingli-demo1";username|s:12:"jingli-demo1";email|s:5:"a@a.c";user_id|s:1:"3";old_last_login|s:10:"1473173109";error_permission|s:40:"没有授权访问  <br> [article/index]";__ci_vars|a:1:{s:16:"error_permission";s:3:"new";}'),
('454ff6995c9ce91709032159e9be665f83386fd2', '127.0.0.1', 1473211362, '__ci_last_regenerate|i:1473211132;code|s:4:"5qmG";identity|s:12:"jingli-demo1";username|s:12:"jingli-demo1";email|s:5:"a@a.c";user_id|s:1:"3";old_last_login|s:10:"1473173109";error_permission|s:40:"没有授权访问  <br> [article/index]";__ci_vars|a:1:{s:16:"error_permission";s:3:"new";}'),
('cf474d76a36982c12ff409a4684971d7f0979a79', '127.0.0.1', 1473216505, '__ci_last_regenerate|i:1473211632;code|s:4:"5qmG";identity|s:12:"jingli-demo1";username|s:12:"jingli-demo1";email|s:5:"a@a.c";user_id|s:1:"3";old_last_login|s:10:"1473173109";'),
('4dc0329e64a564cc71b1422f08dfff70495b75a3', '127.0.0.1', 1473217595, '__ci_last_regenerate|i:1473217487;code|s:4:"5qmG";identity|s:12:"jingli-demo1";username|s:12:"jingli-demo1";email|s:5:"a@a.c";user_id|s:1:"3";old_last_login|s:10:"1473173109";'),
('a6d7f5b78805a6ecd8684f07bfc82b759b8f735c', '127.0.0.1', 1473219382, '__ci_last_regenerate|i:1473217982;code|s:4:"5qmG";identity|s:12:"jingli-demo1";username|s:12:"jingli-demo1";email|s:5:"a@a.c";user_id|s:1:"3";old_last_login|s:10:"1473173109";'),
('2a611b317551ca4f87cb87171fee80550bc22e95', '127.0.0.1', 1473219853, '__ci_last_regenerate|i:1473219652;code|s:4:"5qmG";identity|s:12:"jingli-demo1";username|s:12:"jingli-demo1";email|s:5:"a@a.c";user_id|s:1:"3";old_last_login|s:10:"1473173109";'),
('19e3e234025c2e7560a01ce2df6fcc850b3cd7a0', '127.0.0.1', 1473220495, '__ci_last_regenerate|i:1473220494;code|s:4:"5qmG";identity|s:12:"jingli-demo1";username|s:12:"jingli-demo1";email|s:5:"a@a.c";user_id|s:1:"3";old_last_login|s:10:"1473173109";'),
('25f1fcf99e263c3adf1512649ce32fe030d91edf', '127.0.0.1', 1473222227, '__ci_last_regenerate|i:1473221025;code|s:4:"5qmG";identity|s:12:"jingli-demo1";username|s:12:"jingli-demo1";email|s:5:"a@a.c";user_id|s:1:"3";old_last_login|s:10:"1473173109";'),
('3d9007c222fee131800592c64d078324b49c360f', '127.0.0.1', 1473223086, '__ci_last_regenerate|i:1473222866;code|s:4:"5qmG";identity|s:12:"jingli-demo1";username|s:12:"jingli-demo1";email|s:5:"a@a.c";user_id|s:1:"3";old_last_login|s:10:"1473173109";'),
('2e7e8c8a299f70f07e1d19f6b711405133c77a0b', '127.0.0.1', 1473224578, '__ci_last_regenerate|i:1473223321;code|s:4:"5qmG";identity|s:12:"jingli-demo1";username|s:12:"jingli-demo1";email|s:5:"a@a.c";user_id|s:1:"3";old_last_login|s:10:"1473173109";'),
('16ec35991ac2f735c26331b0e2e1d9e9dea7a03c', '127.0.0.1', 1473225369, '__ci_last_regenerate|i:1473225368;code|s:4:"5qmG";identity|s:12:"jingli-demo1";username|s:12:"jingli-demo1";email|s:5:"a@a.c";user_id|s:1:"3";old_last_login|s:10:"1473173109";'),
('a060931e085f03a3d3fa8bc00817a26812bea7d5', '127.0.0.1', 1473225891, '__ci_last_regenerate|i:1473225809;code|s:4:"5qmG";identity|s:12:"jingli-demo1";username|s:12:"jingli-demo1";email|s:5:"a@a.c";user_id|s:1:"3";old_last_login|s:10:"1473173109";'),
('4d54f7bad9166af1617c78f231e24b9acce98788', '127.0.0.1', 1473226775, '__ci_last_regenerate|i:1473226773;code|s:4:"5qmG";identity|s:12:"jingli-demo1";username|s:12:"jingli-demo1";email|s:5:"a@a.c";user_id|s:1:"3";old_last_login|s:10:"1473173109";'),
('c4d56f7b1444f3fbb6fd43999e4d5d0009f06ba7', '127.0.0.1', 1473229767, '__ci_last_regenerate|i:1473227303;code|s:4:"5qmG";identity|s:12:"jingli-demo1";username|s:12:"jingli-demo1";email|s:5:"a@a.c";user_id|s:1:"3";old_last_login|s:10:"1473173109";'),
('55e1956c3d3c4fd50cb7a7efeab2ee21f0d06397', '127.0.0.1', 1473230314, '__ci_last_regenerate|i:1473230095;code|s:4:"5qmG";identity|s:12:"jingli-demo1";username|s:12:"jingli-demo1";email|s:5:"a@a.c";user_id|s:1:"3";old_last_login|s:10:"1473173109";'),
('a7df2b5453301b7e91acb07ef91147220b4d288c', '127.0.0.1', 1473231307, '__ci_last_regenerate|i:1473231306;code|s:4:"5qmG";identity|s:12:"jingli-demo1";username|s:12:"jingli-demo1";email|s:5:"a@a.c";user_id|s:1:"3";old_last_login|s:10:"1473173109";'),
('a4a78835cfdb0a873489b38f286fdd35d92950b7', '127.0.0.1', 1473232878, '__ci_last_regenerate|i:1473231622;code|s:4:"5qmG";identity|s:12:"jingli-demo1";username|s:12:"jingli-demo1";email|s:5:"a@a.c";user_id|s:1:"3";old_last_login|s:10:"1473173109";'),
('8a26967ea95dadf3c0b2d1b98c7639862860cad3', '127.0.0.1', 1473233456, '__ci_last_regenerate|i:1473233403;code|s:4:"5qmG";identity|s:12:"jingli-demo1";username|s:12:"jingli-demo1";email|s:5:"a@a.c";user_id|s:1:"3";old_last_login|s:10:"1473173109";'),
('450bf8fe1b2e085ba2a6c7b91b28207d98b14827', '127.0.0.1', 1473234083, '__ci_last_regenerate|i:1473233925;code|s:4:"5qmG";identity|s:12:"jingli-demo1";username|s:12:"jingli-demo1";email|s:5:"a@a.c";user_id|s:1:"3";old_last_login|s:10:"1473173109";'),
('9a2bc06e777a32a4e52c2c76eb69e26b8b07daf1', '127.0.0.1', 1473235617, '__ci_last_regenerate|i:1473234243;code|s:4:"5qmG";identity|s:12:"jingli-demo1";username|s:12:"jingli-demo1";email|s:5:"a@a.c";user_id|s:1:"3";old_last_login|s:10:"1473173109";'),
('730b56dfc9f0bb325333d59d5f01e725636381d3', '127.0.0.1', 1473236093, '__ci_last_regenerate|i:1473235819;code|s:4:"5qmG";identity|s:12:"jingli-demo1";username|s:12:"jingli-demo1";email|s:5:"a@a.c";user_id|s:1:"3";old_last_login|s:10:"1473173109";ajax_permission|s:48:"没有授权访问  <br> [project/stock/storage]";__ci_vars|a:1:{s:15:"ajax_permission";s:3:"old";}'),
('0dcf3a9d01603045ed989d5f755623f2986602e4', '127.0.0.1', 1473236200, '__ci_last_regenerate|i:1473236160;code|s:4:"5qmG";identity|s:12:"jingli-demo1";username|s:12:"jingli-demo1";email|s:5:"a@a.c";user_id|s:1:"3";old_last_login|s:10:"1473173109";'),
('1cac1685ef2cf40a10c597e7f8bc5eb52b5ee4ae', '127.0.0.1', 1473237050, '__ci_last_regenerate|i:1473236822;code|s:4:"5qmG";identity|s:12:"jingli-demo1";username|s:12:"jingli-demo1";email|s:5:"a@a.c";user_id|s:1:"3";old_last_login|s:10:"1473173109";'),
('afdb982863e02b2f649375358a9320a16eded5f6', '127.0.0.1', 1473237470, '__ci_last_regenerate|i:1473237235;code|s:4:"5qmG";identity|s:12:"jingli-demo1";username|s:12:"jingli-demo1";email|s:5:"a@a.c";user_id|s:1:"3";old_last_login|s:10:"1473173109";'),
('5df5a0f84349f9b8eed7ae10ca4ebc03b1156b20', '127.0.0.1', 1473237763, '__ci_last_regenerate|i:1473237575;code|s:4:"5qmG";identity|s:12:"jingli-demo1";username|s:12:"jingli-demo1";email|s:5:"a@a.c";user_id|s:1:"3";old_last_login|s:10:"1473173109";csrfkey|s:8:"nbIjDKSQ";__ci_vars|a:2:{s:7:"csrfkey";s:3:"new";s:9:"csrfvalue";s:3:"new";}csrfvalue|s:20:"No7YK8mQ0A9aJZODEG2B";'),
('76efc01e43d872a48d64c9b1a40da86b9e75e3c0', '127.0.0.1', 1473238347, '__ci_last_regenerate|i:1473238053;code|s:4:"5qmG";identity|s:12:"jingli-demo1";username|s:12:"jingli-demo1";email|s:5:"a@a.c";user_id|s:1:"3";old_last_login|s:10:"1473173109";csrfkey|s:8:"KujWA1wn";__ci_vars|a:2:{s:7:"csrfkey";s:3:"new";s:9:"csrfvalue";s:3:"new";}csrfvalue|s:20:"NI2iWbnvodDYAgtEF9kp";'),
('667a30d128449cbdfa7e1281f4db17b808147822', '127.0.0.1', 1473238727, '__ci_last_regenerate|i:1473238397;code|s:4:"5qmG";identity|s:12:"jingli-demo1";username|s:12:"jingli-demo1";email|s:5:"a@a.c";user_id|s:1:"3";old_last_login|s:10:"1473173109";csrfkey|s:8:"FP5M7WOt";__ci_vars|a:2:{s:7:"csrfkey";s:3:"new";s:9:"csrfvalue";s:3:"new";}csrfvalue|s:20:"6Lq18Jy7AsmYl4Sa3jfC";'),
('d9b20978c6f7bfb331d4276d56e1df16ec47c5c5', '127.0.0.1', 1473238852, '__ci_last_regenerate|i:1473238785;code|s:4:"5qmG";identity|s:12:"jingli-demo1";username|s:12:"jingli-demo1";email|s:5:"a@a.c";user_id|s:1:"3";old_last_login|s:10:"1473173109";csrfkey|s:8:"keFQJtIp";__ci_vars|a:2:{s:7:"csrfkey";s:3:"new";s:9:"csrfvalue";s:3:"new";}csrfvalue|s:20:"OQ5xTI7Xo4NRta1uSAvz";'),
('040919cddfbf1ec997df7b71a3ce69248eb1e04d', '127.0.0.1', 1473240887, '__ci_last_regenerate|i:1473239436;code|s:4:"5qmG";identity|s:12:"jingli-demo1";username|s:12:"jingli-demo1";email|s:5:"a@a.c";user_id|s:1:"3";old_last_login|s:10:"1473173109";csrfkey|s:8:"4SnRq7IM";__ci_vars|a:2:{s:7:"csrfkey";s:3:"old";s:9:"csrfvalue";s:3:"old";}csrfvalue|s:20:"ovDGslrbZPgK1pRWI78L";'),
('1f0897676e38026a4d31600f6bf7be6c4bfcfad7', '127.0.0.1', 1473241038, '__ci_last_regenerate|i:1473240954;code|s:4:"5bDp";identity|s:12:"dengji-demo1";username|s:12:"dengji-demo1";email|s:6:"b@a.cc";user_id|s:1:"5";old_last_login|s:10:"1473134149";csrfkey|s:8:"MI5RB0Qj";__ci_vars|a:2:{s:7:"csrfkey";s:3:"new";s:9:"csrfvalue";s:3:"new";}csrfvalue|s:20:"aCQeYgibVt6ENTyFvIJu";'),
('bbff738c77fc9cc15e6a1d9c888ff1720bf81415', '127.0.0.1', 1473242590, '__ci_last_regenerate|i:1473241384;code|s:4:"jNtz";identity|s:12:"jingli-demo1";username|s:12:"jingli-demo1";email|s:5:"a@a.c";user_id|s:1:"3";old_last_login|s:10:"1473208514";'),
('b13da3643adf9d9c9044e916308e1485c43a89eb', '127.0.0.1', 1473249732, '__ci_last_regenerate|i:1473249169;code|s:4:"M5cQ";identity|s:10:"admin-root";username|s:10:"admin-root";email|s:15:"admin@admin.com";user_id|s:1:"1";old_last_login|s:10:"1473172336";'),
('e5ca4d80d1c5910508119bebf744a1d7d830fee5', '127.0.0.1', 1473250174, '__ci_last_regenerate|i:1473250017;code|s:4:"M5cQ";identity|s:10:"admin-root";username|s:10:"admin-root";email|s:15:"admin@admin.com";user_id|s:1:"1";old_last_login|s:10:"1473172336";'),
('50ebfb7a72141fbaf233026f1cab9cd3a0f146fd', '127.0.0.1', 1473251991, '__ci_last_regenerate|i:1473250722;code|s:4:"M5cQ";identity|s:10:"admin-root";username|s:10:"admin-root";email|s:15:"admin@admin.com";user_id|s:1:"1";old_last_login|s:10:"1473172336";'),
('c1c86b6ca7e3178389bf534c3d21c3651e5fef86', '127.0.0.1', 1473252168, '__ci_last_regenerate|i:1473252067;code|s:4:"M5cQ";identity|s:10:"admin-root";username|s:10:"admin-root";email|s:15:"admin@admin.com";user_id|s:1:"1";old_last_login|s:10:"1473172336";'),
('199a080de6e55fa36b221aade4ec5815401d287d', '127.0.0.1', 1473252515, '__ci_last_regenerate|i:1473252444;code|s:4:"M5cQ";identity|s:10:"admin-root";username|s:10:"admin-root";email|s:15:"admin@admin.com";user_id|s:1:"1";old_last_login|s:10:"1473172336";'),
('a56a96df3b2f8d9fb602ee959e8da6c726912246', '127.0.0.1', 1473252933, '__ci_last_regenerate|i:1473252758;code|s:4:"M5cQ";identity|s:10:"admin-root";username|s:10:"admin-root";email|s:15:"admin@admin.com";user_id|s:1:"1";old_last_login|s:10:"1473172336";'),
('d2bce371aa8da62913308d64844e18e9cad3b095', '127.0.0.1', 1473253396, '__ci_last_regenerate|i:1473253083;code|s:4:"M5cQ";identity|s:10:"admin-root";username|s:10:"admin-root";email|s:15:"admin@admin.com";user_id|s:1:"1";old_last_login|s:10:"1473172336";success|s:12:"保存成功";__ci_vars|a:1:{s:7:"success";s:3:"old";}'),
('54d277ccd053630d9b0625910813c870dcabf3b3', '127.0.0.1', 1473256006, '__ci_last_regenerate|i:1473253495;code|s:4:"M5cQ";identity|s:10:"admin-root";username|s:10:"admin-root";email|s:15:"admin@admin.com";user_id|s:1:"1";old_last_login|s:10:"1473172336";'),
('27885e9fd543ac1b49fd660e0ad84ce0bc66ffb6', '127.0.0.1', 1473254646, '__ci_last_regenerate|i:1473253724;code|s:4:"pFXU";identity|s:12:"dengji-demo1";username|s:12:"dengji-demo1";email|s:6:"b@a.cc";user_id|s:1:"5";old_last_login|s:10:"1473240960";csrfkey|s:8:"7fzor9Vk";__ci_vars|a:2:{s:7:"csrfkey";s:3:"new";s:9:"csrfvalue";s:3:"new";}csrfvalue|s:20:"rht6OAMWsDeUuqGV8i7C";'),
('c941c0716428add10d6ecffb067b1077bc948ccc', '127.0.0.1', 1473257216, '__ci_last_regenerate|i:1473254784;code|s:4:"pFXU";identity|s:12:"dengji-demo1";username|s:12:"dengji-demo1";email|s:6:"b@a.cc";user_id|s:1:"5";old_last_login|s:10:"1473240960";'),
('04e262359165bcd08fcdf39a0669f9f64889530d', '127.0.0.1', 1473256340, '__ci_last_regenerate|i:1473256148;code|s:4:"M5cQ";identity|s:10:"admin-root";username|s:10:"admin-root";email|s:15:"admin@admin.com";user_id|s:1:"1";old_last_login|s:10:"1473172336";'),
('01a05b821739ec8658d8528ba392cfe483c5e070', '127.0.0.1', 1473266416, '__ci_last_regenerate|i:1473256691;code|s:4:"M5cQ";identity|s:10:"admin-root";username|s:10:"admin-root";email|s:15:"admin@admin.com";user_id|s:1:"1";old_last_login|s:10:"1473172336";'),
('3f8bd7fa97ef91983b20aeef27a27773bcf7fef1', '127.0.0.1', 1473257244, '__ci_last_regenerate|i:1473257234;code|s:4:"pFXU";identity|s:12:"dengji-demo1";username|s:12:"dengji-demo1";email|s:6:"b@a.cc";user_id|s:1:"5";old_last_login|s:10:"1473240960";'),
('5c15fb06ea34b86aa05b5cae0bcae65586738b28', '127.0.0.1', 1473258536, '__ci_last_regenerate|i:1473257816;code|s:4:"pFXU";identity|s:12:"dengji-demo1";username|s:12:"dengji-demo1";email|s:6:"b@a.cc";user_id|s:1:"5";old_last_login|s:10:"1473240960";csrfkey|s:8:"nyBmAspv";__ci_vars|a:2:{s:7:"csrfkey";s:3:"new";s:9:"csrfvalue";s:3:"new";}csrfvalue|s:20:"Co5VP1jElqQbyc9OhvB6";'),
('334837d0de4d4c92638aef0667e96ba5cbadb02e', '127.0.0.1', 1473259019, '__ci_last_regenerate|i:1473258771;code|s:4:"pFXU";identity|s:12:"dengji-demo1";username|s:12:"dengji-demo1";email|s:6:"b@a.cc";user_id|s:1:"5";old_last_login|s:10:"1473240960";'),
('76e989c3f1f20e952f3d6860646f0acb23ebf436', '127.0.0.1', 1473260763, '__ci_last_regenerate|i:1473259144;code|s:4:"pFXU";identity|s:12:"dengji-demo1";username|s:12:"dengji-demo1";email|s:6:"b@a.cc";user_id|s:1:"5";old_last_login|s:10:"1473240960";csrfkey|s:8:"Yqp07h4V";__ci_vars|a:2:{s:7:"csrfkey";s:3:"new";s:9:"csrfvalue";s:3:"new";}csrfvalue|s:20:"mj4sk6RYQSUeu15tZf3b";'),
('c253935b41d74137947ee99237d452505ecfbb1b', '127.0.0.1', 1473261217, '__ci_last_regenerate|i:1473260980;code|s:4:"pFXU";identity|s:12:"dengji-demo1";username|s:12:"dengji-demo1";email|s:6:"b@a.cc";user_id|s:1:"5";old_last_login|s:10:"1473240960";csrfkey|s:8:"g6iBAUX5";__ci_vars|a:2:{s:7:"csrfkey";s:3:"new";s:9:"csrfvalue";s:3:"new";}csrfvalue|s:20:"yaOosTCRXxL2bg1GpvPu";'),
('0ac876fe713300d920b25b9b63630ed6a997393e', '127.0.0.1', 1473261720, '__ci_last_regenerate|i:1473261460;code|s:4:"pFXU";identity|s:12:"dengji-demo1";username|s:12:"dengji-demo1";email|s:6:"b@a.cc";user_id|s:1:"5";old_last_login|s:10:"1473240960";csrfkey|s:8:"lM3TP297";__ci_vars|a:2:{s:7:"csrfkey";s:3:"new";s:9:"csrfvalue";s:3:"new";}csrfvalue|s:20:"8aVxr3yBWpRkXYMCFtAS";'),
('13de300f7b4810e4b32528b493e2aa04f4c093bc', '127.0.0.1', 1473262465, '__ci_last_regenerate|i:1473262143;code|s:4:"pFXU";identity|s:12:"dengji-demo1";username|s:12:"dengji-demo1";email|s:6:"b@a.cc";user_id|s:1:"5";old_last_login|s:10:"1473240960";csrfkey|s:8:"QxphC5bG";__ci_vars|a:2:{s:7:"csrfkey";s:3:"old";s:9:"csrfvalue";s:3:"old";}csrfvalue|s:20:"AoJdhbRz9HX6r54s3SqM";'),
('8789c57b239b3608324f8020aa11b42899564215', '127.0.0.1', 1473263059, '__ci_last_regenerate|i:1473262470;code|s:4:"pFXU";identity|s:12:"dengji-demo1";username|s:12:"dengji-demo1";email|s:6:"b@a.cc";user_id|s:1:"5";old_last_login|s:10:"1473240960";'),
('6a5c7fc3658be5ca75fe306d6b2e1e3491f82b81', '127.0.0.1', 1473264063, '__ci_last_regenerate|i:1473263777;code|s:4:"pFXU";identity|s:12:"dengji-demo1";username|s:12:"dengji-demo1";email|s:6:"b@a.cc";user_id|s:1:"5";old_last_login|s:10:"1473240960";'),
('7efa8175d44d3994be8525d61181ac95750670cd', '127.0.0.1', 1473264393, '__ci_last_regenerate|i:1473264085;code|s:4:"pFXU";identity|s:12:"dengji-demo1";username|s:12:"dengji-demo1";email|s:6:"b@a.cc";user_id|s:1:"5";old_last_login|s:10:"1473240960";csrfkey|s:8:"AUrknOwR";__ci_vars|a:2:{s:7:"csrfkey";s:3:"old";s:9:"csrfvalue";s:3:"old";}csrfvalue|s:20:"2afBuZYHg3UsPiAQ0Dtz";'),
('a6478dde6cecbdeb383d21fd45e6ce9bd37dbc1e', '127.0.0.1', 1473264726, '__ci_last_regenerate|i:1473264401;code|s:4:"pFXU";identity|s:12:"dengji-demo1";username|s:12:"dengji-demo1";email|s:6:"b@a.cc";user_id|s:1:"5";old_last_login|s:10:"1473240960";'),
('d2e66362183ef4e3c7ded76fb24d92e525d390c7', '127.0.0.1', 1473266405, '__ci_last_regenerate|i:1473264770;code|s:4:"pFXU";identity|s:12:"dengji-demo1";username|s:12:"dengji-demo1";email|s:6:"b@a.cc";user_id|s:1:"5";old_last_login|s:10:"1473240960";success|s:21:"项目编辑成功！";__ci_vars|a:1:{s:7:"success";s:3:"new";}'),
('8749d73354e483cebf5962c4fed49506a6461604', '127.0.0.1', 1473267727, '__ci_last_regenerate|i:1473266405;code|s:4:"pFXU";identity|s:12:"dengji-demo1";username|s:12:"dengji-demo1";email|s:6:"b@a.cc";user_id|s:1:"5";old_last_login|s:10:"1473240960";csrfkey|s:8:"ReMsPQug";__ci_vars|a:2:{s:7:"csrfkey";s:3:"old";s:9:"csrfvalue";s:3:"old";}csrfvalue|s:20:"N7LiCWbaJFVjvO1UnYxE";'),
('ce46c5b33f1e029d8915f5bd15232112f4be9725', '127.0.0.1', 1473267878, '__ci_last_regenerate|i:1473266549;code|s:4:"QxYH";identity|s:12:"jingli-demo1";username|s:12:"jingli-demo1";email|s:5:"a@a.c";user_id|s:1:"3";old_last_login|s:10:"1473241385";csrfkey|s:8:"NHJbS0pQ";__ci_vars|a:2:{s:7:"csrfkey";s:3:"old";s:9:"csrfvalue";s:3:"old";}csrfvalue|s:20:"zCYLRfWBnlK7yMVtmNdv";'),
('5a75ea57140e9d95df574164896308c3a5cf33de', '127.0.0.1', 1473269297, '__ci_last_regenerate|i:1473267869;code|s:4:"pFXU";identity|s:12:"dengji-demo1";username|s:12:"dengji-demo1";email|s:6:"b@a.cc";user_id|s:1:"5";old_last_login|s:10:"1473240960";'),
('3f9e894d988c5911e3a89fe362b214604f475a7a', '127.0.0.1', 1473268511, '__ci_last_regenerate|i:1473267879;code|s:4:"QxYH";identity|s:12:"jingli-demo1";username|s:12:"jingli-demo1";email|s:5:"a@a.c";user_id|s:1:"3";old_last_login|s:10:"1473241385";csrfkey|s:8:"2jQTYmDR";__ci_vars|a:3:{s:7:"csrfkey";s:3:"old";s:9:"csrfvalue";s:3:"old";s:7:"success";s:3:"new";}csrfvalue|s:20:"04TaEQcuLlf9FPBWNi17";success|s:44:"项目已核实！编号: GR1609084360044048";'),
('656dff57575b4693b35b8385e901a9a39e4e6e1f', '127.0.0.1', 1473268528, '__ci_last_regenerate|i:1473268513;code|s:4:"QxYH";identity|s:12:"jingli-demo1";username|s:12:"jingli-demo1";email|s:5:"a@a.c";user_id|s:1:"3";old_last_login|s:10:"1473241385";'),
('e665cc0801896bd5080357d10999dad8a93d5b15', '127.0.0.1', 1473269140, '__ci_last_regenerate|i:1473268822;code|s:4:"dT72";identity|s:12:"kuguan-demo1";username|s:12:"kuguan-demo1";email|s:11:"kuguan@bb.c";user_id|s:1:"7";old_last_login|s:10:"1473138246";csrfkey|s:8:"eN4SBn6Q";__ci_vars|a:2:{s:7:"csrfkey";s:3:"new";s:9:"csrfvalue";s:3:"new";}csrfvalue|s:20:"UuGn2M0bD6LKgcAfQIyZ";'),
('5a23610ba11e23a63c4da91c1804b8f01f3bcfd1', '127.0.0.1', 1473269362, '__ci_last_regenerate|i:1473269148;code|s:4:"dT72";identity|s:12:"kuguan-demo1";username|s:12:"kuguan-demo1";email|s:11:"kuguan@bb.c";user_id|s:1:"7";old_last_login|s:10:"1473138246";'),
('3706ddc59c7e0d5e7849a5bdf24ff1465ff79c87', '127.0.0.1', 1473294694, '__ci_last_regenerate|i:1473294671;code|s:4:"RXFa";identity|s:12:"jingli-demo1";username|s:12:"jingli-demo1";email|s:5:"a@a.c";user_id|s:1:"3";old_last_login|s:10:"1473266567";'),
('b3903939f634d477413e8ac35bb62f3a32edce63', '127.0.0.1', 1473297043, '__ci_last_regenerate|i:1473295843;code|s:4:"RXFa";identity|s:12:"jingli-demo1";username|s:12:"jingli-demo1";email|s:5:"a@a.c";user_id|s:1:"3";old_last_login|s:10:"1473266567";'),
('6e6fa4cc32657802b65a60953fcb76fd1c5393c4', '127.0.0.1', 1473297214, '__ci_last_regenerate|i:1473297213;code|s:4:"RXFa";identity|s:12:"jingli-demo1";username|s:12:"jingli-demo1";email|s:5:"a@a.c";user_id|s:1:"3";old_last_login|s:10:"1473266567";'),
('a5dafb6294a35eb72c49bb181618a4772a761389', '127.0.0.1', 1473297951, '__ci_last_regenerate|i:1473297853;code|s:4:"Tzmh";identity|s:10:"admin-root";username|s:10:"admin-root";email|s:15:"admin@admin.com";user_id|s:1:"1";old_last_login|s:10:"1473249173";'),
('e1e1ec6be2b449eca8408a903cc85406f518cf38', '127.0.0.1', 1473298173, '__ci_last_regenerate|i:1473298021;code|s:4:"RXFa";identity|s:12:"jingli-demo1";username|s:12:"jingli-demo1";email|s:5:"a@a.c";user_id|s:1:"3";old_last_login|s:10:"1473266567";'),
('d1a8bae40aeed455d269424b65e6ba430a29a2e6', '127.0.0.1', 1473298668, '__ci_last_regenerate|i:1473298490;code|s:4:"Tzmh";identity|s:10:"admin-root";username|s:10:"admin-root";email|s:15:"admin@admin.com";user_id|s:1:"1";old_last_login|s:10:"1473249173";'),
('6cb29d60b891bfc138fccecb056cd54393405ae9', '127.0.0.1', 1473298941, '__ci_last_regenerate|i:1473298679;code|s:4:"25HU";identity|s:10:"admin-root";username|s:10:"admin-root";email|s:15:"admin@admin.com";user_id|s:1:"1";old_last_login|s:10:"1473297861";'),
('de8e4ef62b3ca5e7c2039aa0feca4915a375ad91', '127.0.0.1', 1473301442, '__ci_last_regenerate|i:1473298996;code|s:4:"87XH";identity|s:12:"jingli-demo1";username|s:12:"jingli-demo1";email|s:5:"a@a.c";user_id|s:1:"3";old_last_login|s:10:"1473298674";'),
('78467f3e0fc82c958ec0c724651e81523218800b', '127.0.0.1', 1473299993, '__ci_last_regenerate|i:1473299063;code|s:4:"zCUq";identity|s:12:"dengji-demo2";username|s:12:"dengji-demo2";email|s:10:"ludan@b.cc";user_id|s:1:"6";old_last_login|s:10:"1473133650";current_price|s:19:"pSH7Ae6ruRJIQIQTAvo";__ci_vars|a:3:{s:13:"current_price";i:1473301193;s:7:"csrfkey";s:3:"new";s:9:"csrfvalue";s:3:"new";}csrfkey|s:8:"T3XAz45r";csrfvalue|s:20:"4S9Dn6rPMwmgekjhWvBd";'),
('815ddbf81f97aaf2f8d56aba97946551b9880caf', '127.0.0.1', 1473300279, '__ci_last_regenerate|i:1473300005;code|s:4:"zCUq";identity|s:12:"dengji-demo2";username|s:12:"dengji-demo2";email|s:10:"ludan@b.cc";user_id|s:1:"6";old_last_login|s:10:"1473133650";current_price|s:19:"pSH7Ae6ruRJIQIQTAvo";__ci_vars|a:3:{s:13:"current_price";i:1473301479;s:7:"csrfkey";s:3:"new";s:9:"csrfvalue";s:3:"new";}csrfkey|s:8:"6WMksqP2";csrfvalue|s:20:"U5CGgVaRbMN1IvrBxyip";'),
('36252d6f804a79eeff368a9744af4a6a676f032c', '127.0.0.1', 1473301552, '__ci_last_regenerate|i:1473300352;code|s:4:"zCUq";identity|s:12:"dengji-demo2";username|s:12:"dengji-demo2";email|s:10:"ludan@b.cc";user_id|s:1:"6";old_last_login|s:10:"1473133650";current_price|s:19:"pSH7Ae6ruRJIQIQTAvo";__ci_vars|a:1:{s:13:"current_price";i:1473301593;}'),
('cdec3841e3bb48e5690244379aba0aa8fb50578b', '127.0.0.1', 1473301964, '__ci_last_regenerate|i:1473301849;code|s:4:"zCUq";identity|s:12:"dengji-demo2";username|s:12:"dengji-demo2";email|s:10:"ludan@b.cc";user_id|s:1:"6";old_last_login|s:10:"1473133650";current_price|N;__ci_vars|a:1:{s:13:"current_price";i:1473303051;}'),
('f0988954466fd41d60442399c440a1c4ce108ff9', '127.0.0.1', 1473302492, '__ci_last_regenerate|i:1473302160;code|s:4:"zCUq";identity|s:12:"dengji-demo2";username|s:12:"dengji-demo2";email|s:10:"ludan@b.cc";user_id|s:1:"6";old_last_login|s:10:"1473133650";current_price|N;__ci_vars|a:2:{s:13:"current_price";i:1473303051;s:7:"success";s:3:"new";}success|s:48:"项目编辑成功！ 编号: GM1609086331083244";'),
('c2eb6bab5379b447b5c248bb9ac17eac386117db', '127.0.0.1', 1473304383, '__ci_last_regenerate|i:1473302492;code|s:4:"zCUq";identity|s:12:"dengji-demo2";username|s:12:"dengji-demo2";email|s:10:"ludan@b.cc";user_id|s:1:"6";old_last_login|s:10:"1473133650";current_price|s:19:"piGsBrj67xFIQIQTAPg";__ci_vars|a:3:{s:13:"current_price";i:1473305583;s:7:"csrfkey";s:3:"new";s:9:"csrfvalue";s:3:"new";}csrfkey|s:8:"an8GXujy";csrfvalue|s:20:"I8jTeXZlzQ3Skw6i5BE2";'),
('c526d2d66e9f319df06097e17aee514325a85f71', '127.0.0.1', 1473302812, '__ci_last_regenerate|i:1473302507;code|s:4:"87XH";identity|s:12:"jingli-demo1";username|s:12:"jingli-demo1";email|s:5:"a@a.c";user_id|s:1:"3";old_last_login|s:10:"1473298674";csrfkey|s:8:"g3XdeMvA";__ci_vars|a:2:{s:7:"csrfkey";s:3:"old";s:9:"csrfvalue";s:3:"old";}csrfvalue|s:20:"CKu2PhzyWQxbFiZe3tMD";'),
('0ed493d3ce28583f557291fa8deafc2e1d8e1f1c', '127.0.0.1', 1473303387, '__ci_last_regenerate|i:1473302813;code|s:4:"87XH";identity|s:12:"jingli-demo1";username|s:12:"jingli-demo1";email|s:5:"a@a.c";user_id|s:1:"3";old_last_login|s:10:"1473298674";csrfkey|s:8:"Wly4feCs";__ci_vars|a:2:{s:7:"csrfkey";s:3:"old";s:9:"csrfvalue";s:3:"old";}csrfvalue|s:20:"YiGExfOqIDCVcBaTJ8nj";'),
('9f92c83875536f8500f1840526067f97099dd41c', '127.0.0.1', 1473303676, '__ci_last_regenerate|i:1473303387;code|s:4:"87XH";identity|s:12:"jingli-demo1";username|s:12:"jingli-demo1";email|s:5:"a@a.c";user_id|s:1:"3";old_last_login|s:10:"1473298674";'),
('364e5fd93b245444e956486399eed570eb58a68b', '127.0.0.1', 1473303691, '__ci_last_regenerate|i:1473303489;code|s:4:"76y8";identity|s:12:"kuguan-demo1";username|s:12:"kuguan-demo1";email|s:11:"kuguan@bb.c";user_id|s:1:"7";old_last_login|s:10:"1473268843";csrfkey|s:8:"oTSLJz8R";__ci_vars|a:2:{s:7:"csrfkey";s:3:"old";s:9:"csrfvalue";s:3:"old";}csrfvalue|s:20:"xE35dBmukLeDngVOt6jI";'),
('4f50d918ee17b8dc01fa9f8a61fa8f7405a0068f', '127.0.0.1', 1473303873, '__ci_last_regenerate|i:1473303872;code|s:4:"87XH";identity|s:12:"jingli-demo1";username|s:12:"jingli-demo1";email|s:5:"a@a.c";user_id|s:1:"3";old_last_login|s:10:"1473298674";'),
('3486bbacdc0dc97342b7fae002e2737b11cdeca0', '127.0.0.1', 1473304620, '__ci_last_regenerate|i:1473303877;code|s:4:"76y8";identity|s:12:"kuguan-demo1";username|s:12:"kuguan-demo1";email|s:11:"kuguan@bb.c";user_id|s:1:"7";old_last_login|s:10:"1473268843";csrfkey|s:8:"jF8MoEPG";__ci_vars|a:2:{s:7:"csrfkey";s:3:"old";s:9:"csrfvalue";s:3:"old";}csrfvalue|s:20:"JjDiF5uI2EStM3V49HpP";'),
('86f6dc09bdd63a6e0d99fbbe16755b185edf6f1b', '127.0.0.1', 1473327319, '__ci_last_regenerate|i:1473304386;code|s:4:"zCUq";identity|s:12:"dengji-demo2";username|s:12:"dengji-demo2";email|s:10:"ludan@b.cc";user_id|s:1:"6";old_last_login|s:10:"1473133650";current_price|s:19:"oHX4ULj+vkNIQIQTAf0";__ci_vars|a:3:{s:13:"current_price";i:1473328519;s:7:"csrfkey";s:3:"new";s:9:"csrfvalue";s:3:"new";}csrfkey|s:8:"tLA3rcsx";csrfvalue|s:20:"A4g2OUbrcBqK96CNiezp";'),
('a68008da5b9f733b3377993da343cc8031214d82', '127.0.0.1', 1473304808, '__ci_last_regenerate|i:1473304595;code|s:4:"87XH";identity|s:12:"jingli-demo1";username|s:12:"jingli-demo1";email|s:5:"a@a.c";user_id|s:1:"3";old_last_login|s:10:"1473298674";ajax_permission|s:51:"没有授权访问  <br> [project/recycling/detail]";__ci_vars|a:1:{s:15:"ajax_permission";s:3:"new";}'),
('232b30f3dd6907e87e9342e9bd746353bce41f63', '127.0.0.1', 1473304622, '__ci_last_regenerate|i:1473304621;code|s:4:"76y8";identity|s:12:"kuguan-demo1";username|s:12:"kuguan-demo1";email|s:11:"kuguan@bb.c";user_id|s:1:"7";old_last_login|s:10:"1473268843";'),
('70e80e9d30164a36fe94b27439e201758161a783', '127.0.0.1', 1473305250, '__ci_last_regenerate|i:1473305126;code|s:4:"76y8";identity|s:12:"kuguan-demo1";username|s:12:"kuguan-demo1";email|s:11:"kuguan@bb.c";user_id|s:1:"7";old_last_login|s:10:"1473268843";'),
('097a9870fd0c5307095812ea7e5193b58ebebdf9', '127.0.0.1', 1473305998, '__ci_last_regenerate|i:1473305401;code|s:4:"7MPs";identity|s:12:"kuguan-demo1";username|s:12:"kuguan-demo1";email|s:11:"kuguan@bb.c";user_id|s:1:"7";old_last_login|s:10:"1473303511";csrfkey|s:8:"fHLIykTe";__ci_vars|a:2:{s:7:"csrfkey";s:3:"old";s:9:"csrfvalue";s:3:"old";}csrfvalue|s:20:"PEwjpb8iKWD4GzkNQtor";'),
('f8ff5f4ae76be5c897803a4036ecede2465d79e8', '127.0.0.1', 1473305883, '__ci_last_regenerate|i:1473305456;code|s:4:"76y8";identity|s:12:"kuguan-demo1";username|s:12:"kuguan-demo1";email|s:11:"kuguan@bb.c";user_id|s:1:"7";old_last_login|s:10:"1473268843";csrfkey|s:8:"KtDgAl7M";__ci_vars|a:3:{s:7:"csrfkey";s:3:"old";s:9:"csrfvalue";s:3:"old";s:7:"success";s:3:"new";}csrfvalue|s:20:"kaG5IxA4e6t3HjP1MJ7R";success|s:50:"项目已入库标记！编号: GM1609086331083244";'),
('caf26a29831210e9e80f37c54c8fe884f8b99527', '127.0.0.1', 1473326765, '__ci_last_regenerate|i:1473305883;code|s:4:"76y8";identity|s:12:"kuguan-demo1";username|s:12:"kuguan-demo1";email|s:11:"kuguan@bb.c";user_id|s:1:"7";old_last_login|s:10:"1473268843";'),
('44e5beb963d5492980a284b6b0ead1e7f027a6ac', '127.0.0.1', 1473306175, '__ci_last_regenerate|i:1473306143;code|s:4:"57B2";identity|s:12:"jingli-demo1";username|s:12:"jingli-demo1";email|s:5:"a@a.c";user_id|s:1:"3";old_last_login|s:10:"1473298999";ajax_permission|s:51:"没有授权访问  <br> [project/investing/detail]";__ci_vars|a:1:{s:15:"ajax_permission";s:3:"old";}'),
('1a518ff01f1f06005b05954cc2947b45306da0ee', '127.0.0.1', 1473306868, '__ci_last_regenerate|i:1473306667;code|s:4:"57B2";identity|s:12:"jingli-demo1";username|s:12:"jingli-demo1";email|s:5:"a@a.c";user_id|s:1:"3";old_last_login|s:10:"1473298999";ajax_permission|s:51:"没有授权访问  <br> [project/investing/detail]";__ci_vars|a:1:{s:15:"ajax_permission";s:3:"new";}'),
('fb19e40e6704c18de0fde6983ec81223bd0606d1', '127.0.0.1', 1473309514, '__ci_last_regenerate|i:1473307086;code|s:4:"57B2";identity|s:12:"jingli-demo1";username|s:12:"jingli-demo1";email|s:5:"a@a.c";user_id|s:1:"3";old_last_login|s:10:"1473298999";'),
('b172bd79ca0288bd31f165ff15390872a8ae1384', '127.0.0.1', 1473309682, '__ci_last_regenerate|i:1473309566;code|s:4:"57B2";identity|s:12:"jingli-demo1";username|s:12:"jingli-demo1";email|s:5:"a@a.c";user_id|s:1:"3";old_last_login|s:10:"1473298999";'),
('1ceb90e0a26d4a3d47b0166b171f6cd87dd71ffb', '127.0.0.1', 1473310268, '__ci_last_regenerate|i:1473309882;code|s:4:"57B2";identity|s:12:"jingli-demo1";username|s:12:"jingli-demo1";email|s:5:"a@a.c";user_id|s:1:"3";old_last_login|s:10:"1473298999";ajax_permission|s:51:"没有授权访问  <br> [project/investing/detail]";__ci_vars|a:1:{s:15:"ajax_permission";s:3:"new";}'),
('5033c4c9a24fd3a7e3c1bfb1755672c2b5afdc02', '127.0.0.1', 1473311127, '__ci_last_regenerate|i:1473310272;code|s:4:"57B2";identity|s:12:"jingli-demo1";username|s:12:"jingli-demo1";email|s:5:"a@a.c";user_id|s:1:"3";old_last_login|s:10:"1473298999";ajax_permission|s:47:"没有授权访问  <br> [project/stock/detail]";__ci_vars|a:1:{s:15:"ajax_permission";s:3:"new";}'),
('833f9e5071d7ed5bd3f83b52e54d0b973231d381', '127.0.0.1', 1473312871, '__ci_last_regenerate|i:1473311165;code|s:4:"57B2";identity|s:12:"jingli-demo1";username|s:12:"jingli-demo1";email|s:5:"a@a.c";user_id|s:1:"3";old_last_login|s:10:"1473298999";ajax_permission|s:47:"没有授权访问  <br> [project/stock/detail]";__ci_vars|a:1:{s:15:"ajax_permission";s:3:"new";}'),
('5e73f4d39488f75869e591b949ea59d6c27dec2c', '127.0.0.1', 1473316483, '__ci_last_regenerate|i:1473313163;code|s:4:"57B2";identity|s:12:"jingli-demo1";username|s:12:"jingli-demo1";email|s:5:"a@a.c";user_id|s:1:"3";old_last_login|s:10:"1473298999";ajax_permission|s:47:"没有授权访问  <br> [project/stock/detail]";__ci_vars|a:1:{s:15:"ajax_permission";s:3:"new";}'),
('1da1c10ea9cdf6856a9c8a69e86fc1efa77f4c4a', '127.0.0.1', 1473323708, '__ci_last_regenerate|i:1473316507;code|s:4:"57B2";identity|s:12:"jingli-demo1";username|s:12:"jingli-demo1";email|s:5:"a@a.c";user_id|s:1:"3";old_last_login|s:10:"1473298999";'),
('1e8cd223f71c6170acfba8095272530e91c0f156', '127.0.0.1', 1473325734, '__ci_last_regenerate|i:1473324379;code|s:4:"57B2";identity|s:12:"jingli-demo1";username|s:12:"jingli-demo1";email|s:5:"a@a.c";user_id|s:1:"3";old_last_login|s:10:"1473298999";success|s:44:"项目已终止！编号: GM1609086331083244";__ci_vars|a:1:{s:7:"success";s:3:"old";}'),
('391f665679bda8a2cf7d3322c38515edd9d0a50b', '127.0.0.1', 1473324513, '__ci_last_regenerate|i:1473324456;code|s:4:"syXT";identity|s:10:"admin-root";username|s:10:"admin-root";email|s:15:"admin@admin.com";user_id|s:1:"1";old_last_login|s:10:"1473298682";'),
('a5679ce930183d275f94b7698b362eac9cfe003d', '127.0.0.1', 1473325991, '__ci_last_regenerate|i:1473325797;code|s:4:"57B2";identity|s:12:"jingli-demo1";username|s:12:"jingli-demo1";email|s:5:"a@a.c";user_id|s:1:"3";old_last_login|s:10:"1473298999";'),
('3490d7738d3d5552e6db8fb2ddd194ca5f385d57', '127.0.0.1', 1473326441, '__ci_last_regenerate|i:1473326167;code|s:4:"57B2";identity|s:12:"jingli-demo1";username|s:12:"jingli-demo1";email|s:5:"a@a.c";user_id|s:1:"3";old_last_login|s:10:"1473298999";'),
('2b755b695665306cb22034219695fafe08357ab7', '127.0.0.1', 1473327189, '__ci_last_regenerate|i:1473326498;code|s:4:"57B2";identity|s:12:"jingli-demo1";username|s:12:"jingli-demo1";email|s:5:"a@a.c";user_id|s:1:"3";old_last_login|s:10:"1473298999";success|s:44:"项目已终止！编号: GR1609084360044048";__ci_vars|a:1:{s:7:"success";s:3:"new";}'),
('d128fd5c2580c33bd12552acec0558f7abfcdfad', '127.0.0.1', 1473327190, '__ci_last_regenerate|i:1473327189;code|s:4:"57B2";identity|s:12:"jingli-demo1";username|s:12:"jingli-demo1";email|s:5:"a@a.c";user_id|s:1:"3";old_last_login|s:10:"1473298999";'),
('840f2754c51e8c52098c75e08966c0cbf13a04ca', '127.0.0.1', 1473327308, '__ci_last_regenerate|i:1473327276;code|s:4:"76y8";identity|s:12:"kuguan-demo1";username|s:12:"kuguan-demo1";email|s:11:"kuguan@bb.c";user_id|s:1:"7";old_last_login|s:10:"1473268843";'),
('21240d772155154cc0a7c6ec81e14b52b2cd7504', '127.0.0.1', 1473330513, '__ci_last_regenerate|i:1473327324;code|s:4:"zCUq";identity|s:12:"dengji-demo2";username|s:12:"dengji-demo2";email|s:10:"ludan@b.cc";user_id|s:1:"6";old_last_login|s:10:"1473133650";'),
('3cf3a6e4c9d7a590ca16e0a96e61fc8c26cd64d3', '127.0.0.1', 1473327653, '__ci_last_regenerate|i:1473327508;code|s:4:"57B2";identity|s:12:"jingli-demo1";username|s:12:"jingli-demo1";email|s:5:"a@a.c";user_id|s:1:"3";old_last_login|s:10:"1473298999";'),
('16a3e4723c36cb40083de88a40da49b1b573e6a0', '127.0.0.1', 1473330165, '__ci_last_regenerate|i:1473327662;code|s:4:"76y8";identity|s:12:"kuguan-demo1";username|s:12:"kuguan-demo1";email|s:11:"kuguan@bb.c";user_id|s:1:"7";old_last_login|s:10:"1473268843";'),
('63724e75552aa6d8a5717c1595e9197d5a3ba2bc', '127.0.0.1', 1473330393, '__ci_last_regenerate|i:1473327892;code|s:4:"57B2";identity|s:12:"jingli-demo1";username|s:12:"jingli-demo1";email|s:5:"a@a.c";user_id|s:1:"3";old_last_login|s:10:"1473298999";'),
('35da65f1395583f0b9aa6b7bdc3697e5b0fd58f7', '127.0.0.1', 1473342950, '__ci_last_regenerate|i:1473338119;code|s:4:"dtuH";identity|s:12:"jingli-demo1";username|s:12:"jingli-demo1";email|s:5:"a@a.c";user_id|s:1:"3";old_last_login|s:10:"1473306145";'),
('0b6c465387a91fb8510d9db58547ff7ebc48f74b', '127.0.0.1', 1473344143, '__ci_last_regenerate|i:1473343907;code|s:4:"dtuH";identity|s:12:"jingli-demo1";username|s:12:"jingli-demo1";email|s:5:"a@a.c";user_id|s:1:"3";old_last_login|s:10:"1473306145";csrfkey|s:8:"PSVE3WZg";__ci_vars|a:2:{s:7:"csrfkey";s:3:"new";s:9:"csrfvalue";s:3:"new";}csrfvalue|s:20:"4u9KhmiTz8QH6SlWaqIR";'),
('81905645e86988139b8510b01c94bb19e7ed160b', '127.0.0.1', 1473344615, '__ci_last_regenerate|i:1473344386;code|s:4:"dtuH";identity|s:12:"jingli-demo1";username|s:12:"jingli-demo1";email|s:5:"a@a.c";user_id|s:1:"3";old_last_login|s:10:"1473306145";');
INSERT INTO `gd_sessions` (`sess_id`, `ip_address`, `timestamp`, `data`) VALUES
('b13a01fc0da98c31680951ae0867e4bd369fcadf', '127.0.0.1', 1473345659, '__ci_last_regenerate|i:1473344713;code|s:4:"dtuH";identity|s:12:"jingli-demo1";username|s:12:"jingli-demo1";email|s:5:"a@a.c";user_id|s:1:"3";old_last_login|s:10:"1473306145";csrfkey|s:8:"jrcYu9Zh";__ci_vars|a:2:{s:7:"csrfkey";s:3:"old";s:9:"csrfvalue";s:3:"old";}csrfvalue|s:20:"ne2cYDLqFQzUA8TWhxKb";'),
('56dea283e186fa375b4ad790f7593279899d5562', '127.0.0.1', 1473345857, '__ci_last_regenerate|i:1473345669;code|s:4:"dtuH";identity|s:12:"jingli-demo1";username|s:12:"jingli-demo1";email|s:5:"a@a.c";user_id|s:1:"3";old_last_login|s:10:"1473306145";'),
('c17077903e09714d17c79aa2e723b7f6e5f27811', '127.0.0.1', 1473346171, '__ci_last_regenerate|i:1473346004;code|s:4:"dtuH";identity|s:12:"jingli-demo1";username|s:12:"jingli-demo1";email|s:5:"a@a.c";user_id|s:1:"3";old_last_login|s:10:"1473306145";'),
('0f552ec67ca3716851759eb6ad9ab5c960669e39', '127.0.0.1', 1473346395, '__ci_last_regenerate|i:1473346395;code|s:4:"dtuH";identity|s:12:"jingli-demo1";username|s:12:"jingli-demo1";email|s:5:"a@a.c";user_id|s:1:"3";old_last_login|s:10:"1473306145";'),
('d8c9f817e537c00ec6b28dabcc7ba872f46a377d', '127.0.0.1', 1473347640, '__ci_last_regenerate|i:1473346409;code|s:4:"tuiq";identity|s:12:"jingli-demo1";username|s:12:"jingli-demo1";email|s:5:"a@a.c";user_id|s:1:"3";old_last_login|s:10:"1473338121";'),
('3d094ada9e4ea27515f3ca226a3d9a31da24a95d', '127.0.0.1', 1473347625, '__ci_last_regenerate|i:1473347036;code|s:4:"dtuH";identity|s:12:"jingli-demo1";username|s:12:"jingli-demo1";email|s:5:"a@a.c";user_id|s:1:"3";old_last_login|s:10:"1473306145";ajax_permission|s:34:"没有授权访问  <br> [project]";__ci_vars|a:3:{s:15:"ajax_permission";s:3:"new";s:7:"csrfkey";s:3:"new";s:9:"csrfvalue";s:3:"new";}csrfkey|s:8:"5XSaDEKP";csrfvalue|s:20:"klXx2YeLAjiuNz7QmDTP";'),
('479e7d2f37d3e510eab3b7ab5565bd01664b1b13', '127.0.0.1', 1473347999, '__ci_last_regenerate|i:1473347691;code|s:4:"dtuH";identity|s:12:"jingli-demo1";username|s:12:"jingli-demo1";email|s:5:"a@a.c";user_id|s:1:"3";old_last_login|s:10:"1473306145";'),
('3275c56a4617a3e13b7aaf7dd04ca6b79973a8b5', '127.0.0.1', 1473348087, '__ci_last_regenerate|i:1473348012;code|s:4:"dtuH";identity|s:12:"jingli-demo1";username|s:12:"jingli-demo1";email|s:5:"a@a.c";user_id|s:1:"3";old_last_login|s:10:"1473306145";'),
('c792bd268f2f488d3fb42200acc94fac16e5194f', '127.0.0.1', 1473348094, '__ci_last_regenerate|i:1473348091;code|s:4:"tuiq";identity|s:12:"jingli-demo1";username|s:12:"jingli-demo1";email|s:5:"a@a.c";user_id|s:1:"3";old_last_login|s:10:"1473338121";csrfkey|s:8:"iRNwVGXj";__ci_vars|a:2:{s:7:"csrfkey";s:3:"new";s:9:"csrfvalue";s:3:"new";}csrfvalue|s:20:"ZNpBgxK1aS4kDWhX97b2";'),
('e765f8344942e1776092ec17458088bdd49e332c', '127.0.0.1', 1473348701, '__ci_last_regenerate|i:1473348418;code|s:4:"tuiq";identity|s:12:"jingli-demo1";username|s:12:"jingli-demo1";email|s:5:"a@a.c";user_id|s:1:"3";old_last_login|s:10:"1473338121";csrfkey|s:8:"DatB8p7c";__ci_vars|a:2:{s:7:"csrfkey";s:3:"new";s:9:"csrfvalue";s:3:"new";}csrfvalue|s:20:"lmSWL6YP0Cwdb1AOIVth";'),
('aa3d3a6f3bf840bbd5ff77fb71d64866c573f18c', '127.0.0.1', 1473348745, '__ci_last_regenerate|i:1473348744;code|s:4:"tuiq";identity|s:12:"jingli-demo1";username|s:12:"jingli-demo1";email|s:5:"a@a.c";user_id|s:1:"3";old_last_login|s:10:"1473338121";'),
('81ad770c217b88a99950fdc9d0645dff207554a5', '127.0.0.1', 1473382595, '__ci_last_regenerate|i:1473382349;code|s:4:"YFyG";identity|s:12:"jingli-demo1";username|s:12:"jingli-demo1";email|s:5:"a@a.c";user_id|s:1:"3";old_last_login|s:10:"1473346427";csrfkey|s:8:"tfXsb7hC";__ci_vars|a:2:{s:7:"csrfkey";s:3:"new";s:9:"csrfvalue";s:3:"new";}csrfvalue|s:20:"zsx5pkPBLZvbKCdjV0mW";'),
('9b193ee3331fdbb2527ee898254b2507687f2146', '127.0.0.1', 1473383503, '__ci_last_regenerate|i:1473382955;code|s:4:"YFyG";identity|s:12:"jingli-demo1";username|s:12:"jingli-demo1";email|s:5:"a@a.c";user_id|s:1:"3";old_last_login|s:10:"1473346427";csrfkey|s:8:"F1vQosY3";__ci_vars|a:2:{s:7:"csrfkey";s:3:"new";s:9:"csrfvalue";s:3:"new";}csrfvalue|s:20:"PxI9YQAz4WeZ37yTVFBN";'),
('cedf60511b891da030ca0dff45ece798683bab00', '127.0.0.1', 1473383818, '__ci_last_regenerate|i:1473383544;code|s:4:"YFyG";identity|s:12:"jingli-demo1";username|s:12:"jingli-demo1";email|s:5:"a@a.c";user_id|s:1:"3";old_last_login|s:10:"1473346427";csrfkey|s:8:"1FIVgwpq";__ci_vars|a:2:{s:7:"csrfkey";s:3:"new";s:9:"csrfvalue";s:3:"new";}csrfvalue|s:20:"6C04Tfsb1ozn28JRlPqj";'),
('2113dd4d89d585d8545c5dbb177cabae98ab1064', '127.0.0.1', 1473384124, '__ci_last_regenerate|i:1473383848;code|s:4:"YFyG";identity|s:12:"jingli-demo1";username|s:12:"jingli-demo1";email|s:5:"a@a.c";user_id|s:1:"3";old_last_login|s:10:"1473346427";csrfkey|s:8:"IbBoFm1P";__ci_vars|a:2:{s:7:"csrfkey";s:3:"new";s:9:"csrfvalue";s:3:"new";}csrfvalue|s:20:"imUdVu0XskeAJE1hqrYc";'),
('731fa1a18ab81512fc13e5dacdbd1aa57a71eae5', '127.0.0.1', 1473384463, '__ci_last_regenerate|i:1473384162;code|s:4:"YFyG";identity|s:12:"jingli-demo1";username|s:12:"jingli-demo1";email|s:5:"a@a.c";user_id|s:1:"3";old_last_login|s:10:"1473346427";csrfkey|s:8:"x2mkAa5O";__ci_vars|a:2:{s:7:"csrfkey";s:3:"new";s:9:"csrfvalue";s:3:"new";}csrfvalue|s:20:"LSOKv4YCj39h7eGaHXs5";'),
('241ba97a959c0b4a880172e09cc97d24d31bb290', '127.0.0.1', 1473384983, '__ci_last_regenerate|i:1473384599;code|s:4:"YFyG";identity|s:12:"jingli-demo1";username|s:12:"jingli-demo1";email|s:5:"a@a.c";user_id|s:1:"3";old_last_login|s:10:"1473346427";csrfkey|s:8:"1EXQ75Ym";__ci_vars|a:2:{s:7:"csrfkey";s:3:"new";s:9:"csrfvalue";s:3:"new";}csrfvalue|s:20:"WjCL8oJc6mPR9nBKsw3f";'),
('10b10d8e078b1ee0fc13f2892280cf8aa3f2779c', '127.0.0.1', 1473385329, '__ci_last_regenerate|i:1473385099;code|s:4:"YFyG";identity|s:12:"jingli-demo1";username|s:12:"jingli-demo1";email|s:5:"a@a.c";user_id|s:1:"3";old_last_login|s:10:"1473346427";'),
('315eec20ba8438645a7aba39a938339c9a3ea525', '127.0.0.1', 1473386726, '__ci_last_regenerate|i:1473386493;code|s:4:"YFyG";identity|s:12:"jingli-demo1";username|s:12:"jingli-demo1";email|s:5:"a@a.c";user_id|s:1:"3";old_last_login|s:10:"1473346427";csrfkey|s:8:"Jbnv1B4R";__ci_vars|a:2:{s:7:"csrfkey";s:3:"new";s:9:"csrfvalue";s:3:"new";}csrfvalue|s:20:"YRmrSioczVqheQ2u6CWb";'),
('69d6b3b0ebe6f26253744de0b99d6518631b5fa6', '127.0.0.1', 1473387110, '__ci_last_regenerate|i:1473386834;code|s:4:"YFyG";identity|s:12:"jingli-demo1";username|s:12:"jingli-demo1";email|s:5:"a@a.c";user_id|s:1:"3";old_last_login|s:10:"1473346427";'),
('6277426d16018f617cbb80d7f561c40a3013aad7', '127.0.0.1', 1473388790, '__ci_last_regenerate|i:1473388788;code|s:4:"YFyG";identity|s:12:"jingli-demo1";username|s:12:"jingli-demo1";email|s:5:"a@a.c";user_id|s:1:"3";old_last_login|s:10:"1473346427";'),
('00edaf55fed283ea32e66e3c820e8b17728ee540', '127.0.0.1', 1473389748, '__ci_last_regenerate|i:1473389502;code|s:4:"YFyG";identity|s:12:"jingli-demo1";username|s:12:"jingli-demo1";email|s:5:"a@a.c";user_id|s:1:"3";old_last_login|s:10:"1473346427";'),
('3216a524122ec33233d8e6ca065006ff795b3237', '127.0.0.1', 1473389981, '__ci_last_regenerate|i:1473389836;code|s:4:"YFyG";identity|s:12:"jingli-demo1";username|s:12:"jingli-demo1";email|s:5:"a@a.c";user_id|s:1:"3";old_last_login|s:10:"1473346427";'),
('8a9d65d5303e1e7b3711215cdde5c485e3eee410', '127.0.0.1', 1473391508, '__ci_last_regenerate|i:1473390306;code|s:4:"YFyG";identity|s:12:"jingli-demo1";username|s:12:"jingli-demo1";email|s:5:"a@a.c";user_id|s:1:"3";old_last_login|s:10:"1473346427";'),
('239a7d903fd1797886bf23bc14ffa2d04d72d891', '127.0.0.1', 1473391984, '__ci_last_regenerate|i:1473391692;code|s:4:"YFyG";identity|s:12:"jingli-demo1";username|s:12:"jingli-demo1";email|s:5:"a@a.c";user_id|s:1:"3";old_last_login|s:10:"1473346427";'),
('be44166702cd30a12da525090b5c144a38abed72', '127.0.0.1', 1473392332, '__ci_last_regenerate|i:1473392166;code|s:4:"YFyG";identity|s:12:"jingli-demo1";username|s:12:"jingli-demo1";email|s:5:"a@a.c";user_id|s:1:"3";old_last_login|s:10:"1473346427";csrfkey|s:8:"c8TNQ4Kb";__ci_vars|a:2:{s:7:"csrfkey";s:3:"new";s:9:"csrfvalue";s:3:"new";}csrfvalue|s:20:"vfXWHbsUZPCVLKOq6J5F";'),
('67c6d5375397ca71c97dd230341aadfd154b5676', '127.0.0.1', 1473392969, '__ci_last_regenerate|i:1473392716;code|s:4:"YFyG";identity|s:12:"jingli-demo1";username|s:12:"jingli-demo1";email|s:5:"a@a.c";user_id|s:1:"3";old_last_login|s:10:"1473346427";csrfkey|s:8:"7rJjRe0l";__ci_vars|a:2:{s:7:"csrfkey";s:3:"new";s:9:"csrfvalue";s:3:"new";}csrfvalue|s:20:"JeUZLDKavbFCm7dq8gly";'),
('538a8a70bc5435e5902a932a547089dfb0854556', '127.0.0.1', 1473393399, '__ci_last_regenerate|i:1473393107;code|s:4:"YFyG";identity|s:12:"jingli-demo1";username|s:12:"jingli-demo1";email|s:5:"a@a.c";user_id|s:1:"3";old_last_login|s:10:"1473346427";csrfkey|s:8:"IhSqWCXY";__ci_vars|a:2:{s:7:"csrfkey";s:3:"new";s:9:"csrfvalue";s:3:"new";}csrfvalue|s:20:"pn5dLMxUOyqjBS2reZRF";'),
('717fa5ab2888e77d0f8ccf76b412caf355942d76', '127.0.0.1', 1473406934, '__ci_last_regenerate|i:1473393446;code|s:4:"YFyG";identity|s:12:"jingli-demo1";username|s:12:"jingli-demo1";email|s:5:"a@a.c";user_id|s:1:"3";old_last_login|s:10:"1473346427";success|s:41:"已取消提金申请！客户: 赵公明";__ci_vars|a:1:{s:7:"success";s:3:"new";}'),
('5fa714090a738f79d07be2b67414da13850928c8', '127.0.0.1', 1473407088, '__ci_last_regenerate|i:1473393524;code|s:4:"CeSF";identity|s:12:"kuguan-demo1";username|s:12:"kuguan-demo1";email|s:11:"kuguan@bb.c";user_id|s:1:"7";old_last_login|s:10:"1473305414";'),
('9ef8c519f38bfa752e118bf2743067983a1270db', '127.0.0.1', 1473403979, '__ci_last_regenerate|i:1473403979;'),
('068147b13a8ce101645fbd20d2c95cb1ffed1467', '127.0.0.1', 1473407235, '__ci_last_regenerate|i:1473406934;code|s:4:"YFyG";identity|s:12:"jingli-demo1";username|s:12:"jingli-demo1";email|s:5:"a@a.c";user_id|s:1:"3";old_last_login|s:10:"1473346427";csrfkey|s:8:"N0i9Tjt1";__ci_vars|a:3:{s:7:"csrfkey";s:3:"old";s:9:"csrfvalue";s:3:"old";s:7:"success";s:3:"new";}csrfvalue|s:20:"5QHgA2Kwksnyap67JWIz";success|s:35:"已申请提金！客户: 赵公明";'),
('ba67fbcd1aa39d6d146f6e79032c618b73be1058', '127.0.0.1', 1473407270, '__ci_last_regenerate|i:1473407099;code|s:4:"CeSF";identity|s:12:"kuguan-demo1";username|s:12:"kuguan-demo1";email|s:11:"kuguan@bb.c";user_id|s:1:"7";old_last_login|s:10:"1473305414";'),
('cebc4d0a41884e45c5f661ec2372f75238418b24', '127.0.0.1', 1473407235, '__ci_last_regenerate|i:1473407235;code|s:4:"YFyG";identity|s:12:"jingli-demo1";username|s:12:"jingli-demo1";email|s:5:"a@a.c";user_id|s:1:"3";old_last_login|s:10:"1473346427";'),
('053cc3137496aea7173db4db002a082d7e97234b', '127.0.0.1', 1473407893, '__ci_last_regenerate|i:1473407625;code|s:4:"YFyG";identity|s:12:"jingli-demo1";username|s:12:"jingli-demo1";email|s:5:"a@a.c";user_id|s:1:"3";old_last_login|s:10:"1473346427";'),
('ff4077e59f73f26d9d492cb9728427fd709989cd', '127.0.0.1', 1473408119, '__ci_last_regenerate|i:1473407944;code|s:4:"YFyG";identity|s:12:"jingli-demo1";username|s:12:"jingli-demo1";email|s:5:"a@a.c";user_id|s:1:"3";old_last_login|s:10:"1473346427";'),
('ac83e2e23038b00fec99f6be4a1e3397e530f982', '127.0.0.1', 1473408520, '__ci_last_regenerate|i:1473408156;code|s:4:"CeSF";identity|s:12:"kuguan-demo1";username|s:12:"kuguan-demo1";email|s:11:"kuguan@bb.c";user_id|s:1:"7";old_last_login|s:10:"1473305414";csrfkey|s:8:"UDwJKagz";__ci_vars|a:3:{s:7:"csrfkey";s:3:"old";s:9:"csrfvalue";s:3:"old";s:7:"success";s:3:"new";}csrfvalue|s:20:"0Jbk6e4lmiBDcpzYo8jR";success|s:49:"申请提金已出库！客户 赵公明:12.00克";'),
('c2eaba756f694274efb0b34e2269ce85b50f2af3', '127.0.0.1', 1473414645, '__ci_last_regenerate|i:1473408520;code|s:4:"CeSF";identity|s:12:"kuguan-demo1";username|s:12:"kuguan-demo1";email|s:11:"kuguan@bb.c";user_id|s:1:"7";old_last_login|s:10:"1473305414";'),
('469fc58879d6f5087f0c07967ce2815a08e4d1a3', '127.0.0.1', 1473408970, '__ci_last_regenerate|i:1473408788;code|s:4:"YFyG";identity|s:12:"jingli-demo1";username|s:12:"jingli-demo1";email|s:5:"a@a.c";user_id|s:1:"3";old_last_login|s:10:"1473346427";'),
('9c08e823e1903189f016be8690c79cbb421e285d', '127.0.0.1', 1473409107, '__ci_last_regenerate|i:1473409105;code|s:4:"YFyG";identity|s:12:"jingli-demo1";username|s:12:"jingli-demo1";email|s:5:"a@a.c";user_id|s:1:"3";old_last_login|s:10:"1473346427";ajax_permission|s:39:"没有授权访问  <br> [article/form]";__ci_vars|a:1:{s:15:"ajax_permission";s:3:"new";}'),
('980dfa4be50e296ce6faebec74296e5dce07282f', '127.0.0.1', 1473409903, '__ci_last_regenerate|i:1473409642;code|s:4:"YFyG";identity|s:12:"jingli-demo1";username|s:12:"jingli-demo1";email|s:5:"a@a.c";user_id|s:1:"3";old_last_login|s:10:"1473346427";'),
('c250feec4a55f0b5b4957f27d1216e09a1488e3a', '127.0.0.1', 1473410299, '__ci_last_regenerate|i:1473409999;code|s:4:"YFyG";identity|s:12:"jingli-demo1";username|s:12:"jingli-demo1";email|s:5:"a@a.c";user_id|s:1:"3";old_last_login|s:10:"1473346427";'),
('c4deb32636b5bec580780ad2863e897d60e34962', '127.0.0.1', 1473410591, '__ci_last_regenerate|i:1473410313;code|s:4:"YFyG";identity|s:12:"jingli-demo1";username|s:12:"jingli-demo1";email|s:5:"a@a.c";user_id|s:1:"3";old_last_login|s:10:"1473346427";'),
('4a9dec46f189b9fbb38fc193ea995a68f7ba26cb', '127.0.0.1', 1473412059, '__ci_last_regenerate|i:1473410725;code|s:4:"YFyG";identity|s:12:"jingli-demo1";username|s:12:"jingli-demo1";email|s:5:"a@a.c";user_id|s:1:"3";old_last_login|s:10:"1473346427";'),
('b17af4d4921407c547f8175b29c8d29f14d70f06', '127.0.0.1', 1473414574, '__ci_last_regenerate|i:1473410781;code|s:4:"bbma";identity|s:12:"dengji-demo1";username|s:12:"dengji-demo1";email|s:6:"b@a.cc";user_id|s:1:"5";old_last_login|s:10:"1473253736";'),
('f5461c3e836dc03292e130fe8bcd1fbaa63cc560', '127.0.0.1', 1473413099, '__ci_last_regenerate|i:1473413099;code|s:4:"YFyG";identity|s:12:"jingli-demo1";username|s:12:"jingli-demo1";email|s:5:"a@a.c";user_id|s:1:"3";old_last_login|s:10:"1473346427";'),
('ab4fad363db4ff8e4f3b178793a4d276bf6de336', '127.0.0.1', 1473413553, '__ci_last_regenerate|i:1473413550;code|s:4:"YFyG";identity|s:12:"jingli-demo1";username|s:12:"jingli-demo1";email|s:5:"a@a.c";user_id|s:1:"3";old_last_login|s:10:"1473346427";'),
('5a79dd65cbdb856a7d3342f66a8ec2df76726139', '127.0.0.1', 1473414414, '__ci_last_regenerate|i:1473413903;code|s:4:"YFyG";identity|s:12:"jingli-demo1";username|s:12:"jingli-demo1";email|s:5:"a@a.c";user_id|s:1:"3";old_last_login|s:10:"1473346427";'),
('febc564ff939606d57bf8d7de0f443051512287f', '127.0.0.1', 1473414918, '__ci_last_regenerate|i:1473414711;code|s:4:"YFyG";identity|s:12:"jingli-demo1";username|s:12:"jingli-demo1";email|s:5:"a@a.c";user_id|s:1:"3";old_last_login|s:10:"1473346427";'),
('1045a29054df583c2724a44d679175748966d731', '127.0.0.1', 1473415284, '__ci_last_regenerate|i:1473415236;code|s:4:"YFyG";identity|s:12:"jingli-demo1";username|s:12:"jingli-demo1";email|s:5:"a@a.c";user_id|s:1:"3";old_last_login|s:10:"1473346427";'),
('6f61929a4785cabc7072d83db32e124a9d5d629a', '127.0.0.1', 1473423968, '__ci_last_regenerate|i:1473423779;code|s:4:"PNjp";identity|s:12:"jingli-demo1";username|s:12:"jingli-demo1";email|s:5:"a@a.c";user_id|s:1:"3";old_last_login|s:10:"1473382367";'),
('6bd991bb0ba56af3a90bfe6321a416f5aa6e670d', '127.0.0.1', 1473425881, '__ci_last_regenerate|i:1473424363;code|s:4:"PNjp";identity|s:12:"jingli-demo1";username|s:12:"jingli-demo1";email|s:5:"a@a.c";user_id|s:1:"3";old_last_login|s:10:"1473382367";'),
('0c57d5db44f57ca8c92681dbc1904d89cc0137c5', '127.0.0.1', 1473426693, '__ci_last_regenerate|i:1473426692;code|s:4:"PNjp";identity|s:12:"jingli-demo1";username|s:12:"jingli-demo1";email|s:5:"a@a.c";user_id|s:1:"3";old_last_login|s:10:"1473382367";'),
('1217a362053e52cfba8a4cf138fb1a8585c98210', '127.0.0.1', 1473427181, '__ci_last_regenerate|i:1473427071;code|s:4:"PNjp";identity|s:12:"jingli-demo1";username|s:12:"jingli-demo1";email|s:5:"a@a.c";user_id|s:1:"3";old_last_login|s:10:"1473382367";'),
('d41dc51cae92b86c913afa0b6bbfc1c234de6b4f', '127.0.0.1', 1473435100, '__ci_last_regenerate|i:1473427748;code|s:4:"PNjp";identity|s:12:"jingli-demo1";username|s:12:"jingli-demo1";email|s:5:"a@a.c";user_id|s:1:"3";old_last_login|s:10:"1473382367";'),
('b4f839f9294bc3d92fee39abf5ea16e0ea6f6bbe', '127.0.0.1', 1473428315, '__ci_last_regenerate|i:1473427923;code|s:4:"vtg7";identity|s:12:"jingli-demo1";username|s:12:"jingli-demo1";email|s:5:"a@a.c";user_id|s:1:"3";old_last_login|s:10:"1473423785";'),
('e6a1cfa9e01eadf3ec4099ed72230326b5e9be80', '127.0.0.1', 1473430692, '__ci_last_regenerate|i:1473428678;code|s:4:"vtg7";identity|s:12:"jingli-demo1";username|s:12:"jingli-demo1";email|s:5:"a@a.c";user_id|s:1:"3";old_last_login|s:10:"1473423785";'),
('cb37d14c48133b564298fcfae2a05609acf15f1e', '127.0.0.1', 1473431835, '__ci_last_regenerate|i:1473430763;code|s:4:"vtg7";identity|s:12:"jingli-demo1";username|s:12:"jingli-demo1";email|s:5:"a@a.c";user_id|s:1:"3";old_last_login|s:10:"1473423785";'),
('a2a421ef429ce516bc53edd30b2b7ad033c606e4', '127.0.0.1', 1473432044, '__ci_last_regenerate|i:1473431835;code|s:4:"vtg7";identity|s:12:"jingli-demo1";username|s:12:"jingli-demo1";email|s:5:"a@a.c";user_id|s:1:"3";old_last_login|s:10:"1473423785";'),
('5d2970e0b6dcc8210efbffefbd8875584645e102', '127.0.0.1', 1473432906, '__ci_last_regenerate|i:1473432605;code|s:4:"vtg7";identity|s:12:"jingli-demo1";username|s:12:"jingli-demo1";email|s:5:"a@a.c";user_id|s:1:"3";old_last_login|s:10:"1473423785";'),
('f2416200903d279955f828a5f12db2a48d54a78c', '127.0.0.1', 1473432906, '__ci_last_regenerate|i:1473432906;code|s:4:"vtg7";identity|s:12:"jingli-demo1";username|s:12:"jingli-demo1";email|s:5:"a@a.c";user_id|s:1:"3";old_last_login|s:10:"1473423785";'),
('95ca6410b556c6f75438668727d323dbc97366e0', '127.0.0.1', 1473435569, '__ci_last_regenerate|i:1473432906;code|s:4:"vtg7";identity|s:12:"jingli-demo1";username|s:12:"jingli-demo1";email|s:5:"a@a.c";user_id|s:1:"3";old_last_login|s:10:"1473423785";'),
('5a89c76d10d153c0791607052009785ac2b365c5', '127.0.0.1', 1473434028, '__ci_last_regenerate|i:1473433757;code|s:4:"JYKG";identity|s:10:"admin-root";username|s:10:"admin-root";email|s:15:"admin@admin.com";user_id|s:1:"1";old_last_login|s:10:"1473324465";'),
('914f1ce38be18569dae350aa76529bb62eeb12af', '127.0.0.1', 1473434448, '__ci_last_regenerate|i:1473434192;code|s:4:"JYKG";identity|s:10:"admin-root";username|s:10:"admin-root";email|s:15:"admin@admin.com";user_id|s:1:"1";old_last_login|s:10:"1473324465";'),
('c7701320781448f0ab6c61225082d00532572c3c', '127.0.0.1', 1473434745, '__ci_last_regenerate|i:1473434503;code|s:4:"JYKG";identity|s:10:"admin-root";username|s:10:"admin-root";email|s:15:"admin@admin.com";user_id|s:1:"1";old_last_login|s:10:"1473324465";'),
('fdcf547127da4fa3be0a15a0f815426c967d56dd', '127.0.0.1', 1473435005, '__ci_last_regenerate|i:1473434922;code|s:4:"JYKG";identity|s:10:"admin-root";username|s:10:"admin-root";email|s:15:"admin@admin.com";user_id|s:1:"1";old_last_login|s:10:"1473324465";'),
('456a02ce3c2c325408e8d4b6198fe315a40e3912', '127.0.0.1', 1473438906, '__ci_last_regenerate|i:1473435306;code|s:4:"JYKG";identity|s:10:"admin-root";username|s:10:"admin-root";email|s:15:"admin@admin.com";user_id|s:1:"1";old_last_login|s:10:"1473324465";'),
('53d6f12fbd9fe319244c2cc8d2fdcb4b6bae5616', '127.0.0.1', 1473436575, '__ci_last_regenerate|i:1473435349;code|s:4:"KAJm";identity|s:12:"jingli-demo2";username|s:12:"jingli-demo2";email|s:6:"a@a.cc";user_id|s:1:"4";old_last_login|s:10:"1472277405";'),
('555cd445574b791bc37aac875853436812cfe091', '127.0.0.1', 1473435768, '__ci_last_regenerate|i:1473435653;code|s:4:"vtg7";identity|s:12:"jingli-demo1";username|s:12:"jingli-demo1";email|s:5:"a@a.c";user_id|s:1:"3";old_last_login|s:10:"1473423785";'),
('706fc9b4426a0ab0b196e28bec1ef0228ef6cb64', '127.0.0.1', 1473436779, '__ci_last_regenerate|i:1473436492;code|s:4:"vtg7";identity|s:12:"jingli-demo1";username|s:12:"jingli-demo1";email|s:5:"a@a.c";user_id|s:1:"3";old_last_login|s:10:"1473423785";'),
('62806315985d80eba12c2c612268008faa5fc9b4', '127.0.0.1', 1473436965, '__ci_last_regenerate|i:1473436950;code|s:4:"KAJm";identity|s:12:"jingli-demo2";username|s:12:"jingli-demo2";email|s:6:"a@a.cc";user_id|s:1:"4";old_last_login|s:10:"1472277405";'),
('6c6c019e8ab525de68202853d040243e3ccee14e', '127.0.0.1', 1473436963, '__ci_last_regenerate|i:1473436961;code|s:4:"vtg7";identity|s:12:"jingli-demo1";username|s:12:"jingli-demo1";email|s:5:"a@a.c";user_id|s:1:"3";old_last_login|s:10:"1473423785";'),
('8ae16bc99b80d3c9c5200d502e14408f64abb35d', '127.0.0.1', 1473438728, '__ci_last_regenerate|i:1473437303;code|s:4:"KAJm";identity|s:12:"jingli-demo2";username|s:12:"jingli-demo2";email|s:6:"a@a.cc";user_id|s:1:"4";old_last_login|s:10:"1472277405";'),
('609808ac7652c4b1ad422e37d736c575243810bb', '127.0.0.1', 1473437590, '__ci_last_regenerate|i:1473437409;code|s:4:"vtg7";identity|s:12:"jingli-demo1";username|s:12:"jingli-demo1";email|s:5:"a@a.c";user_id|s:1:"3";old_last_login|s:10:"1473423785";'),
('4ec85206e09d4a435ac335a1f2ebaff50d1c63d7', '127.0.0.1', 1473438093, '__ci_last_regenerate|i:1473437887;code|s:4:"vtg7";identity|s:12:"jingli-demo1";username|s:12:"jingli-demo1";email|s:5:"a@a.c";user_id|s:1:"3";old_last_login|s:10:"1473423785";'),
('2e1c030b641b9a7603f2e3db2708e5dd50a38b5d', '127.0.0.1', 1473438917, '__ci_last_regenerate|i:1473438916;code|s:4:"vtg7";identity|s:12:"jingli-demo1";username|s:12:"jingli-demo1";email|s:5:"a@a.c";user_id|s:1:"3";old_last_login|s:10:"1473423785";'),
('37926d11b54b5d9ac3ab77eeba4201b69ea5e9af', '127.0.0.1', 1473468024, '__ci_last_regenerate|i:1473467965;code|s:4:"7gmu";identity|s:12:"jingli-demo1";username|s:12:"jingli-demo1";email|s:5:"a@a.c";user_id|s:1:"3";old_last_login|s:10:"1473427942";'),
('d07bd88dbabc0a9ac3714e1e8a61df23c19ba4b8', '127.0.0.1', 1473522020, ''),
('56c7db382e469cc80fd11ea4830690117141817e', '127.0.0.1', 1473597295, '__ci_last_regenerate|i:1473596091;code|s:4:"9wRE";identity|s:12:"jingli-demo1";username|s:12:"jingli-demo1";email|s:5:"a@a.c";user_id|s:1:"3";old_last_login|s:10:"1473467974";'),
('cc3cad46c7c0438a6871e64ab786fd8589c38db6', '127.0.0.1', 1473640643, '__ci_last_regenerate|i:1473640638;code|s:4:"RgeI";identity|s:12:"jingli-demo1";username|s:12:"jingli-demo1";email|s:5:"a@a.c";user_id|s:1:"3";old_last_login|s:10:"1473596094";'),
('fc9e273c74859829b8af26019560bc35983914e1', '127.0.0.1', 1473644676, '__ci_last_regenerate|i:1473641044;code|s:4:"RgeI";identity|s:12:"jingli-demo1";username|s:12:"jingli-demo1";email|s:5:"a@a.c";user_id|s:1:"3";old_last_login|s:10:"1473596094";'),
('208529055f398c3c0ada133e43b212c43115d80b', '127.0.0.1', 1473646123, '__ci_last_regenerate|i:1473644893;code|s:4:"hUsT";identity|s:12:"jingli-demo1";username|s:12:"jingli-demo1";email|s:5:"a@a.c";user_id|s:1:"3";old_last_login|s:10:"1473640643";'),
('1e3814a6205cdf607989ba4875380cb9186e7616', '127.0.0.1', 1473646096, '__ci_last_regenerate|i:1473646047;code|s:4:"epr9";identity|s:12:"dengji-demo1";username|s:12:"dengji-demo1";email|s:6:"b@a.cc";user_id|s:1:"5";old_last_login|s:10:"1473410792";'),
('b7530fab7bdaab93c848c0da1c4f55765ee9ac5e', '127.0.0.1', 1473646048, '__ci_last_regenerate|i:1473646048;'),
('634fe494441239492d8da7282bc1f627d0bfef0e', '127.0.0.1', 1473647333, '__ci_last_regenerate|i:1473646123;code|s:4:"hUsT";identity|s:12:"jingli-demo1";username|s:12:"jingli-demo1";email|s:5:"a@a.c";user_id|s:1:"3";old_last_login|s:10:"1473640643";'),
('03bb678d11702505c3175338b785b6b0df450c3d', '127.0.0.1', 1473647309, '__ci_last_regenerate|i:1473647202;code|s:4:"ctcz";identity|s:12:"jingli-demo1";username|s:12:"jingli-demo1";email|s:5:"a@a.c";user_id|s:1:"3";old_last_login|s:10:"1473646123";ajax_permission|s:39:"没有授权访问  <br> [article/form]";__ci_vars|a:1:{s:15:"ajax_permission";s:3:"old";}'),
('56b328e90e4ab048b80b0abb89ff380ec3ec3b4e', '127.0.0.1', 1473654663, '__ci_last_regenerate|i:1473647202;code|s:4:"MPJq";identity|s:12:"dengji-demo1";username|s:12:"dengji-demo1";email|s:6:"b@a.cc";user_id|s:1:"5";old_last_login|s:10:"1473646066";'),
('2319d6b66b3d5e6f631ac7c730d9cac7d4f86461', '127.0.0.1', 1473647764, '__ci_last_regenerate|i:1473647714;code|s:4:"3xJN";identity|s:10:"admin-root";username|s:10:"admin-root";email|s:15:"admin@admin.com";user_id|s:1:"1";old_last_login|s:10:"1473433776";'),
('756e83f73e421bea9adc48dc1d5b5b493c93b920', '127.0.0.1', 1473648149, '__ci_last_regenerate|i:1473648018;code|s:4:"3xJN";identity|s:10:"admin-root";username|s:10:"admin-root";email|s:15:"admin@admin.com";user_id|s:1:"1";old_last_login|s:10:"1473433776";'),
('c74a9548fbfc2ea96079ebacbde3892132ce119e', '127.0.0.1', 1473649316, '__ci_last_regenerate|i:1473649089;code|s:4:"3xJN";identity|s:10:"admin-root";username|s:10:"admin-root";email|s:15:"admin@admin.com";user_id|s:1:"1";old_last_login|s:10:"1473433776";'),
('bfcf85d1dac1ab05031f0bf7286d218d8aeecc47', '127.0.0.1', 1473649890, '__ci_last_regenerate|i:1473649614;code|s:4:"3xJN";identity|s:10:"admin-root";username|s:10:"admin-root";email|s:15:"admin@admin.com";user_id|s:1:"1";old_last_login|s:10:"1473433776";'),
('e04984cf77f3721a496cb434b372885ba8b6ef57', '127.0.0.1', 1473650184, '__ci_last_regenerate|i:1473649926;code|s:4:"3xJN";identity|s:10:"admin-root";username|s:10:"admin-root";email|s:15:"admin@admin.com";user_id|s:1:"1";old_last_login|s:10:"1473433776";'),
('91a4750fac57fee821875b52f99d6886b9862038', '127.0.0.1', 1473650691, '__ci_last_regenerate|i:1473650263;code|s:4:"3xJN";identity|s:10:"admin-root";username|s:10:"admin-root";email|s:15:"admin@admin.com";user_id|s:1:"1";old_last_login|s:10:"1473433776";'),
('051f1b850812472cff22c4d57fe68e3cd2924d56', '127.0.0.1', 1473650953, '__ci_last_regenerate|i:1473650695;code|s:4:"3xJN";identity|s:10:"admin-root";username|s:10:"admin-root";email|s:15:"admin@admin.com";user_id|s:1:"1";old_last_login|s:10:"1473433776";'),
('e80cf2f9b45fb36bf2b5a634b0367fd6c9a7a171', '127.0.0.1', 1473651273, '__ci_last_regenerate|i:1473651009;code|s:4:"3xJN";identity|s:10:"admin-root";username|s:10:"admin-root";email|s:15:"admin@admin.com";user_id|s:1:"1";old_last_login|s:10:"1473433776";'),
('2e9e518a53affaab17a059dfc3735dc1bf38eed0', '127.0.0.1', 1473651423, '__ci_last_regenerate|i:1473651417;code|s:4:"3xJN";identity|s:10:"admin-root";username|s:10:"admin-root";email|s:15:"admin@admin.com";user_id|s:1:"1";old_last_login|s:10:"1473433776";'),
('d58d4b3349a2068b31b3fb286ab45182e7ef0876', '127.0.0.1', 1473652063, '__ci_last_regenerate|i:1473651770;code|s:4:"3xJN";identity|s:10:"admin-root";username|s:10:"admin-root";email|s:15:"admin@admin.com";user_id|s:1:"1";old_last_login|s:10:"1473433776";'),
('b950c7b9b93fa64c9a606ab440bb747c202d0216', '127.0.0.1', 1473652648, '__ci_last_regenerate|i:1473652084;code|s:4:"3xJN";identity|s:10:"admin-root";username|s:10:"admin-root";email|s:15:"admin@admin.com";user_id|s:1:"1";old_last_login|s:10:"1473433776";'),
('0467049317925ce26182bec81c1b4c440b0ffb01', '127.0.0.1', 1473663467, '__ci_last_regenerate|i:1473652655;code|s:4:"3xJN";identity|s:10:"admin-root";username|s:10:"admin-root";email|s:15:"admin@admin.com";user_id|s:1:"1";old_last_login|s:10:"1473433776";'),
('f57d4630a3ddf823b4d87d4758979f32793d8068', '127.0.0.1', 1473670746, '__ci_last_regenerate|i:1473655145;code|s:4:"MPJq";identity|s:12:"dengji-demo1";username|s:12:"dengji-demo1";email|s:6:"b@a.cc";user_id|s:1:"5";old_last_login|s:10:"1473646066";'),
('0ca1c49458fe7860e938e4ae68c0fdd7a1fda3e7', '127.0.0.1', 1473664116, '__ci_last_regenerate|i:1473663827;code|s:4:"3xJN";identity|s:10:"admin-root";username|s:10:"admin-root";email|s:15:"admin@admin.com";user_id|s:1:"1";old_last_login|s:10:"1473433776";'),
('686bba6efa5653e76c11281b890b1d04e4a1e836', '127.0.0.1', 1473664752, '__ci_last_regenerate|i:1473664418;code|s:4:"3xJN";identity|s:10:"admin-root";username|s:10:"admin-root";email|s:15:"admin@admin.com";user_id|s:1:"1";old_last_login|s:10:"1473433776";success|s:28:"<p>账号资料已更新</p>";__ci_vars|a:1:{s:7:"success";s:3:"new";}'),
('e95942834d0b0605f22300df1ccaed11aef2f223', '127.0.0.1', 1473667176, '__ci_last_regenerate|i:1473664752;code|s:4:"3xJN";identity|s:10:"admin-root";username|s:10:"admin-root";email|s:15:"admin@admin.com";user_id|s:1:"1";old_last_login|s:10:"1473433776";success|s:28:"<p>账号资料已更新</p>";__ci_vars|a:1:{s:7:"success";s:3:"new";}'),
('348c06a99ed59d3be5c667ad0ad982f473b7b404', '127.0.0.1', 1473667477, '__ci_last_regenerate|i:1473667176;code|s:4:"3xJN";identity|s:10:"admin-root";username|s:10:"admin-root";email|s:15:"admin@admin.com";user_id|s:1:"1";old_last_login|s:10:"1473433776";'),
('5e349a97513b42c5c6843c41775a3507cfa23d8b', '127.0.0.1', 1473668303, '__ci_last_regenerate|i:1473668016;code|s:4:"4enC";identity|s:12:"dengji-demo1";username|s:12:"dengji-demo1";email|s:6:"b@a.cc";user_id|s:1:"5";old_last_login|s:10:"1473647462";'),
('ef5d2b1ff9ad3605e6298d75ad1dce78844c2cbf', '127.0.0.1', 1473668580, '__ci_last_regenerate|i:1473668319;code|s:4:"4enC";identity|s:12:"dengji-demo1";username|s:12:"dengji-demo1";email|s:6:"b@a.cc";user_id|s:1:"5";old_last_login|s:10:"1473647462";'),
('bbfb739cce77f4352774d2c1af965c4091a43c68', '127.0.0.1', 1473668712, '__ci_last_regenerate|i:1473668692;code|s:4:"4enC";identity|s:12:"dengji-demo1";username|s:12:"dengji-demo1";email|s:6:"b@a.cc";user_id|s:1:"5";old_last_login|s:10:"1473647462";success|s:21:"项目添加成功！";__ci_vars|a:1:{s:7:"success";s:3:"old";}'),
('1173d121c134731e8e18dbc07e7d4c829129596e', '127.0.0.1', 1473669336, '__ci_last_regenerate|i:1473668999;code|s:4:"4enC";identity|s:12:"dengji-demo1";username|s:12:"dengji-demo1";email|s:6:"b@a.cc";user_id|s:1:"5";old_last_login|s:10:"1473647462";'),
('e4f36d423ab94ff30d71f590453113d5ffd6fe8c', '127.0.0.1', 1473669679, '__ci_last_regenerate|i:1473669350;code|s:4:"4enC";identity|s:12:"dengji-demo1";username|s:12:"dengji-demo1";email|s:6:"b@a.cc";user_id|s:1:"5";old_last_login|s:10:"1473647462";csrfkey|s:8:"rNLpbOFI";__ci_vars|a:2:{s:7:"csrfkey";s:3:"new";s:9:"csrfvalue";s:3:"new";}csrfvalue|s:20:"ordebGX0BhgSTYtkLVQI";'),
('0401c693c534dce81ebfc27bb2c62481f08514c8', '127.0.0.1', 1473670237, '__ci_last_regenerate|i:1473669956;code|s:4:"4enC";identity|s:12:"dengji-demo1";username|s:12:"dengji-demo1";email|s:6:"b@a.cc";user_id|s:1:"5";old_last_login|s:10:"1473647462";current_price|N;__ci_vars|a:1:{s:13:"current_price";i:1473671253;}'),
('d779e3aa22af02b0419ac6308db058a432bf0bb6', '127.0.0.1', 1473670336, '__ci_last_regenerate|i:1473670266;code|s:4:"4enC";identity|s:12:"dengji-demo1";username|s:12:"dengji-demo1";email|s:6:"b@a.cc";user_id|s:1:"5";old_last_login|s:10:"1473647462";current_price|N;__ci_vars|a:1:{s:13:"current_price";i:1473671253;}'),
('5a6c9723aa7fec572cf1228b9ca002d5a571c511', '127.0.0.1', 1473670716, '__ci_last_regenerate|i:1473670681;code|s:4:"4enC";identity|s:12:"dengji-demo1";username|s:12:"dengji-demo1";email|s:6:"b@a.cc";user_id|s:1:"5";old_last_login|s:10:"1473647462";current_price|N;__ci_vars|a:1:{s:13:"current_price";i:1473671253;}'),
('a355968ef03046b86656e6682b26d30f1b42ea53', '127.0.0.1', 1473671008, '__ci_last_regenerate|i:1473671008;code|s:4:"4enC";identity|s:12:"dengji-demo1";username|s:12:"dengji-demo1";email|s:6:"b@a.cc";user_id|s:1:"5";old_last_login|s:10:"1473647462";current_price|N;__ci_vars|a:1:{s:13:"current_price";i:1473671253;}'),
('211d685075d65ad0c7738dfeff6e3cf64a284ea2', '127.0.0.1', 1473671927, '__ci_last_regenerate|i:1473671926;code|s:4:"4enC";identity|s:12:"dengji-demo1";username|s:12:"dengji-demo1";email|s:6:"b@a.cc";user_id|s:1:"5";old_last_login|s:10:"1473647462";'),
('6a6f943d75dde119954724beaef0939033c7556f', '127.0.0.1', 1473671938, '__ci_last_regenerate|i:1473671937;code|s:4:"MPJq";identity|s:12:"dengji-demo1";username|s:12:"dengji-demo1";email|s:6:"b@a.cc";user_id|s:1:"5";old_last_login|s:10:"1473646066";'),
('a1e0bcd494f60412e5bff4f1985bf6aff4f8a580', '127.0.0.1', 1473671989, '__ci_last_regenerate|i:1473671965;code|s:4:"YnhS";identity|s:12:"jingli-demo1";username|s:12:"jingli-demo1";email|s:5:"a@a.c";user_id|s:1:"3";old_last_login|s:10:"1473647217";'),
('cc474a47253dd9433c7698ff010ee9277ba8e522', '127.0.0.1', 1473672417, '__ci_last_regenerate|i:1473672416;code|s:4:"4enC";identity|s:12:"dengji-demo1";username|s:12:"dengji-demo1";email|s:6:"b@a.cc";user_id|s:1:"5";old_last_login|s:10:"1473647462";'),
('b523541ca2595e6098e0cc149729042835cdc214', '127.0.0.1', 1473672679, '__ci_last_regenerate|i:1473672420;code|s:4:"YnhS";identity|s:12:"jingli-demo1";username|s:12:"jingli-demo1";email|s:5:"a@a.c";user_id|s:1:"3";old_last_login|s:10:"1473647217";'),
('afd2131a29ff745c1ecd7c349b4d5b4ca0c0e852', '127.0.0.1', 1473674338, '__ci_last_regenerate|i:1473672827;code|s:4:"YnhS";identity|s:12:"jingli-demo1";username|s:12:"jingli-demo1";email|s:5:"a@a.c";user_id|s:1:"3";old_last_login|s:10:"1473647217";'),
('452a2b711a9c0495ba3cc27683eabf3ae864093f', '127.0.0.1', 1473674096, '__ci_last_regenerate|i:1473672895;code|s:4:"4enC";identity|s:12:"dengji-demo1";username|s:12:"dengji-demo1";email|s:6:"b@a.cc";user_id|s:1:"5";old_last_login|s:10:"1473647462";'),
('ef2b0286fe90f9727ecc1fa1096b2d20e65c4864', '127.0.0.1', 1473731505, '__ci_last_regenerate|i:1473731256;code|s:4:"NC4M";'),
('e34e562d3dd50fb09d725a769ff45b1ac50743b6', '127.0.0.1', 1473731807, '__ci_last_regenerate|i:1473731569;code|s:4:"9cGq";'),
('4cb82f64da0567533560a9a33b54857a99bde758', '127.0.0.1', 1473731889, '__ci_last_regenerate|i:1473731881;code|s:4:"BWQg";'),
('c2be34a70198bafa5b11121f4a1f7abd980cbee9', '127.0.0.1', 1473733998, '__ci_last_regenerate|i:1473733966;code|s:4:"veXw";'),
('2628749b5355c3554610716a2a9ab4188fff2a07', '127.0.0.1', 1473735302, '__ci_last_regenerate|i:1473734933;code|s:4:"ZFex";'),
('94b460d680c852df99f08d1fd130e1f2fa37f152', '127.0.0.1', 1473735627, '__ci_last_regenerate|i:1473735302;code|s:4:"Rddm";'),
('664f085695da8e1f9be44af58bbd8be665f9bb17', '127.0.0.1', 1473736002, '__ci_last_regenerate|i:1473735627;code|s:4:"eK3F";'),
('128a661a04a4618cf1e23bb7474889ed77ace150', '127.0.0.1', 1473736321, '__ci_last_regenerate|i:1473736073;captcha|s:4:"mcyD";identity|s:12:"jingli-demo1";username|s:12:"jingli-demo1";email|s:5:"a@a.c";user_id|s:1:"3";old_last_login|s:10:"1473736067";'),
('897fae97fa00c84dfcf691f6cf962efabf079ad6', '127.0.0.1', 1473736389, '__ci_last_regenerate|i:1473736388;captcha|s:4:"mcyD";identity|s:12:"jingli-demo1";username|s:12:"jingli-demo1";email|s:5:"a@a.c";user_id|s:1:"3";old_last_login|s:10:"1473736067";'),
('c93ade85b7616414aa56d62ee18eacd484743ad2', '127.0.0.1', 1473737044, '__ci_last_regenerate|i:1473736893;captcha|s:4:"mcyD";identity|s:12:"jingli-demo1";username|s:12:"jingli-demo1";email|s:5:"a@a.c";user_id|s:1:"3";old_last_login|s:10:"1473736067";'),
('34c21fdbba1fb6ce46c59cb6b139d3616c1c8436', '127.0.0.1', 1473737612, '__ci_last_regenerate|i:1473737432;captcha|s:4:"mcyD";identity|s:12:"jingli-demo1";username|s:12:"jingli-demo1";email|s:5:"a@a.c";user_id|s:1:"3";old_last_login|s:10:"1473736067";'),
('358dc6d7c13204d47c9d0c758bf4d851b38d7d27', '127.0.0.1', 1473737812, '__ci_last_regenerate|i:1473737768;captcha|s:4:"mcyD";identity|s:12:"jingli-demo1";username|s:12:"jingli-demo1";email|s:5:"a@a.c";user_id|s:1:"3";old_last_login|s:10:"1473736067";'),
('88f50abc9c61dc817afa1065e8f3212815ff7d68', '127.0.0.1', 1473755098, '__ci_last_regenerate|i:1473738285;captcha|s:4:"nDmH";identity|s:12:"dengji-demo1";username|s:12:"dengji-demo1";email|s:6:"b@a.cc";user_id|s:1:"5";old_last_login|s:10:"1473668041";'),
('7c4fa74b9857379b388e73c7a49a6a286f8b282a', '127.0.0.1', 1473755878, '__ci_last_regenerate|i:1473755874;captcha|s:4:"UbWD";identity|s:12:"jingli-demo1";username|s:12:"jingli-demo1";email|s:5:"a@a.c";user_id|s:1:"3";old_last_login|s:10:"1473736081";'),
('444f8870996f6adf0b48e0a82edf135c16bafb0e', '127.0.0.1', 1473814272, '__ci_last_regenerate|i:1473813994;captcha|s:4:"R3je";identity|s:12:"jingli-demo1";username|s:12:"jingli-demo1";email|s:5:"a@a.c";user_id|s:1:"3";old_last_login|s:10:"1473755878";csrfkey|s:8:"TMI1qn0X";__ci_vars|a:2:{s:7:"csrfkey";s:3:"new";s:9:"csrfvalue";s:3:"new";}csrfvalue|s:20:"auS83B7e2H6bfKP0djCG";'),
('4df4fec6543b9d937be715e1a9f96c299f0b4409', '127.0.0.1', 1473814951, '__ci_last_regenerate|i:1473814306;captcha|s:4:"R3je";identity|s:12:"jingli-demo1";username|s:12:"jingli-demo1";email|s:5:"a@a.c";user_id|s:1:"3";old_last_login|s:10:"1473755878";csrfkey|s:8:"5YhGea3X";__ci_vars|a:2:{s:7:"csrfkey";s:3:"new";s:9:"csrfvalue";s:3:"new";}csrfvalue|s:20:"viTS6hUC9zGQxRjYBwKH";'),
('a640bc55f9ffc70d8908f8bdfce58c6c2749a86a', '127.0.0.1', 1473815519, '__ci_last_regenerate|i:1473815518;captcha|s:4:"R3je";identity|s:12:"jingli-demo1";username|s:12:"jingli-demo1";email|s:5:"a@a.c";user_id|s:1:"3";old_last_login|s:10:"1473755878";'),
('d21ec6e46bff4547e94bcb519946dbb1ebcfaa57', '127.0.0.1', 1473821023, '__ci_last_regenerate|i:1473816209;captcha|s:4:"R3je";identity|s:12:"jingli-demo1";username|s:12:"jingli-demo1";email|s:5:"a@a.c";user_id|s:1:"3";old_last_login|s:10:"1473755878";'),
('37804d57abb826bbb73eb47d35783245776ebdbf', '127.0.0.1', 1473821316, '__ci_last_regenerate|i:1473821101;captcha|s:4:"R3je";identity|s:12:"jingli-demo1";username|s:12:"jingli-demo1";email|s:5:"a@a.c";user_id|s:1:"3";old_last_login|s:10:"1473755878";'),
('38cc5ca77db099d2b4f4ca5c74de103e227122fc', '127.0.0.1', 1473822157, '__ci_last_regenerate|i:1473821561;captcha|s:4:"R3je";identity|s:12:"jingli-demo1";username|s:12:"jingli-demo1";email|s:5:"a@a.c";user_id|s:1:"3";old_last_login|s:10:"1473755878";csrfkey|s:8:"S8WqMUT4";__ci_vars|a:3:{s:7:"csrfkey";s:3:"old";s:9:"csrfvalue";s:3:"old";s:7:"success";s:3:"new";}csrfvalue|s:20:"zEF3vWhuirMDBSO8Tb0A";success|s:44:"项目已核实！编号: GR1609129651614635";'),
('d7aee88589f29bae9a3660d4964be891f0a08be5', '127.0.0.1', 1473822398, '__ci_last_regenerate|i:1473822157;captcha|s:4:"R3je";identity|s:12:"jingli-demo1";username|s:12:"jingli-demo1";email|s:5:"a@a.c";user_id|s:1:"3";old_last_login|s:10:"1473755878";ajax_permission|s:51:"没有授权访问  <br> [project/recycling/detail]";__ci_vars|a:1:{s:15:"ajax_permission";s:3:"old";}'),
('835f3eec591e3fad8c382c478f4cac6ebf45c419', '127.0.0.1', 1473847611, '__ci_last_regenerate|i:1473822206;captcha|s:4:"cnD4";identity|s:12:"kuguan-demo1";username|s:12:"kuguan-demo1";email|s:11:"kuguan@bb.c";user_id|s:1:"7";old_last_login|s:10:"1473393589";'),
('16119d23cb7ddc80bca48f5ef51d75ad09c2fdd2', '127.0.0.1', 1473822867, '__ci_last_regenerate|i:1473822867;captcha|s:4:"R3je";identity|s:12:"jingli-demo1";username|s:12:"jingli-demo1";email|s:5:"a@a.c";user_id|s:1:"3";old_last_login|s:10:"1473755878";'),
('fed58bd49502cccd39d9590f61df1b029ca24755', '127.0.0.1', 1473823409, '__ci_last_regenerate|i:1473823408;captcha|s:4:"R3je";identity|s:12:"jingli-demo1";username|s:12:"jingli-demo1";email|s:5:"a@a.c";user_id|s:1:"3";old_last_login|s:10:"1473755878";'),
('352ea4b455fc8dbcdea8bebd7016497a557c226e', '127.0.0.1', 1473824825, '__ci_last_regenerate|i:1473824539;captcha|s:4:"R3je";identity|s:12:"jingli-demo1";username|s:12:"jingli-demo1";email|s:5:"a@a.c";user_id|s:1:"3";old_last_login|s:10:"1473755878";'),
('54ae8d3e2688cbc7c99867ebf14f0395268e6366', '127.0.0.1', 1473834706, '__ci_last_regenerate|i:1473824843;captcha|s:4:"R3je";identity|s:12:"jingli-demo1";username|s:12:"jingli-demo1";email|s:5:"a@a.c";user_id|s:1:"3";old_last_login|s:10:"1473755878";'),
('3059afe9022b3c696c1c876b685c080e8f8b654a', '127.0.0.1', 1473835419, '__ci_last_regenerate|i:1473835383;captcha|s:4:"R3je";identity|s:12:"jingli-demo1";username|s:12:"jingli-demo1";email|s:5:"a@a.c";user_id|s:1:"3";old_last_login|s:10:"1473755878";'),
('4dfc09c62a8b531cedd88a613e6fd0b7db7059d2', '127.0.0.1', 1473836045, '__ci_last_regenerate|i:1473836044;captcha|s:4:"R3je";identity|s:12:"jingli-demo1";username|s:12:"jingli-demo1";email|s:5:"a@a.c";user_id|s:1:"3";old_last_login|s:10:"1473755878";'),
('3d7a5c43f95fd1da8f38cce314e2dcaf38eae5ec', '127.0.0.1', 1473836443, '__ci_last_regenerate|i:1473836442;captcha|s:4:"R3je";identity|s:12:"jingli-demo1";username|s:12:"jingli-demo1";email|s:5:"a@a.c";user_id|s:1:"3";old_last_login|s:10:"1473755878";'),
('3d75cdc030ec1c298f480caf53fb5a71553a3dd7', '127.0.0.1', 1473848097, '__ci_last_regenerate|i:1473837242;captcha|s:4:"R3je";identity|s:12:"jingli-demo1";username|s:12:"jingli-demo1";email|s:5:"a@a.c";user_id|s:1:"3";old_last_login|s:10:"1473755878";'),
('29468958a2e643f161a96ba8498ed706e82018b4', '127.0.0.1', 1474161101, '__ci_last_regenerate|i:1474160417;captcha|s:4:"IriQ";identity|s:12:"jingli-demo1";username|s:12:"jingli-demo1";email|s:5:"a@a.c";user_id|s:1:"3";old_last_login|s:10:"1473814042";'),
('3cb5b33b63871cc4faee1e7b91365887c0d4f615', '127.0.0.1', 1474170703, '__ci_last_regenerate|i:1474161101;captcha|s:4:"IriQ";identity|s:12:"jingli-demo1";username|s:12:"jingli-demo1";email|s:5:"a@a.c";user_id|s:1:"3";old_last_login|s:10:"1473814042";'),
('de3e67264eb19e415e200d2ccb71ebf82e7ece7f', '127.0.0.1', 1474183100, '__ci_last_regenerate|i:1474171098;captcha|s:4:"IriQ";identity|s:12:"jingli-demo1";username|s:12:"jingli-demo1";email|s:5:"a@a.c";user_id|s:1:"3";old_last_login|s:10:"1473814042";'),
('2aa0c0d06fb1d13cedd3960331ffcc6e94094d41', '127.0.0.1', 1474186798, '__ci_last_regenerate|i:1474183184;captcha|s:4:"IriQ";identity|s:12:"jingli-demo1";username|s:12:"jingli-demo1";email|s:5:"a@a.c";user_id|s:1:"3";old_last_login|s:10:"1473814042";'),
('1506a5c743aa27f1c68da2092d2b120609d9b650', '127.0.0.1', 1474187402, '__ci_last_regenerate|i:1474187293;captcha|s:4:"IriQ";identity|s:12:"jingli-demo1";username|s:12:"jingli-demo1";email|s:5:"a@a.c";user_id|s:1:"3";old_last_login|s:10:"1473814042";'),
('ce56f984c8625ba0d7220094c1dcc46a6a967734', '127.0.0.1', 1474194249, '__ci_last_regenerate|i:1474188001;captcha|s:4:"IriQ";identity|s:12:"jingli-demo1";username|s:12:"jingli-demo1";email|s:5:"a@a.c";user_id|s:1:"3";old_last_login|s:10:"1473814042";'),
('458edddf1ccf3219418fa6a0422ae2407e0a33da', '127.0.0.1', 1474246020, '__ci_last_regenerate|i:1474245189;captcha|s:4:"MpWZ";identity|s:10:"admin-root";username|s:10:"admin-root";email|s:15:"admin@admin.com";user_id|s:1:"1";old_last_login|s:10:"1473647726";'),
('9e9e582e19c1b177546dbf072022d97b9e15a475', '127.0.0.1', 1474246268, '__ci_last_regenerate|i:1474246020;captcha|s:4:"MpWZ";identity|s:10:"admin-root";username|s:10:"admin-root";email|s:15:"admin@admin.com";user_id|s:1:"1";old_last_login|s:10:"1473647726";'),
('83b7ffa764b1cf1a7130259d8afbd04add33da91', '127.0.0.1', 1474246599, '__ci_last_regenerate|i:1474246354;captcha|s:4:"MpWZ";identity|s:10:"admin-root";username|s:10:"admin-root";email|s:15:"admin@admin.com";user_id|s:1:"1";old_last_login|s:10:"1473647726";'),
('8b18157cf24b42ee332a019b3a4ee8b6510a74f6', '127.0.0.1', 1474247098, '__ci_last_regenerate|i:1474247006;captcha|s:4:"MpWZ";identity|s:10:"admin-root";username|s:10:"admin-root";email|s:15:"admin@admin.com";user_id|s:1:"1";old_last_login|s:10:"1473647726";'),
('865865a0ed40f617a0d5736f9eaedb1d1632e723', '127.0.0.1', 1474248830, '__ci_last_regenerate|i:1474247628;captcha|s:4:"MpWZ";identity|s:10:"admin-root";username|s:10:"admin-root";email|s:15:"admin@admin.com";user_id|s:1:"1";old_last_login|s:10:"1473647726";'),
('2b35da1c3d36d68e2cfddba04e90331a7a4496de', '127.0.0.1', 1474249944, '__ci_last_regenerate|i:1474249642;captcha|s:4:"MpWZ";identity|s:10:"admin-root";username|s:10:"admin-root";email|s:15:"admin@admin.com";user_id|s:1:"1";old_last_login|s:10:"1473647726";'),
('5729e0088fc3336ed7870202c81b113d8bba460c', '127.0.0.1', 1474250319, '__ci_last_regenerate|i:1474250024;captcha|s:4:"MpWZ";identity|s:10:"admin-root";username|s:10:"admin-root";email|s:15:"admin@admin.com";user_id|s:1:"1";old_last_login|s:10:"1473647726";'),
('f7f6337ac9a5f7dcfa58880747eba914632ca1e5', '127.0.0.1', 1474253937, '__ci_last_regenerate|i:1474250335;captcha|s:4:"MpWZ";identity|s:10:"admin-root";username|s:10:"admin-root";email|s:15:"admin@admin.com";user_id|s:1:"1";old_last_login|s:10:"1473647726";'),
('9539641d3294a198e60a43c621365a23459827cd', '127.0.0.1', 1474255134, '__ci_last_regenerate|i:1474254867;captcha|s:4:"MpWZ";identity|s:10:"admin-root";username|s:10:"admin-root";email|s:15:"admin@admin.com";user_id|s:1:"1";old_last_login|s:10:"1473647726";'),
('893976bf22ccf9c81d6191c308bc0a57757d0246', '127.0.0.1', 1474256845, '__ci_last_regenerate|i:1474255251;captcha|s:4:"MpWZ";identity|s:10:"admin-root";username|s:10:"admin-root";email|s:15:"admin@admin.com";user_id|s:1:"1";old_last_login|s:10:"1473647726";'),
('05f7dcaf0ba2ac33f8400cf5b0c48eaa0d52aa14', '127.0.0.1', 1474257439, '__ci_last_regenerate|i:1474256849;captcha|s:4:"MpWZ";identity|s:10:"admin-root";username|s:10:"admin-root";email|s:15:"admin@admin.com";user_id|s:1:"1";old_last_login|s:10:"1473647726";'),
('7afcbc0328a26ef8c235a81be11e60cf72544777', '127.0.0.1', 1474275293, '__ci_last_regenerate|i:1474257453;captcha|s:4:"33h7";identity|s:12:"jingli-demo1";username|s:12:"jingli-demo1";email|s:5:"a@a.c";user_id|s:1:"3";old_last_login|s:10:"1474161101";'),
('9789eb87847a85b9ab776a705cd291a4b373c19f', '127.0.0.1', 1474276807, '__ci_last_regenerate|i:1474275307;captcha|s:4:"33h7";identity|s:12:"jingli-demo1";username|s:12:"jingli-demo1";email|s:5:"a@a.c";user_id|s:1:"3";old_last_login|s:10:"1474161101";ajax_permission|s:51:"没有授权访问  <br> [project/recycling/booked]";__ci_vars|a:1:{s:15:"ajax_permission";s:3:"new";}'),
('60c482702a727de3996a38e0c72672a32b957b15', '127.0.0.1', 1474277935, '__ci_last_regenerate|i:1474276809;captcha|s:4:"33h7";identity|s:12:"jingli-demo1";username|s:12:"jingli-demo1";email|s:5:"a@a.c";user_id|s:1:"3";old_last_login|s:10:"1474161101";'),
('15a16be4118daadd574b6d064c2744f9ed3d669b', '127.0.0.1', 1474278388, '__ci_last_regenerate|i:1474277961;captcha|s:4:"33h7";identity|s:12:"jingli-demo1";username|s:12:"jingli-demo1";email|s:5:"a@a.c";user_id|s:1:"3";old_last_login|s:10:"1474161101";'),
('1bf2541c2708dfcbc9cdd31c335721e439f92c53', '127.0.0.1', 1474285956, '__ci_last_regenerate|i:1474278166;captcha|s:4:"r9a6";identity|s:10:"admin-root";username|s:10:"admin-root";email|s:15:"admin@admin.com";user_id|s:1:"1";old_last_login|s:10:"1474246020";'),
('81093c2714e34649c08a85898b21665685bedb6e', '127.0.0.1', 1474279957, '__ci_last_regenerate|i:1474278396;captcha|s:4:"33h7";identity|s:12:"jingli-demo1";username|s:12:"jingli-demo1";email|s:5:"a@a.c";user_id|s:1:"3";old_last_login|s:10:"1474161101";'),
('274a7152c9854e8c891c5acc5524f8ff24057c5a', '127.0.0.1', 1474280211, '__ci_last_regenerate|i:1474279989;captcha|s:4:"ZC8q";identity|s:12:"jingli-demo1";username|s:12:"jingli-demo1";email|s:5:"a@a.c";user_id|s:1:"3";old_last_login|s:10:"1474257461";'),
('1205d202b640c86ac6b9e2b7c3aa1e3148dfb47c', '127.0.0.1', 1474280668, '__ci_last_regenerate|i:1474280307;captcha|s:4:"ZC8q";identity|s:12:"jingli-demo1";username|s:12:"jingli-demo1";email|s:5:"a@a.c";user_id|s:1:"3";old_last_login|s:10:"1474257461";'),
('e89987068e4c471e474a3fbdbd2e29cb6e866548', '127.0.0.1', 1474281656, '__ci_last_regenerate|i:1474280695;captcha|s:4:"ZC8q";identity|s:12:"jingli-demo1";username|s:12:"jingli-demo1";email|s:5:"a@a.c";user_id|s:1:"3";old_last_login|s:10:"1474257461";'),
('6de7411d512f97da0ebbbae23d1a4026bc6bac6a', '127.0.0.1', 1474285880, '__ci_last_regenerate|i:1474281774;captcha|s:4:"ZC8q";identity|s:12:"jingli-demo1";username|s:12:"jingli-demo1";email|s:5:"a@a.c";user_id|s:1:"3";old_last_login|s:10:"1474257461";'),
('82b7ce7baf4a55903c30844892b21b43200ca94b', '127.0.0.1', 1474333029, '__ci_last_regenerate|i:1474331912;captcha|s:4:"8aTe";identity|s:12:"jingli-demo1";username|s:12:"jingli-demo1";email|s:5:"a@a.c";user_id|s:1:"3";old_last_login|s:10:"1474331770";'),
('bb97f1a1fd134afc31bc39f98f49ffb3a2544801', '127.0.0.1', 1474333579, '__ci_last_regenerate|i:1474333131;captcha|s:4:"8aTe";identity|s:12:"jingli-demo1";username|s:12:"jingli-demo1";email|s:5:"a@a.c";user_id|s:1:"3";old_last_login|s:10:"1474331770";'),
('fe708a76e975abb90d139b915f8ad4044e6d0d9b', '127.0.0.1', 1474333881, '__ci_last_regenerate|i:1474333583;captcha|s:4:"8aTe";identity|s:12:"jingli-demo1";username|s:12:"jingli-demo1";email|s:5:"a@a.c";user_id|s:1:"3";old_last_login|s:10:"1474331770";'),
('ef6f9211108e92c76e5c116fd28b7c92b9db43fc', '127.0.0.1', 1474334381, '__ci_last_regenerate|i:1474333896;captcha|s:4:"8aTe";identity|s:12:"jingli-demo1";username|s:12:"jingli-demo1";email|s:5:"a@a.c";user_id|s:1:"3";old_last_login|s:10:"1474331770";'),
('01ab40e5591a7f97631e5d27b69e58555a39aed1', '127.0.0.1', 1474334745, '__ci_last_regenerate|i:1474334440;captcha|s:4:"8aTe";identity|s:12:"jingli-demo1";username|s:12:"jingli-demo1";email|s:5:"a@a.c";user_id|s:1:"3";old_last_login|s:10:"1474331770";'),
('bbfb8c1d633411f254f49b5d960bfa6cdd904b11', '127.0.0.1', 1474335354, '__ci_last_regenerate|i:1474334962;captcha|s:4:"XNVp";identity|s:12:"jingli-demo1";username|s:12:"jingli-demo1";email|s:5:"a@a.c";user_id|s:1:"3";old_last_login|s:10:"1474334843";'),
('56e63c69c1f325961e32ab106d75f9ee38cdae77', '127.0.0.1', 1474336466, '__ci_last_regenerate|i:1474335385;captcha|s:4:"XNVp";identity|s:12:"jingli-demo1";username|s:12:"jingli-demo1";email|s:5:"a@a.c";user_id|s:1:"3";old_last_login|s:10:"1474334843";'),
('683c7d80ba8e1a93db36d7fa0cc370c0d93daa48', '127.0.0.1', 1474336793, '__ci_last_regenerate|i:1474336523;captcha|s:4:"XNVp";identity|s:12:"jingli-demo1";username|s:12:"jingli-demo1";email|s:5:"a@a.c";user_id|s:1:"3";old_last_login|s:10:"1474334843";'),
('d9674933802d1f2fe1aa2dbd46c2b75fdea6caff', '127.0.0.1', 1474338605, '__ci_last_regenerate|i:1474338233;captcha|s:4:"XNVp";identity|s:12:"jingli-demo1";username|s:12:"jingli-demo1";email|s:5:"a@a.c";user_id|s:1:"3";old_last_login|s:10:"1474334843";'),
('542cc8af7361a076659a442f22e263a6fa75c8c6', '127.0.0.1', 1474338962, '__ci_last_regenerate|i:1474338671;captcha|s:4:"XNVp";identity|s:12:"jingli-demo1";username|s:12:"jingli-demo1";email|s:5:"a@a.c";user_id|s:1:"3";old_last_login|s:10:"1474334843";'),
('08a57c683c46cf3175be61b03371eb1942fb2d32', '127.0.0.1', 1474358352, '__ci_last_regenerate|i:1474338891;captcha|s:4:"PbwC";identity|s:10:"admin-root";username|s:10:"admin-root";email|s:15:"admin@admin.com";user_id|s:1:"1";old_last_login|s:10:"1474278184";'),
('ca608e555c0b8fd01fd1bfa77e39039355b02709', '127.0.0.1', 1474338980, '__ci_last_regenerate|i:1474338975;captcha|s:4:"XNVp";identity|s:12:"jingli-demo1";username|s:12:"jingli-demo1";email|s:5:"a@a.c";user_id|s:1:"3";old_last_login|s:10:"1474334843";');
INSERT INTO `gd_sessions` (`sess_id`, `ip_address`, `timestamp`, `data`) VALUES
('fcbce21b2f30ac0aacf11baef6cbb2d7106ee2b8', '127.0.0.1', 1474339737, '__ci_last_regenerate|i:1474339737;captcha|s:4:"XNVp";identity|s:12:"jingli-demo1";username|s:12:"jingli-demo1";email|s:5:"a@a.c";user_id|s:1:"3";old_last_login|s:10:"1474334843";'),
('7e47a13d591f4d30edb54a4068385419e84f1bfd', '127.0.0.1', 1474340336, '__ci_last_regenerate|i:1474340236;captcha|s:4:"XNVp";identity|s:12:"jingli-demo1";username|s:12:"jingli-demo1";email|s:5:"a@a.c";user_id|s:1:"3";old_last_login|s:10:"1474334843";'),
('bae91fe0bf377c56c2a73c2c28d75188d87a5926', '127.0.0.1', 1474340825, '__ci_last_regenerate|i:1474340572;captcha|s:4:"XNVp";identity|s:12:"jingli-demo1";username|s:12:"jingli-demo1";email|s:5:"a@a.c";user_id|s:1:"3";old_last_login|s:10:"1474334843";'),
('4f14326a6f8254d581937ea135dfefb701b9d1f8', '127.0.0.1', 1474340998, '__ci_last_regenerate|i:1474340907;captcha|s:4:"XNVp";identity|s:12:"jingli-demo1";username|s:12:"jingli-demo1";email|s:5:"a@a.c";user_id|s:1:"3";old_last_login|s:10:"1474334843";'),
('a25c484d6224637640c9ac2a167e7eff4c70e522', '127.0.0.1', 1474341108, '__ci_last_regenerate|i:1474341108;captcha|s:4:"PbwC";identity|s:10:"admin-root";username|s:10:"admin-root";email|s:15:"admin@admin.com";user_id|s:1:"1";old_last_login|s:10:"1474278184";'),
('c8937ea767d7df136e3bacebe02e43a240d82d49', '127.0.0.1', 1474341220, '__ci_last_regenerate|i:1474341182;captcha|s:4:"PbwC";identity|s:10:"admin-root";username|s:10:"admin-root";email|s:15:"admin@admin.com";user_id|s:1:"1";old_last_login|s:10:"1474278184";'),
('db41eccdbd55d0bf4901bedf88896c8062939929', '127.0.0.1', 1474341314, '__ci_last_regenerate|i:1474341313;captcha|s:4:"PbwC";identity|s:10:"admin-root";username|s:10:"admin-root";email|s:15:"admin@admin.com";user_id|s:1:"1";old_last_login|s:10:"1474278184";'),
('02f579a455ebf8e1a0ada72434d120367aa359af', '127.0.0.1', 1474343258, '__ci_last_regenerate|i:1474341703;captcha|s:4:"XNVp";identity|s:12:"jingli-demo1";username|s:12:"jingli-demo1";email|s:5:"a@a.c";user_id|s:1:"3";old_last_login|s:10:"1474334843";'),
('9119c032e6d3c18749880b4a01e1e0e1affe9367', '127.0.0.1', 1474343686, '__ci_last_regenerate|i:1474343262;captcha|s:4:"XNVp";identity|s:12:"jingli-demo1";username|s:12:"jingli-demo1";email|s:5:"a@a.c";user_id|s:1:"3";old_last_login|s:10:"1474334843";'),
('e3a47d6ceb5ed8702abc82025d79a96b44281476', '127.0.0.1', 1474353214, '__ci_last_regenerate|i:1474343729;captcha|s:4:"XNVp";identity|s:12:"jingli-demo1";username|s:12:"jingli-demo1";email|s:5:"a@a.c";user_id|s:1:"3";old_last_login|s:10:"1474334843";'),
('1d16c58ee8db01ac6fa237d7e42215d62a6c3f84', '127.0.0.1', 1474353641, '__ci_last_regenerate|i:1474353298;captcha|s:4:"XNVp";identity|s:12:"jingli-demo1";username|s:12:"jingli-demo1";email|s:5:"a@a.c";user_id|s:1:"3";old_last_login|s:10:"1474334843";'),
('371a49cefa0b8183dfa16e0d195c333e46129037', '127.0.0.1', 1474354900, '__ci_last_regenerate|i:1474353690;captcha|s:4:"XNVp";identity|s:12:"jingli-demo1";username|s:12:"jingli-demo1";email|s:5:"a@a.c";user_id|s:1:"3";old_last_login|s:10:"1474334843";success|s:36:"客户资料保存成功 : 雷小米";__ci_vars|a:1:{s:7:"success";s:3:"new";}'),
('f32e37fd757ec183fa3f850fee7dc0bab2638618', '127.0.0.1', 1474355228, '__ci_last_regenerate|i:1474354900;captcha|s:4:"XNVp";identity|s:12:"jingli-demo1";username|s:12:"jingli-demo1";email|s:5:"a@a.c";user_id|s:1:"3";old_last_login|s:10:"1474334843";csrfkey|s:8:"MXYvDQBJ";__ci_vars|a:2:{s:7:"csrfkey";s:3:"old";s:9:"csrfvalue";s:3:"old";}csrfvalue|s:20:"d8UI6tTuA3X5FjD2xng7";'),
('de18994d026c7ccc9143c3b6569059f20044f3dc', '127.0.0.1', 1474356153, '__ci_last_regenerate|i:1474355342;captcha|s:4:"XNVp";identity|s:12:"jingli-demo1";username|s:12:"jingli-demo1";email|s:5:"a@a.c";user_id|s:1:"3";old_last_login|s:10:"1474334843";'),
('b41b24ad002e58d43acd5166f5a4dff8be7c1b79', '127.0.0.1', 1474356872, '__ci_last_regenerate|i:1474356213;captcha|s:4:"XNVp";identity|s:12:"jingli-demo1";username|s:12:"jingli-demo1";email|s:5:"a@a.c";user_id|s:1:"3";old_last_login|s:10:"1474334843";'),
('7439d95a3de76e83504ec36c6b0bed93567c1c1b', '127.0.0.1', 1474357267, '__ci_last_regenerate|i:1474356880;captcha|s:4:"XNVp";identity|s:12:"jingli-demo1";username|s:12:"jingli-demo1";email|s:5:"a@a.c";user_id|s:1:"3";old_last_login|s:10:"1474334843";'),
('833100ba69dbce39f6bfbd2073db8128df411cc8', '127.0.0.1', 1474358025, '__ci_last_regenerate|i:1474357339;captcha|s:4:"XNVp";identity|s:12:"jingli-demo1";username|s:12:"jingli-demo1";email|s:5:"a@a.c";user_id|s:1:"3";old_last_login|s:10:"1474334843";'),
('2ca1d98ace0ee525c41812a72e65ce16be187f97', '127.0.0.1', 1474358353, '__ci_last_regenerate|i:1474358059;captcha|s:4:"XNVp";identity|s:12:"jingli-demo1";username|s:12:"jingli-demo1";email|s:5:"a@a.c";user_id|s:1:"3";old_last_login|s:10:"1474334843";ajax_permission|s:48:"没有授权访问  <br> [project/customer/bind]";__ci_vars|a:1:{s:15:"ajax_permission";s:3:"old";}'),
('f8bbf29f9584533793f091f33eb4d3aa5dcdabb8', '127.0.0.1', 1474362023, '__ci_last_regenerate|i:1474358369;captcha|s:4:"PbwC";identity|s:10:"admin-root";username|s:10:"admin-root";email|s:15:"admin@admin.com";user_id|s:1:"1";old_last_login|s:10:"1474278184";'),
('d317d89bfe95d66cbe3119cd7f771e54e2a3623d', '127.0.0.1', 1474358713, '__ci_last_regenerate|i:1474358388;captcha|s:4:"XNVp";identity|s:12:"jingli-demo1";username|s:12:"jingli-demo1";email|s:5:"a@a.c";user_id|s:1:"3";old_last_login|s:10:"1474334843";'),
('f1e979d23a0ab1d230b0792ffc43a27d0910aff3', '127.0.0.1', 1474359954, '__ci_last_regenerate|i:1474358720;captcha|s:4:"XNVp";identity|s:12:"jingli-demo1";username|s:12:"jingli-demo1";email|s:5:"a@a.c";user_id|s:1:"3";old_last_login|s:10:"1474334843";'),
('b174e1b23571141936fdc6886e93e4198d85ab82', '127.0.0.1', 1474360816, '__ci_last_regenerate|i:1474359975;captcha|s:4:"XNVp";identity|s:12:"jingli-demo1";username|s:12:"jingli-demo1";email|s:5:"a@a.c";user_id|s:1:"3";old_last_login|s:10:"1474334843";'),
('5482aac4a19f2487e881fad845c4963da3f9f93e', '127.0.0.1', 1474361076, '__ci_last_regenerate|i:1474360870;captcha|s:4:"XNVp";identity|s:12:"jingli-demo1";username|s:12:"jingli-demo1";email|s:5:"a@a.c";user_id|s:1:"3";old_last_login|s:10:"1474334843";'),
('e027b3c7c9512a28d348dc59696d578138d03a1f', '127.0.0.1', 1474361204, '__ci_last_regenerate|i:1474361189;captcha|s:4:"XNVp";identity|s:12:"jingli-demo1";username|s:12:"jingli-demo1";email|s:5:"a@a.c";user_id|s:1:"3";old_last_login|s:10:"1474334843";success|s:56:"客户已绑定金卡 ！ 沈万三 : 3243243243223423ss";__ci_vars|a:1:{s:7:"success";s:3:"new";}'),
('701d7e5379202aa690eae82b3178bc17b1155aee', '127.0.0.1', 1474362085, '__ci_last_regenerate|i:1474361783;captcha|s:4:"XNVp";identity|s:12:"jingli-demo1";username|s:12:"jingli-demo1";email|s:5:"a@a.c";user_id|s:1:"3";old_last_login|s:10:"1474334843";success|s:52:"客户已绑定金卡 ！ 乔苹果 : 12223554354353";__ci_vars|a:1:{s:7:"success";s:3:"new";}'),
('540551ca4888fb5592ce237b83552acacd0fe311', '127.0.0.1', 1474365560, '__ci_last_regenerate|i:1474362056;captcha|s:4:"PbwC";identity|s:10:"admin-root";username|s:10:"admin-root";email|s:15:"admin@admin.com";user_id|s:1:"1";old_last_login|s:10:"1474278184";'),
('5a3c2dfeb6b32f67061e8b32f288b8412e624aea', '127.0.0.1', 1474362926, '__ci_last_regenerate|i:1474362085;captcha|s:4:"XNVp";identity|s:12:"jingli-demo1";username|s:12:"jingli-demo1";email|s:5:"a@a.c";user_id|s:1:"3";old_last_login|s:10:"1474334843";'),
('8ce779089cf5b9e5980b068e06a9a2d08dc1b22e', '127.0.0.1', 1474363513, '__ci_last_regenerate|i:1474363011;captcha|s:4:"XNVp";identity|s:12:"jingli-demo1";username|s:12:"jingli-demo1";email|s:5:"a@a.c";user_id|s:1:"3";old_last_login|s:10:"1474334843";'),
('eed55495d364beee35c138f8895b89aa66c515ff', '127.0.0.1', 1474365475, '__ci_last_regenerate|i:1474363518;captcha|s:4:"XNVp";identity|s:12:"jingli-demo1";username|s:12:"jingli-demo1";email|s:5:"a@a.c";user_id|s:1:"3";old_last_login|s:10:"1474334843";'),
('c62f167cd92b91585d4ba979e3825dd898f834f4', '127.0.0.1', 1474364214, '__ci_last_regenerate|i:1474364119;captcha|s:4:"ESSC";identity|s:12:"jingli-demo1";username|s:12:"jingli-demo1";email|s:5:"a@a.c";user_id|s:1:"3";old_last_login|s:10:"1474334967";'),
('fb42ba59237453a006824a89c6d3217144f0127b', '127.0.0.1', 1474364581, '__ci_last_regenerate|i:1474364578;captcha|s:4:"PbwC";identity|s:10:"admin-root";username|s:10:"admin-root";email|s:15:"admin@admin.com";user_id|s:1:"1";old_last_login|s:10:"1474278184";'),
('6cc22fcb97c5db21e248d59fad70fc5ea4a83645', '127.0.0.1', 1474364823, '__ci_last_regenerate|i:1474364708;captcha|s:4:"PbwC";identity|s:10:"admin-root";username|s:10:"admin-root";email|s:15:"admin@admin.com";user_id|s:1:"1";old_last_login|s:10:"1474278184";'),
('d5774423727ebdb09bfc9bf8633ea1c6049186e3', '127.0.0.1', 1474364876, '__ci_last_regenerate|i:1474364859;captcha|s:4:"PbwC";identity|s:10:"admin-root";username|s:10:"admin-root";email|s:15:"admin@admin.com";user_id|s:1:"1";old_last_login|s:10:"1474278184";'),
('afdd95e6e0129083dbdcd2a4ca9b0e6bf961e8be', '127.0.0.1', 1474365080, '__ci_last_regenerate|i:1474365079;captcha|s:4:"PbwC";identity|s:10:"admin-root";username|s:10:"admin-root";email|s:15:"admin@admin.com";user_id|s:1:"1";old_last_login|s:10:"1474278184";'),
('dcced283ed6d9a915f9f0df5952da80e539be55a', '127.0.0.1', 1474373775, '__ci_last_regenerate|i:1474373452;captcha|s:4:"fred";identity|s:12:"jingli-demo1";username|s:12:"jingli-demo1";email|s:5:"a@a.c";user_id|s:1:"3";old_last_login|s:10:"1474364131";'),
('63afb9050bbd506f640489dda7b23e0988dce78e', '127.0.0.1', 1474374326, '__ci_last_regenerate|i:1474373813;captcha|s:4:"fred";identity|s:12:"jingli-demo1";username|s:12:"jingli-demo1";email|s:5:"a@a.c";user_id|s:1:"3";old_last_login|s:10:"1474364131";'),
('fa5863acbd53788fe7ff180405c907a91f8cd5cf', '127.0.0.1', 1474374960, '__ci_last_regenerate|i:1474374352;captcha|s:4:"fred";identity|s:12:"jingli-demo1";username|s:12:"jingli-demo1";email|s:5:"a@a.c";user_id|s:1:"3";old_last_login|s:10:"1474364131";'),
('c10f000336c9d0f76ff3a401c30b298d1011f343', '127.0.0.1', 1474375367, '__ci_last_regenerate|i:1474374977;captcha|s:4:"fred";identity|s:12:"jingli-demo1";username|s:12:"jingli-demo1";email|s:5:"a@a.c";user_id|s:1:"3";old_last_login|s:10:"1474364131";'),
('c2ff56e214422221e3792b39553ee0186519372e', '127.0.0.1', 1474377006, '__ci_last_regenerate|i:1474375416;captcha|s:4:"fred";identity|s:12:"jingli-demo1";username|s:12:"jingli-demo1";email|s:5:"a@a.c";user_id|s:1:"3";old_last_login|s:10:"1474364131";'),
('63ac77a68a38e3f332e8fc9a7c9cd19a4417e301', '127.0.0.1', 1474377040, '__ci_last_regenerate|i:1474375478;captcha|s:4:"h8RQ";identity|s:12:"jingli-demo1";username|s:12:"jingli-demo1";email|s:5:"a@a.c";user_id|s:1:"3";old_last_login|s:10:"1474373458";'),
('e72545287be45973efea41312029bb07cb4feb47', '127.0.0.1', 1474378777, '__ci_last_regenerate|i:1474377050;captcha|s:4:"fred";identity|s:12:"jingli-demo1";username|s:12:"jingli-demo1";email|s:5:"a@a.c";user_id|s:1:"3";old_last_login|s:10:"1474364131";'),
('971ee02f480f2bb8f3ca5915d44608006b6b2a0f', '127.0.0.1', 1474377539, '__ci_last_regenerate|i:1474377057;captcha|s:4:"h8RQ";identity|s:12:"jingli-demo1";username|s:12:"jingli-demo1";email|s:5:"a@a.c";user_id|s:1:"3";old_last_login|s:10:"1474373458";'),
('66e3d5ec3d984b0d818c5d9dc82e5c3d44493885', '127.0.0.1', 1474378470, '__ci_last_regenerate|i:1474377602;captcha|s:4:"h8RQ";identity|s:12:"jingli-demo1";username|s:12:"jingli-demo1";email|s:5:"a@a.c";user_id|s:1:"3";old_last_login|s:10:"1474373458";'),
('730eed7d043f638a413ed688906bdd18a5030160', '127.0.0.1', 1474379391, '__ci_last_regenerate|i:1474378496;captcha|s:4:"h8RQ";identity|s:12:"jingli-demo1";username|s:12:"jingli-demo1";email|s:5:"a@a.c";user_id|s:1:"3";old_last_login|s:10:"1474373458";'),
('8cffa5c5f23778f43a672d3cfa3c2dbeb54d79cd', '127.0.0.1', 1474379423, '__ci_last_regenerate|i:1474378785;captcha|s:4:"fred";identity|s:12:"jingli-demo1";username|s:12:"jingli-demo1";email|s:5:"a@a.c";user_id|s:1:"3";old_last_login|s:10:"1474364131";'),
('6c50c65e8ccec848dc5ce4f9d709c4d37ffc9dc8', '127.0.0.1', 1474380219, '__ci_last_regenerate|i:1474379401;captcha|s:4:"h8RQ";identity|s:12:"jingli-demo1";username|s:12:"jingli-demo1";email|s:5:"a@a.c";user_id|s:1:"3";old_last_login|s:10:"1474373458";'),
('4e0026727a135a4cc444ad82de5fa156e00c11c0', '127.0.0.1', 1474380237, '__ci_last_regenerate|i:1474379512;captcha|s:4:"fred";identity|s:12:"jingli-demo1";username|s:12:"jingli-demo1";email|s:5:"a@a.c";user_id|s:1:"3";old_last_login|s:10:"1474364131";'),
('435517ddb506aec7d2f8b7ea3fab289ae2d294f9', '127.0.0.1', 1474380871, '__ci_last_regenerate|i:1474380221;captcha|s:4:"h8RQ";identity|s:12:"jingli-demo1";username|s:12:"jingli-demo1";email|s:5:"a@a.c";user_id|s:1:"3";old_last_login|s:10:"1474373458";csrfkey|s:8:"DVB4PyAc";__ci_vars|a:2:{s:7:"csrfkey";s:3:"old";s:9:"csrfvalue";s:3:"old";}csrfvalue|s:20:"9pHEV6nYmcLUz5FJlDuw";'),
('04b1ca5d59b1b3fc747d71f82d18cf2603a16866', '127.0.0.1', 1474388669, '__ci_last_regenerate|i:1474380265;captcha|s:4:"fred";identity|s:12:"jingli-demo1";username|s:12:"jingli-demo1";email|s:5:"a@a.c";user_id|s:1:"3";old_last_login|s:10:"1474364131";'),
('db6ed3a1343235f03d97a322faa3aed33b7878d8', '127.0.0.1', 1474383328, '__ci_last_regenerate|i:1474380888;captcha|s:4:"h8RQ";identity|s:12:"jingli-demo1";username|s:12:"jingli-demo1";email|s:5:"a@a.c";user_id|s:1:"3";old_last_login|s:10:"1474373458";'),
('641265626be8f0b041861e9532bd02fac7ee0d0b', '127.0.0.1', 1474386281, '__ci_last_regenerate|i:1474383374;captcha|s:4:"EiuV";identity|s:10:"admin-root";username|s:10:"admin-root";email|s:15:"admin@admin.com";user_id|s:1:"1";old_last_login|s:10:"1474338900";'),
('5a1c3cbc985ea3bcd7ac24266c032a8255ef448e', '127.0.0.1', 1474383652, '__ci_last_regenerate|i:1474383411;captcha|s:4:"h8RQ";identity|s:12:"jingli-demo1";username|s:12:"jingli-demo1";email|s:5:"a@a.c";user_id|s:1:"3";old_last_login|s:10:"1474373458";'),
('853964734fb39363715b1346e66abb957d3e98f4', '127.0.0.1', 1474384062, '__ci_last_regenerate|i:1474383767;captcha|s:4:"h8RQ";identity|s:12:"jingli-demo1";username|s:12:"jingli-demo1";email|s:5:"a@a.c";user_id|s:1:"3";old_last_login|s:10:"1474373458";csrfkey|s:8:"6Dm7yF8H";__ci_vars|a:2:{s:7:"csrfkey";s:3:"new";s:9:"csrfvalue";s:3:"new";}csrfvalue|s:20:"KFp1YxIaUAvX4h9OcHSq";'),
('ff16d334d2d689cd13bbb2464727c6575a3913c9', '127.0.0.1', 1474384473, '__ci_last_regenerate|i:1474384113;captcha|s:4:"h8RQ";identity|s:12:"jingli-demo1";username|s:12:"jingli-demo1";email|s:5:"a@a.c";user_id|s:1:"3";old_last_login|s:10:"1474373458";'),
('6077e52f590cff3c3afdd633a093e093056ec821', '127.0.0.1', 1474384765, '__ci_last_regenerate|i:1474384489;captcha|s:4:"h8RQ";identity|s:12:"jingli-demo1";username|s:12:"jingli-demo1";email|s:5:"a@a.c";user_id|s:1:"3";old_last_login|s:10:"1474373458";csrfkey|s:8:"MRupBval";__ci_vars|a:2:{s:7:"csrfkey";s:3:"new";s:9:"csrfvalue";s:3:"new";}csrfvalue|s:20:"kel01GPJ5WpnYEB37XDc";'),
('81498c296bdd4d4822d1578d57cdd73b9c4baeb8', '127.0.0.1', 1474386329, '__ci_last_regenerate|i:1474384815;captcha|s:4:"h8RQ";identity|s:12:"jingli-demo1";username|s:12:"jingli-demo1";email|s:5:"a@a.c";user_id|s:1:"3";old_last_login|s:10:"1474373458";'),
('135172620d75a2d07c74b6cf4ee0939faca4f07a', '127.0.0.1', 1474388684, '__ci_last_regenerate|i:1474386283;captcha|s:4:"EiuV";identity|s:10:"admin-root";username|s:10:"admin-root";email|s:15:"admin@admin.com";user_id|s:1:"1";old_last_login|s:10:"1474338900";'),
('8bf3198e9a34bf70d4d19726d6714a5bd7fb2faf', '127.0.0.1', 1474387386, '__ci_last_regenerate|i:1474386392;captcha|s:4:"h8RQ";identity|s:12:"jingli-demo1";username|s:12:"jingli-demo1";email|s:5:"a@a.c";user_id|s:1:"3";old_last_login|s:10:"1474373458";'),
('cdf79b3345db451aef78ad1d4a6fcf80fbcb8493', '127.0.0.1', 1474387692, '__ci_last_regenerate|i:1474387496;captcha|s:4:"h8RQ";identity|s:12:"jingli-demo1";username|s:12:"jingli-demo1";email|s:5:"a@a.c";user_id|s:1:"3";old_last_login|s:10:"1474373458";csrfkey|s:8:"aCQeYgib";__ci_vars|a:2:{s:7:"csrfkey";s:3:"new";s:9:"csrfvalue";s:3:"new";}csrfvalue|s:20:"z8k5ynC7VuhYLeZ4aKod";'),
('435c410b37306c1b56db3282fe9d488c8a8adec3', '127.0.0.1', 1474388029, '__ci_last_regenerate|i:1474387808;captcha|s:4:"h8RQ";identity|s:12:"jingli-demo1";username|s:12:"jingli-demo1";email|s:5:"a@a.c";user_id|s:1:"3";old_last_login|s:10:"1474373458";csrfkey|s:8:"tBrudvDH";__ci_vars|a:2:{s:7:"csrfkey";s:3:"new";s:9:"csrfvalue";s:3:"new";}csrfvalue|s:20:"srtU0yPlo71LbZuRcTjp";'),
('ef8feac34f60e7fe622e9742cbad5326055379b1', '127.0.0.1', 1474388539, '__ci_last_regenerate|i:1474388140;captcha|s:4:"h8RQ";identity|s:12:"jingli-demo1";username|s:12:"jingli-demo1";email|s:5:"a@a.c";user_id|s:1:"3";old_last_login|s:10:"1474373458";'),
('a973d869f912f1e6dab8d1c0cfe3646193fdd1e6', '127.0.0.1', 1474388727, '__ci_last_regenerate|i:1474388606;captcha|s:4:"h8RQ";identity|s:12:"jingli-demo1";username|s:12:"jingli-demo1";email|s:5:"a@a.c";user_id|s:1:"3";old_last_login|s:10:"1474373458";'),
('10f5deea0ed322552bc03fad39845086f3cc4c68', '127.0.0.1', 1474418465, '__ci_last_regenerate|i:1474418163;captcha|s:4:"6ugv";identity|s:12:"jingli-demo1";username|s:12:"jingli-demo1";email|s:5:"a@a.c";user_id|s:1:"3";old_last_login|s:10:"1474375512";'),
('303fe465d3564c2c9cc163444d01b7e6a18a0260', '127.0.0.1', 1474419544, '__ci_last_regenerate|i:1474418579;captcha|s:4:"6ugv";identity|s:12:"jingli-demo1";username|s:12:"jingli-demo1";email|s:5:"a@a.c";user_id|s:1:"3";old_last_login|s:10:"1474375512";'),
('45880cee734a7a5a7a4c75b2e070392bb8d5019c', '127.0.0.1', 1474419047, '__ci_last_regenerate|i:1474418621;captcha|s:4:"3ijf";identity|s:12:"jingli-demo1";username|s:12:"jingli-demo1";email|s:5:"a@a.c";user_id|s:1:"3";old_last_login|s:10:"1474418165";csrfkey|s:8:"tfy6wLOW";__ci_vars|a:2:{s:7:"csrfkey";s:3:"old";s:9:"csrfvalue";s:3:"old";}csrfvalue|s:20:"FxVa50iCozAsbUev9j7H";'),
('d7e58efae328ccd2d607d5c30b949f2882dd41f9', '127.0.0.1', 1474421047, '__ci_last_regenerate|i:1474419051;captcha|s:4:"3ijf";identity|s:12:"jingli-demo1";username|s:12:"jingli-demo1";email|s:5:"a@a.c";user_id|s:1:"3";old_last_login|s:10:"1474418165";'),
('b0acf8783c68787b41d18b80f79e96a8411f6350', '127.0.0.1', 1474419973, '__ci_last_regenerate|i:1474419597;captcha|s:4:"vEhu";identity|s:12:"kuguan-demo1";username|s:12:"kuguan-demo1";email|s:11:"kuguan@bb.c";user_id|s:1:"7";old_last_login|s:10:"1473822220";'),
('201c1447827433e7043f00e126a77e677dadff1e', '127.0.0.1', 1474421065, '__ci_last_regenerate|i:1474420008;captcha|s:4:"vEhu";identity|s:12:"kuguan-demo1";username|s:12:"kuguan-demo1";email|s:11:"kuguan@bb.c";user_id|s:1:"7";old_last_login|s:10:"1473822220";'),
('ceb26625dd0a974788bfbb4a3b01ec172b6791f6', '127.0.0.1', 1474421479, '__ci_last_regenerate|i:1474421068;captcha|s:4:"vEhu";identity|s:12:"kuguan-demo1";username|s:12:"kuguan-demo1";email|s:11:"kuguan@bb.c";user_id|s:1:"7";old_last_login|s:10:"1473822220";ajax_permission|s:47:"没有授权访问  <br> [project/stock/detail]";__ci_vars|a:1:{s:15:"ajax_permission";s:3:"new";}'),
('ee64b3f74d0d865a2e04834af49876fff4de9a02', '127.0.0.1', 1474421392, '__ci_last_regenerate|i:1474421076;captcha|s:4:"3ijf";identity|s:12:"jingli-demo1";username|s:12:"jingli-demo1";email|s:5:"a@a.c";user_id|s:1:"3";old_last_login|s:10:"1474418165";current_price|s:19:"oHf1B7iruxRIQI4TAfg";__ci_vars|a:1:{s:13:"current_price";i:1474422335;}'),
('5e4d39ce74a30875b14f9ff6c50a297f76c16ee5', '127.0.0.1', 1474421859, '__ci_last_regenerate|i:1474421498;captcha|s:4:"vEhu";identity|s:12:"kuguan-demo1";username|s:12:"kuguan-demo1";email|s:11:"kuguan@bb.c";user_id|s:1:"7";old_last_login|s:10:"1473822220";'),
('d6838feae69e42025b3d3483ef799ec269fac6c0', '127.0.0.1', 1474423630, '__ci_last_regenerate|i:1474421507;captcha|s:4:"3ijf";identity|s:12:"jingli-demo1";username|s:12:"jingli-demo1";email|s:5:"a@a.c";user_id|s:1:"3";old_last_login|s:10:"1474418165";'),
('0a1d5d924de753fd189471f19385dbc8bed2f2fc', '127.0.0.1', 1474423623, '__ci_last_regenerate|i:1474421890;captcha|s:4:"vEhu";identity|s:12:"kuguan-demo1";username|s:12:"kuguan-demo1";email|s:11:"kuguan@bb.c";user_id|s:1:"7";old_last_login|s:10:"1473822220";'),
('6d1d82a3765618e25aa90fba58565d389dfbc15c', '127.0.0.1', 1474425016, '__ci_last_regenerate|i:1474423660;captcha|s:4:"3ijf";identity|s:12:"jingli-demo1";username|s:12:"jingli-demo1";email|s:5:"a@a.c";user_id|s:1:"3";old_last_login|s:10:"1474418165";'),
('c9c9d89ed7143f4865e1fccc2c0912fa9ebb7990', '127.0.0.1', 1474424048, '__ci_last_regenerate|i:1474423704;captcha|s:4:"vEhu";identity|s:12:"kuguan-demo1";username|s:12:"kuguan-demo1";email|s:11:"kuguan@bb.c";user_id|s:1:"7";old_last_login|s:10:"1473822220";'),
('d80de256136f057457ba2e1ebfb5090364b406b7', '127.0.0.1', 1474424881, '__ci_last_regenerate|i:1474424058;captcha|s:4:"vEhu";identity|s:12:"kuguan-demo1";username|s:12:"kuguan-demo1";email|s:11:"kuguan@bb.c";user_id|s:1:"7";old_last_login|s:10:"1473822220";'),
('60297c021461013892e55ce593f66bce3a4ec987', '127.0.0.1', 1474425654, '__ci_last_regenerate|i:1474424915;captcha|s:4:"vEhu";identity|s:12:"kuguan-demo1";username|s:12:"kuguan-demo1";email|s:11:"kuguan@bb.c";user_id|s:1:"7";old_last_login|s:10:"1473822220";'),
('54d264c2acbb0597690516a8058085697a5146dc', '127.0.0.1', 1474425563, '__ci_last_regenerate|i:1474425082;captcha|s:4:"3ijf";identity|s:12:"jingli-demo1";username|s:12:"jingli-demo1";email|s:5:"a@a.c";user_id|s:1:"3";old_last_login|s:10:"1474418165";'),
('d8db3685525d34a5800a0d508e683033f75e5717', '127.0.0.1', 1474426378, '__ci_last_regenerate|i:1474425657;captcha|s:4:"3ijf";identity|s:12:"jingli-demo1";username|s:12:"jingli-demo1";email|s:5:"a@a.c";user_id|s:1:"3";old_last_login|s:10:"1474418165";'),
('b8d94db1b2a489914dfda7e316da588d318cea62', '127.0.0.1', 1474426036, '__ci_last_regenerate|i:1474425707;captcha|s:4:"n3Jx";identity|s:12:"jingli-demo1";username|s:12:"jingli-demo1";email|s:5:"a@a.c";user_id|s:1:"3";old_last_login|s:10:"1474418636";csrfkey|s:8:"TeC2XFZp";__ci_vars|a:3:{s:7:"csrfkey";s:3:"old";s:9:"csrfvalue";s:3:"old";s:7:"success";s:3:"new";}csrfvalue|s:20:"uKiU2aWQ4EpZM1SxhX93";success|s:36:"客户资料保存成功 : 雷小米";'),
('2ebc6b096f470230d6b9251a754ab52873d4c6d7', '127.0.0.1', 1474426508, '__ci_last_regenerate|i:1474426037;captcha|s:4:"n3Jx";identity|s:12:"jingli-demo1";username|s:12:"jingli-demo1";email|s:5:"a@a.c";user_id|s:1:"3";old_last_login|s:10:"1474418636";success|s:36:"客户资料保存成功 : 雷小米";__ci_vars|a:1:{s:7:"success";s:3:"new";}'),
('7dbdec46a02077e21ccb7ba5ec9b20ae6f102fd6', '127.0.0.1', 1474428607, '__ci_last_regenerate|i:1474426447;captcha|s:4:"3ijf";identity|s:12:"jingli-demo1";username|s:12:"jingli-demo1";email|s:5:"a@a.c";user_id|s:1:"3";old_last_login|s:10:"1474418165";'),
('b942180f4df9cdb406ffdbe02963ea31dd3a7fa7', '127.0.0.1', 1474426872, '__ci_last_regenerate|i:1474426508;captcha|s:4:"n3Jx";identity|s:12:"jingli-demo1";username|s:12:"jingli-demo1";email|s:5:"a@a.c";user_id|s:1:"3";old_last_login|s:10:"1474418636";'),
('05bf40eb6e32a82e52d3c8f329d580cfce5ce08c', '127.0.0.1', 1474427658, '__ci_last_regenerate|i:1474426992;captcha|s:4:"n3Jx";identity|s:12:"jingli-demo1";username|s:12:"jingli-demo1";email|s:5:"a@a.c";user_id|s:1:"3";old_last_login|s:10:"1474418636";'),
('f757f11a6ac46f838244e00553b07513d2c68171', '127.0.0.1', 1474428190, '__ci_last_regenerate|i:1474427709;captcha|s:4:"n3Jx";identity|s:12:"jingli-demo1";username|s:12:"jingli-demo1";email|s:5:"a@a.c";user_id|s:1:"3";old_last_login|s:10:"1474418636";csrfkey|s:8:"SI9lL1Gy";__ci_vars|a:2:{s:7:"csrfkey";s:3:"old";s:9:"csrfvalue";s:3:"old";}csrfvalue|s:20:"z0Qu9C1NKkcVLFiMx7ma";'),
('219a992e2f239137fda67ebd773790d587f10cae', '127.0.0.1', 1474428469, '__ci_last_regenerate|i:1474428226;captcha|s:4:"n3Jx";identity|s:12:"jingli-demo1";username|s:12:"jingli-demo1";email|s:5:"a@a.c";user_id|s:1:"3";old_last_login|s:10:"1474418636";'),
('22aaa2c4c99e0b3ae80e519889085d0b431a0727', '127.0.0.1', 1474429854, '__ci_last_regenerate|i:1474428540;captcha|s:4:"n3Jx";identity|s:12:"jingli-demo1";username|s:12:"jingli-demo1";email|s:5:"a@a.c";user_id|s:1:"3";old_last_login|s:10:"1474418636";csrfkey|s:8:"r2KwNn34";__ci_vars|a:2:{s:7:"csrfkey";s:3:"new";s:9:"csrfvalue";s:3:"new";}csrfvalue|s:20:"IfTUC2NrvBqQ9ApOgZFV";'),
('b9371a19e5ecd0d55875ef0b0317eabac03dfd29', '127.0.0.1', 1474429136, '__ci_last_regenerate|i:1474428617;captcha|s:4:"3ijf";identity|s:12:"jingli-demo1";username|s:12:"jingli-demo1";email|s:5:"a@a.c";user_id|s:1:"3";old_last_login|s:10:"1474418165";current_price|s:19:"oHf1B7iruxRIQI4TAfg";__ci_vars|a:3:{s:13:"current_price";i:1474430336;s:7:"csrfkey";s:3:"new";s:9:"csrfvalue";s:3:"new";}csrfkey|s:8:"W9v3sKCa";csrfvalue|s:20:"o9rsFT2cwPaGZu5qMg71";'),
('1ce43fedc9ae4bcb3dcd0dbc94f8358e0418c76d', '127.0.0.1', 1474429410, '__ci_last_regenerate|i:1474429152;captcha|s:4:"EkNm";identity|s:10:"admin-root";username|s:10:"admin-root";email|s:15:"admin@admin.com";user_id|s:1:"1";old_last_login|s:10:"1474383382";'),
('5330772e847e5c45c1da7d14663931198f20dd9b', '127.0.0.1', 1474430173, '__ci_last_regenerate|i:1474429485;captcha|s:4:"EkNm";identity|s:10:"admin-root";username|s:10:"admin-root";email|s:15:"admin@admin.com";user_id|s:1:"1";old_last_login|s:10:"1474383382";'),
('af079bf5e23f41f61da71ebc6ce890cc53b5c8b1', '127.0.0.1', 1474430231, '__ci_last_regenerate|i:1474429857;captcha|s:4:"n3Jx";identity|s:12:"jingli-demo1";username|s:12:"jingli-demo1";email|s:5:"a@a.c";user_id|s:1:"3";old_last_login|s:10:"1474418636";'),
('5af912f415b0500553a2d33facccb923def75326', '127.0.0.1', 1474430611, '__ci_last_regenerate|i:1474430250;captcha|s:4:"n3Jx";identity|s:12:"jingli-demo1";username|s:12:"jingli-demo1";email|s:5:"a@a.c";user_id|s:1:"3";old_last_login|s:10:"1474418636";'),
('6b582b2062a09adbdecacf63a7dc56b13678aec8', '127.0.0.1', 1474430533, '__ci_last_regenerate|i:1474430264;captcha|s:4:"w4Xs";identity|s:10:"admin-root";username|s:10:"admin-root";email|s:15:"admin@admin.com";user_id|s:1:"1";old_last_login|s:10:"1474429159";'),
('954cf22c393b4e2d35cf0db39d5b9e9469ff96d6', '127.0.0.1', 1474432291, '__ci_last_regenerate|i:1474430610;captcha|s:4:"w4Xs";identity|s:10:"admin-root";username|s:10:"admin-root";email|s:15:"admin@admin.com";user_id|s:1:"1";old_last_login|s:10:"1474429159";'),
('dac1b26c873581545822e765ed2858515bf409a4', '127.0.0.1', 1474432345, '__ci_last_regenerate|i:1474430636;captcha|s:4:"n3Jx";identity|s:12:"jingli-demo1";username|s:12:"jingli-demo1";email|s:5:"a@a.c";user_id|s:1:"3";old_last_login|s:10:"1474418636";success|s:21:"项目添加成功！";__ci_vars|a:1:{s:7:"success";s:3:"new";}'),
('06ec9b97b5656309f4b057e6978917b124517892', '127.0.0.1', 1474441986, '__ci_last_regenerate|i:1474432310;captcha|s:4:"w4Xs";identity|s:10:"admin-root";username|s:10:"admin-root";email|s:15:"admin@admin.com";user_id|s:1:"1";old_last_login|s:10:"1474429159";'),
('867ca0492295e2681bc46269bebf09ff4067464d', '127.0.0.1', 1474432919, '__ci_last_regenerate|i:1474432345;captcha|s:4:"n3Jx";identity|s:12:"jingli-demo1";username|s:12:"jingli-demo1";email|s:5:"a@a.c";user_id|s:1:"3";old_last_login|s:10:"1474418636";'),
('2075482492df3effdc5215be17702708dc40a855', '127.0.0.1', 1474433515, '__ci_last_regenerate|i:1474432941;captcha|s:4:"n3Jx";identity|s:12:"jingli-demo1";username|s:12:"jingli-demo1";email|s:5:"a@a.c";user_id|s:1:"3";old_last_login|s:10:"1474418636";csrfkey|s:8:"alr07I6M";__ci_vars|a:3:{s:7:"csrfkey";s:3:"old";s:9:"csrfvalue";s:3:"old";s:7:"success";s:3:"new";}csrfvalue|s:20:"5VA417BPpnhMoqJ2FYdK";success|s:34:"已赠送1.23 给客户: 雷小米";'),
('485404a3ce17b5550b58748210c9a43488f81f08', '127.0.0.1', 1474433806, '__ci_last_regenerate|i:1474433515;captcha|s:4:"n3Jx";identity|s:12:"jingli-demo1";username|s:12:"jingli-demo1";email|s:5:"a@a.c";user_id|s:1:"3";old_last_login|s:10:"1474418636";csrfkey|s:8:"UwHOc5Ty";__ci_vars|a:2:{s:7:"csrfkey";s:3:"new";s:9:"csrfvalue";s:3:"new";}csrfvalue|s:20:"q5l7dLW9hYBRZs8GoOPn";'),
('eb9e1f905062b2112b49e5ceecdd680daa476433', '127.0.0.1', 1474433630, '__ci_last_regenerate|i:1474433571;captcha|s:4:"CAEH";identity|s:12:"jingli-demo1";username|s:12:"jingli-demo1";email|s:5:"a@a.c";user_id|s:1:"3";old_last_login|s:10:"1474425708";csrfkey|s:8:"lbj2tdkI";__ci_vars|a:2:{s:7:"csrfkey";s:3:"new";s:9:"csrfvalue";s:3:"new";}csrfvalue|s:20:"CP5oQh0ErAmsTUyYLOu1";'),
('67a4b537a9aa0a488f7ad59fe2053f8aaeca5579', '127.0.0.1', 1474434065, '__ci_last_regenerate|i:1474433838;captcha|s:4:"n3Jx";identity|s:12:"jingli-demo1";username|s:12:"jingli-demo1";email|s:5:"a@a.c";user_id|s:1:"3";old_last_login|s:10:"1474418636";csrfkey|s:8:"hL8YlFZf";__ci_vars|a:2:{s:7:"csrfkey";s:3:"new";s:9:"csrfvalue";s:3:"new";}csrfvalue|s:20:"CWugqotGniMkpTPxQ4AS";'),
('807ef86b49eb50800673135ce35d86191650fa52', '127.0.0.1', 1474434526, '__ci_last_regenerate|i:1474434148;captcha|s:4:"n3Jx";identity|s:12:"jingli-demo1";username|s:12:"jingli-demo1";email|s:5:"a@a.c";user_id|s:1:"3";old_last_login|s:10:"1474418636";current_price|s:19:"oHf1B7iruxRIQI4TAfg";__ci_vars|a:3:{s:13:"current_price";i:1474435608;s:7:"csrfkey";s:3:"old";s:9:"csrfvalue";s:3:"old";}csrfkey|s:8:"vz7NwhoJ";csrfvalue|s:20:"qUYmEi9axJWFCXec5jhL";'),
('a5f3046e1f47e1b1af279ad75b77da22c559510d', '127.0.0.1', 1474441951, '__ci_last_regenerate|i:1474434629;captcha|s:4:"n3Jx";identity|s:12:"jingli-demo1";username|s:12:"jingli-demo1";email|s:5:"a@a.c";user_id|s:1:"3";old_last_login|s:10:"1474418636";'),
('444f0b15ef5d0f42a5fcbacc91656d57e654e4cb', '127.0.0.1', 1474444125, '__ci_last_regenerate|i:1474441964;captcha|s:4:"n3Jx";identity|s:12:"jingli-demo1";username|s:12:"jingli-demo1";email|s:5:"a@a.c";user_id|s:1:"3";old_last_login|s:10:"1474418636";'),
('1fa70a8740ad15d4707d3f8bdcaa9a225efdb585', '127.0.0.1', 1474442508, '__ci_last_regenerate|i:1474442011;captcha|s:4:"w4Xs";identity|s:10:"admin-root";username|s:10:"admin-root";email|s:15:"admin@admin.com";user_id|s:1:"1";old_last_login|s:10:"1474429159";'),
('cba356658325e1d237ff95cd7d709795f9683fb1', '127.0.0.1', 1474442945, '__ci_last_regenerate|i:1474442551;captcha|s:4:"w4Xs";identity|s:10:"admin-root";username|s:10:"admin-root";email|s:15:"admin@admin.com";user_id|s:1:"1";old_last_login|s:10:"1474429159";'),
('9f06c0fda085c6609fa341c93025ed320d5b50b6', '127.0.0.1', 1474443275, '__ci_last_regenerate|i:1474442985;captcha|s:4:"w4Xs";identity|s:10:"admin-root";username|s:10:"admin-root";email|s:15:"admin@admin.com";user_id|s:1:"1";old_last_login|s:10:"1474429159";'),
('e931a9d1f18908271e382780514e701366aa43df', '127.0.0.1', 1474445585, '__ci_last_regenerate|i:1474443296;captcha|s:4:"w4Xs";identity|s:10:"admin-root";username|s:10:"admin-root";email|s:15:"admin@admin.com";user_id|s:1:"1";old_last_login|s:10:"1474429159";'),
('2058128504f274944bb59c254a4b171a82ecffd3', '127.0.0.1', 1474444450, '__ci_last_regenerate|i:1474444210;captcha|s:4:"n3Jx";identity|s:12:"jingli-demo1";username|s:12:"jingli-demo1";email|s:5:"a@a.c";user_id|s:1:"3";old_last_login|s:10:"1474418636";csrfkey|s:8:"RkUKYig0";__ci_vars|a:2:{s:7:"csrfkey";s:3:"old";s:9:"csrfvalue";s:3:"old";}csrfvalue|s:20:"Slt0vmZfWANrgsBwEMe8";'),
('a5c2990329ecebcde39be62b364f120217937891', '127.0.0.1', 1474445814, '__ci_last_regenerate|i:1474444550;captcha|s:4:"n3Jx";identity|s:12:"jingli-demo1";username|s:12:"jingli-demo1";email|s:5:"a@a.c";user_id|s:1:"3";old_last_login|s:10:"1474418636";'),
('133185ceb793b21cd7934efdc009a41a2a4dc762', '127.0.0.1', 1474448278, '__ci_last_regenerate|i:1474445598;captcha|s:4:"w4Xs";identity|s:10:"admin-root";username|s:10:"admin-root";email|s:15:"admin@admin.com";user_id|s:1:"1";old_last_login|s:10:"1474429159";'),
('59bb4c9384fc7e414e098deec483e08dc04fe881', '127.0.0.1', 1474446163, '__ci_last_regenerate|i:1474445881;captcha|s:4:"n3Jx";identity|s:12:"jingli-demo1";username|s:12:"jingli-demo1";email|s:5:"a@a.c";user_id|s:1:"3";old_last_login|s:10:"1474418636";'),
('d3d4dd33392b7b9f87f5df6f28f13e5fa71274fa', '127.0.0.1', 1474448990, '__ci_last_regenerate|i:1474446229;captcha|s:4:"n3Jx";identity|s:12:"jingli-demo1";username|s:12:"jingli-demo1";email|s:5:"a@a.c";user_id|s:1:"3";old_last_login|s:10:"1474418636";'),
('ecd50800852230beaa020b91c60830080d315f27', '127.0.0.1', 1474451786, '__ci_last_regenerate|i:1474448305;captcha|s:4:"w4Xs";identity|s:10:"admin-root";username|s:10:"admin-root";email|s:15:"admin@admin.com";user_id|s:1:"1";old_last_login|s:10:"1474429159";'),
('26b1635e90070de5f85ffcf0ece79f9aa36a78b0', '127.0.0.1', 1474450229, '__ci_last_regenerate|i:1474449028;captcha|s:4:"n3Jx";identity|s:12:"jingli-demo1";username|s:12:"jingli-demo1";email|s:5:"a@a.c";user_id|s:1:"3";old_last_login|s:10:"1474418636";'),
('acbea4a6ca5ce0818a07b0688b583fb0d6d4f68e', '127.0.0.1', 1474450636, '__ci_last_regenerate|i:1474450342;captcha|s:4:"n3Jx";identity|s:12:"jingli-demo1";username|s:12:"jingli-demo1";email|s:5:"a@a.c";user_id|s:1:"3";old_last_login|s:10:"1474418636";'),
('1e448641bdb82a1a247fc15018d1d453a2eb92b8', '127.0.0.1', 1474450939, '__ci_last_regenerate|i:1474450667;captcha|s:4:"n3Jx";identity|s:12:"jingli-demo1";username|s:12:"jingli-demo1";email|s:5:"a@a.c";user_id|s:1:"3";old_last_login|s:10:"1474418636";'),
('88a58454ba4db45e1800653739e09d12b8060e82', '127.0.0.1', 1474450823, '__ci_last_regenerate|i:1474450823;captcha|s:4:"w4Xs";identity|s:10:"admin-root";username|s:10:"admin-root";email|s:15:"admin@admin.com";user_id|s:1:"1";old_last_login|s:10:"1474429159";'),
('0f067d41e3e57c786d0f067e59f2482c9a036cf6', '127.0.0.1', 1474450898, '__ci_last_regenerate|i:1474450830;captcha|s:4:"n4g6";'),
('a4c294d47f8ba421d95878650842ffcc9a8f9325', '127.0.0.1', 1474450967, '__ci_last_regenerate|i:1474450947;captcha|s:4:"mWjM";identity|s:10:"admin-root";username|s:10:"admin-root";email|s:15:"admin@admin.com";user_id|s:1:"1";old_last_login|s:10:"1474429159";'),
('23ccc9823fcccfc6ce06e84c7184ded102f4677d', '127.0.0.1', 1474451835, '__ci_last_regenerate|i:1474451268;captcha|s:4:"9SDU";identity|s:5:"C1000";username|s:5:"C1000";email|s:0:"";user_id|s:3:"227";old_last_login|s:1:"0";'),
('3bd507d6fc43f593183d904b2e2e598ae8a0ae09', '127.0.0.1', 1474451420, '__ci_last_regenerate|i:1474451413;captcha|s:4:"r8E9";identity|s:5:"C1000";username|s:5:"C1000";email|s:0:"";user_id|s:3:"227";old_last_login|s:10:"1474451355";'),
('e859fe40535626c5acb90c8751616331fa05b368', '127.0.0.1', 1474452020, '__ci_last_regenerate|i:1474451853;captcha|s:4:"w4Xs";identity|s:10:"admin-root";username|s:10:"admin-root";email|s:15:"admin@admin.com";user_id|s:1:"1";old_last_login|s:10:"1474429159";'),
('26405089e17c3bd410969846c4caa67d5a8c20bf', '127.0.0.1', 1474452034, '__ci_last_regenerate|i:1474452025;captcha|s:4:"icuU";identity|s:5:"C1000";username|s:5:"C1000";email|s:5:"a@a.c";user_id|s:1:"3";old_last_login|s:10:"1474433602";');

-- --------------------------------------------------------

--
-- 表的结构 `gd_setting`
--

CREATE TABLE `gd_setting` (
  `setting_id` int(11) UNSIGNED NOT NULL,
  `code` varchar(64) NOT NULL DEFAULT '',
  `value` text,
  `serialized` tinyint(1) NOT NULL DEFAULT '0',
  `group` varchar(64) NOT NULL DEFAULT 'config',
  `initial` tinyint(1) NOT NULL DEFAULT '1'
) ENGINE=InnoDB DEFAULT CHARSET=utf8;

--
-- 转存表中的数据 `gd_setting`
--

INSERT INTO `gd_setting` (`setting_id`, `code`, `value`, `serialized`, `group`, `initial`) VALUES
(4, 'site_name', '黄金码头', 0, 'site', 1),
(5, 'site_keywords', '黄金交易 金生金 ', 0, 'site', 1),
(6, 'site_description', '值得信赖的私人的金库', 0, 'site', 1),
(7, 'site_email', 'gold@xinyan.com', 0, 'site', 1),
(8, 'golden_price', 'a:2:{s:6:"apikey";s:16:"101ae9aa1007ce6d";s:6:"apiurl";s:34:"http://api.jisuapi.com/gold/shgold";}', 1, 'api', 1),
(9, 'investing_privacy', '2', 0, 'project', 1),
(10, 'investing_initial', '1', 0, 'project', 1),
(11, 'recycling_privacy', '3', 0, 'project', 1),
(12, 'recycling_initial', '1', 0, 'project', 1),
(13, 'warning_end', '7', 0, 'project', 1),
(14, 'investing_checked', '2', 0, 'project', 1),
(15, 'investing_confirmed', '3', 0, 'project', 1),
(18, 'investing_refused', '5', 0, 'project', 1),
(19, 'investing_terminated', '6', 0, 'project', 1),
(25, 'recycling_checked', '2', 0, 'project', 1),
(26, 'recycling_confirmed', '3', 0, 'project', 1),
(30, 'recycling_refused', '5', 0, 'project', 1),
(31, 'recycling_terminated', '6', 0, 'project', 1),
(32, 'order_percent', '30', 0, 'project', 1),
(33, 'recycling_growing', '4', 0, 'project', 1),
(34, 'gold_growing', 'season', 0, 'project', 1),
(35, 'growing_mode', 't0', 0, 'project', 1),
(36, 'investing_growing', '4', 0, 'project', 1),
(37, 'terminated_trash', '1', 0, 'project', 1),
(38, 'site_title', '黄金码头 黄金线下交易平台', 0, 'site', 1),
(39, 'cron_interval', '3600', 0, 'site', 1),
(40, 'cron_encrypt', 'xy-zhujingxiu-4610', 0, 'site', 1),
(41, 'default_avatar', 'public/images/avatar/avatar.png', 0, 'site', 1),
(42, 'hexun_url', 'http://data.gold.hexun.com/outData/AuSH.ashx', 0, 'api', 1),
(43, 'hexun_intval', '180', 0, 'api', 1),
(44, 'recycling_renew', '2', 0, 'project', 1),
(45, 'min_weight', '10', 0, 'project', 1);

-- --------------------------------------------------------

--
-- 表的结构 `gd_worker`
--

CREATE TABLE `gd_worker` (
  `id` int(11) UNSIGNED NOT NULL,
  `username` varchar(32) DEFAULT NULL,
  `code` char(6) DEFAULT NULL,
  `realname` varchar(32) NOT NULL,
  `avatar` varchar(256) DEFAULT NULL,
  `password` varchar(255) NOT NULL,
  `salt` varchar(255) DEFAULT NULL,
  `email` varchar(100) NOT NULL,
  `remember_code` varchar(40) DEFAULT NULL,
  `addtime` int(11) NOT NULL DEFAULT '0',
  `last_login` int(11) DEFAULT '0',
  `last_ip` char(15) NOT NULL,
  `status` tinyint(1) DEFAULT '1',
  `phone` varchar(20) DEFAULT NULL,
  `wechat` varchar(64) DEFAULT NULL,
  `qq` char(12) DEFAULT NULL,
  `company_id` tinyint(4) NOT NULL DEFAULT '0'
) ENGINE=InnoDB DEFAULT CHARSET=utf8;

--
-- 转存表中的数据 `gd_worker`
--

INSERT INTO `gd_worker` (`id`, `username`, `code`, `realname`, `avatar`, `password`, `salt`, `email`, `remember_code`, `addtime`, `last_login`, `last_ip`, `status`, `phone`, `wechat`, `qq`, `company_id`) VALUES
(1, 'admin-root', NULL, '管理员', 'public/images/avatar/121034209220f1.jpg', '$2a$07$SeBknntpZror9uyftVopmu61qg0ms8Qv1yV6FG.kQOSM.9QhmTo36', '', 'admin@admin.com', NULL, 1469999823, 1474430273, '127.0.0.1', 1, '', NULL, NULL, 1),
(2, 'C0000', NULL, '朱景修', NULL, '$2y$08$QQOBCnHUhFTH/CjeWztJGOOfAz2xuqSki7P2qn5/WojZQvXc10NAK', NULL, 'zhujingxiu@hotmail.com', NULL, 1470736567, 1470736771, '127.0.0.1', 1, '18850911766', NULL, NULL, 1),
(3, 'C1000', NULL, '经理测试', 'public/images/avatar/avatar2.png', '$2y$08$iBQ3xwkr5PWd/apGKaePh.S3GYcgo5.3HLTh48mc1OyIRUansdkUS', NULL, 'a@a.c', NULL, 1471598448, 1474452033, '127.0.0.1', 1, '13913901390', 'qweweqweq', '', 1),
(4, 'C2000', NULL, '经理测试B', 'public/images/avatar/user1-128x128.jpg', '$2y$08$1gGt5kfd2/S0WGDZNt6PMu8bj1WBhiww4AgNx4TJSRrJaiQ7jV4gu', NULL, 'a@a.cc', NULL, 1471598720, 1473435360, '127.0.0.1', 1, '', NULL, NULL, 1),
(5, 'C3000', NULL, '登记测试A', 'public/images/avatar/avatar1.png', '$2y$08$YHzCZKpn3DYoZWYfE4UD4.7KSke2QaVc5Ou04ljhRNZn5sDqc7QF2', NULL, 'b@a.cc', NULL, 1471598889, 1473738292, '127.0.0.1', 1, '', NULL, NULL, 1),
(6, 'C4000', NULL, '录单测试B', 'public/images/avatar/user3-128x128.jpg', '$2y$08$7JByOlb/P/L.c8P.mqeMX.N7qSiLGBWyx3YWA44wUDkAMY0rGKtQS', NULL, 'ludan@b.cc', NULL, 1471598958, 1473299074, '127.0.0.1', 1, '', NULL, NULL, 1),
(7, 'C5000', NULL, '库管测试A', 'public/images/avatar/user4-128x128.jpg', '$2y$08$SuuFWJ0sZL2z.SZDLaTX3Od/bkVZ04Ax1fc1SmDtoVf8X0XjuRuJO', NULL, 'kuguan@bb.c', NULL, 1471599005, 1474419608, '127.0.0.1', 1, '', NULL, NULL, 1),
(8, 'C6000', NULL, '库管测试B', 'public/images/avatar/user5-128x128.jpg', '$2y$08$18MwNqHD5QKE/M2xcF4NXuLScN67KrGQfBCfXPEEEM/W5PNC/5/5G', NULL, 'kuguan@a.cc', NULL, 1471599054, 1473152537, '127.0.0.1', 1, '', NULL, NULL, 1),
(9, 'C7000', NULL, '鉴定人A', 'public/images/avatar/user8-128x128.jpg', '$2y$08$GqumJcWGIEa25v1OB3i5M.k8Vgxg99kuKXpGsUs5ZzQiUIp.Qer5G', NULL, 'jianding@g.cc', NULL, 1471599152, 0, '127.0.0.1', 1, '', NULL, NULL, 1),
(10, 'S0896', 'S0896', '方雪静', NULL, '$2y$08$iBQ3xwkr5PWd/apGKaePh.S3GYcgo5.3HLTh48mc1OyIRUansdkUS', NULL, '', NULL, 1474442551, 1474451250, '127.0.0.1', 1, '13305946318', NULL, NULL, 1),
(11, 'C0892', 'C0892', '蔡凤辉', NULL, '$2y$08$aiuvf3uvmkynVczv.92QVOdSWDgsEqFpN/pt5sxwISowfqtlV3Fg2', NULL, '', NULL, 1474442551, 0, '127.0.0.1', 1, '13305941363', NULL, NULL, 1),
(12, 'C0898', 'C0898', '陈卫健', NULL, '$2y$08$9lkra/ZvslU0Gjw0nK9gA.3H21PmWkWz52Z6wgXJqZbub3tCNekVa', NULL, '', NULL, 1474442551, 0, '127.0.0.1', 1, '15080457686', NULL, NULL, 1),
(13, 'C0888', 'C0888', '林志龙', NULL, '$2y$08$yXs73HxICO7Y.Hs4DFPSzeqZYw1r.75VvHfz.xkKJJ06AVQKZ.3Ju', NULL, '', NULL, 1474442551, 0, '127.0.0.1', 1, '13305942502', NULL, NULL, 1),
(14, 'C0891', 'C0891', '郑雯', NULL, '$2y$08$ZwgAzHOYOzTxRGScxWvtjOxdQsZ8hsOehZqB/sgkmrNW5fzrD6ptO', NULL, '', NULL, 1474442551, 0, '127.0.0.1', 1, '13305946108', NULL, NULL, 1),
(15, 'C0880', 'C0880', '吴健飞', NULL, '$2y$08$s5dLtqy8ZikflPoCc0x4NeGmbHEk0lnDhDKSq8o6APckkAoxW.JKi', NULL, '', NULL, 1474442551, 0, '127.0.0.1', 1, '13305942150', NULL, NULL, 1),
(16, 'C0886', 'C0886', '张琳', NULL, '$2y$08$SbK4FJvRcZpCoGasEvg2POEWphWJxWvabHSAvqgqkVXUgaDd6IqSK', NULL, '', NULL, 1474442551, 0, '127.0.0.1', 1, '13305945811', NULL, NULL, 1),
(17, 'S0895', 'S0895', '许俊贤', NULL, '$2y$08$jYCH8TkBqQEX8D0FO7droefQUBvOghj0y8qXXEGhAW5MRbIGqMHAW', NULL, '', NULL, 1474442551, 0, '127.0.0.1', 1, '13305940231', NULL, NULL, 1),
(18, 'C0889', 'C0889', '邱辉辉', NULL, '$2y$08$V2ZW7rhyUkefHRzClZ2Vyu/2NgxUrdwJ0dN3U5p4G0URqU0B7IaQe', NULL, '', NULL, 1474442551, 0, '127.0.0.1', 1, '13305941913', NULL, NULL, 1),
(19, 'S0888', 'S0888', '陈慕玲', NULL, '$2y$08$TOANg5Fmok8byPc8sNlbvud5S8af2xE1Irm0ezWqk.dByO7rkIc0K', NULL, '', NULL, 1474442551, 0, '127.0.0.1', 1, '13305945775', NULL, NULL, 1),
(20, 'C0881', 'C0881', '陈国仁', NULL, '$2y$08$zsUhiNxYgX8T9T7EKFPZoeaUBgrAd9RC65OVe5ENuXotu5VL2IkZC', NULL, '', NULL, 1474442551, 0, '127.0.0.1', 1, '13305942095', NULL, NULL, 1),
(21, 'C0885', 'C0885', '陈国仙', NULL, '$2y$08$/mAyKjeQ5dESB4p1zpGkauRiVTHKKJ07KPBgD0j3.FwL1AksSCc5e', NULL, '', NULL, 1474442551, 0, '127.0.0.1', 1, '13305942113', NULL, NULL, 1),
(22, 'C0890', 'C0890', '严芳', NULL, '$2y$08$nYZNWqTf8I9fD8O4f8QIt.42NgsZsuTA8vPJSOJ/sZGQC3gmCCWpe', NULL, '', NULL, 1474442551, 0, '127.0.0.1', 1, '18905941255', NULL, NULL, 1),
(23, 'C0893', 'C0893', '黄建杰', NULL, '$2y$08$D/iYQVmmuAQ0671Jo9CzueL4dXzWiTKN2DPgln4WolKoLcw3QJ61W', NULL, '', NULL, 1474442551, 0, '127.0.0.1', 1, '13305943039', NULL, NULL, 1),
(24, 'S0899', 'S0899', '于欣', NULL, '$2y$08$ThrTC5wRIoZMUQYgk0MOTOSGe0q1jwAd/y2eSSczEMMIXBVncDPnG', NULL, '', NULL, 1474442551, 0, '127.0.0.1', 1, '13305942013', NULL, NULL, 1),
(25, 'S0890', 'S0890', '林伟', NULL, '$2y$08$1jhn2M41d15Nt7v8HZr7OO4ap7Jlo93CAQq4pSFq7LmOwWsF.IvZ2', NULL, '', NULL, 1474442551, 0, '127.0.0.1', 1, '13305940132', NULL, NULL, 1),
(26, 'S0889', 'S0889', '林志忠', NULL, '$2y$08$slVyJY2Omz9yhfdxZ8ArC.0rFbihUTlDGvy4XdvU9/YZvlTE78Y.W', NULL, '', NULL, 1474442551, 0, '127.0.0.1', 1, '13305940256', NULL, NULL, 1),
(27, 'S0880', 'S0880', '林淑珍', NULL, '$2y$08$tLIsL1oJPvtz2jv/K1iXjuhqN0h.hLpeT2mpjVjyGRu3jfanJ0QVu', NULL, '', NULL, 1474442551, 0, '127.0.0.1', 1, '13305948093', NULL, NULL, 1),
(28, 'S0883', 'S0883', '蒋建山', NULL, '$2y$08$6Ic7/jPnoZ2NOwSWnDJf5e7jNDYjdThUn3lJTxekAhdczWQe4Q8ne', NULL, '', NULL, 1474442551, 0, '127.0.0.1', 1, '18756799811', NULL, NULL, 1),
(29, 'S0885', 'S0885', '苏晓燕', NULL, '$2y$08$qZinRjABWGE7MegvAqsZGegitZzCpY7R20rqZzSdAspEKrVUOJV1W', NULL, '', NULL, 1474442551, 0, '127.0.0.1', 1, '13305948352', NULL, NULL, 1),
(30, 'S0882', 'S0882', '吴秀芳', NULL, '$2y$08$zw2kR1KpZN2J.dyagdRoEuY2oD83mkw3SIGNQyqnKD.h2WgUmk5q2', NULL, '', NULL, 1474442551, 0, '127.0.0.1', 1, '13305946167', NULL, NULL, 1),
(31, 'S0887', 'S0887', '陈秀贞', NULL, '$2y$08$Tiw9AfIiTQJBqSsVX2cvSO3bqYqXdEJUiDFcbjaEZsw63Op/Nk9.i', NULL, '', NULL, 1474442551, 0, '127.0.0.1', 1, '13305948130', NULL, NULL, 1),
(32, 'C0808', 'C0808', '林国春', NULL, '$2y$08$ZttV5Rd5i5dDcqa8H9ueuu0x98HWEF58wHrWENpUn9D9m1wlsROae', NULL, '', NULL, 1474442551, 0, '127.0.0.1', 1, '13515646484', NULL, NULL, 1),
(33, 'C0866', 'C0866', '黄美宇', NULL, '$2y$08$lS58nOZHfgAAFoPYUU594u8jMVY./PxT44Y3neZg5ApKJtfYEUuh.', NULL, '', NULL, 1474442551, 0, '127.0.0.1', 1, '15654646486', NULL, NULL, 1),
(34, 'S0875', 'S0875', '郑赛萍', NULL, '$2y$08$w6boZN6oLb78Rc0IfAvXIeS8da4t3cFfhBEw8PP1jP2kulEuqOPPy', NULL, '', NULL, 1474442551, 0, '127.0.0.1', 1, '13305943583', NULL, NULL, 1),
(35, 'S0876', 'S0876', '方玉腾', NULL, '$2y$08$MZy54dC4W5L44X.D.QoQaeQ5rd/h1DV6e/CdbTo1qDTfcl6io.TuO', NULL, '', NULL, 1474442552, 0, '127.0.0.1', 1, '15659398909', NULL, NULL, 1),
(36, 'S0873', 'S0873', '陈素辉', NULL, '$2y$08$ruqHKRD2W1GUe/gMZNtlx.4mlcIVV.WY0oAXKtUVCYHUqA.kY1I7y', NULL, '', NULL, 1474442552, 0, '127.0.0.1', 1, '17759820207', NULL, NULL, 1),
(37, 'S0872', 'S0872', '龚钰英', NULL, '$2y$08$7aJeUf2NGUfBHSkZ3naMJ.mLccpGT.fkaIbs9uscsGyBeT6m0TOmG', NULL, '', NULL, 1474442552, 0, '127.0.0.1', 1, '13305948010', NULL, NULL, 1),
(38, 'S0892', 'S0892', '何明枝', NULL, '$2y$08$NBBUrspn9AUeEWiPbReYh.0RWmRUPT2h.WoNigDIRMLzR3YrUfXei', NULL, '', NULL, 1474442552, 0, '127.0.0.1', 1, '13959508689', NULL, NULL, 1),
(39, 'S1269', 'S1269', '黄仁富', NULL, '$2y$08$S1LVmU.hjY1Q1RTL2FS0M.63BofVBdgRJUXeu7SNAspYcpfGq.FIG', NULL, '', NULL, 1474442552, 0, '127.0.0.1', 1, '13305941600', NULL, NULL, 1),
(40, 'S1226', 'S1226', '李雪', NULL, '$2y$08$qmboJFve2pXKtZb5S639HuKiNmx084ydV2JctQMk.ltubR/rAr3Wm', NULL, '', NULL, 1474442552, 0, '127.0.0.1', 1, '13850282988', NULL, NULL, 1),
(41, 'S1111', 'S1111', '推广', NULL, '$2y$08$qhS2nmlXdq/gknc6zeYMQOtvMEcfMZxcXTFKPCpsnuwYqgv.IjecC', NULL, '', NULL, 1474442552, 0, '127.0.0.1', 1, '13611111111', NULL, NULL, 1),
(42, 'C1111', 'C1111', '推广1', NULL, '$2y$08$N4qygr9hBCGIJSH5c1hPE.JvDVcNM3YGgYZPpX1qlwbuIYgOloZuG', NULL, '', NULL, 1474442552, 0, '127.0.0.1', 1, '13658685858', NULL, NULL, 1),
(43, 'S0860', 'S0860', '李静', NULL, '$2y$08$JndQob3Rf4phNqE6IHSyuOW9Z9P4di4uy7SL16a2GlU10f/bXQiLe', NULL, '', NULL, 1474442552, 0, '127.0.0.1', 1, '13305948135', NULL, NULL, 1),
(44, 'S0865', 'S0865', '邹丽榜', NULL, '$2y$08$IeXkI0o0EA4MWdWppB5Zpe8opqaMmeHT8bTdi/m06T03iTiXzutQK', NULL, '', NULL, 1474442552, 0, '127.0.0.1', 1, '13305943283', NULL, NULL, 1),
(45, 'S0870', 'S0870', '林丽钦', NULL, '$2y$08$ny8TacNFHr2PWIhCLhFKMeKvue7Dz3FCor2rik/zUJLOd8NUsKsJm', NULL, '', NULL, 1474442552, 0, '127.0.0.1', 1, '13305940213', NULL, NULL, 1),
(46, 'S0869', 'S0869', '黄俊涵', NULL, '$2y$08$VImfbHuA7zh7XEV0Bsl0mOYkIYE.5xEY0MNlFcAvKsSy4rzvXTYiG', NULL, '', NULL, 1474442552, 0, '127.0.0.1', 1, '13110555385', NULL, NULL, 1),
(47, 'C0895', 'C0895', '环球专用', NULL, '$2y$08$wusHXZYVrnKs3PQYYMmhnuUcxh8UKlzqrmhvoq4celgzKtnYgmQvi', NULL, '', NULL, 1474442552, 0, '127.0.0.1', 1, '13325465656', NULL, NULL, 1),
(48, 'S0855', 'S0855', '杨建花', NULL, '$2y$08$V21Gp1IwaiW9Aq3yUUNHfO2qxZ8IzRYneUMktheaFloX1gY2JGthO', NULL, '', NULL, 1474442552, 0, '127.0.0.1', 1, '13607501383', NULL, NULL, 1),
(49, 'S0858', 'S0858', '陆碧婷', NULL, '$2y$08$qRlEzsIyvEOauTsMXJxnIe2BrhmRZ5WP2YokzEInfsRIbA1bH3bvq', NULL, '', NULL, 1474442552, 0, '127.0.0.1', 1, '13850204249', NULL, NULL, 1),
(50, 'S0859', 'S0859', '李腾达', NULL, '$2y$08$.Ws9EI2/GjEMYhjdLI7eDeTJaUk/6STMiAe49wALIaFfd3IHlVE9m', NULL, '', NULL, 1474442552, 0, '127.0.0.1', 1, '13860901122', NULL, NULL, 1),
(51, 'S0861', 'S0861', '杨世美', NULL, '$2y$08$uCprag5wgyzJSK51Ru2k7Oy6UJOC4sepAheuAIGUcEje/8BplMa2.', NULL, '', NULL, 1474442552, 0, '127.0.0.1', 1, '13313805758', NULL, NULL, 1),
(52, 'S0863', 'S0863', '赵忆涵', NULL, '$2y$08$/7ZzdozaBM5xNqGImP/iV.n5yusRybwm.CMh4VZF4PraIvvMCULMK', NULL, '', NULL, 1474442552, 0, '127.0.0.1', 1, '13850264966', NULL, NULL, 1),
(53, 'S1200', 'S1200', '刘洋', NULL, '$2y$08$C5PTHI.5JmJRiVhW4xuBDOCA5Vupz4kf2Twum2abUgpw96GVpao3W', NULL, '', NULL, 1474442552, 0, '127.0.0.1', 1, '13204745298', NULL, NULL, 1),
(54, 'S1201', 'S1201', '李源', NULL, '$2y$08$c/UJOqUVX43kVWzZxTjF7u8DAvVQApzORIpe5Oqi02ILGcaNjjjG6', NULL, '', NULL, 1474442552, 0, '127.0.0.1', 1, '15847457606', NULL, NULL, 1),
(55, 'S1202', 'S1202', '李玲', NULL, '$2y$08$ixdPvYCaZJ4bRr/WjX7k5e28bfTcl1CI.atML2Dvl9wUmiRUaww1G', NULL, '', NULL, 1474442552, 0, '127.0.0.1', 1, '15598164333', NULL, NULL, 1),
(56, 'S1203', 'S1203', '郭佳丽', NULL, '$2y$08$e34sdsiC21jGF5Ikdk7DNuJLeJiw0w4SlZ5OpVHKlD5bEFc7.5EaC', NULL, '', NULL, 1474442552, 0, '127.0.0.1', 1, '18247404272', NULL, NULL, 1),
(57, 'S1205', 'S1205', '刘晓燕', NULL, '$2y$08$GV3JdTBK4Pa9K6NFxmyvWOqrdIbNr0RgGW7lxDl.jWus6rwWKlId6', NULL, '', NULL, 1474442552, 0, '127.0.0.1', 1, '13234726381', NULL, NULL, 1),
(58, 'S1206', 'S1206', '赵素芳', NULL, '$2y$08$sYmLdJneQdzt53VzG8Gp9.RT5IvOWHqA.xWvAdHW42w/3q7EllIJi', NULL, '', NULL, 1474442552, 0, '127.0.0.1', 1, '13947440499', NULL, NULL, 1),
(59, 'S1207', 'S1207', '张俊芳', NULL, '$2y$08$hH3Wq34UmgeukwU0pg3AquHa4KwbI620TKsqrmd7YSog.e6dGCwMS', NULL, '', NULL, 1474442552, 0, '127.0.0.1', 1, '13614842996', NULL, NULL, 1),
(60, 'S1208', 'S1208', '李利霞', NULL, '$2y$08$tnU9hp3mRtOUXvznXQtIruJ3LHF4O/jYd0Q7hKf0huCjaC3q5sOcK', NULL, '', NULL, 1474442552, 0, '127.0.0.1', 1, '15764892288', NULL, NULL, 1),
(61, 'S1209', 'S1209', '郇瑛', NULL, '$2y$08$ZbiZQOHla8Pw/V5f3KfbzuLVYvryg8ZxUnZHrECZNtE45we2yykDq', NULL, '', NULL, 1474442552, 0, '127.0.0.1', 1, '13847464619', NULL, NULL, 1),
(62, 'S1210', 'S1210', '崔晓娟', NULL, '$2y$08$9mk7rgMS.pZWX4afISeKrut5ZKNElca0e/kjSxqnq3rvmnjwIhlVm', NULL, '', NULL, 1474442552, 0, '127.0.0.1', 1, '15384745523', NULL, NULL, 1),
(63, 'S1211', 'S1211', '郭沙沙', NULL, '$2y$08$/aWA1fQbNg0L/HqLEWU.3ebvKjWmH6mGMtDbirSm07c/wbTpxjDua', NULL, '', NULL, 1474442552, 0, '127.0.0.1', 1, '18748401116', NULL, NULL, 1),
(64, 'S1212', 'S1212', '卢林芳', NULL, '$2y$08$gvD6wwzUbSYbCYNzWK4Kl.PObGY4TDZ4Kg2DTOnfhMBAxjB5a0xye', NULL, '', NULL, 1474442552, 0, '127.0.0.1', 1, '15904849094', NULL, NULL, 1),
(65, 'S1213', 'S1213', '赵利强', NULL, '$2y$08$CkwW7clrVgKp/diAfVrUk.ywL/2/EmMuRtY04rveEO6I5LmnXER1O', NULL, '', NULL, 1474442552, 0, '127.0.0.1', 1, '13847418030', NULL, NULL, 1),
(66, 'S1215', 'S1215', '李静', NULL, '$2y$08$.qJgE2AW6r4qvecLm/ackOOxNnAXRnTvVCGJrjy5yKOgTONAD906y', NULL, '', NULL, 1474442552, 0, '127.0.0.1', 1, '18947410660', NULL, NULL, 1),
(67, 'S1216', 'S1216', '王彦君', NULL, '$2y$08$36ddsjnJbuO8J1kou.MLN..4zLyulL4d5uCLU9dyUAM3FWPAgG.jq', NULL, '', NULL, 1474442552, 0, '127.0.0.1', 1, '18647471512', NULL, NULL, 1),
(68, 'S1217', 'S1217', '贾晓晴', NULL, '$2y$08$sXLQpSMhokMiHjiaKioUD.Qw2mJwZC05EGyMXG1PgX486GXlN8RQO', NULL, '', NULL, 1474442552, 0, '127.0.0.1', 1, '13150821742', NULL, NULL, 1),
(69, 'S1218', 'S1218', '冀连青', NULL, '$2y$08$hfN.0OblbiLKjvv0fAcRgulQ2SqbSMePRVUTpaU9cIBGyu4tWmOFK', NULL, '', NULL, 1474442552, 0, '127.0.0.1', 1, '15247484422', NULL, NULL, 1),
(70, 'S1219', 'S1219', '孙瑞敏', NULL, '$2y$08$3y3/lgugUBR0GYiKdc904.NREZ2G1356zADjgSVcmXadot6/UjQCq', NULL, '', NULL, 1474442552, 0, '127.0.0.1', 1, '15849404018', NULL, NULL, 1),
(71, 'S1220', 'S1220', '田雨', NULL, '$2y$08$NqhELIr0Fmfi5UDQ.fjCuOWTzlHlvBOS2UoZORD.piD9x2fuFSthW', NULL, '', NULL, 1474442552, 0, '127.0.0.1', 1, '18947411271', NULL, NULL, 1),
(72, 'S1221', 'S1221', '李林', NULL, '$2y$08$6wEZayQb9HldQbaK7W2YR.Sgb.wYojgm6Tim1swA8r2jQb.5gP936', NULL, '', NULL, 1474442552, 0, '127.0.0.1', 1, '13500644095', NULL, NULL, 1),
(73, 'S1222', 'S1222', '常振华', NULL, '$2y$08$iVcxrjr2ddfPyGd5Ceo79uCOIR8EvacinhQ.YlmrgIIYunVXHAMqC', NULL, '', NULL, 1474442552, 0, '127.0.0.1', 1, '13337146990', NULL, NULL, 1),
(74, 'S1223', 'S1223', '刘婷', NULL, '$2y$08$U1Eba.Qedfm7swWa7aY9he2PbCuEjzR66LEFPeLtFkffQZL6KyV.a', NULL, '', NULL, 1474442552, 0, '127.0.0.1', 1, '15124761160', NULL, NULL, 1),
(75, 'S1225', 'S1225', '张晔', NULL, '$2y$08$sbTThqAJLpgGZfIe7GeynOoF7FNjtMigdMhgOhjuhn0yYJih3MLKu', NULL, '', NULL, 1474442552, 0, '127.0.0.1', 1, '15114749519', NULL, NULL, 1),
(76, 'S1227', 'S1227', '赵敏', NULL, '$2y$08$PIoRKfMrQ32ibpFgBJsZuee6GI.ocQ3x8pPfrbm4OhULFdjgcU.By', NULL, '', NULL, 1474442552, 0, '127.0.0.1', 1, '13789643488', NULL, NULL, 1),
(77, 'S1230', 'S1230', '郝俊莲', NULL, '$2y$08$7zU21rUQWVLRcbpta/g1AOTbED3BFue.TPJrFDB3taPvLQQ5EYEl2', NULL, '', NULL, 1474442552, 0, '127.0.0.1', 1, '15647480030', NULL, NULL, 1),
(78, 'S1100', 'S1100', '李琛', NULL, '$2y$08$3SpSljw591Zsb5ogp6.V3ebkfQQhc1V4IMa5a7bsiw4KA0sGCxEz2', NULL, '', NULL, 1474442552, 0, '127.0.0.1', 1, '15384745565', NULL, NULL, 1),
(79, 'S1101', 'S1101', '郝斌', NULL, '$2y$08$2sQrVVdeyKE4GsmTGY3axOli4Zdv0ut9Pl.guLDsJP0oBgNlv67fu', NULL, '', NULL, 1474442552, 0, '127.0.0.1', 1, '15704716060', NULL, NULL, 1),
(80, 'S1102', 'S1102', '杨林', NULL, '$2y$08$q0S8WaJ1qhJdjUNJmQdahOYRcgZ4Wg0bP1cTwoIgzYbcEWsRJUosS', NULL, '', NULL, 1474442552, 0, '127.0.0.1', 1, '18548126416', NULL, NULL, 1),
(81, 'S1103', 'S1103', '陈震', NULL, '$2y$08$98joiDJ60oJ3E5cHceVXz.vhRLdSOafSIV4N4Qn0/oRuG0mM0HXA.', NULL, '', NULL, 1474442552, 0, '127.0.0.1', 1, '15947703046', NULL, NULL, 1),
(82, 'S1105', 'S1105', '苏锦华', NULL, '$2y$08$9WMNOjyuaxlgNXhWDDh2Muv1NiqfV5tLlbUH3ZxN90Ps7Ds3C2zye', NULL, '', NULL, 1474442552, 0, '127.0.0.1', 1, '15847784537', NULL, NULL, 1),
(83, 'S1106', 'S1106', '曹建武', NULL, '$2y$08$IrRovwi4ZprKPSjLZgHvAuau3pxnRtf1316HnQrMkSJp9SEHaDH82', NULL, '', NULL, 1474442552, 0, '127.0.0.1', 1, '15848488813', NULL, NULL, 1),
(84, 'S1107', 'S1107', '郭振兴', NULL, '$2y$08$w5oivl9.iLDotnxGdJ3QWeEfsveyuxioNzomIZagHqLwQpTu7gx9u', NULL, '', NULL, 1474442552, 0, '127.0.0.1', 1, '18698404550', NULL, NULL, 1),
(85, 'S1108', 'S1108', '张易', NULL, '$2y$08$9kG7VJMZYS04nyehm9R3Q.TaCfFh3uZjtlO0Hxyp3TnW.MndOPN0e', NULL, '', NULL, 1474442553, 0, '127.0.0.1', 1, '18504842014', NULL, NULL, 1),
(86, 'S1109', 'S1109', '白玉瑛', NULL, '$2y$08$QYc3ctB6Yfa/7wQUtlHbEO.NHvoslxb7Y8EOXprVT9SOTEGAVOvnq', NULL, '', NULL, 1474442553, 0, '127.0.0.1', 1, '13150834827', NULL, NULL, 1),
(87, 'S1110', 'S1110', '杨丽娜', NULL, '$2y$08$k/HbhGt29nRbU2DhP7a/d.Wwc6NnqqCceK33aSED27PWAhBzpukCu', NULL, '', NULL, 1474442553, 0, '127.0.0.1', 1, '18548181124', NULL, NULL, 1),
(88, 'S1112', 'S1112', '赵艳霞', NULL, '$2y$08$soDbkyBlQT3v1yjuqrKwauNnqKkaL.xgOwd5FxzI8D7evWKtB9f0G', NULL, '', NULL, 1474442553, 0, '127.0.0.1', 1, '15848460836', NULL, NULL, 1),
(89, 'S1113', 'S1113', '张红霞', NULL, '$2y$08$6VsHUFAJZym96aqfQPukyuD4iZUlUaMiu8YV0GTLWgXnD.W1EIVli', NULL, '', NULL, 1474442553, 0, '127.0.0.1', 1, '18647405605', NULL, NULL, 1),
(90, 'S1115', 'S1115', '朱莎', NULL, '$2y$08$//Qr2NEYXHxvYEnrvZWwAuk6Bvlw61b3jVPZ7asY8YPuyb5mWnqgW', NULL, '', NULL, 1474442553, 0, '127.0.0.1', 1, '14747461917', NULL, NULL, 1),
(91, 'S1116', 'S1116', '张荣', NULL, '$2y$08$F3ZsJ4FDOmOl5vwGegjnRelJVG0mcUUzWNF4hCFoZQkNNrwNiSiuu', NULL, '', NULL, 1474442553, 0, '127.0.0.1', 1, '15754852687', NULL, NULL, 1),
(92, 'S1118', 'S1118', '康宁', NULL, '$2y$08$1ksMPEh2hFA9DBOup7YHO.6W8aiidLzHQeYSCBcJiZnATJyI.h3qW', NULL, '', NULL, 1474442553, 0, '127.0.0.1', 1, '18647482288', NULL, NULL, 1),
(93, 'S1117', 'S1117', '付卫敏', NULL, '$2y$08$iykQZuS47KMiixxlXi0w8uAHiKn.ePbvHxBbsAOcKGXOopzYTBSxm', NULL, '', NULL, 1474442553, 0, '127.0.0.1', 1, '18847417866', NULL, NULL, 1),
(94, 'S1119', 'S1119', '刘成刚', NULL, '$2y$08$GaRBuow7PP9Fdv5GG0APXu4xQk6VmAwFfnZwUmvFHpxC8Io91FlJu', NULL, '', NULL, 1474442553, 0, '127.0.0.1', 1, '18748111754', NULL, NULL, 1),
(95, 'S1120', 'S1120', '韩新宇', NULL, '$2y$08$koSC2QZjz28jFdXHPFBAH.MYcQPzA3JZMZRnQI93RkjZefsj6AxMe', NULL, '', NULL, 1474442553, 0, '127.0.0.1', 1, '14784740401', NULL, NULL, 1),
(96, 'S1121', 'S1121', '王艳清', NULL, '$2y$08$MPphaoYwFO3eAnIbCORDjuAoYKjGbfqSgDQvTpbS3qc8gEepiAOZO', NULL, '', NULL, 1474442553, 0, '127.0.0.1', 1, '18748414581', NULL, NULL, 1),
(97, 'S1122', 'S1122', '刘璐', NULL, '$2y$08$/45erPrqKy5W4eYWwxELPOHFCN3ZAFCYthOe5fs5WGAwwmsTvjZB2', NULL, '', NULL, 1474442553, 0, '127.0.0.1', 1, '15384745561', NULL, NULL, 1),
(98, 'S1123', 'S1123', '刘甲军', NULL, '$2y$08$wChg97NbPBswjwwQMcvx4eCrY6jj6kCc6nBq3AxTtwrjXwgU54MjS', NULL, '', NULL, 1474442553, 0, '127.0.0.1', 1, '15148085324', NULL, NULL, 1),
(99, 'S1125', 'S1125', '杨文英', NULL, '$2y$08$XWRtcg/PEc..pdtDL0ufreIlxQqwEpdNi/4/D2EPCmIVVSFE5s4ve', NULL, '', NULL, 1474442553, 0, '127.0.0.1', 1, '18647420424', NULL, NULL, 1),
(100, 'S1126', 'S1126', '崔乐英', NULL, '$2y$08$.1Njqm/UYX78dqIKRLPohubNQHsI2kOVUxpcpz2Qi.E0JhSlcV6NK', NULL, '', NULL, 1474442553, 0, '127.0.0.1', 1, '15164798997', NULL, NULL, 1),
(101, 'S1127', 'S1127', '褚文静', NULL, '$2y$08$1jsBh3SSidjglP40rbChQOfixgqdToD56u/QLfnHUTieJUovzm5FC', NULL, '', NULL, 1474442553, 0, '127.0.0.1', 1, '15947685830', NULL, NULL, 1),
(102, 'S1128', 'S1128', '张敏', NULL, '$2y$08$9FDY.m/icfibp9WsKLI..egSX7th8lIogVe6VbzU7wh.adzPlYeK2', NULL, '', NULL, 1474442553, 0, '127.0.0.1', 1, '13704746941', NULL, NULL, 1),
(103, 'S1129', 'S1129', '郭文忠', NULL, '$2y$08$alWr5kxTxcWL8XLKNoIfruUkmbzf2qED9LYMe2Iv4n9WFQ6YF.gAy', NULL, '', NULL, 1474442553, 0, '127.0.0.1', 1, '13084747683', NULL, NULL, 1),
(104, 'S1130', 'S1130', '张晓宇', NULL, '$2y$08$rMpZR.5vT2rWWdx2I9mJSu5e6FHajwpCxR6hk.3gLOqnLcNGQvhtW', NULL, '', NULL, 1474442553, 0, '127.0.0.1', 1, '13500645678', NULL, NULL, 1),
(105, 'S1131', 'S1131', '李佳和', NULL, '$2y$08$5FYkk3KcikgXH8BGiTIcj.RD2pyA5Ftyem9JXobmXGqV6tuE01ooq', NULL, '', NULL, 1474442553, 0, '127.0.0.1', 1, '15384745533', NULL, NULL, 1),
(106, 'S1132', 'S1132', '王晶晶', NULL, '$2y$08$l2BonoR/bd2HOZGX/KFDJug3giaoCW7fpfLZnNjra3VFW9e92rSa.', NULL, '', NULL, 1474442553, 0, '127.0.0.1', 1, '15014743936', NULL, NULL, 1),
(107, 'S1133', 'S1133', '马泽宇', NULL, '$2y$08$aqVJL50lhQ1lvYlnbQjuHucsD1bflKdF46wT2vlhK5BxIWS8TTUGu', NULL, '', NULL, 1474442553, 0, '127.0.0.1', 1, '18547105066', NULL, NULL, 1),
(108, 'S1135', 'S1135', '郭荣荣', NULL, '$2y$08$6f6jA7T.VLVuSwJhgRgNNeGiTkdc4G/JC41TtsScEAUdGAqvNqIiq', NULL, '', NULL, 1474442553, 0, '127.0.0.1', 1, '15849416766', NULL, NULL, 1),
(109, 'S1136', 'S1136', '张丽丝', NULL, '$2y$08$jJAhK5agxWomDdqMGSC58.LZNhBrT50bB/A8Wtj3W5CBhnaO.aGYe', NULL, '', NULL, 1474442553, 0, '127.0.0.1', 1, '15847418393', NULL, NULL, 1),
(110, 'S1137', 'S1137', '郎艳', NULL, '$2y$08$Wy1ow2jHCJpavJzLUWOCju8dbSamwS9axxTDcuRkgggLSJytp06Ce', NULL, '', NULL, 1474442553, 0, '127.0.0.1', 1, '18504741106', NULL, NULL, 1),
(111, 'S1138', 'S1138', '张晓龙', NULL, '$2y$08$brmaVUBYyHAcf/VsQts3ae3TRqOzFZ9xzqxB4KnSayWxDagYh9P9.', NULL, '', NULL, 1474442553, 0, '127.0.0.1', 1, '13948593907', NULL, NULL, 1),
(112, 'S1139', 'S1139', '黄东升', NULL, '$2y$08$MFE678h4np5sHF2tmQdNy.8pQWkbzDWv2RjSrJBpVuG3OG6wqUH76', NULL, '', NULL, 1474442553, 0, '127.0.0.1', 1, '15354838618', NULL, NULL, 1),
(113, 'S1140', 'S1140', '曹志慧', NULL, '$2y$08$4cKuS2ehWDNULnhic/bYmu1vXaOTDomhUQ5LATpEsZWVClOn4fGEK', NULL, '', NULL, 1474442553, 0, '127.0.0.1', 1, '15124733417', NULL, NULL, 1),
(114, 'S1141', 'S1141', '张鑫', NULL, '$2y$08$Y45d7R0AUNuxrtcVHt1tzeLMXVOlUkACXyHQgR70jlj18bVlniWFm', NULL, '', NULL, 1474442553, 0, '127.0.0.1', 1, '18047428520', NULL, NULL, 1),
(115, 'S1142', 'S1142', '杨俊华', NULL, '$2y$08$fb6wwx5KOalXpevWdlUNsudMPqdq64oB9LeR4.Su8JEbVxK5zATcG', NULL, '', NULL, 1474442553, 0, '127.0.0.1', 1, '15555523592', NULL, NULL, 1),
(116, 'S1143', 'S1143', '雷乐元', NULL, '$2y$08$qDXLPh6CPStYvQc9gxGLWu9tBe/VOBsgdwXY2M.Wy6SXuWampIEfO', NULL, '', NULL, 1474442553, 0, '127.0.0.1', 1, '13214748420', NULL, NULL, 1),
(117, 'S1145', 'S1145', '胥兰强', NULL, '$2y$08$g9tyGhrBb0dprQMgZTd71eUMk13bRCJ1nnTUuvI8r58Ry93Kb.wba', NULL, '', NULL, 1474442553, 0, '127.0.0.1', 1, '15849417619', NULL, NULL, 1),
(118, 'S1146', 'S1146', '池翠云', NULL, '$2y$08$1SUEkc5sPAXw79oxFZ7Ygeb27HikLT62ZiIteMqviaCml0iPUGT0S', NULL, '', NULL, 1474442553, 0, '127.0.0.1', 1, '15847443854', NULL, NULL, 1),
(119, 'S1148', 'S1148', '薛强', NULL, '$2y$08$euc/7OLeRRWwsnVOj4j7s..mcK9Bpd8533BndU307D/SlPHn0U4jy', NULL, '', NULL, 1474442553, 0, '127.0.0.1', 1, '18604742452', NULL, NULL, 1),
(120, 'S0812', 'S0812', '方芹霞', NULL, '$2y$08$zKo.azvy/Mzh9t/aexdI4O6zuEDZ5LvmT7gq9JLfbtwxeSSzcR/rC', NULL, '', NULL, 1474442553, 0, '127.0.0.1', 1, '13799640511', NULL, NULL, 1),
(121, 'S0871', 'S0871', '林凌', NULL, '$2y$08$oFdUBzv7Ptvz7VYRGN9uau6VYhPKRnKS9egN0GKlvk/QFkdW20EAy', NULL, '', NULL, 1474442553, 0, '127.0.0.1', 1, '15928758720', NULL, NULL, 1),
(122, 'S1229', 'S1229', '高蕾', NULL, '$2y$08$j2d1aV76rFm0wTiw89tiQeQTJ3GZaW0DPxtqZdXJSQu3sE5CT8p2G', NULL, '', NULL, 1474442553, 0, '127.0.0.1', 1, '18647471334', NULL, NULL, 1),
(123, 'S1231', 'S1231', '徐美凤', NULL, '$2y$08$O7MkhwI8C9sEThgpyfihIO4OJDch5dxXUR.LPBQW1mEoz8ZS71i0e', NULL, '', NULL, 1474442553, 0, '127.0.0.1', 1, '15904889053', NULL, NULL, 1),
(124, 'S1232', 'S1232', '武英英', NULL, '$2y$08$SASmtxvWpJK4ztOoKWKBS.jmNMVgs/1gwg5.r88u7E.tfChnvdwqe', NULL, '', NULL, 1474442553, 0, '127.0.0.1', 1, '13171300725', NULL, NULL, 1),
(125, 'S1233', 'S1233', '王宇', NULL, '$2y$08$zyJZX0lfygXdVR/FJJuHlu0lLpxdOkjqyuTgIAiAq3q9wo9cK38C.', NULL, '', NULL, 1474442553, 0, '127.0.0.1', 1, '18647479992', NULL, NULL, 1),
(126, 'S1235', 'S1235', '何龙', NULL, '$2y$08$QNDgW1QrLrEvrw5URQQUGeNxQf17G5Uork4pn0yJOQhzZIJ9siSRe', NULL, '', NULL, 1474442553, 0, '127.0.0.1', 1, '13488515043', NULL, NULL, 1),
(127, 'S1236', 'S1236', '张晓霞', NULL, '$2y$08$6sub2j12YUv9GGoUn0FnheKt5TPtXKNi.oRN9O.DNwIlSeuUTAR2u', NULL, '', NULL, 1474442553, 0, '127.0.0.1', 1, '15384745518', NULL, NULL, 1),
(128, 'S1237', 'S1237', '崔雪英', NULL, '$2y$08$4vKdvTFTRROCC.OT18UNBuDMTl/R5st41c8I/V/vzl5c9gbfEyKK6', NULL, '', NULL, 1474442553, 0, '127.0.0.1', 1, '15004743559', NULL, NULL, 1),
(129, 'S1240', 'S1240', '郭树清', NULL, '$2y$08$ie0yIfa6oW5DJyJgaXHkfeeBmBd5VvkU2qi1nvVwQP.OJlyYBSbAy', NULL, '', NULL, 1474442553, 0, '127.0.0.1', 1, '15754740006', NULL, NULL, 1),
(130, 'C0830', 'C0830', '朱世宗', NULL, '$2y$08$N23Ryx/DGG6m/FEaZt92fONDNlc1ZYrtvbDYIUaLv.NazkFIBt56K', NULL, '', NULL, 1474442553, 0, '127.0.0.1', 1, '18105947698', NULL, NULL, 1),
(131, 'C0825', 'C0825', '陈光和', NULL, '$2y$08$Dt9C4ArHDYmj4k1s4jrtBevGzPuIMt08lFBpapO8FD6HGpwmjU4ou', NULL, '', NULL, 1474442553, 0, '127.0.0.1', 1, '15305946051', NULL, NULL, 1),
(132, 'C0836', 'C0836', '李冰', NULL, '$2y$08$vTITtGv0KIBGaYwgpcRk7OBSaxaDKbwttfBrQ6Orpt0Q52Qeg.YbO', NULL, '', NULL, 1474442553, 0, '127.0.0.1', 1, '13915980413', NULL, NULL, 1),
(133, 'C0829', 'C0829', '林建清', NULL, '$2y$08$TYv8WNiY6gnz7Csfds2pievwVkFvcQpu/3X9lhXPkdn.IOyzxg4xu', NULL, '', NULL, 1474442553, 0, '127.0.0.1', 1, '18850986248', NULL, NULL, 1),
(134, 'S1241', 'S1241', '姚淑敏', NULL, '$2y$08$LQ80Lpr2XE2149wB/FSDUeY1M53XlCN6iphrGW4qAI.IMBHkCfk.q', NULL, '', NULL, 1474442553, 0, '127.0.0.1', 1, '13848441913', NULL, NULL, 1),
(135, 'S1245', 'S1245', '李峰', NULL, '$2y$08$rttWuuYwJxSDaYRlNnyqW.moGXWXNfXerqcV0n8EdIAj2awhhMUxC', NULL, '', NULL, 1474442553, 0, '127.0.0.1', 1, '18847400465', NULL, NULL, 1),
(136, 'S0822', 'S0822', '黄继元', NULL, '$2y$08$vQpGVrJNpP0JEy40Yze3WOdTe5fq53kLjrkpc3XvnsKpY6.0lUxI.', NULL, '', NULL, 1474442554, 0, '127.0.0.1', 1, '13599011941', NULL, NULL, 1),
(137, 'S1239', 'S1239', '蔡耸华', NULL, '$2y$08$9opXHiag4jQlYFKSenwi8Oefwm2U73UjstizpJkb/xVVYmh1UC3l6', NULL, '', NULL, 1474442554, 0, '127.0.0.1', 1, '13704746903', NULL, NULL, 1),
(138, 'S1266', 'S1266', '段缘', NULL, '$2y$08$Iq2XWVV86fnRG82bmvBbo.s9VQtIpgXR5FPrmXtdswNwyzcFzhPJK', NULL, '', NULL, 1474442554, 0, '127.0.0.1', 1, '13644749949', NULL, NULL, 1),
(139, 'S0819', 'S0819', '曾秀芳', NULL, '$2y$08$iQao2Sor3dmKuJxfsRos3.WDb9VNWH97j3PSF8bavsiA2n3ZCszx6', NULL, '', NULL, 1474442554, 0, '127.0.0.1', 1, '13559382925', NULL, NULL, 1),
(140, 'S1255', 'S1255', '杨德辉', NULL, '$2y$08$BhbEOQUGC/26vN7p0euvs.8rwT.jWiM20DyvqEkxJv8tM2l5eiZAy', NULL, '', NULL, 1474442554, 0, '127.0.0.1', 1, '18504740006', NULL, NULL, 1),
(141, 'S1242', 'S1242', '赵利惠', NULL, '$2y$08$IrzqSWQGDABmOv8ObMk6KuSRborbQRXbiMKNykdBMor0iatUIMBRq', NULL, '', NULL, 1474442554, 0, '127.0.0.1', 1, '15848474242', NULL, NULL, 1),
(142, 'S1243', 'S1243', '李文成', NULL, '$2y$08$o2mdLBgUm6WeuH9fTG41b.YfZQiEftil0cNSU85ukesATG3Yg.3y.', NULL, '', NULL, 1474442554, 0, '127.0.0.1', 1, '15849456658', NULL, NULL, 1),
(143, 'S1246', 'S1246', '马春晖', NULL, '$2y$08$TPzPp0733ks.RvAcz1nKLOA6Bm6v5tCYVvG2hgA5sgwqskZpezIbK', NULL, '', NULL, 1474442554, 0, '127.0.0.1', 1, '15384745511', NULL, NULL, 1),
(144, 'S1250', 'S1250', '张俊丽', NULL, '$2y$08$QAP1ej3kEXnOKDjz8DhA2eEVzvr8TSoy8YFNqv1RzatTJSmA5CsMW', NULL, '', NULL, 1474442554, 0, '127.0.0.1', 1, '18604740080', NULL, NULL, 1),
(145, 'S1251', 'S1251', '郭逢雨', NULL, '$2y$08$ButcLNecEDKWDuuEVkZCy.n3pFKeYdqvUQjuch7fTpzp0nRN0X8lO', NULL, '', NULL, 1474442554, 0, '127.0.0.1', 1, '15147470661', NULL, NULL, 1),
(146, 'S0818', 'S0818', '张赛华', NULL, '$2y$08$qOQ48pTL2oVKsWPu0mRkX.gjNxrIwCZFGg93twecAnsCEL.LqSiYa', NULL, '', NULL, 1474442554, 0, '127.0.0.1', 1, '15375940376', NULL, NULL, 1),
(147, 'S0810', 'S0810', '郑奋东', NULL, '$2y$08$2EPODA2BVZnOEkP.557fJ.v95m6neiMzyEVsYevOHIi/oPeoY1c2W', NULL, '', NULL, 1474442554, 0, '127.0.0.1', 1, '13799699407', NULL, NULL, 1),
(148, 'S0811', 'S0811', '黄明德', NULL, '$2y$08$ngLXe8J.K1beWsWUkTu3vOVNWhVL3sZDgwGNveA1Z3wx.SSt62wja', NULL, '', NULL, 1474442554, 0, '127.0.0.1', 1, '13859895157', NULL, NULL, 1),
(149, 'S1252', 'S1252', '孙凌浩', NULL, '$2y$08$xp66smvI5Q.M48gPSTsnOOdyNj1fhEyTYunQ0AstK33X/Yd/bXvgO', NULL, '', NULL, 1474442554, 0, '127.0.0.1', 1, '13394885551', NULL, NULL, 1),
(150, 'S1256', 'S1256', '弓树繁', NULL, '$2y$08$JMSQNJ4yyvcXlh/8RP89LOZwGdOQuglXIEHcBYWDio0EGv02psNFG', NULL, '', NULL, 1474442554, 0, '127.0.0.1', 1, '15384745522', NULL, NULL, 1),
(151, 'S0836', 'S0836', '何建杭', NULL, '$2y$08$FT90ZEQHNdRHi75KPstfjuyaP1aMy6viygGVIv1fHGpi16LwXzAtO', NULL, '', NULL, 1474442554, 0, '127.0.0.1', 1, '18259174143', NULL, NULL, 1),
(152, 'S0815', 'S0815', '蔡峰银', NULL, '$2y$08$fJWW4.irKIwgggMl8l46/eNxBzpdwMtNziB57DI02K0DK5Vn6sTnG', NULL, '', NULL, 1474442554, 0, '127.0.0.1', 1, '13860935400', NULL, NULL, 1),
(153, 'S0838', 'S0838', '吴文华', NULL, '$2y$08$at8Bb2ekxgmbtYxlFPKY0.0324YDwFMxD.XkUtxfd.KHgxvkuIiT.', NULL, '', NULL, 1474442554, 0, '127.0.0.1', 1, '13358524225', NULL, NULL, 1),
(154, 'S0830', 'S0830', '陈宏爱', NULL, '$2y$08$wrWCkTax309nJgzQqieGk.020iGN9hxbbZNnICaznReb636wQhKTy', NULL, '', NULL, 1474442554, 0, '127.0.0.1', 1, '18850951198', NULL, NULL, 1),
(155, 'S0839', 'S0839', '陈洪如', NULL, '$2y$08$mz9leYUcCk8CSoVJBNpQ/.nhNuUBldLn9p1CV1ebQ5yPaoAGp3VNm', NULL, '', NULL, 1474442554, 0, '127.0.0.1', 1, '13959577690', NULL, NULL, 1),
(156, 'S0829', 'S0829', '曾思霞', NULL, '$2y$08$8rf2KDGiE5PU9w/6NVbTYu.8wv96fCXJUoLNjIo93zicRSkWoxDWS', NULL, '', NULL, 1474442554, 0, '127.0.0.1', 1, '15060300513', NULL, NULL, 1),
(157, 'S0868', 'S0868', '杨瑞华', NULL, '$2y$08$ztsDYsX4MG4gjBcBdrt.5.MvTBKTb9Gyu.B5AGDbfG1lcgKmb923q', NULL, '', NULL, 1474442554, 0, '127.0.0.1', 1, '15260930586', NULL, NULL, 1),
(158, 'S0813', 'S0813', '林榕', NULL, '$2y$08$NPrXzR9HhMTWuQ.e9XJqmegSl3C6QgeRAsP7znUlhMv6VX3TlpwWO', NULL, '', NULL, 1474442554, 0, '127.0.0.1', 1, '18965569056', NULL, NULL, 1),
(159, 'S0826', 'S0826', '陈光耀', NULL, '$2y$08$uCIwh3Edjx/PjuBAVjVvHOrHfx6RAYQ3LjZ/KaV2ACYQs5vIHWmAe', NULL, '', NULL, 1474442554, 0, '127.0.0.1', 1, '18750091652', NULL, NULL, 1),
(160, 'S0831', 'S0831', '林建清', NULL, '$2y$08$bi/ROSDDGgcZKjDk0qaTT../oBJUa8u342PMF3ixNNupDx0jqzRZi', NULL, '', NULL, 1474442554, 0, '127.0.0.1', 1, '13706067813', NULL, NULL, 1),
(161, 'NM104', 'NM104', '赵明义', NULL, '$2y$08$eDHM5jnt8FxaxIQqO47sD.QMT1pdKO0ZEOVjNp0yrf7DmKIu.z/LO', NULL, '', NULL, 1474442554, 0, '127.0.0.1', 1, '13674754527', NULL, NULL, 1),
(162, 'NM113', 'NM113', '朱金凤', NULL, '$2y$08$1HnuAI4ixU8y4OuZ0RZrGuM8E6PC.o/ANj7LcCFtiMMQeTU8x4gFe', NULL, '', NULL, 1474442554, 0, '127.0.0.1', 1, '15247102260', NULL, NULL, 1),
(163, 'NM112', 'NM112', '潘月鲜', NULL, '$2y$08$VhDgauKGzmicfzVp0LW45u.2a4QkeqVbxmgkJNAUZHHxrQbzLbl3W', NULL, '', NULL, 1474442554, 0, '127.0.0.1', 1, '13087111166', NULL, NULL, 1),
(164, 'NM115', 'NM115', '张小强', NULL, '$2y$08$1ITU3VI92rAm/JrNYAqwM.Y7OUIFapRTygR7uqJimUUuABdfiq.zC', NULL, '', NULL, 1474442554, 0, '127.0.0.1', 1, '18241111138', NULL, NULL, 1),
(165, 'NM211', 'NM211', '李国英', NULL, '$2y$08$6HnAIHQV5Uu6tLDUUVVOqu/KO22KAeFJJL9b0j2yVkNgmTQfzIrqC', NULL, '', NULL, 1474442554, 0, '127.0.0.1', 1, '15034956657', NULL, NULL, 1),
(166, 'NM209', 'NM209', '麻晓婷', NULL, '$2y$08$0aUUKCISSiDzJ3SRI.Hx1.lwir5r/nbVv8M4SBEfuN3z.WdnNPWXK', NULL, '', NULL, 1474442554, 0, '127.0.0.1', 1, '13847183022', NULL, NULL, 1),
(167, 'NM2010', 'NM2010', '董茗', NULL, '$2y$08$thiGs7wxHI6HIoGnEvwFQesZcJnIhJxPKstrM973o.wYpKQHuV1Kq', NULL, '', NULL, 1474442554, 0, '127.0.0.1', 1, '15149740985', NULL, NULL, 1),
(168, 'NM216', 'NM216', '张利军', NULL, '$2y$08$KaXJgd0iLrOaA7cGhRRiv.MMpe5K6YuNdUcZ7cybIwjd4NzU/gh3q', NULL, '', NULL, 1474442554, 0, '127.0.0.1', 1, '14747888504', NULL, NULL, 1),
(169, 'NM208', 'NM208', '赵平小', NULL, '$2y$08$YpCvTDT586q8IHeZX4muzuMuy0mlkZTVQPgVIW6nib3RpUguQyUvS', NULL, '', NULL, 1474442554, 0, '127.0.0.1', 1, '15949470045', NULL, NULL, 1),
(170, 'NM210', 'NM210', '董芳', NULL, '$2y$08$wW3jHUQ5ewBP.Ev39jFLM.hMYrg4WShI3NVME5cSOPEIQnkhUjYhK', NULL, '', NULL, 1474442554, 0, '127.0.0.1', 1, '15149740985', NULL, NULL, 1),
(171, 'NM206', 'NM206', '黄健卫', NULL, '$2y$08$KRgEz9WYP94p4XQTYr0kOuzZIs2MBkT0qd89ox9Sqjk8KKp3T8Laa', NULL, '', NULL, 1474442554, 0, '127.0.0.1', 1, '15849196251', NULL, NULL, 1),
(172, 'NM203', 'NM203', '包晨明', NULL, '$2y$08$AuhFqUchhLPHi4EUpTD4VuUSGUyuPAfSGSbWnuddlIBsPhMr3.rOq', NULL, '', NULL, 1474442554, 0, '127.0.0.1', 1, '15247132201', NULL, NULL, 1),
(173, 'NM301', 'NM301', '王丽', NULL, '$2y$08$iqy8N.u.JJF/swi1w1syduQOLTKYrcWQicOKzHB51xBi4UocAkw8S', NULL, '', NULL, 1474442554, 0, '127.0.0.1', 1, '13847178848', NULL, NULL, 1),
(174, 'NM205', 'NM205', '李波', NULL, '$2y$08$bs753BlcdgMMNnk8A1lGTu80Hf3fEG28yo2or2pK0Bw9nuMr8dDW6', NULL, '', NULL, 1474442554, 0, '127.0.0.1', 1, '15947717813', NULL, NULL, 1),
(175, 'NM207', 'NM207', '刘素珍', NULL, '$2y$08$i6YWsUlJ.cXJrOApPN7/dOhfVvsyXvj8X3YlbY9umHkh1fp8tgunu', NULL, '', NULL, 1474442554, 0, '127.0.0.1', 1, '13674842196', NULL, NULL, 1),
(176, 'NM202', 'NM202', '窦明霞', NULL, '$2y$08$V03.9EcDejgKh9JOVIqyzOIgGWac2fIA0m9M3qm3MRCoqMX5QGGb2', NULL, '', NULL, 1474442554, 0, '127.0.0.1', 1, '18604888619', NULL, NULL, 1),
(177, 'NM204', 'NM204', '郝三厚', NULL, '$2y$08$236uZ7qE/REDwFNclBfn1uulCPitJl3u.d16mY8jQlSZOO04kCyqG', NULL, '', NULL, 1474442554, 0, '127.0.0.1', 1, '18847124399', NULL, NULL, 1),
(178, 'S0820', 'S0820', '蔡秀英', NULL, '$2y$08$xFbxPiHFV/K83YdUFLC2qeJXiVuwIDgx9TlihDXFdELmK.vlRKTVG', NULL, '', NULL, 1474442554, 0, '127.0.0.1', 1, '15080147398', NULL, NULL, 1),
(179, 'NM001', 'NM001', '董怀军', NULL, '$2y$08$.tGzKUQQ5jNcJt9N7bQ86OfUAfxIcHZjk8OxI4lUAOH4DaXp2G7Fi', NULL, '', NULL, 1474442554, 0, '127.0.0.1', 1, '13327109212', NULL, NULL, 1),
(180, 'NM002', 'NM002', '陈金华', NULL, '$2y$08$lbcQSQJ6JkvFDlE7jYxIbOrnKU7Eyh.QvJCrBjpiW08CFoxM8sTY.', NULL, '', NULL, 1474442554, 0, '127.0.0.1', 1, '15304792727', NULL, NULL, 1),
(181, 'NM114', 'NM114', '马海刚', NULL, '$2y$08$uJIKN5S8777eCNaOmbd12eU3FL7vatwm2vWITr./S46K4kaKY98/6', NULL, '', NULL, 1474442554, 0, '127.0.0.1', 1, '13384711135', NULL, NULL, 1),
(182, 'S0835', 'S0835', '郑理政', NULL, '$2y$08$M5d7ULy5qguAdVNdpXQ73.pXBdAguF..zmKAShT8eV0V3Rw3D0/Qi', NULL, '', NULL, 1474442554, 0, '127.0.0.1', 1, '18750072321', NULL, NULL, 1),
(183, 'S0845', 'S0845', '黄肖肖', NULL, '$2y$08$CzUvaavHTKytQ8Tn1CjZLujzgEqVbaGffO8TzORNsS0EHyoo/8lTO', NULL, '', NULL, 1474442554, 0, '127.0.0.1', 1, '15959190032', NULL, NULL, 1),
(184, 'NM118', 'NM118', '潘其乐', NULL, '$2y$08$UhFDO8fhLZVeioWm1cVoIOT04hXEfQ0Segg4Y5wZZSxIVqTRHIAuK', NULL, '', NULL, 1474442554, 0, '127.0.0.1', 1, '15047143060', NULL, NULL, 1),
(185, 'C0810', 'C0810', '杨鹭', NULL, '$2y$08$vm9N6ffzcW4zr8MLTCiq4uaE0BdHbIF9taRqAUwvwi7b1IYdawJ8G', NULL, '', NULL, 1474442554, 0, '127.0.0.1', 1, '18159426920', NULL, NULL, 1),
(186, 'S0840', 'S0840', '翁玲', NULL, '$2y$08$ik8YQiB51l3pjbSAO6F4o.J/aPB8N.IkiQ0Y4ZBQ2Cc6.1Q.sNnje', NULL, '', NULL, 1474442554, 0, '127.0.0.1', 1, '18650320184', NULL, NULL, 1),
(187, 's0832', 's0832', '潘晓晨', NULL, '$2y$08$s8PUwstdAEt2.DvHH/zmkO4/omV4etubdfm8wgwC/hB1yTXg1iZ3y', NULL, '', NULL, 1474442554, 0, '127.0.0.1', 1, '13850267585', NULL, NULL, 1),
(188, 'NM116', 'NM116', '曹雅璐', NULL, '$2y$08$SlZH3DS2j/GRxZLYonmY2up5aTUzwhTgVQwEoweSJKOw4DK.RZUDa', NULL, '', NULL, 1474442555, 0, '127.0.0.1', 1, '18748175818', NULL, NULL, 1),
(189, 'NM117', 'NM117', '郑雅萍', NULL, '$2y$08$hiBB9hiE5UnmXDF8.CkrH.uIHuAzismrIufFUspKIV0ZKTkBbRvhS', NULL, '', NULL, 1474442555, 0, '127.0.0.1', 1, '13451318151', NULL, NULL, 1),
(190, 's0848', 's0848', '蔡剑飞', NULL, '$2y$08$0hcrpdYCpE6Ju7Ae2EXnue3gr9qQK6mH.O0PILlAB7kwzj95rTGmy', NULL, '', NULL, 1474442555, 0, '127.0.0.1', 1, '13666037753', NULL, NULL, 1),
(191, 's0809', 's0809', '林向红', NULL, '$2y$08$n7NPMKYMqYHpsKVJ7zg5l.ox5c2LGGUyl/RSh9imAbuiBM62wm0c6', NULL, '', NULL, 1474442555, 0, '127.0.0.1', 1, '13799688269', NULL, NULL, 1),
(192, 's0821', 's0821', '黄爱武', NULL, '$2y$08$4usQvtsgBSILJSLvqr2I4eK7MFVTLFWbcQP7j8mekL2l22G.i.HVq', NULL, '', NULL, 1474442555, 0, '127.0.0.1', 1, '13607522072', NULL, NULL, 1),
(193, 's0833', 's0833', '林剑波', NULL, '$2y$08$lnd456ByKNugB.9vreE9/uhNX75W6qgQm90dFoklLFqcRbs041s1S', NULL, '', NULL, 1474442555, 0, '127.0.0.1', 1, '13860979899', NULL, NULL, 1),
(194, 's0846', 's0846', '林雪梅', NULL, '$2y$08$/WAW/3/BjvWOZH8TwvAiQuIYNN9Yrf5fZ5XGlx9K6t74ZBd50/JCS', NULL, '', NULL, 1474442555, 0, '127.0.0.1', 1, '13626929711', NULL, NULL, 1),
(195, 'C0809', 'C0809', '陈彩霞', NULL, '$2y$08$yNrR6NF8FI58dfV1RpOppOGNgKDnryZWbBz1chIo9TlX7ABZpw382', NULL, '', NULL, 1474442555, 0, '127.0.0.1', 1, '18005948060', NULL, NULL, 1),
(196, 'NM212', 'NM212', '李娜', NULL, '$2y$08$cXvqHg6kdbXbMd8lMNgU4uup9lYyQyExM7SEx2SJv3TX7/cBA7J/.', NULL, '', NULL, 1474442555, 0, '127.0.0.1', 1, '15849109275', NULL, NULL, 1),
(197, 'NM213', 'NM213', '吕小龙', NULL, '$2y$08$iZVqzi3xaZkVrbPYESlSQeWNNexXz5ejPR0yBehNgzPL9DsVwpPeu', NULL, '', NULL, 1474442555, 0, '127.0.0.1', 1, '13074738830', NULL, NULL, 1),
(198, 'NM214', 'NM214', '于静', NULL, '$2y$08$dFntYTP18uTOj7WpRw0M5eHumoAzA2Cr6bvnfXadAO2tIlsVm9NSO', NULL, '', NULL, 1474442555, 0, '127.0.0.1', 1, '18947104858', NULL, NULL, 1),
(199, 'NM215', 'NM215', '杨雪敏', NULL, '$2y$08$FzRWk0ld.GA3bPHmVRjib.EmJ7GpThjQWsJxcyIAKb45Mbe3gJ2Q6', NULL, '', NULL, 1474442555, 0, '127.0.0.1', 1, '13384892392', NULL, NULL, 1),
(200, 'NM217', 'NM217', '姜雪娇', NULL, '$2y$08$gqOm0yeObtWagzXZht2rY.mlvHCBPleEQlcqp4ag9N6FN6fAdz.Qy', NULL, '', NULL, 1474442555, 0, '127.0.0.1', 1, '15326091152', NULL, NULL, 1),
(201, 'NM218', 'NM218', '王利敏', NULL, '$2y$08$7pkHC5U9m04.2jf7On/CW.7Bq.vNyCEJu.2GYwONgouQM0yGfhq8a', NULL, '', NULL, 1474442555, 0, '127.0.0.1', 1, '15754865150', NULL, NULL, 1),
(202, 'S0862', 'S0862', '徐丽婷', NULL, '$2y$08$uVtzstWw7ob1erRCsaMxSefEAcwHJFo.zeyC6rbqQaYFmZ/8Zxg/.', NULL, '', NULL, 1474442555, 0, '127.0.0.1', 1, '18720933092', NULL, NULL, 1),
(203, 'S1087', 'S1087', '林宁', NULL, '$2y$08$WPz4jKcRDgkgzRBtoraztujrTgEJvqdsIxtnVVYJGOfq8IhaorENe', NULL, '', NULL, 1474442555, 0, '127.0.0.1', 1, '15080177750', NULL, NULL, 1),
(204, 'S0816', 'S0816', '严琳琳', NULL, '$2y$08$o4bo2a7XUNoDETwCkPVSW.UkY2Q9pKVvNLfSgFDvrw3/pTEEzQKEG', NULL, '', NULL, 1474442555, 0, '127.0.0.1', 1, '13607527966', NULL, NULL, 1),
(205, 'S0842', 'S0842', '张燕花', NULL, '$2y$08$RHGlg3WjO.BOMC72kfUhreF0cRBHTxiLQLc4N6CL.z6eX.BdLnOeK', NULL, '', NULL, 1474442555, 0, '127.0.0.1', 1, '13194444457', NULL, NULL, 1),
(206, 'S0867', 'S0867', '林建聪', NULL, '$2y$08$/bNNk/mTBZUkB9aGFFOLQ.CBl/b9KjCvrR2y6Sp7OJAUT6S2AdSvO', NULL, '', NULL, 1474442555, 0, '127.0.0.1', 1, '13799662162', NULL, NULL, 1),
(207, 'NM201', 'NM201', '王爱', NULL, '$2y$08$FJiE1yumXQV3YoYl4ylqduHvxEhen.4lVWIx3TW68mEy4PVPAJEGm', NULL, '', NULL, 1474442555, 0, '127.0.0.1', 1, '18047182554', NULL, NULL, 1),
(208, 'NM111', 'NM111', '陈国雯', NULL, '$2y$08$tBwDks0ECnX7j4GmsVNcHupgw5HKFgbATrly9/78j1EC.v.gsWA1i', NULL, '', NULL, 1474442555, 0, '127.0.0.1', 1, '15847757050', NULL, NULL, 1),
(209, 'NM219', 'NM219', '谭国强', NULL, '$2y$08$noCoVZEBDKlxr0tsvjgXQeu6isuTi3Rs/9qUJ3Qcy2mTRGvtJZRl2', NULL, '', NULL, 1474442555, 0, '127.0.0.1', 1, '13029504100', NULL, NULL, 1),
(210, 'S0968', 'S0968', '吴志斌', NULL, '$2y$08$fXpzk6InziFgYg3Dla2fJO30Sq.wAN2y78wG9s3cKjiLNEjSxoZYu', NULL, '', NULL, 1474442555, 0, '127.0.0.1', 1, '13905947375', NULL, NULL, 1),
(211, 'S0827', 'S0827', '陈伟正', NULL, '$2y$08$D3UW3SpyfL7nB7lGahmHO.9I5Q9vvzlK3tYXsOFHxI1I3iU73LiyK', NULL, '', NULL, 1474442555, 0, '127.0.0.1', 1, '18705043621', NULL, NULL, 1),
(212, 'S0841', 'S0841', '林晨霞', NULL, '$2y$08$H.w7okBNnbOzSpv0DGyuY.dGrDVQOzR8VdT1Rvy2gxtqL/tJ9NqGu', NULL, '', NULL, 1474442555, 0, '127.0.0.1', 1, '18350267909', NULL, NULL, 1),
(213, 'S0828', 'S0828', '邱陶楠', NULL, '$2y$08$iFvVfDL6W3O3FSUe7XLZVuAbb62OArd9HKj2AybD2N1i8lrZm00HO', NULL, '', NULL, 1474442555, 0, '127.0.0.1', 1, '13850241323', NULL, NULL, 1),
(214, 'S0837', 'S0837', '郑志敏', NULL, '$2y$08$QnJLprv5qvjZuIzix8IqAubKVb2uuH5s5AciMu5SIardCDpH9mw6O', NULL, '', NULL, 1474442555, 0, '127.0.0.1', 1, '13615993226', NULL, NULL, 1),
(215, 'S0853', 'S0853', '陈文斌', NULL, '$2y$08$c7YPAnxqWYbWu239AsFQ8eslKcmGgFFXJxyzSpPLH2862Ioxj5DIS', NULL, '', NULL, 1474442555, 0, '127.0.0.1', 1, '15260828778', NULL, NULL, 1),
(216, 'NM220', 'NM220', '胡慧娟', NULL, '$2y$08$pHGM4KAg2thnB.Go5d70P.LQX/IXPYWmgHArgH8a.oZfs3gX50lyC', NULL, '', NULL, 1474442555, 0, '127.0.0.1', 1, '18698408728', NULL, NULL, 1),
(217, 'NM302', 'NM302', '温海洋', NULL, '$2y$08$KeZ/Y3577bvMZsUpncZ2PuG76eHOKBwJLyT1LP3Q2OLzit7Dnqioi', NULL, '', NULL, 1474442555, 0, '127.0.0.1', 1, '15124707079', NULL, NULL, 1),
(218, 'NM303', 'NM303', '赵建文', NULL, '$2y$08$XH6u329R9wLoIRlaWpB02uABwpnvvkvD/wJL7UriDagSKTpQFIO2i', NULL, '', NULL, 1474442555, 0, '127.0.0.1', 1, '15248103931', NULL, NULL, 1),
(219, 'NM304', 'NM304', '段罗娜', NULL, '$2y$08$pyxKoMHxKR5JnrVys/eKTeaiKRP/fkoQoHXRy4hd6AB38tfqa88s2', NULL, '', NULL, 1474442555, 0, '127.0.0.1', 1, '17704889892', NULL, NULL, 1),
(220, 'NM305', 'NM305', '玮玮', NULL, '$2y$08$ceJ5x3N1kfQgIq4BZtOMluCFK98Eot.R3uDkNqk4t6NEd/FQzifdC', NULL, '', NULL, 1474442555, 0, '127.0.0.1', 1, '18847137170', NULL, NULL, 1),
(221, 'S0843', 'S0843', '吕碧红', NULL, '$2y$08$HOZxo.5GJxtH5MXdNBZ5ROc.0DyFwwD7vEuuhPsVnsXDShuSaCk56', NULL, '', NULL, 1474442555, 0, '127.0.0.1', 1, '13959593312', NULL, NULL, 1),
(222, 'NM119', 'NM119', '杨滢', NULL, '$2y$08$MeFZwZ5LOgBK/1W.59cuOOUV.d/oudOXmnxUMoymodqhGsnmBXbCW', NULL, '', NULL, 1474442555, 0, '127.0.0.1', 1, '13488517038', NULL, NULL, 1),
(223, 'S0897', 'S0897', '于梅', NULL, '$2y$08$5QCO7chXZRcWD2nlmi3jz.3JzvHMlDAj/KfVt8sKVJJ4dMpdRl75u', NULL, '', NULL, 1474442555, 0, '127.0.0.1', 1, '15255293278', NULL, NULL, 1),
(224, 'S0847', 'S0847', '林梅钦', NULL, '$2y$08$vHIfrhziefEr/3XMi5/aCum2F6YcXJOVB9F0mxhkyNVqlYzVw7uQC', NULL, '', NULL, 1474442555, 0, '127.0.0.1', 1, '13599863241', NULL, NULL, 1),
(225, 'S0998', 'S0998', '朱冷冷', NULL, '$2y$08$Av27limkxUbLzsZolEuAHOy8V4ZkX9tQueqlt/bTQhcRQQQ05zoFO', NULL, '', NULL, 1474442555, 0, '127.0.0.1', 1, '15080357426', NULL, NULL, 1),
(226, 'HJMT8', 'HJMT8', '朱景修', NULL, '$2y$08$fAMixznNM45CRXM.Lf2/aOGpZfh30NvnYz4CdHO6fhD43VNHITax6', NULL, '', NULL, 1474442555, 0, '127.0.0.1', 1, '18850911766', NULL, NULL, 1);

-- --------------------------------------------------------

--
-- 表的结构 `gd_worker_activity`
--

CREATE TABLE `gd_worker_activity` (
  `activity_id` int(11) NOT NULL,
  `worker_id` int(11) NOT NULL DEFAULT '0',
  `content` varchar(256) COLLATE utf8_unicode_ci DEFAULT NULL,
  `addtime` int(11) NOT NULL,
  `ip` char(15) COLLATE utf8_unicode_ci DEFAULT NULL
) ENGINE=InnoDB DEFAULT CHARSET=utf8 COLLATE=utf8_unicode_ci;

--
-- 转存表中的数据 `gd_worker_activity`
--

INSERT INTO `gd_worker_activity` (`activity_id`, `worker_id`, `content`, `addtime`, `ip`) VALUES
(1, 3, '63189|-6628214672811|2016-09-08|12|0.0800', 1473327189, NULL),
(2, 3, '63916|1473327347|2016-09-08|12|0.0800', 1473327916, NULL),
(3, 3, '63993|0|2016-09-08|12|0.0800', 1473327993, NULL),
(4, 3, 'array (\n  ''datetime'' => ''2016-09-09 22:37:15'',\n  ''receivers'' => ''4,11,10'',\n)', 1473431835, NULL),
(5, 3, 'array (\n  ''datetime'' => ''2016-09-09 22:40:40'',\n  ''receivers'' => ''4,7'',\n)', 1473432040, NULL);

-- --------------------------------------------------------

--
-- 表的结构 `gd_worker_attempt`
--

CREATE TABLE `gd_worker_attempt` (
  `id` int(11) UNSIGNED NOT NULL,
  `ip_address` varchar(15) NOT NULL,
  `login` varchar(100) NOT NULL,
  `time` int(11) UNSIGNED DEFAULT NULL
) ENGINE=InnoDB DEFAULT CHARSET=utf8;

-- --------------------------------------------------------

--
-- 表的结构 `gd_worker_company`
--

CREATE TABLE `gd_worker_company` (
  `company_id` int(11) NOT NULL,
  `title` varchar(128) COLLATE utf8_unicode_ci NOT NULL,
  `alias` varchar(32) COLLATE utf8_unicode_ci DEFAULT NULL,
  `status` tinyint(4) NOT NULL DEFAULT '1',
  `addtime` int(11) NOT NULL
) ENGINE=InnoDB DEFAULT CHARSET=utf8 COLLATE=utf8_unicode_ci;

--
-- 转存表中的数据 `gd_worker_company`
--

INSERT INTO `gd_worker_company` (`company_id`, `title`, `alias`, `status`, `addtime`) VALUES
(1, '莆田总公司', '莆田', 1, 1472518963),
(2, '泉州分公司', '泉州', 1, 1473652666);

-- --------------------------------------------------------

--
-- 表的结构 `gd_worker_group`
--

CREATE TABLE `gd_worker_group` (
  `id` mediumint(8) UNSIGNED NOT NULL,
  `code` varchar(20) NOT NULL,
  `title` varchar(100) NOT NULL,
  `is_system` tinyint(4) NOT NULL DEFAULT '0',
  `permission` text,
  `status` tinyint(4) NOT NULL DEFAULT '1'
) ENGINE=InnoDB DEFAULT CHARSET=utf8;

--
-- 转存表中的数据 `gd_worker_group`
--

INSERT INTO `gd_worker_group` (`id`, `code`, `title`, `is_system`, `permission`, `status`) VALUES
(1, 'admin', '管理组', 1, '', 1),
(2, 'member', '业务员', 0, '2997,2999,3001,3003,2998,3000,3002', 1),
(3, 'manager', '经理', 0, '1,2,3,5,6,7,8,9,10,11,22,23,24,25,26,27,30,33,35,48,49,50,51,52,54,55,57,59,61,62,63,64,65,67,68,69,70,72,78,80,81,82,83,84,85,87,93,94,96,98,100,101,102,103,105,106,107,108,109,110,112,113,114,115,116,118,120,121,124,125,126,127,128', 1),
(4, 'warehouser', '库管', 0, '1,2,3,55,61,65,70,82,87,98,100,101,105,107,108,111,117,118,119', 1),
(5, 'appraiser', '鉴定人', 0, '74,73,70,1,3,2', 1),
(6, 'booker', '登记人', 0, '1,2,3,52,55,57,70,72,93,98,100,101,103', 1);

-- --------------------------------------------------------

--
-- 表的结构 `gd_worker_notify`
--

CREATE TABLE `gd_worker_notify` (
  `notify_id` int(11) NOT NULL,
  `sender_id` int(11) NOT NULL DEFAULT '0',
  `receiver_id` int(11) NOT NULL,
  `mode` enum('announcement','summary') COLLATE utf8_unicode_ci NOT NULL DEFAULT 'announcement',
  `title` varchar(128) COLLATE utf8_unicode_ci NOT NULL,
  `content` text COLLATE utf8_unicode_ci NOT NULL,
  `status` tinyint(4) NOT NULL DEFAULT '1',
  `is_read` tinyint(1) NOT NULL DEFAULT '0',
  `addtime` int(11) NOT NULL DEFAULT '0'
) ENGINE=InnoDB DEFAULT CHARSET=utf8 COLLATE=utf8_unicode_ci;

--
-- 转存表中的数据 `gd_worker_notify`
--

INSERT INTO `gd_worker_notify` (`notify_id`, `sender_id`, `receiver_id`, `mode`, `title`, `content`, `status`, `is_read`, `addtime`) VALUES
(4, 3, 4, 'announcement', '0', '&lt;p&gt;sadsadsadsadsadsadsa&lt;br/&gt;&lt;/p&gt;', 1, 0, 1473431835),
(5, 3, 11, 'announcement', '0', '&lt;p&gt;sadsadsadsadsadsadsa&lt;br/&gt;&lt;/p&gt;', 1, 0, 1473431835),
(6, 3, 10, 'announcement', '0', '&lt;p&gt;sadsadsadsadsadsadsa&lt;br/&gt;&lt;/p&gt;', 1, 0, 1473431835),
(7, 3, 4, 'announcement', '0', '&lt;p&gt;dsfdsfdsfsfds&lt;br/&gt;&lt;/p&gt;', 1, 0, 1473432040),
(8, 3, 7, 'announcement', '0', '&lt;p&gt;dsfdsfdsfsfds&lt;br/&gt;&lt;/p&gt;', 1, 0, 1473432040);

-- --------------------------------------------------------

--
-- 表的结构 `gd_worker_rel`
--

CREATE TABLE `gd_worker_rel` (
  `id` int(11) UNSIGNED NOT NULL,
  `worker_id` int(11) UNSIGNED NOT NULL,
  `group_id` mediumint(8) UNSIGNED NOT NULL
) ENGINE=InnoDB DEFAULT CHARSET=utf8;

--
-- 转存表中的数据 `gd_worker_rel`
--

INSERT INTO `gd_worker_rel` (`id`, `worker_id`, `group_id`) VALUES
(20, 1, 1),
(25, 2, 2),
(5, 3, 3),
(28, 4, 3),
(9, 5, 6),
(26, 6, 6),
(13, 7, 4),
(29, 8, 4),
(17, 9, 5),
(248, 10, 2),
(249, 11, 2),
(250, 12, 2),
(251, 13, 2),
(252, 14, 2),
(253, 15, 2),
(254, 16, 2),
(255, 17, 2),
(256, 18, 2),
(257, 19, 2),
(258, 20, 2),
(259, 21, 2),
(260, 22, 2),
(261, 23, 2),
(262, 24, 2),
(263, 25, 2),
(264, 26, 2),
(265, 27, 2),
(266, 28, 2),
(267, 29, 2),
(268, 30, 2),
(269, 31, 2),
(466, 32, 1),
(271, 33, 2),
(272, 34, 2),
(273, 35, 2),
(274, 36, 2),
(275, 37, 2),
(276, 38, 2),
(277, 39, 2),
(278, 40, 2),
(279, 41, 2),
(280, 42, 2),
(281, 43, 2),
(282, 44, 2),
(283, 45, 2),
(284, 46, 2),
(285, 47, 2),
(286, 48, 2),
(287, 49, 2),
(288, 50, 2),
(289, 51, 2),
(290, 52, 2),
(291, 53, 2),
(292, 54, 2),
(293, 55, 2),
(294, 56, 2),
(295, 57, 2),
(296, 58, 2),
(297, 59, 2),
(298, 60, 2),
(299, 61, 2),
(300, 62, 2),
(301, 63, 2),
(302, 64, 2),
(303, 65, 2),
(304, 66, 2),
(305, 67, 2),
(306, 68, 2),
(307, 69, 2),
(308, 70, 2),
(309, 71, 2),
(310, 72, 2),
(311, 73, 2),
(312, 74, 2),
(313, 75, 2),
(314, 76, 2),
(315, 77, 2),
(316, 78, 2),
(317, 79, 2),
(318, 80, 2),
(319, 81, 2),
(320, 82, 2),
(321, 83, 2),
(322, 84, 2),
(323, 85, 2),
(324, 86, 2),
(325, 87, 2),
(326, 88, 2),
(327, 89, 2),
(328, 90, 2),
(329, 91, 2),
(330, 92, 2),
(331, 93, 2),
(332, 94, 2),
(333, 95, 2),
(334, 96, 2),
(335, 97, 2),
(336, 98, 2),
(337, 99, 2),
(338, 100, 2),
(339, 101, 2),
(340, 102, 2),
(341, 103, 2),
(342, 104, 2),
(343, 105, 2),
(344, 106, 2),
(345, 107, 2),
(346, 108, 2),
(347, 109, 2),
(348, 110, 2),
(349, 111, 2),
(350, 112, 2),
(351, 113, 2),
(352, 114, 2),
(353, 115, 2),
(354, 116, 2),
(355, 117, 2),
(356, 118, 2),
(357, 119, 2),
(358, 120, 2),
(359, 121, 2),
(360, 122, 2),
(361, 123, 2),
(362, 124, 2),
(363, 125, 2),
(364, 126, 2),
(365, 127, 2),
(366, 128, 2),
(367, 129, 2),
(368, 130, 2),
(369, 131, 2),
(370, 132, 2),
(371, 133, 2),
(372, 134, 2),
(373, 135, 2),
(374, 136, 2),
(375, 137, 2),
(376, 138, 2),
(377, 139, 2),
(378, 140, 2),
(379, 141, 2),
(380, 142, 2),
(381, 143, 2),
(382, 144, 2),
(383, 145, 2),
(384, 146, 2),
(385, 147, 2),
(386, 148, 2),
(387, 149, 2),
(388, 150, 2),
(389, 151, 2),
(390, 152, 2),
(391, 153, 2),
(392, 154, 2),
(393, 155, 2),
(394, 156, 2),
(395, 157, 2),
(396, 158, 2),
(397, 159, 2),
(398, 160, 2),
(399, 161, 2),
(400, 162, 2),
(401, 163, 2),
(402, 164, 2),
(403, 165, 2),
(404, 166, 2),
(405, 167, 2),
(406, 168, 2),
(407, 169, 2),
(408, 170, 2),
(409, 171, 2),
(410, 172, 2),
(411, 173, 2),
(412, 174, 2),
(413, 175, 2),
(414, 176, 2),
(415, 177, 2),
(416, 178, 2),
(417, 179, 2),
(418, 180, 2),
(419, 181, 2),
(420, 182, 2),
(421, 183, 2),
(422, 184, 2),
(423, 185, 2),
(424, 186, 2),
(425, 187, 2),
(426, 188, 2),
(427, 189, 2),
(428, 190, 2),
(429, 191, 2),
(430, 192, 2),
(431, 193, 2),
(432, 194, 2),
(433, 195, 2),
(434, 196, 2),
(435, 197, 2),
(436, 198, 2),
(437, 199, 2),
(438, 200, 2),
(439, 201, 2),
(440, 202, 2),
(441, 203, 2),
(442, 204, 2),
(443, 205, 2),
(444, 206, 2),
(445, 207, 2),
(446, 208, 2),
(447, 209, 2),
(448, 210, 2),
(449, 211, 2),
(450, 212, 2),
(451, 213, 2),
(452, 214, 2),
(453, 215, 2),
(454, 216, 2),
(455, 217, 2),
(456, 218, 2),
(457, 219, 2),
(458, 220, 2),
(459, 221, 2),
(460, 222, 2),
(461, 223, 2),
(462, 224, 2),
(463, 225, 2),
(464, 226, 2);

-- --------------------------------------------------------

--
-- 表的结构 `gd_work_num`
--

CREATE TABLE `gd_work_num` (
  `num_id` int(11) UNSIGNED NOT NULL COMMENT '工号id',
  `realname` char(50) NOT NULL,
  `numinfo` varchar(50) NOT NULL COMMENT '工号',
  `phone` varchar(200) NOT NULL,
  `logintime` int(11) NOT NULL DEFAULT '0',
  `add_ip` char(15) NOT NULL,
  `add_time` int(10) NOT NULL,
  `up_ip` char(15) NOT NULL,
  `up_time` int(10) NOT NULL,
  `last_ip` char(15) NOT NULL,
  `last_time` int(10) NOT NULL,
  `block_status` int(1) NOT NULL,
  `password` varchar(25) DEFAULT '123456',
  `is_madmin` tinyint(3) DEFAULT '0',
  `salt` char(16) NOT NULL,
  `pwdhash` varchar(40) NOT NULL,
  `ismarket` int(20) NOT NULL DEFAULT '0' COMMENT '纳入营销',
  `entrytime` int(30) NOT NULL COMMENT '入职时间 ',
  `checktime` varchar(60) NOT NULL COMMENT '考核时间'
) ENGINE=InnoDB DEFAULT CHARSET=utf8;

--
-- 转存表中的数据 `gd_work_num`
--

INSERT INTO `gd_work_num` (`num_id`, `realname`, `numinfo`, `phone`, `logintime`, `add_ip`, `add_time`, `up_ip`, `up_time`, `last_ip`, `last_time`, `block_status`, `password`, `is_madmin`, `salt`, `pwdhash`, `ismarket`, `entrytime`, `checktime`) VALUES
(28, '方雪静', 'S0896', '13305946318', 0, '59.58.128.42', 1421467552, '27.153.239.206', 1422151465, '59.58.128.42', 1421467552, 0, '123456', 10, '', '', 0, 0, '0'),
(31, '蔡凤辉', 'C0892', '13305941363', 0, '59.58.128.42', 1421805941, '59.58.128.42', 1421807378, '59.58.128.42', 1421805941, 0, '123456', 0, '', '', 0, 0, '0'),
(33, '陈卫健', 'C0898', '15080457686', 0, '59.58.128.42', 1421806119, '59.58.128.42', 1421807355, '59.58.128.42', 1421806119, 0, '123456', 0, '', '', 0, 0, '0'),
(34, '林志龙', 'C0888', '13305942502', 0, '59.58.128.42', 1421806701, '59.58.128.42', 1421807362, '59.58.128.42', 1421806701, 0, '123456', 0, '', '', 0, 0, '0'),
(35, '郑雯', 'C0891', '13305946108', 0, '59.58.128.42', 1421807529, '59.58.128.42', 1421807529, '59.58.128.42', 1421807529, 0, '123456', 0, '', '', 0, 0, '0'),
(36, '吴健飞', 'C0880', '13305942150', 0, '59.58.128.42', 1421807707, '59.58.128.42', 1421807707, '59.58.128.42', 1421807707, 0, '123456', 0, '', '', 0, 0, '0'),
(38, '张琳', 'C0886', '13305945811', 0, '59.58.128.42', 1421809409, '59.58.128.42', 1421809409, '59.58.128.42', 1421809409, 0, '123456', 0, '', '', 0, 0, '0'),
(41, '许俊贤', 'S0895', '13305940231', 0, '59.58.128.42', 1421828988, '59.58.128.42', 1433898165, '59.58.128.42', 1421828988, 0, '123456', 0, '', '', 0, 0, '0'),
(42, '邱辉辉', 'C0889', '13305941913', 0, '59.58.128.42', 1421898634, '27.153.240.140', 1439951463, '59.58.128.42', 1421898634, 0, '123456', 1, '', '', 0, 0, '0'),
(43, '陈慕玲', 'S0888', '13305945775', 0, '59.58.128.42', 1421907779, '59.58.128.42', 1421907779, '59.58.128.42', 1421907779, 0, '123456', 1, '', '', 0, 0, '0'),
(44, '陈国仁', 'C0881', '13305942095', 0, '10.171.218.31', 1422256899, '59.58.128.42', 1427340125, '10.171.218.31', 1422256899, 0, 'a123456', 1, '', '', 0, 0, '0'),
(45, '陈国仙', 'C0885', '13305942113', 0, '10.171.218.31', 1422256939, '10.171.218.31', 1422256939, '10.171.218.31', 1422256939, 0, '123456', 0, '', '', 0, 0, '0'),
(46, '严芳', 'C0890', '18905941255', 0, '10.171.218.31', 1422256975, '10.171.218.31', 1422256975, '10.171.218.31', 1422256975, 0, '123456', 0, '', '', 0, 0, '0'),
(47, '黄建杰', 'C0893', '13305943039', 0, '10.171.218.31', 1422257030, '10.171.218.31', 1422257030, '10.171.218.31', 1422257030, 0, '123456', 0, '', '', 0, 0, '0'),
(48, '于欣', 'S0899', '13305942013', 0, '10.171.218.31', 1425519371, '10.171.218.31', 1425519371, '10.171.218.31', 1425519371, 0, '123456', 0, '', '', 0, 0, '0'),
(49, '林伟', 'S0890', '13305940132', 0, '10.171.218.31', 1425519511, '10.171.218.31', 1425519511, '10.171.218.31', 1425519511, 0, '123456', 0, '', '', 0, 0, '0'),
(50, '林志忠', 'S0889', '13305940256', 0, '10.171.218.31', 1426125566, '59.58.128.42', 1432521975, '10.171.218.31', 1426125566, 0, '123456', 0, '', '', 0, 0, '0'),
(53, '林淑珍', 'S0880', '13305948093', 0, '10.171.218.31', 1426125693, '59.58.128.42', 1432521997, '10.171.218.31', 1426125693, 0, '123456', 0, '', '', 0, 0, '0'),
(54, '蒋建山', 'S0883', '18756799811', 0, '10.171.218.31', 1426317067, '10.171.218.31', 1426317067, '10.171.218.31', 1426317067, 0, '123456', 0, '', '', 0, 0, '0'),
(55, '苏晓燕', 'S0885', '13305948352', 0, '10.171.218.31', 1426641756, '59.58.128.42', 1432521932, '10.171.218.31', 1426641756, 0, '123456', 0, '', '', 0, 0, '0'),
(56, '吴秀芳', 'S0882', '13305946167', 0, '10.171.218.31', 1426641784, '59.58.128.42', 1433898180, '10.171.218.31', 1426641784, 0, '123456', 0, '', '', 0, 0, '0'),
(57, '陈秀贞', 'S0887', '13305948130', 0, '10.171.218.31', 1426641860, '59.58.128.42', 1432521900, '10.171.218.31', 1426641860, 0, '123456', 0, '', '', 0, 0, '0'),
(58, '林国春', 'C0808', '13515646484', 0, '10.171.218.31', 1427944526, '10.171.218.31', 1427944526, '10.171.218.31', 1427944526, 0, '123456', 0, '', '', 0, 0, '0'),
(59, '黄美宇', 'C0866', '15654646486', 0, '10.171.218.31', 1427944550, '10.171.218.31', 1427944550, '10.171.218.31', 1427944550, 0, '123456', 0, '', '', 0, 0, '0'),
(60, '郑赛萍', 'S0875', '13305943583', 0, '10.171.218.31', 1427946054, '59.58.128.42', 1432521879, '10.171.218.31', 1427946054, 0, '123456', 0, '', '', 0, 0, '0'),
(61, '方玉腾', 'S0876', '15659398909', 0, '10.171.218.31', 1427946085, '10.171.218.31', 1427946085, '10.171.218.31', 1427946085, 0, '123456', 0, '', '', 0, 0, '0'),
(62, '陈素辉', 'S0873', '17759820207', 0, '10.171.218.31', 1427946415, '10.171.218.31', 1427946415, '10.171.218.31', 1427946415, 0, '123456', 0, '', '', 0, 0, '0'),
(63, '龚钰英', 'S0872', '13305948010', 0, '10.171.218.31', 1427946547, '59.58.128.42', 1431311003, '10.171.218.31', 1427946547, 0, '123456', 0, '', '', 0, 0, '0'),
(64, '何明枝', 'S0892', '13959508689', 0, '10.171.218.31', 1427946580, '10.171.218.31', 1427946580, '10.171.218.31', 1427946580, 0, '123456', 0, '', '', 0, 0, '0'),
(65, '黄仁富', 'S1269', '13305941600', 0, '10.171.218.31', 1428052395, '10.171.218.31', 1428052395, '10.171.218.31', 1428052395, 0, '123456', 0, '', '', 0, 0, '0'),
(66, '李雪', 'S1226', '13850282988', 0, '10.171.218.31', 1428913689, '10.171.218.31', 1428913689, '10.171.218.31', 1428913689, 0, '123456', 0, '', '', 0, 0, '0'),
(67, '推广', 'S1111', '13611111111', 0, '10.171.218.31', 1429370331, '10.171.218.31', 1429370331, '10.171.218.31', 1429370331, 0, '123456', 0, '', '', 0, 0, '0'),
(68, '推广1', 'C1111', '13658685858', 0, '10.171.218.31', 1429598120, '10.171.218.31', 1429598120, '10.171.218.31', 1429598120, 0, '123456', 0, '', '', 0, 0, '0'),
(69, '李静', 'S0860', '13305948135', 0, '10.171.218.31', 1429607838, '59.58.128.42', 1432521802, '10.171.218.31', 1429607838, 0, '123456', 0, '', '', 0, 0, '0'),
(70, '邹丽榜', 'S0865', '13305943283', 0, '10.171.218.31', 1430355072, '10.171.218.31', 1430355072, '10.171.218.31', 1430355072, 0, '123456', 0, '', '', 0, 0, '0'),
(71, '林丽钦', 'S0870', '13305940213', 0, '10.171.218.31', 1431311084, '59.58.128.42', 1432521849, '10.171.218.31', 1431311084, 0, '123456', 0, '', '', 0, 0, '0'),
(73, '黄俊涵', 'S0869', '13110555385', 0, '59.58.128.42', 1431573352, '59.58.128.42', 1431573352, '59.58.128.42', 1431573352, 0, '123456', 0, '', '', 0, 0, '0'),
(76, '环球专用', 'C0895', '13325465656', 0, '59.58.128.42', 1433757989, '59.58.128.42', 1433758074, '59.58.128.42', 1433757989, 0, '123456', 0, '', '', 0, 0, '0'),
(77, '杨建花', 'S0855', '13607501383', 0, '121.205.241.28', 1434680678, '121.205.241.28', 1434680678, '121.205.241.28', 1434680678, 0, '123456', 0, '', '', 0, 0, '0'),
(78, '陆碧婷', 'S0858', '13850204249', 0, '121.205.241.28', 1434680739, '121.205.241.28', 1434680739, '121.205.241.28', 1434680739, 0, '123456', 0, '', '', 0, 0, '0'),
(79, '李腾达', 'S0859', '13860901122', 0, '121.205.241.28', 1434680803, '121.205.241.28', 1434680803, '121.205.241.28', 1434680803, 0, '123456', 0, '', '', 0, 0, '0'),
(81, '杨世美', 'S0861', '13313805758', 0, '222.77.213.109', 1434705238, '222.77.213.109', 1434705238, '222.77.213.109', 1434705238, 0, '123456', 0, '', '', 0, 0, '0'),
(83, '赵忆涵', 'S0863', '13850264966', 0, '110.89.13.147', 1435022401, '110.89.13.147', 1435022401, '110.89.13.147', 1435022401, 0, '123456', 0, '', '', 0, 0, '0'),
(88, '刘洋', 'S1200', '13204745298', 0, '120.37.229.228', 1435916971, '120.37.229.228', 1435916971, '120.37.229.228', 1435916971, 0, '123456', 0, '', '', 0, 0, '0'),
(89, '李源', 'S1201', '15847457606', 0, '120.37.229.228', 1435916993, '120.37.229.228', 1435916993, '120.37.229.228', 1435916993, 0, '123456', 0, '', '', 0, 0, '0'),
(90, '李玲', 'S1202', '15598164333', 0, '120.37.229.228', 1435917011, '120.37.229.228', 1435917011, '120.37.229.228', 1435917011, 0, '123456', 0, '', '', 0, 0, '0'),
(91, '郭佳丽', 'S1203', '18247404272', 0, '120.37.229.228', 1435917085, '120.37.229.228', 1435917085, '120.37.229.228', 1435917085, 0, '123456', 0, '', '', 0, 0, '0'),
(92, '刘晓燕', 'S1205', '13234726381', 0, '120.37.229.228', 1435917108, '120.37.229.228', 1435917108, '120.37.229.228', 1435917108, 0, '123456', 0, '', '', 0, 0, '0'),
(93, '赵素芳', 'S1206', '13947440499', 0, '120.37.229.228', 1435917196, '120.37.229.228', 1435917196, '120.37.229.228', 1435917196, 0, '123456', 0, '', '', 0, 0, '0'),
(94, '张俊芳', 'S1207', '13614842996', 0, '120.37.229.228', 1435917305, '120.37.229.228', 1435917305, '120.37.229.228', 1435917305, 0, '123456', 0, '', '', 0, 0, '0'),
(95, '李利霞', 'S1208', '15764892288', 0, '120.37.229.228', 1435917344, '120.37.229.228', 1435917344, '120.37.229.228', 1435917344, 0, '123456', 0, '', '', 0, 0, '0'),
(96, '郇瑛', 'S1209', '13847464619', 0, '120.37.229.228', 1435917418, '120.37.229.228', 1435917418, '120.37.229.228', 1435917418, 0, '123456', 0, '', '', 0, 0, '0'),
(97, '崔晓娟', 'S1210', '15384745523', 0, '120.37.229.228', 1435917448, '120.37.229.228', 1435917448, '120.37.229.228', 1435917448, 0, '123456', 0, '', '', 0, 0, '0'),
(98, '郭沙沙', 'S1211', '18748401116', 0, '120.37.229.228', 1435917525, '120.37.229.228', 1435917525, '120.37.229.228', 1435917525, 0, '123456', 0, '', '', 0, 0, '0'),
(99, '卢林芳', 'S1212', '15904849094', 0, '120.37.229.228', 1435917558, '120.37.229.228', 1435917558, '120.37.229.228', 1435917558, 0, '123456', 0, '', '', 0, 0, '0'),
(100, '赵利强', 'S1213', '13847418030', 0, '120.37.229.228', 1435917576, '120.37.229.228', 1435917576, '120.37.229.228', 1435917576, 0, '123456', 0, '', '', 0, 0, '0'),
(101, '李静', 'S1215', '18947410660', 0, '120.37.229.228', 1435917593, '120.37.229.228', 1435917593, '120.37.229.228', 1435917593, 0, '123456', 0, '', '', 0, 0, '0'),
(102, '王彦君', 'S1216', '18647471512', 0, '120.37.229.228', 1435917607, '120.37.229.228', 1435917607, '120.37.229.228', 1435917607, 0, '123456', 0, '', '', 0, 0, '0'),
(103, '贾晓晴', 'S1217', '13150821742', 0, '120.37.229.228', 1435917627, '120.37.229.228', 1435917627, '120.37.229.228', 1435917627, 0, '123456', 0, '', '', 0, 0, '0'),
(104, '冀连青', 'S1218', '15247484422', 0, '120.37.229.228', 1435917644, '120.37.229.228', 1435917644, '120.37.229.228', 1435917644, 0, '123456', 0, '', '', 0, 0, '0'),
(105, '孙瑞敏', 'S1219', '15849404018', 0, '120.37.229.228', 1435917658, '120.37.229.228', 1435917658, '120.37.229.228', 1435917658, 0, '123456', 0, '', '', 0, 0, '0'),
(106, '田雨', 'S1220', '18947411271', 0, '120.37.229.228', 1435917672, '120.37.229.228', 1435917672, '120.37.229.228', 1435917672, 0, '123456', 0, '', '', 0, 0, '0'),
(107, '李林', 'S1221', '13500644095', 0, '120.37.229.228', 1435917689, '120.37.229.228', 1435917689, '120.37.229.228', 1435917689, 0, '123456', 0, '', '', 0, 0, '0'),
(108, '常振华', 'S1222', '13337146990', 0, '120.37.229.228', 1435917704, '120.37.229.228', 1435917704, '120.37.229.228', 1435917704, 0, '123456', 0, '', '', 0, 0, '0'),
(109, '刘婷', 'S1223', '15124761160', 0, '120.37.229.228', 1435917719, '120.37.229.228', 1435917719, '120.37.229.228', 1435917719, 0, '123456', 0, '', '', 0, 0, '0'),
(110, '张晔', 'S1225', '15114749519', 0, '120.37.229.228', 1435917734, '120.37.229.228', 1435917734, '120.37.229.228', 1435917734, 0, '123456', 0, '', '', 0, 0, '0'),
(111, '赵敏', 'S1227', '13789643488', 0, '120.37.229.228', 1435917748, '120.37.229.228', 1435917748, '120.37.229.228', 1435917748, 0, '123456', 0, '', '', 0, 0, '0'),
(112, '郝俊莲', 'S1230', '15647480030', 0, '120.37.229.228', 1435917762, '120.37.229.228', 1435917762, '120.37.229.228', 1435917762, 0, '123456', 0, '', '', 0, 0, '0'),
(113, '李琛', 'S1100', '15384745565', 0, '59.58.128.42', 1436233331, '59.58.128.42', 1436233331, '59.58.128.42', 1436233331, 0, '123456', 0, '', '', 0, 0, '0'),
(114, '郝斌', 'S1101', '15704716060', 0, '59.58.128.42', 1436233409, '110.85.70.219', 1436758937, '59.58.128.42', 1436233409, 0, '123456', 0, '', '', 0, 0, '0'),
(115, '杨林', 'S1102', '18548126416', 0, '59.58.128.42', 1436233446, '59.58.128.42', 1436233446, '59.58.128.42', 1436233446, 0, '123456', 0, '', '', 0, 0, '0'),
(116, '陈震', 'S1103', '15947703046', 0, '59.58.128.42', 1436233528, '59.58.128.42', 1436233528, '59.58.128.42', 1436233528, 0, '123456', 0, '', '', 0, 0, '0'),
(117, '苏锦华', 'S1105', '15847784537', 0, '59.58.128.42', 1436233563, '59.58.128.42', 1436233563, '59.58.128.42', 1436233563, 0, '123456', 0, '', '', 0, 0, '0'),
(118, '曹建武', 'S1106', '15848488813', 0, '59.58.128.42', 1436233698, '59.58.128.42', 1436236315, '59.58.128.42', 1436233698, 0, '123456', 0, '', '', 0, 0, '0'),
(119, '郭振兴', 'S1107', '18698404550', 0, '59.58.128.42', 1436233731, '59.58.128.42', 1436235398, '59.58.128.42', 1436233731, 0, '123456', 0, '', '', 0, 0, '0'),
(120, '张易', 'S1108', '18504842014', 0, '59.58.128.42', 1436233760, '59.58.128.42', 1436233760, '59.58.128.42', 1436233760, 0, '123456', 0, '', '', 0, 0, '0'),
(121, '白玉瑛', 'S1109', '13150834827', 0, '59.58.128.42', 1436233791, '110.85.70.219', 1436758396, '59.58.128.42', 1436233791, 0, '123456', 0, '', '', 0, 0, '0'),
(122, '杨丽娜', 'S1110', '18548181124', 0, '59.58.128.42', 1436233817, '59.58.128.42', 1436233817, '59.58.128.42', 1436233817, 0, '123456', 0, '', '', 0, 0, '0'),
(123, '赵艳霞', 'S1112', '15848460836', 0, '59.58.128.42', 1436233844, '59.58.128.42', 1436233844, '59.58.128.42', 1436233844, 0, '123456', 0, '', '', 0, 0, '0'),
(124, '张红霞', 'S1113', '18647405605', 0, '59.58.128.42', 1436233874, '59.58.128.42', 1436233874, '59.58.128.42', 1436233874, 0, '123456', 0, '', '', 0, 0, '0'),
(125, '朱莎', 'S1115', '14747461917', 0, '59.58.128.42', 1436233901, '59.58.128.42', 1436233901, '59.58.128.42', 1436233901, 0, '123456', 0, '', '', 0, 0, '0'),
(126, '张荣', 'S1116', '15754852687', 0, '59.58.128.42', 1436233931, '59.58.128.42', 1436233931, '59.58.128.42', 1436233931, 0, '123456', 0, '', '', 0, 0, '0'),
(127, '康宁', 'S1118', '18647482288', 0, '59.58.128.42', 1436233963, '59.58.128.42', 1436233963, '59.58.128.42', 1436233963, 0, '123456', 0, '', '', 0, 0, '0'),
(128, '付卫敏', 'S1117', '18847417866', 0, '59.58.128.42', 1436237836, '59.58.128.42', 1436237836, '59.58.128.42', 1436237836, 0, '123456', 0, '', '', 0, 0, '0'),
(129, '刘成刚', 'S1119', '18748111754', 0, '59.58.128.42', 1436240115, '59.58.128.42', 1436240115, '59.58.128.42', 1436240115, 0, '123456', 0, '', '', 0, 0, '0'),
(130, '韩新宇', 'S1120', '14784740401', 0, '121.205.215.247', 1436244935, '121.205.215.247', 1436244935, '121.205.215.247', 1436244935, 0, '123456', 0, '', '', 0, 0, '0'),
(131, '王艳清', 'S1121', '18748414581', 0, '121.205.215.247', 1436244956, '121.205.215.247', 1436244956, '121.205.215.247', 1436244956, 0, '123456', 0, '', '', 0, 0, '0'),
(132, '刘璐', 'S1122', '15384745561', 0, '121.205.215.247', 1436244972, '121.205.215.247', 1436244972, '121.205.215.247', 1436244972, 0, '123456', 0, '', '', 0, 0, '0'),
(133, '刘甲军', 'S1123', '15148085324', 0, '121.205.215.247', 1436244988, '121.205.215.247', 1436244988, '121.205.215.247', 1436244988, 0, '123456', 0, '', '', 0, 0, '0'),
(134, '杨文英', 'S1125', '18647420424', 0, '121.205.215.247', 1436245008, '121.205.215.247', 1436245008, '121.205.215.247', 1436245008, 0, '123456', 0, '', '', 0, 0, '0'),
(135, '崔乐英', 'S1126', '15164798997', 0, '121.205.215.247', 1436245030, '121.205.215.247', 1436245030, '121.205.215.247', 1436245030, 0, '123456', 0, '', '', 0, 0, '0'),
(136, '褚文静', 'S1127', '15947685830', 0, '121.205.215.247', 1436245048, '121.205.215.247', 1436245048, '121.205.215.247', 1436245048, 0, '123456', 0, '', '', 0, 0, '0'),
(137, '张敏', 'S1128', '13704746941', 0, '121.205.215.247', 1436245065, '121.205.215.247', 1436245065, '121.205.215.247', 1436245065, 0, '123456', 0, '', '', 0, 0, '0'),
(138, '郭文忠', 'S1129', '13084747683', 0, '121.205.215.247', 1436245086, '121.205.215.247', 1436245086, '121.205.215.247', 1436245086, 0, '123456', 0, '', '', 0, 0, '0'),
(139, '张晓宇', 'S1130', '13500645678', 0, '121.205.215.247', 1436245112, '121.205.215.247', 1436245112, '121.205.215.247', 1436245112, 0, '123456', 0, '', '', 0, 0, '0'),
(140, '李佳和', 'S1131', '15384745533', 0, '121.205.215.247', 1436245136, '121.205.215.247', 1436245136, '121.205.215.247', 1436245136, 0, '123456', 0, '', '', 0, 0, '0'),
(141, '王晶晶', 'S1132', '15014743936', 0, '121.205.215.247', 1436245158, '121.205.215.247', 1436245158, '121.205.215.247', 1436245158, 0, '123456', 0, '', '', 0, 0, '0'),
(142, '马泽宇', 'S1133', '18547105066', 0, '121.205.215.247', 1436245175, '121.205.215.247', 1436245175, '121.205.215.247', 1436245175, 0, '123456', 0, '', '', 0, 0, '0'),
(143, '郭荣荣', 'S1135', '15849416766', 0, '121.205.215.247', 1436245199, '121.205.215.247', 1436245199, '121.205.215.247', 1436245199, 0, '123456', 0, '', '', 0, 0, '0'),
(144, '张丽丝', 'S1136', '15847418393', 0, '121.205.215.247', 1436245215, '121.205.215.247', 1436245215, '121.205.215.247', 1436245215, 0, '123456', 0, '', '', 0, 0, '0'),
(145, '郎艳', 'S1137', '18504741106', 0, '121.205.215.247', 1436245236, '121.205.215.247', 1436245236, '121.205.215.247', 1436245236, 0, '123456', 0, '', '', 0, 0, '0'),
(146, '张晓龙', 'S1138', '13948593907', 0, '121.205.215.247', 1436245253, '121.205.215.247', 1436245253, '121.205.215.247', 1436245253, 0, '123456', 0, '', '', 0, 0, '0'),
(147, '黄东升', 'S1139', '15354838618', 0, '121.205.215.247', 1436245275, '121.205.215.247', 1436245275, '121.205.215.247', 1436245275, 0, '123456', 0, '', '', 0, 0, '0'),
(148, '曹志慧', 'S1140', '15124733417', 0, '121.205.215.247', 1436245297, '121.205.215.247', 1436245297, '121.205.215.247', 1436245297, 0, '123456', 0, '', '', 0, 0, '0'),
(149, '张鑫', 'S1141', '18047428520', 0, '121.205.215.247', 1436245312, '121.205.215.247', 1436245312, '121.205.215.247', 1436245312, 0, '123456', 0, '', '', 0, 0, '0'),
(150, '杨俊华', 'S1142', '15555523592', 0, '121.205.215.247', 1436245331, '121.205.215.247', 1436245331, '121.205.215.247', 1436245331, 0, '123456', 0, '', '', 0, 0, '0'),
(151, '雷乐元', 'S1143', '13214748420', 0, '121.205.215.247', 1436245349, '121.205.215.247', 1436245349, '121.205.215.247', 1436245349, 0, '123456', 0, '', '', 0, 0, '0'),
(152, '胥兰强', 'S1145', '15849417619', 0, '121.205.215.247', 1436245365, '121.205.215.247', 1436245365, '121.205.215.247', 1436245365, 0, '123456', 0, '', '', 0, 0, '0'),
(153, '池翠云', 'S1146', '15847443854', 0, '121.205.215.247', 1436245382, '121.205.215.247', 1436245382, '121.205.215.247', 1436245382, 0, '123456', 0, '', '', 0, 0, '0'),
(154, '薛强', 'S1148', '18604742452', 0, '121.205.215.247', 1436245407, '121.205.215.247', 1436245407, '121.205.215.247', 1436245407, 0, '123456', 0, '', '', 0, 0, '0'),
(155, '方芹霞', 'S0812', '13799640511', 0, '59.58.128.42', 1436321116, '59.58.128.42', 1436321116, '59.58.128.42', 1436321116, 0, '123456', 0, '', '', 0, 0, '0'),
(156, '林凌', 'S0871', '15928758720', 0, '59.58.128.42', 1436341748, '59.58.128.42', 1436341748, '59.58.128.42', 1436341748, 0, '123456', 0, '', '', 0, 0, '0'),
(157, '高蕾', 'S1229', '18647471334', 0, '59.58.128.42', 1436409022, '59.58.128.42', 1436409022, '59.58.128.42', 1436409022, 0, '123456', 0, '', '', 0, 0, '0'),
(158, '徐美凤', 'S1231', '15904889053', 0, '59.58.128.42', 1436409056, '59.58.128.42', 1436409056, '59.58.128.42', 1436409056, 0, '123456', 0, '', '', 0, 0, '0'),
(159, '武英英', 'S1232', '13171300725', 0, '59.58.128.42', 1436409087, '59.58.128.42', 1436409087, '59.58.128.42', 1436409087, 0, '123456', 0, '', '', 0, 0, '0'),
(160, '王宇', 'S1233', '18647479992', 0, '59.58.128.42', 1436409117, '59.58.128.42', 1436409117, '59.58.128.42', 1436409117, 0, '123456', 0, '', '', 0, 0, '0'),
(161, '何龙', 'S1235', '13488515043', 0, '59.58.128.42', 1436409151, '59.58.128.42', 1436409151, '59.58.128.42', 1436409151, 0, '123456', 0, '', '', 0, 0, '0'),
(162, '张晓霞', 'S1236', '15384745518', 0, '59.58.128.42', 1436409180, '59.58.128.42', 1436409180, '59.58.128.42', 1436409180, 0, '123456', 0, '', '', 0, 0, '0'),
(163, '崔雪英', 'S1237', '15004743559', 0, '59.58.128.42', 1436409205, '59.58.128.42', 1436409205, '59.58.128.42', 1436409205, 0, '123456', 0, '', '', 0, 0, '0'),
(164, '郭树清', 'S1240', '15754740006', 0, '59.58.128.42', 1436409233, '59.58.128.42', 1436409233, '59.58.128.42', 1436409233, 0, '123456', 0, '', '', 0, 0, '0'),
(166, '朱世宗', 'C0830', '18105947698', 0, '59.58.128.42', 1436434461, '59.58.128.42', 1436434461, '59.58.128.42', 1436434461, 0, '123456', 0, '', '', 0, 0, '0'),
(167, '陈光和', 'C0825', '15305946051', 0, '59.58.128.42', 1436434489, '59.58.128.42', 1436434489, '59.58.128.42', 1436434489, 0, '123456', 0, '', '', 0, 0, '0'),
(169, '李冰', 'C0836', '13915980413', 0, '59.58.128.42', 1436434551, '59.58.128.42', 1436434551, '59.58.128.42', 1436434551, 0, '123456', 0, '', '', 0, 0, '0'),
(170, '林建清', 'C0829', '18850986248', 0, '59.58.128.42', 1436434647, '59.58.128.42', 1436434647, '59.58.128.42', 1436434647, 0, '123456', 0, '', '', 0, 0, '0'),
(171, '姚淑敏', 'S1241', '13848441913', 0, '59.58.128.42', 1436498054, '59.58.128.42', 1436498054, '59.58.128.42', 1436498054, 0, '123456', 0, '', '', 0, 0, '0'),
(172, '李峰', 'S1245', '18847400465', 0, '222.77.227.65', 1436519203, '222.77.227.65', 1436519203, '222.77.227.65', 1436519203, 0, '123456', 0, '', '', 0, 0, '0'),
(173, '黄继元', 'S0822', '13599011941', 0, '59.58.128.42', 1436758772, '59.58.128.42', 1436758772, '59.58.128.42', 1436758772, 0, '123456', 0, '', '', 0, 0, '0'),
(174, '蔡耸华', 'S1239', '13704746903', 0, '110.85.70.219', 1436779829, '110.85.70.219', 1436779850, '110.85.70.219', 1436779829, 0, '123456', 0, '', '', 0, 0, '0'),
(175, '段缘', 'S1266', '13644749949', 0, '117.26.192.169', 1436842320, '117.26.192.169', 1436842320, '117.26.192.169', 1436842320, 0, '123456', 0, '', '', 0, 0, '0'),
(176, '曾秀芳', 'S0819', '13559382925', 0, '59.58.128.42', 1436842725, '59.58.128.42', 1437382916, '59.58.128.42', 1436842725, 0, '123456', 0, '', '', 0, 0, '0'),
(179, '杨德辉', 'S1255', '18504740006', 0, '117.26.192.169', 1436846530, '117.26.192.169', 1436846530, '117.26.192.169', 1436846530, 0, '123456', 0, '', '', 0, 0, '0'),
(180, '赵利惠', 'S1242', '15848474242', 0, '110.85.70.167', 1436922242, '110.85.70.167', 1436922341, '110.85.70.167', 1436922242, 0, '123456', 0, '', '', 0, 0, '0'),
(181, '李文成', 'S1243', '15849456658', 0, '110.85.70.167', 1436922259, '110.85.70.167', 1436922334, '110.85.70.167', 1436922259, 0, '123456', 0, '', '', 0, 0, '0'),
(182, '马春晖', 'S1246', '15384745511', 0, '110.85.70.167', 1436922292, '110.85.70.167', 1436922322, '110.85.70.167', 1436922292, 0, '123456', 0, '', '', 0, 0, '0'),
(183, '张俊丽', 'S1250', '18604740080', 0, '110.85.70.167', 1436922376, '110.85.70.167', 1436922376, '110.85.70.167', 1436922376, 0, '123456', 0, '', '', 0, 0, '0'),
(184, '郭逢雨', 'S1251', '15147470661', 0, '110.85.70.167', 1436922392, '110.85.70.167', 1436922392, '110.85.70.167', 1436922392, 0, '123456', 0, '', '', 0, 0, '0'),
(185, '张赛华', 'S0818', '15375940376', 0, '59.58.128.42', 1436922773, '59.58.128.42', 1436922773, '59.58.128.42', 1436922773, 0, '123456', 0, '', '', 0, 0, '0'),
(186, '郑奋东', 'S0810', '13799699407', 0, '59.58.128.42', 1436942725, '59.58.128.42', 1436942725, '59.58.128.42', 1436942725, 0, '123456', 0, '', '', 0, 0, '0'),
(187, '黄明德', 'S0811', '13859895157', 0, '59.58.128.42', 1436942766, '59.58.128.42', 1436942766, '59.58.128.42', 1436942766, 0, '123456', 0, '', '', 0, 0, '0'),
(188, '孙凌浩', 'S1252', '13394885551', 0, '110.85.114.198', 1437012158, '110.85.114.198', 1437012158, '110.85.114.198', 1437012158, 0, '123456', 0, '', '', 0, 0, '0'),
(189, '弓树繁', 'S1256', '15384745522', 0, '110.85.114.198', 1437012246, '110.85.114.198', 1437012246, '110.85.114.198', 1437012246, 0, '123456', 0, '', '', 0, 0, '0'),
(192, '何建杭', 'S0836', '18259174143', 0, '59.58.128.42', 1437636806, '59.58.128.42', 1437636806, '59.58.128.42', 1437636806, 0, '123456', 0, '', '', 0, 0, '0'),
(193, '蔡峰银', 'S0815', '13860935400', 0, '59.58.128.42', 1437636848, '59.58.128.42', 1437636848, '59.58.128.42', 1437636848, 0, '123456', 0, '', '', 0, 0, '0'),
(195, '吴文华', 'S0838', '13358524225', 0, '59.58.128.42', 1437638550, '59.58.128.42', 1437638550, '59.58.128.42', 1437638550, 0, '123456', 0, '', '', 0, 0, '0'),
(197, '陈宏爱', 'S0830', '18850951198', 0, '59.58.128.42', 1437710321, '59.58.128.42', 1437710321, '59.58.128.42', 1437710321, 0, '123456', 0, '', '', 0, 0, '0'),
(198, '陈洪如', 'S0839', '13959577690', 0, '59.58.128.42', 1438157036, '59.58.128.42', 1438157036, '59.58.128.42', 1438157036, 0, '123456', 0, '', '', 0, 0, '0'),
(199, '曾思霞', 'S0829', '15060300513', 0, '110.82.165.34', 1438221192, '110.82.165.34', 1438221192, '110.82.165.34', 1438221192, 0, '123456', 0, '', '', 0, 0, '0'),
(201, '杨瑞华', 'S0868', '15260930586', 0, '117.26.243.132', 1438586527, '117.26.243.132', 1438586527, '117.26.243.132', 1438586527, 0, '123456', 0, '', '', 0, 0, '0'),
(202, '林榕', 'S0813', '18965569056', 0, '59.58.128.42', 1439364937, '59.58.128.42', 1439364937, '59.58.128.42', 1439364937, 0, '123456', 0, '', '', 0, 0, '0'),
(204, '陈光耀', 'S0826', '18750091652', 0, '59.58.128.42', 1439780704, '59.58.128.42', 1439780704, '59.58.128.42', 1439780704, 0, '123456', 0, '', '', 0, 0, '0'),
(205, '林建清', 'S0831', '13706067813', 0, '59.58.128.42', 1439785505, '59.58.128.42', 1439785505, '59.58.128.42', 1439785505, 0, '123456', 0, '', '', 0, 0, '0'),
(206, '赵明义', 'NM104', '13674754527', 0, '27.153.240.140', 1439794888, '27.153.240.140', 1439794888, '27.153.240.140', 1439794888, 0, '123456', 0, '', '', 0, 0, '0'),
(207, '朱金凤', 'NM113', '15247102260', 0, '27.153.240.140', 1439794962, '27.153.240.140', 1439794962, '27.153.240.140', 1439794962, 0, '123456', 0, '', '', 0, 0, '0'),
(208, '潘月鲜', 'NM112', '13087111166', 0, '27.153.240.140', 1439795057, '27.153.240.140', 1439795057, '27.153.240.140', 1439795057, 0, '123456', 0, '', '', 0, 0, '0'),
(209, '张小强', 'NM115', '18241111138', 0, '27.153.240.140', 1439795113, '27.153.240.140', 1439795113, '27.153.240.140', 1439795113, 0, '123456', 0, '', '', 0, 0, '0'),
(210, '李国英', 'NM211', '15034956657', 0, '27.153.240.140', 1439795161, '27.153.240.140', 1439799915, '27.153.240.140', 1439795161, 0, '123456', 0, '', '', 0, 0, '0'),
(212, '麻晓婷', 'NM209', '13847183022', 0, '27.153.240.140', 1439795742, '27.153.240.140', 1439799931, '27.153.240.140', 1439795742, 0, '123456', 0, '', '', 0, 0, '0'),
(213, '董茗', 'NM2010', '15149740985', 0, '27.153.240.140', 1439795802, '27.153.240.140', 1439795802, '27.153.240.140', 1439795802, 0, '123456', 0, '', '', 0, 0, '0'),
(214, '张利军', 'NM216', '14747888504', 0, '27.153.240.140', 1439795840, '27.153.240.140', 1439799978, '27.153.240.140', 1439795840, 0, '123456', 0, '', '', 0, 0, '0'),
(215, '赵平小', 'NM208', '15949470045', 0, '27.153.240.140', 1439795875, '117.26.86.75', 1442053310, '27.153.240.140', 1439795875, 0, '123456', 0, '', '', 0, 0, '0'),
(216, '董芳', 'NM210', '15149740985', 0, '27.153.240.140', 1439799952, '27.153.240.140', 1439799952, '27.153.240.140', 1439799952, 0, '123456', 0, '', '', 0, 0, '0'),
(217, '黄健卫', 'NM206', '15849196251', 0, '27.153.240.140', 1439800014, '117.26.242.154', 1439967463, '27.153.240.140', 1439800014, 0, '123456', 0, '', '', 0, 0, '0'),
(218, '包晨明', 'NM203', '15247132201', 0, '27.153.240.140', 1439800033, '27.153.240.140', 1439800033, '27.153.240.140', 1439800033, 0, '123456', 0, '', '', 0, 0, '0'),
(219, '王丽', 'NM301', '13847178848', 0, '27.153.240.140', 1439800049, '222.77.212.213', 1442627473, '27.153.240.140', 1439800049, 0, '123456', 0, '', '', 0, 0, '0'),
(220, '李波', 'NM205', '15947717813', 0, '27.153.240.140', 1439800075, '27.153.240.140', 1439800075, '27.153.240.140', 1439800075, 0, '123456', 0, '', '', 0, 0, '0'),
(221, '刘素珍', 'NM207', '13674842196', 0, '27.153.240.140', 1439800098, '27.153.240.140', 1439800098, '27.153.240.140', 1439800098, 0, '123456', 0, '', '', 0, 0, '0'),
(222, '窦明霞', 'NM202', '18604888619', 0, '27.153.240.140', 1439800113, '27.153.240.140', 1439800113, '27.153.240.140', 1439800113, 0, '123456', 0, '', '', 0, 0, '0'),
(223, '郝三厚', 'NM204', '18847124399', 0, '27.153.240.140', 1439802624, '110.82.167.76', 1441866780, '27.153.240.140', 1439802624, 0, '123456', 0, '', '', 0, 0, '0'),
(224, '蔡秀英', 'S0820', '15080147398', 0, '59.58.128.42', 1439947048, '59.58.128.42', 1439947048, '59.58.128.42', 1439947048, 0, '123456', 0, '', '', 0, 0, '0'),
(225, '董怀军', 'NM001', '13327109212', 0, '27.153.240.140', 1439956368, '27.153.240.140', 1439956368, '27.153.240.140', 1439956368, 0, '123456', 0, '', '', 0, 0, '0'),
(226, '陈金华', 'NM002', '15304792727', 0, '27.153.240.140', 1439956395, '27.153.240.140', 1439956395, '27.153.240.140', 1439956395, 0, '123456', 0, '', '', 0, 0, '0'),
(227, '马海刚', 'NM114', '13384711135', 0, '117.26.242.154', 1439967436, '117.26.242.154', 1439967436, '117.26.242.154', 1439967436, 0, '123456', 0, '', '', 0, 0, '0'),
(228, '郑理政', 'S0835', '18750072321', 0, '59.58.128.42', 1440040445, '59.58.128.42', 1440040445, '59.58.128.42', 1440040445, 0, '123456', 0, '', '', 0, 0, '0'),
(229, '黄肖肖', 'S0845', '15959190032', 0, '59.58.128.42', 1440404862, '59.58.128.42', 1440404862, '59.58.128.42', 1440404862, 0, '123456', 0, '', '', 0, 0, '0'),
(230, '潘其乐', 'NM118', '15047143060', 0, '120.33.252.109', 1440640231, '120.33.252.109', 1440640231, '120.33.252.109', 1440640231, 0, '123456', 0, '', '', 0, 0, '0'),
(231, '杨鹭', 'C0810', '18159426920', 0, '120.33.252.109', 1440661030, '120.33.252.109', 1440661030, '120.33.252.109', 1440661030, 0, '123456', 10, 'h0anEFAwUY7JbbmW', 'b9342d0d6092cccde9a6c6bae0ca70a46da50819', 0, 0, '0'),
(232, '翁玲', 'S0840', '18650320184', 0, '59.58.128.42', 1441016730, '117.26.241.71', 1441069723, '59.58.128.42', 1441016730, 0, '123456', 0, '', '', 0, 0, '0'),
(233, '潘晓晨', 's0832', '13850267585', 0, '59.58.128.42', 1441696865, '59.58.128.42', 1441696865, '59.58.128.42', 1441696865, 0, '123456', 0, '', '', 0, 0, '0'),
(234, '曹雅璐', 'NM116', '18748175818', 0, '110.82.167.76', 1441855566, '110.82.167.76', 1441855566, '110.82.167.76', 1441855566, 0, '123456', 0, '', '', 0, 0, '0'),
(235, '郑雅萍', 'NM117', '13451318151', 0, '110.82.167.76', 1441855613, '110.82.167.76', 1441855613, '110.82.167.76', 1441855613, 0, '123456', 0, '', '', 0, 0, '0'),
(236, '蔡剑飞', 's0848', '13666037753', 0, '59.58.128.42', 1441871717, '59.58.128.42', 1441871717, '59.58.128.42', 1441871717, 0, '123456', 0, '', '', 0, 0, '0'),
(237, '林向红', 's0809', '13799688269', 0, '59.58.128.42', 1441934949, '59.58.128.42', 1441934949, '59.58.128.42', 1441934949, 0, '123456', 0, '', '', 0, 0, '0'),
(238, '黄爱武', 's0821', '13607522072', 0, '59.58.128.42', 1441935905, '59.58.128.42', 1441935905, '59.58.128.42', 1441935905, 0, '123456', 0, '', '', 0, 0, '0'),
(239, '林剑波', 's0833', '13860979899', 0, '59.58.128.42', 1441936016, '59.58.128.42', 1441936016, '59.58.128.42', 1441936016, 0, '123456', 0, '', '', 0, 0, '0'),
(240, '林雪梅', 's0846', '13626929711', 0, '59.58.128.42', 1441936082, '59.58.128.42', 1441936082, '59.58.128.42', 1441936082, 0, '123456', 0, '', '', 0, 0, '0'),
(241, '陈彩霞', 'C0809', '18005948060', 0, '59.58.128.42', 1441957171, '59.58.128.42', 1441957171, '59.58.128.42', 1441957171, 0, '123456', 0, '', '', 0, 0, '0'),
(242, '李娜', 'NM212', '15849109275', 0, '140.237.11.168', 1442195696, '140.237.11.168', 1442195696, '140.237.11.168', 1442195696, 0, '123456', 0, '', '', 0, 0, '0'),
(243, '吕小龙', 'NM213', '13074738830', 0, '140.237.11.168', 1442195722, '140.237.11.168', 1442195722, '140.237.11.168', 1442195722, 0, '123456', 0, '', '', 0, 0, '0'),
(244, '于静', 'NM214', '18947104858', 0, '140.237.11.168', 1442196137, '140.237.11.168', 1442196137, '140.237.11.168', 1442196137, 0, '123456', 0, '', '', 0, 0, '0'),
(245, '杨雪敏', 'NM215', '13384892392', 0, '140.237.11.168', 1442196574, '140.237.11.168', 1442196574, '140.237.11.168', 1442196574, 0, '123456', 0, '', '', 0, 0, '0'),
(246, '姜雪娇', 'NM217', '15326091152', 0, '140.237.11.168', 1442196598, '140.237.11.168', 1442196598, '140.237.11.168', 1442196598, 0, '123456', 0, '', '', 0, 0, '0'),
(247, '王利敏', 'NM218', '15754865150', 0, '140.237.11.168', 1442202249, '140.237.11.168', 1442202249, '140.237.11.168', 1442202249, 0, '123456', 0, '', '', 0, 0, '0'),
(248, '徐丽婷', 'S0862', '18720933092', 0, '59.58.128.42', 1442214591, '59.58.128.42', 1442214591, '59.58.128.42', 1442214591, 0, '123456', 0, '', '', 0, 0, '0'),
(249, '林宁', 'S1087', '15080177750', 0, '59.58.128.42', 1442214658, '59.58.128.42', 1442214658, '59.58.128.42', 1442214658, 0, '123456', 0, '', '', 0, 0, '0'),
(250, '严琳琳', 'S0816', '13607527966', 0, '59.58.128.42', 1442214736, '59.58.128.42', 1442214736, '59.58.128.42', 1442214736, 0, '123456', 0, '', '', 0, 0, '0'),
(251, '张燕花', 'S0842', '13194444457', 0, '59.58.128.42', 1442214865, '59.58.128.42', 1442214865, '59.58.128.42', 1442214865, 0, '123456', 0, '', '', 0, 0, '0'),
(252, '林建聪', 'S0867', '13799662162', 0, '59.58.128.42', 1442395687, '59.58.128.42', 1442395687, '59.58.128.42', 1442395687, 0, '123456', 0, '', '', 0, 0, '0'),
(253, '王爱', 'NM201', '18047182554', 0, '222.77.212.213', 1442627728, '222.77.212.213', 1442627990, '222.77.212.213', 1442627728, 0, '123456', 0, '', '', 0, 0, '0'),
(254, '陈国雯', 'NM111', '15847757050', 0, '222.77.212.213', 1442632662, '222.77.212.213', 1442632662, '222.77.212.213', 1442632662, 0, '123456', 0, '', '', 0, 0, '0'),
(255, '谭国强', 'NM219', '13029504100', 0, '222.77.212.213', 1442632690, '222.77.212.213', 1442632690, '222.77.212.213', 1442632690, 0, '123456', 0, '', '', 0, 0, '0'),
(256, '吴志斌', 'S0968', '13905947375', 0, '59.58.128.42', 1442796714, '59.58.128.42', 1442817528, '59.58.128.42', 1442796714, 0, '123456', 0, 'h0anEFAwUY7JbbmW', 'b9342d0d6092cccde9a6c6bae0ca70a46da50819', 0, 0, '0'),
(257, '陈伟正', 'S0827', '18705043621', 0, '59.58.128.42', 1442802778, '59.58.128.42', 1442802778, '59.58.128.42', 1442802778, 0, '123456', 0, '', '', 0, 0, '0'),
(258, '林晨霞', 'S0841', '18350267909', 0, '59.58.128.42', 1442828528, '59.58.128.42', 1442828528, '59.58.128.42', 1442828528, 0, '123456', 0, '', '', 0, 0, '0'),
(259, '邱陶楠', 'S0828', '13850241323', 0, '59.58.128.42', 1442886022, '59.58.128.42', 1442886022, '59.58.128.42', 1442886022, 0, '123456', 0, '', '', 0, 0, '0'),
(260, '郑志敏', 'S0837', '13615993226', 0, '59.58.128.42', 1442910293, '59.58.128.42', 1442910293, '59.58.128.42', 1442910293, 0, '123456', 0, '', '', 0, 0, '0'),
(261, '陈文斌', 'S0853', '15260828778', 0, '59.58.128.42', 1443145004, '59.58.128.42', 1443145004, '59.58.128.42', 1443145004, 0, '123456', 0, '', '', 0, 0, '0'),
(262, '胡慧娟', 'NM220', '18698408728', 0, '27.153.221.219', 1443153018, '27.153.221.219', 1443153018, '27.153.221.219', 1443153018, 0, '123456', 0, '', '', 0, 0, '0'),
(263, '温海洋', 'NM302', '15124707079', 0, '27.153.221.219', 1443153115, '27.153.221.219', 1443153115, '27.153.221.219', 1443153115, 0, '123456', 0, '', '', 0, 0, '0'),
(264, '赵建文', 'NM303', '15248103931', 0, '27.153.221.219', 1443153154, '27.153.221.219', 1443153154, '27.153.221.219', 1443153154, 0, '123456', 0, '', '', 0, 0, '0'),
(265, '段罗娜', 'NM304', '17704889892', 0, '27.153.221.219', 1443153205, '27.153.221.219', 1443153205, '27.153.221.219', 1443153205, 0, '123456', 0, '', '', 0, 0, '0'),
(266, '玮玮', 'NM305', '18847137170', 0, '27.153.221.219', 1443153242, '27.153.221.219', 1443153242, '27.153.221.219', 1443153242, 0, '123456', 0, '', '', 0, 0, '0'),
(267, '吕碧红', 'S0843', '13959593312', 0, '59.58.128.42', 1443163897, '59.58.128.42', 1443163897, '59.58.128.42', 1443163897, 0, '123456', 0, '', '', 0, 0, '0'),
(268, '杨滢', 'NM119', '13488517038', 0, '110.85.74.162', 1443233891, '110.85.74.162', 1443233891, '110.85.74.162', 1443233891, 0, '123456', 0, '', '', 0, 0, '0'),
(269, '于梅', 'S0897', '15255293278', 0, '110.82.164.185', 1443425059, '110.82.164.185', 1443425059, '110.82.164.185', 1443425059, 0, '123456', 0, '', '', 0, 0, '0'),
(270, '林梅钦', 'S0847', '13599863241', 0, '59.58.128.42', 1443490953, '59.58.128.42', 1443490953, '59.58.128.42', 1443490953, 0, '123456', 0, '', '', 0, 0, '0'),
(271, '朱冷冷', 'S0998', '15080357426', 0, '59.58.128.42', 1443492803, '59.58.128.42', 1443492803, '59.58.128.42', 1443492803, 0, '123456', 0, '', '', 0, 0, '0'),
(272, '朱景修', 'HJMT8', '18850911766', 0, '59.58.128.42', 1468492803, '59.58.128.42', 1468496803, '59.58.128.42', 1468496803, 0, '123456', 0, '', '', 0, 0, '0'),
(273, '朱景修', 'C1000', '18850911766', 0, '59.58.128.42', 1468492803, '59.58.128.42', 1468496803, '59.58.128.42', 1468496803, 0, '123456', 0, 'h0anEFAwUY7JbbmW', 'b9342d0d6092cccde9a6c6bae0ca70a46da50819', 0, 0, '0');

--
-- Indexes for dumped tables
--

--
-- Indexes for table `gd_article`
--
ALTER TABLE `gd_article`
  ADD PRIMARY KEY (`article_id`);

--
-- Indexes for table `gd_article_category`
--
ALTER TABLE `gd_article_category`
  ADD PRIMARY KEY (`category_id`);

--
-- Indexes for table `gd_cron_job`
--
ALTER TABLE `gd_cron_job`
  ADD PRIMARY KEY (`job_id`);

--
-- Indexes for table `gd_cron_schedule`
--
ALTER TABLE `gd_cron_schedule`
  ADD PRIMARY KEY (`schedule_id`),
  ADD KEY `task_name` (`job_code`),
  ADD KEY `scheduled_at` (`scheduled_at`,`status`);

--
-- Indexes for table `gd_customer`
--
ALTER TABLE `gd_customer`
  ADD PRIMARY KEY (`customer_id`);

--
-- Indexes for table `gd_customer_apply`
--
ALTER TABLE `gd_customer_apply`
  ADD PRIMARY KEY (`apply_id`);

--
-- Indexes for table `gd_customer_group`
--
ALTER TABLE `gd_customer_group`
  ADD PRIMARY KEY (`group_id`);

--
-- Indexes for table `gd_customer_history`
--
ALTER TABLE `gd_customer_history`
  ADD PRIMARY KEY (`history_id`);

--
-- Indexes for table `gd_customer_stock`
--
ALTER TABLE `gd_customer_stock`
  ADD PRIMARY KEY (`stock_id`);

--
-- Indexes for table `gd_golden_price`
--
ALTER TABLE `gd_golden_price`
  ADD PRIMARY KEY (`id`);

--
-- Indexes for table `gd_golden_today`
--
ALTER TABLE `gd_golden_today`
  ADD KEY `date` (`date`),
  ADD KEY `updatetime` (`updatetime`);

--
-- Indexes for table `gd_node`
--
ALTER TABLE `gd_node`
  ADD PRIMARY KEY (`node_id`);

--
-- Indexes for table `gd_project_file`
--
ALTER TABLE `gd_project_file`
  ADD PRIMARY KEY (`file_id`);

--
-- Indexes for table `gd_project_investing`
--
ALTER TABLE `gd_project_investing`
  ADD PRIMARY KEY (`project_id`);

--
-- Indexes for table `gd_project_investing_history`
--
ALTER TABLE `gd_project_investing_history`
  ADD PRIMARY KEY (`history_id`);

--
-- Indexes for table `gd_project_investing_status`
--
ALTER TABLE `gd_project_investing_status`
  ADD PRIMARY KEY (`status_id`);

--
-- Indexes for table `gd_project_period`
--
ALTER TABLE `gd_project_period`
  ADD PRIMARY KEY (`period_id`);

--
-- Indexes for table `gd_project_recycling`
--
ALTER TABLE `gd_project_recycling`
  ADD PRIMARY KEY (`project_id`);

--
-- Indexes for table `gd_project_recycling_history`
--
ALTER TABLE `gd_project_recycling_history`
  ADD PRIMARY KEY (`history_id`);

--
-- Indexes for table `gd_project_recycling_status`
--
ALTER TABLE `gd_project_recycling_status`
  ADD PRIMARY KEY (`status_id`);

--
-- Indexes for table `gd_project_stock`
--
ALTER TABLE `gd_project_stock`
  ADD PRIMARY KEY (`stock_id`);

--
-- Indexes for table `gd_project_track`
--
ALTER TABLE `gd_project_track`
  ADD PRIMARY KEY (`track_id`);

--
-- Indexes for table `gd_project_trash`
--
ALTER TABLE `gd_project_trash`
  ADD PRIMARY KEY (`trash_id`);

--
-- Indexes for table `gd_sessions`
--
ALTER TABLE `gd_sessions`
  ADD KEY `ci_sessions_timestamp` (`timestamp`);

--
-- Indexes for table `gd_setting`
--
ALTER TABLE `gd_setting`
  ADD PRIMARY KEY (`setting_id`,`code`),
  ADD KEY `option_name` (`code`),
  ADD KEY `auto_load` (`initial`);

--
-- Indexes for table `gd_worker`
--
ALTER TABLE `gd_worker`
  ADD PRIMARY KEY (`id`);

--
-- Indexes for table `gd_worker_activity`
--
ALTER TABLE `gd_worker_activity`
  ADD PRIMARY KEY (`activity_id`);

--
-- Indexes for table `gd_worker_attempt`
--
ALTER TABLE `gd_worker_attempt`
  ADD PRIMARY KEY (`id`);

--
-- Indexes for table `gd_worker_company`
--
ALTER TABLE `gd_worker_company`
  ADD PRIMARY KEY (`company_id`);

--
-- Indexes for table `gd_worker_group`
--
ALTER TABLE `gd_worker_group`
  ADD PRIMARY KEY (`id`);

--
-- Indexes for table `gd_worker_notify`
--
ALTER TABLE `gd_worker_notify`
  ADD PRIMARY KEY (`notify_id`);

--
-- Indexes for table `gd_worker_rel`
--
ALTER TABLE `gd_worker_rel`
  ADD PRIMARY KEY (`id`),
  ADD UNIQUE KEY `uc_users_groups` (`worker_id`,`group_id`),
  ADD KEY `fk_users_groups_users1_idx` (`worker_id`),
  ADD KEY `fk_users_groups_groups1_idx` (`group_id`);

--
-- Indexes for table `gd_work_num`
--
ALTER TABLE `gd_work_num`
  ADD PRIMARY KEY (`num_id`),
  ADD UNIQUE KEY `num_id` (`num_id`) USING BTREE,
  ADD KEY `block_status` (`block_status`),
  ADD KEY `numinfo` (`numinfo`) USING BTREE,
  ADD KEY `realname` (`realname`) USING BTREE;

--
-- 在导出的表使用AUTO_INCREMENT
--

--
-- 使用表AUTO_INCREMENT `gd_article`
--
ALTER TABLE `gd_article`
  MODIFY `article_id` int(11) NOT NULL AUTO_INCREMENT, AUTO_INCREMENT=4;
--
-- 使用表AUTO_INCREMENT `gd_article_category`
--
ALTER TABLE `gd_article_category`
  MODIFY `category_id` int(11) NOT NULL AUTO_INCREMENT, AUTO_INCREMENT=4;
--
-- 使用表AUTO_INCREMENT `gd_cron_job`
--
ALTER TABLE `gd_cron_job`
  MODIFY `job_id` int(11) NOT NULL AUTO_INCREMENT, AUTO_INCREMENT=4;
--
-- 使用表AUTO_INCREMENT `gd_cron_schedule`
--
ALTER TABLE `gd_cron_schedule`
  MODIFY `schedule_id` int(10) UNSIGNED NOT NULL AUTO_INCREMENT;
--
-- 使用表AUTO_INCREMENT `gd_customer`
--
ALTER TABLE `gd_customer`
  MODIFY `customer_id` int(11) NOT NULL AUTO_INCREMENT, AUTO_INCREMENT=11;
--
-- 使用表AUTO_INCREMENT `gd_customer_apply`
--
ALTER TABLE `gd_customer_apply`
  MODIFY `apply_id` int(11) NOT NULL AUTO_INCREMENT, AUTO_INCREMENT=4;
--
-- 使用表AUTO_INCREMENT `gd_customer_group`
--
ALTER TABLE `gd_customer_group`
  MODIFY `group_id` int(11) NOT NULL AUTO_INCREMENT, AUTO_INCREMENT=5;
--
-- 使用表AUTO_INCREMENT `gd_customer_history`
--
ALTER TABLE `gd_customer_history`
  MODIFY `history_id` int(11) NOT NULL AUTO_INCREMENT, AUTO_INCREMENT=6;
--
-- 使用表AUTO_INCREMENT `gd_customer_stock`
--
ALTER TABLE `gd_customer_stock`
  MODIFY `stock_id` int(11) NOT NULL AUTO_INCREMENT, AUTO_INCREMENT=8;
--
-- 使用表AUTO_INCREMENT `gd_golden_price`
--
ALTER TABLE `gd_golden_price`
  MODIFY `id` int(11) NOT NULL AUTO_INCREMENT, AUTO_INCREMENT=36;
--
-- 使用表AUTO_INCREMENT `gd_node`
--
ALTER TABLE `gd_node`
  MODIFY `node_id` int(11) NOT NULL AUTO_INCREMENT, AUTO_INCREMENT=129;
--
-- 使用表AUTO_INCREMENT `gd_project_file`
--
ALTER TABLE `gd_project_file`
  MODIFY `file_id` int(11) NOT NULL AUTO_INCREMENT, AUTO_INCREMENT=5;
--
-- 使用表AUTO_INCREMENT `gd_project_investing`
--
ALTER TABLE `gd_project_investing`
  MODIFY `project_id` int(11) NOT NULL AUTO_INCREMENT, AUTO_INCREMENT=2;
--
-- 使用表AUTO_INCREMENT `gd_project_investing_history`
--
ALTER TABLE `gd_project_investing_history`
  MODIFY `history_id` int(11) NOT NULL AUTO_INCREMENT, AUTO_INCREMENT=5;
--
-- 使用表AUTO_INCREMENT `gd_project_investing_status`
--
ALTER TABLE `gd_project_investing_status`
  MODIFY `status_id` int(11) NOT NULL AUTO_INCREMENT, AUTO_INCREMENT=7;
--
-- 使用表AUTO_INCREMENT `gd_project_period`
--
ALTER TABLE `gd_project_period`
  MODIFY `period_id` int(11) NOT NULL AUTO_INCREMENT, AUTO_INCREMENT=4;
--
-- 使用表AUTO_INCREMENT `gd_project_recycling`
--
ALTER TABLE `gd_project_recycling`
  MODIFY `project_id` int(11) NOT NULL AUTO_INCREMENT, AUTO_INCREMENT=5;
--
-- 使用表AUTO_INCREMENT `gd_project_recycling_history`
--
ALTER TABLE `gd_project_recycling_history`
  MODIFY `history_id` int(11) NOT NULL AUTO_INCREMENT, AUTO_INCREMENT=15;
--
-- 使用表AUTO_INCREMENT `gd_project_recycling_status`
--
ALTER TABLE `gd_project_recycling_status`
  MODIFY `status_id` int(11) NOT NULL AUTO_INCREMENT, AUTO_INCREMENT=7;
--
-- 使用表AUTO_INCREMENT `gd_project_stock`
--
ALTER TABLE `gd_project_stock`
  MODIFY `stock_id` int(11) NOT NULL AUTO_INCREMENT, AUTO_INCREMENT=5;
--
-- 使用表AUTO_INCREMENT `gd_project_track`
--
ALTER TABLE `gd_project_track`
  MODIFY `track_id` int(11) NOT NULL AUTO_INCREMENT;
--
-- 使用表AUTO_INCREMENT `gd_project_trash`
--
ALTER TABLE `gd_project_trash`
  MODIFY `trash_id` int(11) NOT NULL AUTO_INCREMENT;
--
-- 使用表AUTO_INCREMENT `gd_setting`
--
ALTER TABLE `gd_setting`
  MODIFY `setting_id` int(11) UNSIGNED NOT NULL AUTO_INCREMENT, AUTO_INCREMENT=46;
--
-- 使用表AUTO_INCREMENT `gd_worker`
--
ALTER TABLE `gd_worker`
  MODIFY `id` int(11) UNSIGNED NOT NULL AUTO_INCREMENT, AUTO_INCREMENT=228;
--
-- 使用表AUTO_INCREMENT `gd_worker_activity`
--
ALTER TABLE `gd_worker_activity`
  MODIFY `activity_id` int(11) NOT NULL AUTO_INCREMENT, AUTO_INCREMENT=6;
--
-- 使用表AUTO_INCREMENT `gd_worker_attempt`
--
ALTER TABLE `gd_worker_attempt`
  MODIFY `id` int(11) UNSIGNED NOT NULL AUTO_INCREMENT, AUTO_INCREMENT=8;
--
-- 使用表AUTO_INCREMENT `gd_worker_company`
--
ALTER TABLE `gd_worker_company`
  MODIFY `company_id` int(11) NOT NULL AUTO_INCREMENT, AUTO_INCREMENT=3;
--
-- 使用表AUTO_INCREMENT `gd_worker_group`
--
ALTER TABLE `gd_worker_group`
  MODIFY `id` mediumint(8) UNSIGNED NOT NULL AUTO_INCREMENT, AUTO_INCREMENT=7;
--
-- 使用表AUTO_INCREMENT `gd_worker_notify`
--
ALTER TABLE `gd_worker_notify`
  MODIFY `notify_id` int(11) NOT NULL AUTO_INCREMENT, AUTO_INCREMENT=9;
--
-- 使用表AUTO_INCREMENT `gd_worker_rel`
--
ALTER TABLE `gd_worker_rel`
  MODIFY `id` int(11) UNSIGNED NOT NULL AUTO_INCREMENT, AUTO_INCREMENT=467;
--
-- 使用表AUTO_INCREMENT `gd_work_num`
--
ALTER TABLE `gd_work_num`
  MODIFY `num_id` int(11) UNSIGNED NOT NULL AUTO_INCREMENT COMMENT '工号id', AUTO_INCREMENT=274;
--
-- 限制导出的表
--

--
-- 限制表 `gd_worker_rel`
--
ALTER TABLE `gd_worker_rel`
  ADD CONSTRAINT `fk_users_groups_groups1` FOREIGN KEY (`group_id`) REFERENCES `gd_worker_group` (`id`) ON DELETE CASCADE ON UPDATE NO ACTION,
  ADD CONSTRAINT `fk_users_groups_users1` FOREIGN KEY (`worker_id`) REFERENCES `gd_worker` (`id`) ON DELETE CASCADE ON UPDATE NO ACTION;

/*!40101 SET CHARACTER_SET_CLIENT=@OLD_CHARACTER_SET_CLIENT */;
/*!40101 SET CHARACTER_SET_RESULTS=@OLD_CHARACTER_SET_RESULTS */;
/*!40101 SET COLLATION_CONNECTION=@OLD_COLLATION_CONNECTION */;
