-- phpMyAdmin SQL Dump
-- version phpStudy 2014
-- http://www.phpmyadmin.net
--
-- ä¸»æœº: localhost
-- ç”Ÿæˆæ—¥æœŸ: 2016 å¹?08 æœ?31 æ—?00:58
-- æœåŠ¡å™¨ç‰ˆæœ¬: 5.5.47
-- PHP ç‰ˆæœ¬: 5.5.30

SET SQL_MODE="NO_AUTO_VALUE_ON_ZERO";
SET time_zone = "+00:00";


/*!40101 SET @OLD_CHARACTER_SET_CLIENT=@@CHARACTER_SET_CLIENT */;
/*!40101 SET @OLD_CHARACTER_SET_RESULTS=@@CHARACTER_SET_RESULTS */;
/*!40101 SET @OLD_COLLATION_CONNECTION=@@COLLATION_CONNECTION */;
/*!40101 SET NAMES utf8 */;

--
-- æ•°æ®åº“: `golden`
--

-- --------------------------------------------------------

--
-- è¡¨çš„ç»“æ„ `gd_article`
--

CREATE TABLE IF NOT EXISTS `gd_article` (
  `article_id` int(11) NOT NULL AUTO_INCREMENT,
  `category_id` int(11) NOT NULL DEFAULT '0',
  `title` varchar(128) COLLATE utf8_unicode_ci DEFAULT NULL,
  `text` text COLLATE utf8_unicode_ci,
  `is_top` tinyint(4) NOT NULL DEFAULT '0',
  `status` tinyint(4) NOT NULL DEFAULT '1',
  `author_id` int(11) NOT NULL DEFAULT '0',
  `addtime` int(11) NOT NULL,
  PRIMARY KEY (`article_id`)
) ENGINE=InnoDB  DEFAULT CHARSET=utf8 COLLATE=utf8_unicode_ci AUTO_INCREMENT=4 ;

--
-- è½¬å­˜è¡¨ä¸­çš„æ•°æ® `gd_article`
--

INSERT INTO `gd_article` (`article_id`, `category_id`, `title`, `text`, `is_top`, `status`, `author_id`, `addtime`) VALUES
(1, 1, 'è¿™æ˜¯ä¸€ç¯‡æµ‹è¯•æ–‡ç« ', '&lt;p&gt;è¿™æ˜¯æµ‹è¯•å†…å®¹&lt;/p&gt;&lt;ol class=&quot; list-paddingleft-2&quot; style=&quot;list-style-type: decimal;&quot;&gt;&lt;li&gt;&lt;p&gt;æµ‹è¯•1&lt;/p&gt;&lt;/li&gt;&lt;li&gt;&lt;p&gt;æµ‹è¯•2&lt;/p&gt;&lt;/li&gt;&lt;li&gt;&lt;p&gt;æµ‹è¯•3&lt;br/&gt;&lt;/p&gt;&lt;/li&gt;&lt;/ol&gt;', 0, 1, 1, 1471337030),
(2, 2, 'é’±ç”Ÿé‡‘ç›¸å…³åè®®', '&lt;p&gt;é’±ç”Ÿé‡‘ç›¸å…³åè®®&lt;/p&gt;&lt;ul class=&quot; list-paddingleft-2&quot; style=&quot;list-style-type: disc;&quot;&gt;&lt;li&gt;&lt;p&gt;ç¬¬ä¸€æ¡&lt;/p&gt;&lt;/li&gt;&lt;li&gt;&lt;p&gt;ç¬¬äºŒæ¡&lt;/p&gt;&lt;/li&gt;&lt;li&gt;&lt;p&gt;ç¬¬ä¸‰æ¡&lt;/p&gt;&lt;/li&gt;&lt;li&gt;&lt;p&gt;ç¬¬å››æ¡&lt;/p&gt;&lt;/li&gt;&lt;li&gt;&lt;p&gt;ç¬¬äº”æ¡&lt;br/&gt;&lt;/p&gt;&lt;/li&gt;&lt;/ul&gt;', 0, 1, 1, 1471337324),
(3, 2, 'é‡‘ç”Ÿé‡‘åè®®', '&lt;p&gt;é‡‘ç”Ÿé‡‘åè®®&lt;/p&gt;&lt;ol class=&quot; list-paddingleft-2&quot; style=&quot;list-style-type: decimal;&quot;&gt;&lt;li&gt;&lt;p&gt;åè®®å†…å®¹1&lt;/p&gt;&lt;/li&gt;&lt;li&gt;&lt;p&gt;åè®®å†…å®¹2&lt;/p&gt;&lt;/li&gt;&lt;li&gt;&lt;p&gt;ã€‚ã€‚ã€‚&lt;br/&gt;&lt;/p&gt;&lt;/li&gt;&lt;/ol&gt;', 0, 1, 1, 1471422878);

-- --------------------------------------------------------

--
-- è¡¨çš„ç»“æ„ `gd_article_category`
--

CREATE TABLE IF NOT EXISTS `gd_article_category` (
  `category_id` int(11) NOT NULL AUTO_INCREMENT,
  `code` varchar(32) COLLATE utf8_unicode_ci NOT NULL,
  `title` varchar(128) COLLATE utf8_unicode_ci DEFAULT NULL,
  `is_admin` tinyint(4) NOT NULL DEFAULT '0',
  `status` tinyint(4) NOT NULL DEFAULT '1',
  `worker_id` int(11) NOT NULL DEFAULT '0',
  `addtime` int(11) NOT NULL DEFAULT '0',
  PRIMARY KEY (`category_id`)
) ENGINE=InnoDB  DEFAULT CHARSET=utf8 COLLATE=utf8_unicode_ci AUTO_INCREMENT=4 ;

--
-- è½¬å­˜è¡¨ä¸­çš„æ•°æ® `gd_article_category`
--

INSERT INTO `gd_article_category` (`category_id`, `code`, `title`, `is_admin`, `status`, `worker_id`, `addtime`) VALUES
(1, 'daily', 'æ¯æ—¥é‡‘è¯„', 0, 1, 1, 1470088332),
(2, 'privacy', 'æ¡æ¬¾åè®®', 0, 1, 1, 1470088332),
(3, 'news', 'æ–°é—»', 0, 1, 1, 1471174877);

-- --------------------------------------------------------

--
-- è¡¨çš„ç»“æ„ `gd_customer`
--

CREATE TABLE IF NOT EXISTS `gd_customer` (
  `customer_id` int(11) NOT NULL AUTO_INCREMENT,
  `realname` varchar(32) COLLATE utf8_unicode_ci NOT NULL,
  `phone` varchar(16) COLLATE utf8_unicode_ci NOT NULL,
  `idnumber` char(18) COLLATE utf8_unicode_ci NOT NULL,
  `wechat` varchar(64) COLLATE utf8_unicode_ci NOT NULL,
  `qq` char(12) COLLATE utf8_unicode_ci DEFAULT NULL,
  `status` tinyint(1) NOT NULL DEFAULT '1',
  `referrer_id` varchar(32) COLLATE utf8_unicode_ci NOT NULL,
  `worker_id` int(11) NOT NULL DEFAULT '0',
  `addtime` int(11) NOT NULL DEFAULT '0',
  `lasttime` int(11) NOT NULL DEFAULT '0',
  PRIMARY KEY (`customer_id`)
) ENGINE=InnoDB  DEFAULT CHARSET=utf8 COLLATE=utf8_unicode_ci AUTO_INCREMENT=4 ;

--
-- è½¬å­˜è¡¨ä¸­çš„æ•°æ® `gd_customer`
--

INSERT INTO `gd_customer` (`customer_id`, `realname`, `phone`, `idnumber`, `wechat`, `qq`, `status`, `referrer_id`, `worker_id`, `addtime`, `lasttime`) VALUES
(2, 'æ™¯ä¿®', '18850911766', '321245198905080904', '', NULL, 1, '2', 5, 1472552472, 1472552472),
(3, 'æœ±é™', '18959506595', '321324199008080808', '', NULL, 1, '2', 5, 1472559583, 1472559583);

-- --------------------------------------------------------

--
-- è¡¨çš„ç»“æ„ `gd_customer_stock`
--

CREATE TABLE IF NOT EXISTS `gd_customer_stock` (
  `stock_id` int(11) NOT NULL AUTO_INCREMENT,
  `customer_id` int(11) NOT NULL,
  `mode` enum('in','out','profit','free') COLLATE utf8_unicode_ci NOT NULL DEFAULT 'profit',
  `project_sn` char(18) COLLATE utf8_unicode_ci NOT NULL,
  `weight` decimal(13,2) NOT NULL DEFAULT '0.00',
  `note` text COLLATE utf8_unicode_ci,
  `worker_id` int(11) NOT NULL DEFAULT '0',
  `addtime` int(11) NOT NULL DEFAULT '0',
  PRIMARY KEY (`stock_id`)
) ENGINE=InnoDB  DEFAULT CHARSET=utf8 COLLATE=utf8_unicode_ci AUTO_INCREMENT=2 ;

--
-- è½¬å­˜è¡¨ä¸­çš„æ•°æ® `gd_customer_stock`
--

INSERT INTO `gd_customer_stock` (`stock_id`, `customer_id`, `mode`, `project_sn`, `weight`, `note`, `worker_id`, `addtime`) VALUES
(1, 3, 'in', 'GR1608307502051943', '10.00', 'é¡¹ç›®å­˜é‡‘10.00å…‹', 7, 1472575739);

-- --------------------------------------------------------

--
-- è¡¨çš„ç»“æ„ `gd_golden_price`
--

CREATE TABLE IF NOT EXISTS `gd_golden_price` (
  `id` int(11) NOT NULL AUTO_INCREMENT,
  `date` date NOT NULL,
  `type` varchar(32) COLLATE utf8_unicode_ci DEFAULT NULL,
  `typename` varchar(32) COLLATE utf8_unicode_ci DEFAULT NULL,
  `price` decimal(8,2) NOT NULL DEFAULT '0.00',
  `addtime` int(11) NOT NULL DEFAULT '0',
  PRIMARY KEY (`id`)
) ENGINE=InnoDB  DEFAULT CHARSET=utf8 COLLATE=utf8_unicode_ci AUTO_INCREMENT=29 ;

--
-- è½¬å­˜è¡¨ä¸­çš„æ•°æ® `gd_golden_price`
--

INSERT INTO `gd_golden_price` (`id`, `date`, `type`, `typename`, `price`, `addtime`) VALUES
(1, '2016-08-25', 'Au99.99', 'æ²ªé‡‘99', '284.89', 1472186901),
(2, '2016-08-22', 'Au99.99', ' æ²ªé‡‘99', '286.36', 1471234567),
(3, '2016-08-23', 'Au99.99', ' æ²ªé‡‘99', '286.82', 1471234567),
(4, '2016-08-24', 'Au99.99', ' æ²ªé‡‘99', '286.70', 1471234567),
(6, '2016-08-19', 'Au99.99', ' æ²ªé‡‘99', '288.20', 1471234567),
(7, '2016-08-18', 'Au99.99', ' æ²ªé‡‘99', '288.87', 1471234567),
(8, '2016-08-17', 'Au99.99', ' æ²ªé‡‘99', '286.79', 1471234567),
(9, '2016-08-16', 'Au99.99', ' æ²ªé‡‘99', '287.98', 1471234567),
(10, '2016-08-15', 'Au99.99', ' æ²ªé‡‘99', '287.35', 1471234567),
(11, '2016-08-12', 'Au99.99', ' æ²ªé‡‘99', '286.80', 1471234567),
(12, '2016-08-11', 'Au99.99', ' æ²ªé‡‘99', '287.84', 1471234567),
(13, '2016-08-10', 'Au99.99', ' æ²ªé‡‘99', '289.80', 1471234567),
(14, '2016-08-09', 'Au99.99', ' æ²ªé‡‘99', '289.00', 1471234567),
(15, '2016-08-08', 'Au99.99', ' æ²ªé‡‘99', '286.42', 1471234567),
(16, '2016-08-05', 'Au99.99', ' æ²ªé‡‘99', '292.12', 1471234567),
(17, '2016-08-04', 'Au99.99', ' æ²ªé‡‘99', '289.05', 1471234567),
(18, '2016-08-03', 'Au99.99', ' æ²ªé‡‘99', '291.90', 1471234567),
(19, '2016-08-02', 'Au99.99', ' æ²ªé‡‘99', '290.10', 1471234567),
(20, '2016-08-01', 'Au99.99', ' æ²ªé‡‘99', '288.17', 1471234567),
(21, '2016-07-29', 'Au99.99', ' æ²ªé‡‘99', '285.83', 1471234567),
(22, '2016-07-28', 'Au99.99', ' æ²ªé‡‘99', '287.71', 1471234567),
(23, '2016-07-27', 'Au99.99', ' æ²ªé‡‘99', '283.63', 1471234567),
(24, '2016-08-26', 'Au99.99', 'æ²ªé‡‘99', '284.89', 1472260847),
(25, '2016-08-27', 'Au99.99', 'æ²ªé‡‘99', '284.89', 1472399839),
(26, '2016-08-28', 'Au99.99', 'æ²ªé‡‘99', '284.89', 1472400119),
(27, '2016-08-29', 'Au99.99', 'æ²ªé‡‘99', '283.50', 1472518017),
(28, '2016-08-30', 'Au99.99', 'æ²ªé‡‘99', '283.99', 1472573192);

-- --------------------------------------------------------

--
-- è¡¨çš„ç»“æ„ `gd_golden_today`
--

CREATE TABLE IF NOT EXISTS `gd_golden_today` (
  `date` date DEFAULT NULL,
  `type` varchar(32) COLLATE utf8_unicode_ci NOT NULL,
  `typename` varchar(32) COLLATE utf8_unicode_ci NOT NULL,
  `price` decimal(8,2) NOT NULL DEFAULT '0.00',
  `opening` decimal(8,2) NOT NULL DEFAULT '0.00',
  `maxprice` decimal(8,2) NOT NULL DEFAULT '0.00',
  `minprice` decimal(8,2) NOT NULL DEFAULT '0.00',
  `change` decimal(6,2) NOT NULL DEFAULT '0.00',
  `lastclosing` decimal(8,2) NOT NULL DEFAULT '0.00',
  `tradeamount` decimal(15,4) NOT NULL DEFAULT '0.0000',
  `updatetime` int(11) NOT NULL DEFAULT '0',
  `addtime` int(11) NOT NULL,
  KEY `date` (`date`),
  KEY `updatetime` (`updatetime`)
) ENGINE=InnoDB DEFAULT CHARSET=utf8 COLLATE=utf8_unicode_ci;

--
-- è½¬å­˜è¡¨ä¸­çš„æ•°æ® `gd_golden_today`
--

INSERT INTO `gd_golden_today` (`date`, `type`, `typename`, `price`, `opening`, `maxprice`, `minprice`, `change`, `lastclosing`, `tradeamount`, `updatetime`, `addtime`) VALUES
('2016-08-29', 'Au(T+D)', 'é»„é‡‘å»¶æœŸ', '284.30', '285.30', '287.90', '283.52', '-0.11', '284.61', '66742.0000', 1472408995, 1472432430),
('2016-08-29', 'mAu(T+D)', 'è¿·ä½ é»„é‡‘å»¶æœŸ', '284.55', '285.15', '287.98', '283.60', '-0.07', '284.75', '7167.8000', 1472408993, 1472432430),
('2016-08-29', 'Au99.99', 'æ²ªé‡‘99', '285.00', '285.20', '287.28', '284.00', '0.04', '284.89', '195.7800', 1472408871, 1472432430),
('2016-08-29', 'Au(T+N2)', 'å»¶æœŸåŒé‡‘', '285.20', '286.00', '288.50', '284.55', '0.09', '284.95', '134.2000', 1472406508, 1472432430),
('2016-08-29', 'Au(T+N1)', 'å»¶æœŸå•é‡‘', '287.50', '286.05', '290.00', '286.05', '0.17', '287.00', '83.0000', 1472408677, 1472432430),
('2016-08-29', 'Au100g', 'æ²ªé‡‘100G', '285.00', '286.20', '287.55', '284.20', '0.05', '284.86', '8.2000', 1472408979, 1472432430),
('2016-08-29', 'Au99.95', 'æ²ªé‡‘95', '286.00', '268.99', '286.00', '268.99', '0.53', '284.49', '4.0000', 1472408548, 1472432430),
('2016-08-29', 'Pt99.95', 'æ²ªé“‚95', '0.00', '0.00', '0.00', '0.00', '0.00', '245.51', '0.0000', 1472408953, 1472432430),
('2016-08-29', 'iAu99.99', 'IAU99.99', '0.00', '0.00', '0.00', '0.00', '0.00', '283.98', '0.0000', 1472408965, 1472432430),
('2016-08-29', 'Au(T+D)', 'é»„é‡‘å»¶æœŸ', '283.48', '285.30', '287.90', '283.11', '-0.40', '284.61', '77368.0000', 1472434992, 1472435529),
('2016-08-29', 'mAu(T+D)', 'è¿·ä½ é»„é‡‘å»¶æœŸ', '283.58', '285.15', '287.98', '283.27', '-0.41', '284.75', '7953.2000', 1472434990, 1472435529),
('2016-08-29', 'Au99.99', 'æ²ªé‡‘99', '283.69', '285.20', '287.28', '283.50', '-0.42', '284.89', '748.7600', 1472434985, 1472435529),
('2016-08-29', 'Au(T+N2)', 'å»¶æœŸåŒé‡‘', '284.30', '286.00', '288.50', '284.00', '-0.23', '284.95', '147.4000', 1472434908, 1472435529),
('2016-08-29', 'Au(T+N1)', 'å»¶æœŸå•é‡‘', '285.65', '286.05', '290.00', '285.65', '-0.47', '287.00', '100.6000', 1472434995, 1472435529),
('2016-08-29', 'Au99.95', 'æ²ªé‡‘95', '283.60', '268.99', '286.00', '268.99', '-0.31', '284.49', '26.0000', 1472434917, 1472435529),
('2016-08-29', 'Au100g', 'æ²ªé‡‘100G', '283.51', '286.20', '287.55', '283.51', '-0.47', '284.86', '16.0000', 1472434927, 1472435529),
('2016-08-29', 'Pt99.95', 'æ²ªé“‚95', '244.00', '244.00', '244.00', '244.00', '-0.62', '245.51', '2.0000', 1472432837, 1472435529),
('2016-08-29', 'iAu99.99', 'IAU99.99', '284.60', '284.60', '284.60', '284.60', '0.22', '283.98', '0.0200', 1472434991, 1472435529),
('2016-08-29', 'Au(T+D)', 'é»„é‡‘å»¶æœŸ', '283.21', '285.30', '287.90', '283.00', '-0.49', '284.61', '84216.0000', 1472438573, 1472440453),
('2016-08-29', 'mAu(T+D)', 'è¿·ä½ é»„é‡‘å»¶æœŸ', '283.32', '285.15', '287.98', '283.08', '-0.50', '284.75', '8321.0000', 1472438574, 1472440453),
('2016-08-29', 'Au99.99', 'æ²ªé‡‘99', '283.31', '285.20', '287.28', '283.30', '-0.55', '284.89', '2399.0600', 1472438575, 1472440453),
('2016-08-29', 'Au99.95', 'æ²ªé‡‘95', '283.10', '268.99', '286.00', '268.99', '-0.49', '284.49', '260.0000', 1472438557, 1472440453),
('2016-08-29', 'Au(T+N2)', 'å»¶æœŸåŒé‡‘', '283.95', '286.00', '288.50', '283.80', '-0.35', '284.95', '184.8000', 1472438524, 1472440453),
('2016-08-29', 'Au(T+N1)', 'å»¶æœŸå•é‡‘', '286.00', '286.05', '290.00', '285.65', '-0.35', '287.00', '101.6000', 1472438537, 1472440453),
('2016-08-29', 'Au100g', 'æ²ªé‡‘100G', '283.20', '286.20', '287.55', '283.20', '-0.58', '284.86', '27.2000', 1472438544, 1472440453),
('2016-08-29', 'Pt99.95', 'æ²ªé“‚95', '244.00', '244.00', '244.00', '244.00', '-0.62', '245.51', '8.0000', 1472435562, 1472440453),
('2016-08-29', 'iAu99.99', 'IAU99.99', '284.60', '284.60', '284.60', '284.60', '0.22', '283.98', '0.0200', 1472438566, 1472440453),
('2016-08-29', 'iAu100g', 'IAU100G', '0.00', '0.00', '0.00', '0.00', '0.00', '282.53', '0.0000', 1472438018, 1472440453),
('2016-08-29', 'Au(T+D)', 'é»„é‡‘å»¶æœŸ', '283.27', '285.30', '287.90', '283.00', '-0.47', '284.61', '86162.0000', 1472440370, 1472440916),
('2016-08-29', 'mAu(T+D)', 'è¿·ä½ é»„é‡‘å»¶æœŸ', '283.48', '285.15', '287.98', '283.08', '-0.45', '284.75', '8450.0000', 1472440347, 1472440916),
('2016-08-29', 'Au99.99', 'æ²ªé‡‘99', '283.49', '285.20', '287.28', '283.30', '-0.49', '284.89', '4927.2800', 1472440360, 1472440916),
('2016-08-29', 'Au99.95', 'æ²ªé‡‘95', '283.25', '268.99', '286.00', '268.99', '-0.44', '284.49', '382.0000', 1472440171, 1472440916),
('2016-08-29', 'Au(T+N2)', 'å»¶æœŸåŒé‡‘', '283.95', '286.00', '288.50', '283.80', '-0.35', '284.95', '184.8000', 1472440313, 1472440916),
('2016-08-29', 'Au(T+N1)', 'å»¶æœŸå•é‡‘', '286.00', '286.05', '290.00', '285.65', '-0.35', '287.00', '101.8000', 1472440340, 1472440916),
('2016-08-29', 'Au100g', 'æ²ªé‡‘100G', '283.50', '286.20', '287.55', '283.20', '-0.48', '284.86', '29.8000', 1472440250, 1472440916),
('2016-08-29', 'Pt99.95', 'æ²ªé“‚95', '244.00', '244.00', '244.00', '244.00', '-0.62', '245.51', '8.0000', 1472439803, 1472440916),
('2016-08-29', 'iAu99.99', 'IAU99.99', '284.60', '284.60', '284.60', '284.60', '0.22', '283.98', '0.0200', 1472440277, 1472440916),
('2016-08-29', 'iAu100g', 'IAU100G', '0.00', '0.00', '0.00', '0.00', '0.00', '282.53', '0.0000', 1472438805, 1472440916),
('2016-08-29', 'Au(T+D)', 'é»„é‡‘å»¶æœŸ', '283.40', '285.30', '287.90', '283.00', '-0.43', '284.61', '88470.0000', 1472441367, 1472442709),
('2016-08-29', 'mAu(T+D)', 'è¿·ä½ é»„é‡‘å»¶æœŸ', '283.49', '285.15', '287.98', '283.08', '-0.44', '284.75', '8564.0000', 1472441366, 1472442709),
('2016-08-29', 'Au99.99', 'æ²ªé‡‘99', '283.48', '285.20', '287.28', '283.30', '-0.49', '284.89', '5390.5600', 1472441360, 1472442709),
('2016-08-29', 'Au99.95', 'æ²ªé‡‘95', '283.10', '268.99', '286.00', '268.99', '-0.49', '284.49', '564.0000', 1472441358, 1472442709),
('2016-08-29', 'Au(T+N2)', 'å»¶æœŸåŒé‡‘', '283.85', '286.00', '288.50', '283.80', '-0.39', '284.95', '185.0000', 1472441367, 1472442709),
('2016-08-29', 'Au(T+N1)', 'å»¶æœŸå•é‡‘', '286.15', '286.05', '290.00', '285.65', '-0.30', '287.00', '102.4000', 1472441368, 1472442709),
('2016-08-29', 'Pt99.95', 'æ²ªé“‚95', '244.00', '244.00', '244.00', '244.00', '-0.62', '245.51', '34.0000', 1472441206, 1472442709),
('2016-08-29', 'Au100g', 'æ²ªé‡‘100G', '284.49', '286.20', '287.55', '283.20', '-0.13', '284.86', '32.8000', 1472441356, 1472442709),
('2016-08-29', 'iAu99.99', 'IAU99.99', '284.60', '284.60', '284.60', '284.60', '0.22', '283.98', '0.0200', 1472441331, 1472442709),
('2016-08-29', 'Au(T+D)', 'é»„é‡‘å»¶æœŸ', '283.52', '285.30', '287.90', '283.00', '-0.38', '284.61', '90486.0000', 1472449433, 1472450035),
('2016-08-29', 'mAu(T+D)', 'è¿·ä½ é»„é‡‘å»¶æœŸ', '283.59', '285.15', '287.98', '283.08', '-0.41', '284.75', '8718.0000', 1472449424, 1472450035),
('2016-08-29', 'Au99.99', 'æ²ªé‡‘99', '283.64', '285.20', '287.28', '283.30', '-0.44', '284.89', '6398.3200', 1472449430, 1472450035),
('2016-08-29', 'Au99.95', 'æ²ªé‡‘95', '283.40', '268.99', '286.00', '268.99', '-0.38', '284.49', '634.0000', 1472449404, 1472450035),
('2016-08-29', 'Au(T+N2)', 'å»¶æœŸåŒé‡‘', '284.30', '286.00', '288.50', '283.80', '-0.23', '284.95', '195.8000', 1472449415, 1472450035),
('2016-08-29', 'Au(T+N1)', 'å»¶æœŸå•é‡‘', '286.15', '286.05', '290.00', '285.65', '-0.30', '287.00', '102.4000', 1472449394, 1472450035),
('2016-08-29', 'Pt99.95', 'æ²ªé“‚95', '244.00', '244.00', '244.00', '244.00', '-0.62', '245.51', '54.0000', 1472448993, 1472450035),
('2016-08-29', 'Au100g', 'æ²ªé‡‘100G', '284.40', '286.20', '287.55', '283.20', '-0.16', '284.86', '36.0000', 1472449420, 1472450035),
('2016-08-29', 'iAu99.99', 'IAU99.99', '284.60', '284.60', '284.60', '284.60', '0.22', '283.98', '0.0200', 1472449408, 1472450035),
('2016-08-29', 'iAu100g', 'IAU100G', '0.00', '0.00', '0.00', '0.00', '0.00', '282.53', '0.0000', 1472449421, 1472450035),
('2016-08-29', 'Au(T+D)', 'é»„é‡‘å»¶æœŸ', '283.50', '285.30', '287.90', '283.00', '-0.39', '284.61', '94434.0000', 1472451255, 1472452223),
('2016-08-29', 'mAu(T+D)', 'è¿·ä½ é»„é‡‘å»¶æœŸ', '283.59', '285.15', '287.98', '283.08', '-0.41', '284.75', '8833.4000', 1472451261, 1472452223),
('2016-08-29', 'Au99.99', 'æ²ªé‡‘99', '283.69', '285.20', '287.28', '283.30', '-0.42', '284.89', '8267.6600', 1472451261, 1472452223),
('2016-08-29', 'Au99.95', 'æ²ªé‡‘95', '283.40', '268.99', '286.00', '268.99', '-0.38', '284.49', '920.0000', 1472451179, 1472452223),
('2016-08-29', 'Au(T+N2)', 'å»¶æœŸåŒé‡‘', '284.35', '286.00', '288.50', '283.80', '-0.21', '284.95', '210.4000', 1472451256, 1472452223),
('2016-08-29', 'Au(T+N1)', 'å»¶æœŸå•é‡‘', '286.30', '286.05', '290.00', '285.65', '-0.24', '287.00', '102.8000', 1472451257, 1472452223),
('2016-08-29', 'Pt99.95', 'æ²ªé“‚95', '245.00', '244.00', '245.00', '244.00', '-0.21', '245.51', '66.0000', 1472450530, 1472452223),
('2016-08-29', 'Au100g', 'æ²ªé‡‘100G', '284.35', '286.20', '287.55', '283.20', '-0.18', '284.86', '53.0000', 1472451087, 1472452223),
('2016-08-29', 'iAu99.99', 'IAU99.99', '283.70', '284.60', '284.60', '283.70', '-0.10', '283.98', '0.0400', 1472451253, 1472452223),
('2016-08-29', 'iAu100g', 'IAU100G', '0.00', '0.00', '0.00', '0.00', '0.00', '282.53', '0.0000', 1472449894, 1472452223),
('2016-08-29', 'Au(T+D)', 'é»„é‡‘å»¶æœŸ', '283.44', '285.30', '287.90', '283.00', '-0.41', '284.61', '96794.0000', 1472453036, 1472455596),
('2016-08-29', 'Au99.99', 'æ²ªé‡‘99', '283.60', '285.20', '287.28', '283.30', '-0.45', '284.89', '9425.8200', 1472453033, 1472455596),
('2016-08-29', 'mAu(T+D)', 'è¿·ä½ é»„é‡‘å»¶æœŸ', '283.42', '285.15', '287.98', '283.08', '-0.47', '284.75', '8996.4000', 1472453037, 1472455596),
('2016-08-29', 'Au(T+N2)', 'å»¶æœŸåŒé‡‘', '284.20', '286.00', '288.50', '283.80', '-0.26', '284.95', '4245.6000', 1472453016, 1472455596),
('2016-08-29', 'Au(T+N1)', 'å»¶æœŸå•é‡‘', '286.15', '286.05', '290.00', '285.65', '-0.30', '287.00', '4112.8000', 1472453020, 1472455596),
('2016-08-29', 'Au99.95', 'æ²ªé‡‘95', '283.50', '268.99', '286.00', '268.99', '-0.35', '284.49', '962.0000', 1472453009, 1472455596),
('2016-08-29', 'Pt99.95', 'æ²ªé“‚95', '245.25', '244.00', '245.25', '244.00', '-0.11', '245.51', '72.0000', 1472453032, 1472455596),
('2016-08-29', 'Au100g', 'æ²ªé‡‘100G', '283.50', '286.20', '287.55', '283.20', '-0.48', '284.86', '55.2000', 1472452991, 1472455596),
('2016-08-29', 'iAu99.99', 'IAU99.99', '283.70', '284.60', '284.60', '283.70', '-0.10', '283.98', '0.0400', 1472453027, 1472455596),
('2016-08-29', 'Au(T+D)', 'é»„é‡‘å»¶æœŸ', '283.48', '285.30', '287.90', '283.00', '-0.40', '284.61', '99182.0000', 1472454892, 1472457101),
('2016-08-29', 'Au99.99', 'æ²ªé‡‘99', '283.64', '285.20', '287.28', '283.30', '-0.44', '284.89', '11791.0600', 1472454848, 1472457101),
('2016-08-29', 'mAu(T+D)', 'è¿·ä½ é»„é‡‘å»¶æœŸ', '283.53', '285.15', '287.98', '283.08', '-0.43', '284.75', '9230.0000', 1472454889, 1472457101),
('2016-08-29', 'Au(T+N2)', 'å»¶æœŸåŒé‡‘', '284.15', '286.00', '288.50', '283.80', '-0.28', '284.95', '4373.6000', 1472454842, 1472457101),
('2016-08-29', 'Au(T+N1)', 'å»¶æœŸå•é‡‘', '286.30', '286.05', '290.00', '285.65', '-0.24', '287.00', '4113.4000', 1472454752, 1472457101),
('2016-08-29', 'Au99.95', 'æ²ªé‡‘95', '283.50', '268.99', '286.00', '268.99', '-0.35', '284.49', '1014.0000', 1472454858, 1472457101),
('2016-08-29', 'Pt99.95', 'æ²ªé“‚95', '245.00', '244.00', '245.25', '244.00', '-0.21', '245.51', '110.0000', 1472454751, 1472457101),
('2016-08-29', 'Au100g', 'æ²ªé‡‘100G', '283.51', '286.20', '287.55', '283.20', '-0.47', '284.86', '57.4000', 1472454882, 1472457101),
('2016-08-29', 'iAu99.99', 'IAU99.99', '283.70', '284.60', '284.60', '283.70', '-0.10', '283.98', '0.0400', 1472454866, 1472457101),
('2016-08-29', 'Au(T+D)', 'é»„é‡‘å»¶æœŸ', '283.45', '285.30', '287.90', '283.00', '-0.41', '284.61', '99842.0000', 1472455766, 1472459053),
('2016-08-29', 'Au99.99', 'æ²ªé‡‘99', '283.50', '285.20', '287.28', '283.30', '-0.49', '284.89', '12243.2400', 1472455767, 1472459053),
('2016-08-29', 'mAu(T+D)', 'è¿·ä½ é»„é‡‘å»¶æœŸ', '283.65', '285.15', '287.98', '283.08', '-0.39', '284.75', '9299.8000', 1472455767, 1472459053),
('2016-08-29', 'Au(T+N2)', 'å»¶æœŸåŒé‡‘', '284.15', '286.00', '288.50', '283.80', '-0.28', '284.95', '4373.6000', 1472455743, 1472459053),
('2016-08-29', 'Au(T+N1)', 'å»¶æœŸå•é‡‘', '286.30', '286.05', '290.00', '285.65', '-0.24', '287.00', '4113.4000', 1472455739, 1472459053),
('2016-08-29', 'Au99.95', 'æ²ªé‡‘95', '283.50', '268.99', '286.00', '268.99', '-0.35', '284.49', '1030.0000', 1472455767, 1472459053),
('2016-08-29', 'Pt99.95', 'æ²ªé“‚95', '245.00', '244.00', '245.25', '244.00', '-0.21', '245.51', '110.0000', 1472455767, 1472459053),
('2016-08-29', 'Au100g', 'æ²ªé‡‘100G', '283.51', '286.20', '287.55', '283.20', '-0.47', '284.86', '57.4000', 1472455767, 1472459053),
('2016-08-29', 'iAu99.99', 'IAU99.99', '283.70', '284.60', '284.60', '283.70', '-0.10', '283.98', '0.0400', 1472455767, 1472459053),
('2016-08-29', 'iAu100g', 'IAU100G', '0.00', '0.00', '0.00', '0.00', '0.00', '282.53', '0.0000', 1472455767, 1472459053),
('2016-08-29', 'iAu99.5', 'IAU99.5', '0.00', '0.00', '0.00', '0.00', '0.00', '237.80', '0.0000', 1472455767, 1472459053),
('2016-08-30', 'Au(T+D)', 'é»„é‡‘å»¶æœŸ', '284.85', '283.57', '284.94', '283.41', '0.49', '283.45', '18346.0000', 1472495373, 1472518017),
('2016-08-30', 'mAu(T+D)', 'è¿·ä½ é»„é‡‘å»¶æœŸ', '284.89', '283.96', '285.01', '283.60', '0.45', '283.62', '1378.4000', 1472495371, 1472518017),
('2016-08-30', 'Au99.99', 'æ²ªé‡‘99', '285.00', '283.90', '285.00', '283.00', '0.53', '283.50', '100.5200', 1472495309, 1472518017),
('2016-08-30', 'Au(T+N1)', 'å»¶æœŸå•é‡‘', '287.30', '283.50', '287.30', '283.50', '0.42', '286.10', '89.2000', 1472494889, 1472518017),
('2016-08-30', 'Au100g', 'æ²ªé‡‘100G', '284.80', '284.01', '284.80', '284.01', '0.32', '283.88', '2.4000', 1472492440, 1472518017),
('2016-08-30', 'Pt99.95', 'æ²ªé“‚95', '246.00', '246.00', '246.00', '246.00', '0.41', '245.00', '2.0000', 1472495341, 1472518017),
('2016-08-30', 'Au99.95', 'æ²ªé‡‘95', '0.00', '0.00', '0.00', '0.00', '0.00', '283.50', '0.0000', 1472495224, 1472518017),
('2016-08-30', 'Au(T+N2)', 'å»¶æœŸåŒé‡‘', '0.00', '0.00', '0.00', '0.00', '0.00', '284.15', '0.0000', 1472492502, 1472518017),
('2016-08-29', 'iAu100g', 'IAU100G', '0.00', '0.00', '0.00', '0.00', '0.00', '282.53', '0.0000', 1472482930, 1472518017),
('2016-08-29', 'iAu99.5', 'IAU99.5', '0.00', '0.00', '0.00', '0.00', '0.00', '237.80', '0.0000', 1472470813, 1472518017),
('2016-08-30', 'iAu99.99', 'IAU99.99', '0.00', '0.00', '0.00', '0.00', '0.00', '284.15', '0.0000', 1472495339, 1472518017),
('2016-08-30', 'Au(T+D)', 'é»„é‡‘å»¶æœŸ', '284.48', '283.57', '284.94', '283.41', '0.36', '283.45', '20542.0000', 1472520898, 1472521812),
('2016-08-30', 'Au99.99', 'æ²ªé‡‘99', '284.65', '283.90', '285.00', '283.00', '0.41', '283.50', '2261.1800', 1472520877, 1472521812),
('2016-08-30', 'mAu(T+D)', 'è¿·ä½ é»„é‡‘å»¶æœŸ', '284.59', '283.96', '285.01', '283.60', '0.34', '283.62', '1496.8000', 1472520897, 1472521812),
('2016-08-30', 'Au(T+N1)', 'å»¶æœŸå•é‡‘', '286.75', '283.50', '287.30', '283.50', '0.23', '286.10', '90.8000', 1472520802, 1472521812),
('2016-08-30', 'Pt99.95', 'æ²ªé“‚95', '246.50', '246.00', '246.50', '246.00', '0.61', '245.00', '6.0000', 1472519077, 1472521812),
('2016-08-30', 'Au100g', 'æ²ªé‡‘100G', '285.00', '284.01', '285.00', '284.01', '0.39', '283.88', '3.6000', 1472520867, 1472521812),
('2016-08-30', 'Au99.95', 'æ²ªé‡‘95', '0.00', '0.00', '0.00', '0.00', '0.00', '283.50', '0.0000', 1472520672, 1472521812),
('2016-08-30', 'Au(T+N2)', 'å»¶æœŸåŒé‡‘', '0.00', '0.00', '0.00', '0.00', '0.00', '284.15', '0.0000', 1472520877, 1472521812),
('2016-08-30', 'iAu99.99', 'IAU99.99', '0.00', '0.00', '0.00', '0.00', '0.00', '284.15', '0.0000', 1472520873, 1472521812),
('2016-08-30', 'Au(T+D)', 'é»„é‡‘å»¶æœŸ', '284.60', '283.57', '284.94', '283.41', '0.41', '283.45', '24576.0000', 1472524530, 1472525430),
('2016-08-30', 'Au99.99', 'æ²ªé‡‘99', '284.80', '283.90', '285.00', '283.00', '0.46', '283.50', '3716.8400', 1472524531, 1472525430),
('2016-08-30', 'mAu(T+D)', 'è¿·ä½ é»„é‡‘å»¶æœŸ', '284.78', '283.96', '285.01', '283.60', '0.41', '283.62', '1643.8000', 1472524520, 1472525430),
('2016-08-30', 'Au(T+N1)', 'å»¶æœŸå•é‡‘', '287.50', '283.50', '287.50', '283.50', '0.49', '286.10', '97.0000', 1472524290, 1472525430),
('2016-08-30', 'Pt99.95', 'æ²ªé“‚95', '245.50', '246.00', '246.50', '245.50', '0.20', '245.00', '82.0000', 1472523773, 1472525430),
('2016-08-30', 'Au99.95', 'æ²ªé‡‘95', '284.60', '284.60', '284.60', '284.49', '0.39', '283.50', '34.0000', 1472524439, 1472525430),
('2016-08-30', 'Au100g', 'æ²ªé‡‘100G', '285.00', '284.01', '285.00', '284.01', '0.39', '283.88', '5.0000', 1472524381, 1472525430),
('2016-08-30', 'Au(T+N2)', 'å»¶æœŸåŒé‡‘', '0.00', '0.00', '0.00', '0.00', '0.00', '284.15', '0.0000', 1472524272, 1472525430),
('2016-08-30', 'iAu99.99', 'IAU99.99', '0.00', '0.00', '0.00', '0.00', '0.00', '284.15', '0.0000', 1472524426, 1472525430),
('2016-08-30', 'Au(T+D)', 'é»„é‡‘å»¶æœŸ', '284.61', '283.57', '284.94', '283.41', '0.41', '283.45', '25134.0000', 1472525713, 1472529134),
('2016-08-30', 'Au99.99', 'æ²ªé‡‘99', '284.78', '283.90', '285.00', '283.00', '0.45', '283.50', '4319.8000', 1472525727, 1472529134),
('2016-08-30', 'mAu(T+D)', 'è¿·ä½ é»„é‡‘å»¶æœŸ', '284.75', '283.96', '285.01', '283.60', '0.40', '283.62', '1678.0000', 1472525728, 1472529134),
('2016-08-30', 'Au(T+N1)', 'å»¶æœŸå•é‡‘', '287.50', '283.50', '287.50', '283.50', '0.49', '286.10', '97.0000', 1472525645, 1472529134),
('2016-08-30', 'Au99.95', 'æ²ªé‡‘95', '284.65', '284.60', '284.65', '284.49', '0.41', '283.50', '46.0000', 1472525652, 1472529134),
('2016-08-30', 'Au100g', 'æ²ªé‡‘100G', '284.56', '284.01', '285.00', '284.01', '0.24', '283.88', '5.6000', 1472525660, 1472529134),
('2016-08-30', 'Au(T+N2)', 'å»¶æœŸåŒé‡‘', '0.00', '0.00', '0.00', '0.00', '0.00', '284.15', '0.0000', 1472525699, 1472529134),
('2016-08-30', 'iAu99.99', 'IAU99.99', '0.00', '0.00', '0.00', '0.00', '0.00', '284.15', '0.0000', 1472525710, 1472529134),
('2016-08-30', 'Au(T+D)', 'é»„é‡‘å»¶æœŸ', '284.52', '283.57', '284.94', '283.41', '0.38', '283.45', '29964.0000', 1472527773, 1472530932),
('2016-08-30', 'Au99.99', 'æ²ªé‡‘99', '284.87', '283.90', '285.00', '283.00', '0.48', '283.50', '8645.8600', 1472527765, 1472530932),
('2016-08-30', 'mAu(T+D)', 'è¿·ä½ é»„é‡‘å»¶æœŸ', '284.85', '283.96', '285.01', '283.60', '0.43', '283.62', '1747.4000', 1472527753, 1472530932),
('2016-08-30', 'Au99.95', 'æ²ªé‡‘95', '284.70', '284.60', '284.70', '284.49', '0.42', '283.50', '118.0000', 1472527767, 1472530932),
('2016-08-30', 'Pt99.95', 'æ²ªé“‚95', '245.50', '246.00', '246.50', '245.50', '0.20', '245.00', '104.0000', 1472527761, 1472530932),
('2016-08-30', 'Au(T+N1)', 'å»¶æœŸå•é‡‘', '287.50', '283.50', '287.50', '283.50', '0.49', '286.10', '97.0000', 1472527775, 1472530932),
('2016-08-30', 'Au100g', 'æ²ªé‡‘100G', '284.72', '284.01', '285.00', '284.01', '0.30', '283.88', '6.8000', 1472527632, 1472530932),
('2016-08-30', 'Au(T+N2)', 'å»¶æœŸåŒé‡‘', '285.20', '285.20', '285.20', '285.20', '0.37', '284.15', '2.0000', 1472527765, 1472530932),
('2016-08-30', 'iAu99.99', 'IAU99.99', '0.00', '0.00', '0.00', '0.00', '0.00', '284.15', '0.0000', 1472527739, 1472530932),
('2016-08-30', 'Au(T+D)', 'é»„é‡‘å»¶æœŸ', '284.59', '283.57', '284.94', '283.41', '0.40', '283.45', '30412.0000', 1472535387, 1472536873),
('2016-08-30', 'Au99.99', 'æ²ªé‡‘99', '284.80', '283.90', '285.00', '283.00', '0.46', '283.50', '8801.9000', 1472535387, 1472536873),
('2016-08-30', 'mAu(T+D)', 'è¿·ä½ é»„é‡‘å»¶æœŸ', '284.78', '283.96', '285.01', '283.60', '0.41', '283.62', '1769.4000', 1472535387, 1472536873),
('2016-08-30', 'Au99.95', 'æ²ªé‡‘95', '284.70', '284.60', '284.70', '284.49', '0.42', '283.50', '120.0000', 1472535383, 1472536873),
('2016-08-30', 'Pt99.95', 'æ²ªé“‚95', '245.50', '246.00', '246.50', '245.50', '0.20', '245.00', '104.0000', 1472535060, 1472536873),
('2016-08-30', 'Au(T+N1)', 'å»¶æœŸå•é‡‘', '287.50', '283.50', '287.50', '283.50', '0.49', '286.10', '97.0000', 1472535383, 1472536873),
('2016-08-30', 'Au100g', 'æ²ªé‡‘100G', '284.72', '284.01', '285.00', '284.01', '0.30', '283.88', '6.8000', 1472535378, 1472536873),
('2016-08-30', 'Au(T+N2)', 'å»¶æœŸåŒé‡‘', '285.15', '285.20', '285.20', '285.15', '0.35', '284.15', '2.2000', 1472535369, 1472536873),
('2016-08-30', 'iAu99.99', 'IAU99.99', '0.00', '0.00', '0.00', '0.00', '0.00', '284.15', '0.0000', 1472535379, 1472536873),
('2016-08-30', 'Au(T+D)', 'é»„é‡‘å»¶æœŸ', '284.20', '283.57', '284.94', '283.41', '0.26', '283.45', '37980.0000', 1472538989, 1472539967),
('2016-08-30', 'Au99.99', 'æ²ªé‡‘99', '284.30', '283.90', '285.00', '283.00', '0.28', '283.50', '14765.9000', 1472538986, 1472539967),
('2016-08-30', 'mAu(T+D)', 'è¿·ä½ é»„é‡‘å»¶æœŸ', '284.28', '283.96', '285.01', '283.60', '0.23', '283.62', '2255.0000', 1472538989, 1472539967),
('2016-08-30', 'Au99.95', 'æ²ªé‡‘95', '284.21', '284.60', '284.70', '284.21', '0.25', '283.50', '398.0000', 1472538958, 1472539967),
('2016-08-30', 'Pt99.95', 'æ²ªé“‚95', '246.00', '246.00', '246.50', '245.50', '0.41', '245.00', '174.0000', 1472538896, 1472539967),
('2016-08-30', 'Au(T+N1)', 'å»¶æœŸå•é‡‘', '287.50', '283.50', '287.50', '283.50', '0.49', '286.10', '97.0000', 1472538989, 1472539967),
('2016-08-30', 'Au(T+N2)', 'å»¶æœŸåŒé‡‘', '285.60', '285.20', '285.60', '285.15', '0.51', '284.15', '42.8000', 1472538989, 1472539967),
('2016-08-30', 'Au100g', 'æ²ªé‡‘100G', '284.50', '284.01', '285.00', '284.01', '0.22', '283.88', '18.2000', 1472538950, 1472539967),
('2016-08-30', 'iAu99.99', 'IAU99.99', '284.69', '284.69', '284.69', '284.69', '0.19', '284.15', '0.0800', 1472538989, 1472539967),
('2016-08-30', 'Au(T+D)', 'é»„é‡‘å»¶æœŸ', '284.01', '283.57', '284.94', '283.41', '0.20', '283.45', '40218.0000', 1472540251, 1472541845),
('2016-08-30', 'Au99.99', 'æ²ªé‡‘99', '284.25', '283.90', '285.00', '283.00', '0.26', '283.50', '15367.4200', 1472540248, 1472541845),
('2016-08-30', 'Au(T+N1)', 'å»¶æœŸå•é‡‘', '286.85', '283.50', '287.50', '283.50', '0.26', '286.10', '4097.2000', 1472540233, 1472541845),
('2016-08-30', 'Au(T+N2)', 'å»¶æœŸåŒé‡‘', '284.70', '285.20', '285.60', '284.70', '0.19', '284.15', '4042.8000', 1472540215, 1472541845),
('2016-08-30', 'mAu(T+D)', 'è¿·ä½ é»„é‡‘å»¶æœŸ', '284.13', '283.96', '285.01', '283.60', '0.18', '283.62', '2460.4000', 1472540248, 1472541845),
('2016-08-30', 'Au99.95', 'æ²ªé‡‘95', '284.00', '284.60', '284.70', '284.00', '0.18', '283.50', '454.0000', 1472540244, 1472541845),
('2016-08-30', 'Pt99.95', 'æ²ªé“‚95', '245.50', '246.00', '246.50', '245.50', '0.20', '245.00', '200.0000', 1472539875, 1472541845),
('2016-08-30', 'Au100g', 'æ²ªé‡‘100G', '284.50', '284.01', '285.00', '284.01', '0.22', '283.88', '20.6000', 1472540119, 1472541845),
('2016-08-30', 'iAu99.99', 'IAU99.99', '284.69', '284.69', '284.69', '284.69', '0.19', '284.15', '0.0800', 1472540241, 1472541845),
('2016-08-30', 'Au(T+D)', 'é»„é‡‘å»¶æœŸ', '283.90', '283.57', '284.94', '283.41', '0.16', '283.45', '44074.0000', 1472542174, 1472545464),
('2016-08-30', 'Au99.99', 'æ²ªé‡‘99', '283.98', '283.90', '285.00', '283.00', '0.17', '283.50', '19008.8400', 1472542174, 1472545464),
('2016-08-30', 'Au(T+N1)', 'å»¶æœŸå•é‡‘', '286.20', '283.50', '287.50', '283.50', '0.03', '286.10', '4097.6000', 1472542152, 1472545464),
('2016-08-30', 'Au(T+N2)', 'å»¶æœŸåŒé‡‘', '284.70', '285.20', '285.60', '284.70', '0.19', '284.15', '4043.2000', 1472542152, 1472545464),
('2016-08-30', 'mAu(T+D)', 'è¿·ä½ é»„é‡‘å»¶æœŸ', '284.15', '283.96', '285.01', '283.60', '0.19', '283.62', '2784.4000', 1472542171, 1472545464),
('2016-08-30', 'Au99.95', 'æ²ªé‡‘95', '283.61', '284.60', '284.70', '283.61', '0.04', '283.50', '604.0000', 1472542174, 1472545464),
('2016-08-30', 'Pt99.95', 'æ²ªé“‚95', '245.00', '246.00', '246.50', '245.00', '0.00', '245.00', '230.0000', 1472542174, 1472545464),
('2016-08-30', 'Au100g', 'æ²ªé‡‘100G', '284.54', '284.01', '285.00', '284.01', '0.23', '283.88', '30.2000', 1472542174, 1472545464),
('2016-08-30', 'iAu99.99', 'IAU99.99', '284.69', '284.69', '284.69', '284.69', '0.19', '284.15', '0.0800', 1472542174, 1472545464),
('2016-08-30', 'iAu100g', 'IAU100G', '0.00', '0.00', '0.00', '0.00', '0.00', '282.53', '0.0000', 1472542174, 1472545464),
('2016-08-30', 'iAu99.5', 'IAU99.5', '0.00', '0.00', '0.00', '0.00', '0.00', '237.80', '0.0000', 1472542174, 1472545464),
('2016-08-30', 'Au(T+D)', 'é»„é‡‘å»¶æœŸ', '283.70', '284.03', '284.27', '283.61', '-0.06', '283.87', '3306.0000', 1472561944, 1472564273),
('2016-08-30', 'mAu(T+D)', 'è¿·ä½ é»„é‡‘å»¶æœŸ', '283.90', '284.13', '284.50', '283.80', '-0.08', '284.12', '277.6000', 1472561943, 1472564273),
('2016-08-30', 'Au(T+N1)', 'å»¶æœŸå•é‡‘', '289.95', '284.10', '289.95', '284.10', '1.10', '286.80', '52.2000', 1472561935, 1472564274),
('2016-08-30', 'Au99.99', 'æ²ªé‡‘99', '283.98', '284.99', '284.99', '283.98', '0.00', '283.99', '3.1400', 1472561924, 1472564274),
('2016-08-30', 'Au100g', 'æ²ªé‡‘100G', '285.44', '285.44', '285.44', '285.44', '0.33', '284.51', '0.2000', 1472561825, 1472564274),
('2016-08-30', 'Au99.95', 'æ²ªé‡‘95', '0.00', '0.00', '0.00', '0.00', '0.00', '283.61', '0.0000', 1472561638, 1472564274),
('2016-08-30', 'Pt99.95', 'æ²ªé“‚95', '0.00', '0.00', '0.00', '0.00', '0.00', '245.00', '0.0000', 1472560961, 1472564274),
('2016-08-30', 'iAu100g', 'IAU100G', '0.00', '0.00', '0.00', '0.00', '0.00', '282.53', '0.0000', 1472559015, 1472564274),
('2016-08-30', 'iAu99.5', 'IAU99.5', '0.00', '0.00', '0.00', '0.00', '0.00', '237.80', '0.0000', 1472557214, 1472564274),
('2016-08-30', 'iAu99.99', 'IAU99.99', '0.00', '0.00', '0.00', '0.00', '0.00', '284.69', '0.0000', 1472561942, 1472564274),
('2016-08-30', 'Au(T+N2)', 'å»¶æœŸåŒé‡‘', '0.00', '0.00', '0.00', '0.00', '0.00', '284.70', '0.0000', 1472561407, 1472564274),
('2016-08-30', 'Au(T+D)', 'é»„é‡‘å»¶æœŸ', '283.85', '284.03', '284.27', '283.58', '-0.01', '283.87', '7388.0000', 1472565572, 1472566457),
('2016-08-30', 'mAu(T+D)', 'è¿·ä½ é»„é‡‘å»¶æœŸ', '284.15', '284.13', '284.50', '283.75', '0.01', '284.12', '541.6000', 1472565572, 1472566457),
('2016-08-30', 'Au(T+N1)', 'å»¶æœŸå•é‡‘', '286.85', '284.10', '289.95', '284.10', '0.02', '286.80', '58.6000', 1472565564, 1472566457),
('2016-08-30', 'Au99.99', 'æ²ªé‡‘99', '284.10', '284.99', '284.99', '283.90', '0.04', '283.99', '14.3600', 1472565560, 1472566457),
('2016-08-30', 'Au(T+N2)', 'å»¶æœŸåŒé‡‘', '284.00', '284.00', '284.00', '284.00', '-0.25', '284.70', '0.6000', 1472565348, 1472566457),
('2016-08-30', 'Au100g', 'æ²ªé‡‘100G', '284.00', '285.44', '285.44', '284.00', '-0.18', '284.51', '0.6000', 1472565425, 1472566457),
('2016-08-30', 'Au99.95', 'æ²ªé‡‘95', '0.00', '0.00', '0.00', '0.00', '0.00', '283.61', '0.0000', 1472565302, 1472566457),
('2016-08-30', 'iAu100g', 'IAU100G', '0.00', '0.00', '0.00', '0.00', '0.00', '282.53', '0.0000', 1472563057, 1472566457),
('2016-08-30', 'iAu99.99', 'IAU99.99', '0.00', '0.00', '0.00', '0.00', '0.00', '284.69', '0.0000', 1472565572, 1472566457),
('2016-08-30', 'Pt99.95', 'æ²ªé“‚95', '0.00', '0.00', '0.00', '0.00', '0.00', '245.00', '0.0000', 1472564419, 1472566457),
('2016-08-30', 'Au(T+D)', 'é»„é‡‘å»¶æœŸ', '283.84', '284.03', '284.27', '283.58', '-0.01', '283.87', '6316.0000', 1472564371, 1472567643),
('2016-08-30', 'mAu(T+D)', 'è¿·ä½ é»„é‡‘å»¶æœŸ', '283.98', '284.13', '284.50', '283.75', '-0.05', '284.12', '475.6000', 1472564370, 1472567643),
('2016-08-30', 'Au(T+N1)', 'å»¶æœŸå•é‡‘', '289.95', '284.10', '289.95', '284.10', '1.10', '286.80', '52.2000', 1472564311, 1472567643),
('2016-08-30', 'Au99.99', 'æ²ªé‡‘99', '284.10', '284.99', '284.99', '283.90', '0.04', '283.99', '13.5000', 1472564365, 1472567643),
('2016-08-30', 'Au100g', 'æ²ªé‡‘100G', '285.44', '285.44', '285.44', '285.44', '0.33', '284.51', '0.2000', 1472564364, 1472567643),
('2016-08-30', 'Au99.95', 'æ²ªé‡‘95', '0.00', '0.00', '0.00', '0.00', '0.00', '283.61', '0.0000', 1472563481, 1472567643),
('2016-08-30', 'Pt99.95', 'æ²ªé“‚95', '0.00', '0.00', '0.00', '0.00', '0.00', '245.00', '0.0000', 1472563207, 1472567643),
('2016-08-30', 'iAu99.99', 'IAU99.99', '0.00', '0.00', '0.00', '0.00', '0.00', '284.69', '0.0000', 1472564368, 1472567643),
('2016-08-30', 'Au(T+N2)', 'å»¶æœŸåŒé‡‘', '0.00', '0.00', '0.00', '0.00', '0.00', '284.70', '0.0000', 1472564331, 1472567643),
('2016-08-30', 'Au(T+D)', 'é»„é‡‘å»¶æœŸ', '283.93', '284.03', '284.27', '283.51', '0.02', '283.87', '10542.0000', 1472569204, 1472569538),
('2016-08-30', 'mAu(T+D)', 'è¿·ä½ é»„é‡‘å»¶æœŸ', '284.10', '284.13', '284.50', '283.75', '-0.01', '284.12', '771.2000', 1472569204, 1472569538),
('2016-08-30', 'Au(T+N1)', 'å»¶æœŸå•é‡‘', '286.30', '284.10', '289.95', '284.10', '-0.17', '286.80', '60.4000', 1472569202, 1472569538),
('2016-08-30', 'Au99.99', 'æ²ªé‡‘99', '283.92', '284.99', '284.99', '283.90', '-0.02', '283.99', '19.4200', 1472569147, 1472569538),
('2016-08-30', 'Au100g', 'æ²ªé‡‘100G', '284.96', '285.44', '285.44', '284.00', '0.16', '284.51', '5.8000', 1472568071, 1472569538),
('2016-08-30', 'Pt99.95', 'æ²ªé“‚95', '244.00', '244.00', '244.00', '244.00', '-0.41', '245.00', '2.0000', 1472568387, 1472569538),
('2016-08-30', 'Au(T+N2)', 'å»¶æœŸåŒé‡‘', '284.00', '284.00', '284.00', '284.00', '-0.25', '284.70', '1.0000', 1472569204, 1472569538),
('2016-08-30', 'iAu100g', 'IAU100G', '0.00', '0.00', '0.00', '0.00', '0.00', '282.53', '0.0000', 1472567525, 1472569538),
('2016-08-30', 'iAu99.99', 'IAU99.99', '0.00', '0.00', '0.00', '0.00', '0.00', '284.69', '0.0000', 1472569197, 1472569538),
('2016-08-30', 'Au99.95', 'æ²ªé‡‘95', '0.00', '0.00', '0.00', '0.00', '0.00', '283.61', '0.0000', 1472568642, 1472569538),
('2016-08-30', 'Au(T+D)', 'é»„é‡‘å»¶æœŸ', '283.69', '284.03', '284.27', '283.50', '-0.06', '283.87', '12122.0000', 1472571655, 1472573192),
('2016-08-30', 'mAu(T+D)', 'è¿·ä½ é»„é‡‘å»¶æœŸ', '283.92', '284.13', '284.50', '283.70', '-0.07', '284.12', '872.8000', 1472571657, 1472573192),
('2016-08-30', 'Au(T+N1)', 'å»¶æœŸå•é‡‘', '286.30', '284.10', '289.95', '284.10', '-0.17', '286.80', '60.4000', 1472571638, 1472573192),
('2016-08-30', 'Au99.99', 'æ²ªé‡‘99', '284.00', '284.99', '284.99', '283.90', '0.00', '283.99', '21.4600', 1472571608, 1472573192),
('2016-08-30', 'Au100g', 'æ²ªé‡‘100G', '284.00', '285.44', '285.44', '284.00', '-0.18', '284.51', '6.6000', 1472571636, 1472573192),
('2016-08-30', 'Pt99.95', 'æ²ªé“‚95', '244.00', '244.00', '244.00', '244.00', '-0.41', '245.00', '2.0000', 1472569902, 1472573192),
('2016-08-30', 'Au(T+N2)', 'å»¶æœŸåŒé‡‘', '284.10', '284.00', '284.10', '284.00', '-0.21', '284.70', '1.2000', 1472571615, 1472573192),
('2016-08-30', 'iAu99.99', 'IAU99.99', '0.00', '0.00', '0.00', '0.00', '0.00', '284.69', '0.0000', 1472571616, 1472573192),
('2016-08-30', 'Au99.95', 'æ²ªé‡‘95', '0.00', '0.00', '0.00', '0.00', '0.00', '283.61', '0.0000', 1472570596, 1472573192);

-- --------------------------------------------------------

--
-- è¡¨çš„ç»“æ„ `gd_node`
--

CREATE TABLE IF NOT EXISTS `gd_node` (
  `node_id` int(11) NOT NULL AUTO_INCREMENT,
  `mode` enum('auth','menu') NOT NULL DEFAULT 'auth',
  `parent_id` int(11) NOT NULL DEFAULT '0',
  `level` tinyint(4) NOT NULL DEFAULT '1',
  `name` varchar(32) DEFAULT NULL,
  `title` text,
  `path` varchar(96) DEFAULT NULL,
  `status` tinyint(1) NOT NULL DEFAULT '1',
  `auth` tinyint(1) NOT NULL DEFAULT '0',
  `sort` smallint(6) NOT NULL DEFAULT '0',
  `note` text,
  PRIMARY KEY (`node_id`)
) ENGINE=InnoDB  DEFAULT CHARSET=utf8 AUTO_INCREMENT=104 ;

--
-- è½¬å­˜è¡¨ä¸­çš„æ•°æ® `gd_node`
--

INSERT INTO `gd_node` (`node_id`, `mode`, `parent_id`, `level`, `name`, `title`, `path`, `status`, `auth`, `sort`, `note`) VALUES
(1, 'auth', 0, 1, 'tool', 'å°å·¥å…·', 'tool', 1, 1, 0, NULL),
(2, 'auth', 1, 1, 'API', 'é€šç”¨æ¥å£', 'tool/api', 1, 0, 0, ''),
(3, 'auth', 2, 1, 'golden_price', 'è·å–é»„é‡‘ä»·æ ¼', 'tool/api/price', 1, 0, 0, ''),
(4, 'auth', 0, 1, 'auth', 'ç”¨æˆ·æ¨¡å—', '', 1, 1, 0, ''),
(5, 'auth', 4, 1, 'worker', 'å‘˜å·¥ç®¡ç†', 'auth/worker', 1, 1, 0, ''),
(6, 'auth', 5, 1, 'list', 'å‘˜å·¥åˆ—è¡¨é¡µ', 'auth/worker/list', 1, 1, 0, ''),
(7, 'auth', 5, 1, 'check_username', 'éªŒè¯ç”¨æˆ·åæœ‰æ•ˆ', 'auth/worker/check_username', 1, 1, 0, ''),
(8, 'auth', 5, 1, 'save', 'æ·»åŠ ç¼–è¾‘å‘˜å·¥', 'auth/worker/save', 1, 1, 0, ''),
(9, 'auth', 5, 1, 'get_info', 'è·å–å‘˜å·¥ä¿¡æ¯', 'auth/worker/get_info', 1, 1, 0, ''),
(10, 'auth', 5, 1, 'activate', 'å¯ç”¨å‘˜å·¥', 'auth/worker/activate', 1, 1, 0, ''),
(11, 'auth', 5, 1, 'deactivate', 'ç¦ç”¨å‘˜å·¥', 'auth/worker/deactivate', 1, 1, 0, ''),
(12, 'auth', 4, 1, 'role', 'è§’è‰²æ¨¡å—', 'auth/role', 1, 1, 0, ''),
(13, 'auth', 12, 1, 'index', 'è§’è‰²åˆ—è¡¨', 'auth/role/index', 1, 1, 0, ''),
(14, 'auth', 12, 1, 'check_code', 'éªŒè¯è§’è‰²æ ‡è¯†', 'auth/role/check_code', 1, 1, 0, ''),
(15, 'auth', 12, 1, 'save', 'æ·»åŠ ç¼–è¾‘è§’è‰²', 'auth/role/save', 1, 1, 0, ''),
(16, 'auth', 12, 1, 'get_info', 'è·å–è§’è‰²ä¿¡æ¯', 'auth/role/get_info', 1, 1, 0, ''),
(17, 'auth', 4, 1, 'permission', 'æƒé™æ¨¡å—', 'auth/permission', 1, 1, 0, ''),
(18, 'auth', 17, 1, 'index', 'æƒé™èŠ‚ç‚¹æ ‘', 'auth/permission/index', 1, 1, 0, ''),
(19, 'auth', 17, 1, 'save', 'æ·»åŠ ç¼–è¾‘æƒé™èŠ‚ç‚¹', 'auth/permission/save', 1, 1, 0, ''),
(20, 'auth', 17, 1, 'delete', 'åˆ é™¤èŠ‚ç‚¹', 'auth/permission/delete', 1, 1, 0, ''),
(21, 'auth', 17, 1, 'get_info', 'è·å–èŠ‚ç‚¹ä¿¡æ¯', 'auth/permission/get_info', 1, 1, 0, ''),
(22, 'auth', 4, 1, 'profile', 'ä¸ªäººèµ„æ–™', 'auth/profile', 1, 0, 0, ''),
(23, 'auth', 22, 1, 'index', 'ä¸ªäººèµ„æ–™é¡µé¢', 'auth/profile/index', 1, 0, 0, ''),
(24, 'auth', 22, 1, 'check_oldpwd', 'éªŒè¯æ—§å¯†ç ', 'auth/profile/check_oldpwd', 1, 0, 0, ''),
(25, 'auth', 22, 1, 'password', 'é‡ç½®å¯†ç ', 'auth/profile/password', 1, 0, 0, ''),
(26, 'auth', 22, 1, 'save', 'ç¼–è¾‘ä¸ªäººèµ„æ–™', 'auth/profile/save', 1, 0, 0, ''),
(27, 'auth', 22, 1, 'avatar', 'ä¸Šä¼ å¤´åƒ', 'auth/profile/avatar', 1, 0, 0, ''),
(28, 'auth', 0, 1, 'setting', 'å‚æ•°è®¾ç½®', 'setting', 1, 1, 0, ''),
(29, 'auth', 28, 1, 'system', 'å¹³å°å‚æ•°', 'setting/system', 1, 1, 0, ''),
(30, 'auth', 29, 1, 'index', 'è¯»å–å¹³å°å‚æ•°', 'setting/system/index', 1, 1, 0, ''),
(31, 'auth', 29, 1, 'save', 'ç¼–è¾‘å‚æ•°', 'setting/system/save', 1, 1, 0, ''),
(32, 'auth', 28, 1, 'project', 'ä¸šåŠ¡å‚æ•°', 'setting/project', 1, 1, 0, ''),
(33, 'auth', 32, 1, 'index', 'è¯»å–ä¸šåŠ¡å‚æ•°', 'setting/project/index', 1, 1, 0, ''),
(34, 'auth', 32, 1, 'save', 'ç¼–è¾‘å‚æ•°', 'setting/project/save', 1, 1, 0, ''),
(35, 'auth', 32, 1, 'status_list', 'è¯»å–é¡¹ç›®çŠ¶æ€åˆ—è¡¨', 'setting/project/status_list', 1, 1, 0, ''),
(36, 'auth', 32, 1, 'save_status', 'ç¼–è¾‘é¡¹ç›®çŠ¶æ€', 'setting/project/save_status', 1, 1, 0, ''),
(37, 'auth', 32, 1, 'check_status', 'éªŒè¯é¡¹ç›®çŠ¶æ€æ ‡è¯†', 'setting/project/check_status', 1, 1, 0, ''),
(38, 'auth', 32, 1, 'get_status', 'è·å–é¡¹ç›®çŠ¶æ€ä¿¡æ¯', 'setting/project/get_status', 1, 1, 0, ''),
(39, 'auth', 28, 1, 'api', 'æ¥å£å‚æ•°', 'setting/api', 1, 1, 0, ''),
(40, 'auth', 39, 1, 'inde', 'è¯»å–æ¥å£å‚æ•°', 'setting/api/index', 1, 1, 0, ''),
(41, 'auth', 39, 1, 'save', 'ç¼–è¾‘å‚æ•°', 'setting/api/save', 1, 1, 0, ''),
(42, 'auth', 0, 1, 'article', 'æ–‡ç« ç®¡ç†', 'article', 1, 1, 0, ''),
(43, 'auth', 42, 1, 'category', 'æ–‡ç« åˆ†ç±»', 'article/category', 1, 1, 0, ''),
(44, 'auth', 43, 1, 'index', 'è¯»å–æ–‡ç« åˆ†ç±»åˆ—è¡¨', 'article/category/index', 1, 1, 0, ''),
(45, 'auth', 43, 1, 'save', 'æ·»åŠ ç¼–è¾‘æ–‡ç« åˆ†ç±»', 'article/category/save', 1, 1, 0, ''),
(46, 'auth', 43, 1, 'get_info', 'è·å–æ–‡ç« åˆ†ç±»ä¿¡æ¯', 'article/category/get_info', 1, 1, 0, ''),
(47, 'auth', 43, 1, 'check_code', 'éªŒè¯æ–‡ç« åˆ†ç±»æ ‡è¯†', 'article/category/check_code', 1, 1, 0, ''),
(48, 'auth', 42, 1, 'article', 'æ–‡ç« ç®¡ç†', 'article/article', 1, 1, 0, ''),
(49, 'auth', 48, 1, 'index', 'è¯»å–æ‰€æœ‰æ–‡ç« ', 'article/article/index', 1, 1, 0, ''),
(50, 'auth', 48, 1, 'form', 'åŠ è½½æ–‡ç« ç¼–è¾‘è¡¨å•', 'article/article/form', 1, 1, 0, ''),
(51, 'auth', 48, 1, 'save', 'æ·»åŠ ç¼–è¾‘æ–‡ç« ', 'article/article/save', 1, 1, 0, ''),
(52, 'auth', 48, 1, 'detail', 'æŸ¥çœ‹æ–‡ç« å†…å®¹', 'article/article/detail', 1, 0, 0, ''),
(53, 'auth', 0, 1, 'project', 'é¡¹ç›®ç®¡ç†', 'project', 1, 1, 0, ''),
(54, 'auth', 53, 1, 'investing', 'é’±ç”Ÿé‡‘', 'project/investing', 1, 1, 0, ''),
(55, 'auth', 54, 1, 'index', 'è¯»å–é’±ç”Ÿé‡‘é¡¹ç›®åˆ—è¡¨', 'project/investing/index', 1, 1, 0, ''),
(57, 'auth', 54, 1, 'applied', 'æ·»åŠ é¡¹ç›®', 'project/investing/booked', 1, 1, 0, ''),
(59, 'auth', 54, 1, 'checked', 'æ ¸å®é¡¹ç›®ä¿¡æ¯', 'project/investing/checked', 1, 1, 0, ''),
(61, 'auth', 54, 1, 'confirmed', 'åº“ç®¡ç¡®è®¤', 'project/investing/confirmed', 1, 1, 0, ''),
(63, 'auth', 54, 1, 'applied', 'ç”³è¯·å–é‡‘', 'project/investing/applied', 1, 1, 0, ''),
(65, 'auth', 54, 1, 'taken', 'ç¡®è®¤æé‡‘', 'project/investing/taken', 1, 1, 0, ''),
(67, 'auth', 54, 1, 'refused', 'é©³å›é¡¹ç›®', 'project/investing/refused', 1, 1, 0, ''),
(68, 'auth', 54, 1, 'trashed', 'åºŸå¼ƒé¡¹ç›®', 'project/investing/trashed', 1, 1, 0, ''),
(69, 'auth', 53, 1, 'recycling', 'é‡‘ç”Ÿé‡‘', 'project/recycling', 1, 1, 0, ''),
(70, 'auth', 69, 1, 'index', 'è¯»å–é¡¹ç›®åˆ—è¡¨', 'project/recycling/index', 1, 1, 0, ''),
(72, 'auth', 69, 1, 'booked', 'ç™»è®°é¡¹ç›®', 'project/recycling/booked', 1, 1, 0, ''),
(78, 'auth', 69, 1, 'checked', 'æ ¸å®é¡¹ç›®ä¿¡æ¯', 'project/recycling/checked', 1, 1, 0, ''),
(80, 'auth', 69, 3, 'applied', 'ç”³è¯·å–é‡‘å‡­è¯', 'project/recycling/applied', 1, 1, 0, ''),
(82, 'auth', 69, 1, 'taken', 'ç¡®è®¤æé‡‘', 'project/recycling/taken', 1, 1, 0, ''),
(84, 'auth', 69, 1, 'refused', 'æ‹’ç»ç”³è¯·', 'project/recycling/refused', 1, 1, 0, ''),
(85, 'auth', 69, 1, 'trashed', 'åºŸå¼ƒé¡¹ç›®', 'project/recycling/trashed', 1, 1, 0, ''),
(87, 'auth', 69, 1, 'confirmed', 'åº“ç®¡ç¡®è®¤', 'project/recycling/confirmed', 1, 1, 0, ''),
(88, 'auth', 0, 1, 'dashboard', 'é¦–é¡µ', '', 1, 0, 0, NULL),
(89, 'auth', 88, 1, 'home', 'æ§åˆ¶é¢æ¿', 'home/index', 1, 0, 0, NULL),
(90, 'auth', 0, 1, 'error', 'é”™è¯¯æç¤º', '', 1, 0, 0, NULL),
(91, 'auth', 90, 1, 'permission', 'æ— æ­¤æˆæƒ', 'error/permission', 1, 0, 0, NULL),
(92, 'auth', 90, 1, 'permission', 'æ— æ­¤æˆæƒ', 'error/permission/index', 1, 0, 0, NULL),
(93, 'auth', 54, 1, 'update', 'ç¼–è¾‘é¡¹ç›®', 'project/investing/update', 1, 1, 0, ''),
(94, 'auth', 54, 1, 'terminated', 'ç»ˆæ­¢é¡¹ç›®', 'project/investing/terminated', 1, 1, 0, ''),
(96, 'auth', 54, 1, 'cancle', 'å–æ¶ˆç”³è¯·æé‡‘', 'project/investing/cancle', 1, 1, 0, ''),
(98, 'auth', 1, 1, 'filemanager', 'æ–‡ä»¶ç®¡ç†', 'tool/filemanager', 1, 0, 0, ''),
(100, 'auth', 98, 1, 'upload', 'ä¸Šä¼ æ–‡ä»¶', 'tool/filemanager/upload', 1, 0, 0, ''),
(101, 'auth', 98, 1, 'upload', 'ä¸Šä¼ æ–‡ä»¶', 'tool/filemanager/upload', 1, 0, 0, ''),
(102, 'auth', 5, 1, 'autocomplete', 'è‡ªåŠ¨åŒ¹é…', 'auth/worker/autocomplete', 1, 0, 0, ''),
(103, 'auth', 69, 1, 'update', 'ç¼–è¾‘é¡¹ç›®', 'project/recycling/update', 1, 1, 0, '');

-- --------------------------------------------------------

--
-- è¡¨çš„ç»“æ„ `gd_project_apply`
--

CREATE TABLE IF NOT EXISTS `gd_project_apply` (
  `apply_id` int(11) NOT NULL AUTO_INCREMENT,
  `project_id` int(11) NOT NULL,
  `phone` varchar(32) COLLATE utf8_unicode_ci DEFAULT NULL,
  `weight` decimal(11,2) NOT NULL DEFAULT '0.00',
  `mode` enum('appling','order') COLLATE utf8_unicode_ci NOT NULL DEFAULT 'appling',
  `note` text COLLATE utf8_unicode_ci,
  `status` tinyint(1) NOT NULL DEFAULT '1',
  `worker_id` int(11) NOT NULL DEFAULT '0',
  `addtime` int(11) NOT NULL DEFAULT '0',
  PRIMARY KEY (`apply_id`)
) ENGINE=InnoDB DEFAULT CHARSET=utf8 COLLATE=utf8_unicode_ci AUTO_INCREMENT=1 ;

-- --------------------------------------------------------

--
-- è¡¨çš„ç»“æ„ `gd_project_investing`
--

CREATE TABLE IF NOT EXISTS `gd_project_investing` (
  `project_id` int(11) NOT NULL AUTO_INCREMENT,
  `project_sn` char(18) COLLATE utf8_unicode_ci NOT NULL,
  `customer_id` int(11) NOT NULL DEFAULT '0',
  `realname` varchar(32) COLLATE utf8_unicode_ci DEFAULT NULL,
  `phone` varchar(16) COLLATE utf8_unicode_ci NOT NULL,
  `idnumber` char(18) COLLATE utf8_unicode_ci DEFAULT NULL,
  `wechat` varchar(64) COLLATE utf8_unicode_ci DEFAULT NULL,
  `referrer` varchar(32) COLLATE utf8_unicode_ci DEFAULT NULL,
  `price` decimal(6,2) NOT NULL DEFAULT '0.00',
  `weight` decimal(11,2) NOT NULL DEFAULT '0.00',
  `amount` decimal(11,2) NOT NULL DEFAULT '0.00',
  `period` tinyint(4) NOT NULL DEFAULT '0',
  `start` date DEFAULT NULL,
  `end` date DEFAULT NULL,
  `total` decimal(11,2) NOT NULL DEFAULT '0.00',
  `note` text COLLATE utf8_unicode_ci,
  `is_del` tinyint(1) NOT NULL DEFAULT '0',
  `status_id` tinyint(1) NOT NULL DEFAULT '0',
  `worker_id` int(11) NOT NULL DEFAULT '0',
  `addtime` int(11) NOT NULL DEFAULT '0',
  `lasttime` int(11) NOT NULL DEFAULT '0',
  `locker` int(11) NOT NULL DEFAULT '0',
  PRIMARY KEY (`project_id`)
) ENGINE=InnoDB  DEFAULT CHARSET=utf8 COLLATE=utf8_unicode_ci AUTO_INCREMENT=16 ;

--
-- è½¬å­˜è¡¨ä¸­çš„æ•°æ® `gd_project_investing`
--

INSERT INTO `gd_project_investing` (`project_id`, `project_sn`, `customer_id`, `realname`, `phone`, `idnumber`, `wechat`, `referrer`, `price`, `weight`, `amount`, `period`, `start`, `end`, `total`, `note`, `is_del`, `status_id`, `worker_id`, `addtime`, `lasttime`, `locker`) VALUES
(1, 'SD20156454564522', 0, 'OKOK', '18800011000', NULL, NULL, NULL, '288.88', '100.00', '28888.00', 6, NULL, NULL, '0.00', NULL, 0, 1, 0, 1470000000, 0, 0),
(2, 'SD20155454564511', 0, 'æ—æœ¨æ£®', '18800011001', '599455198505050808', '', '', '288.88', '100.00', '28888.00', 1, '2016-08-01', '2016-08-31', '101.50', 'hh', 0, 2, 3, 1470000000, 1472384841, 0),
(3, '1608188031093542', 0, 'æœ±æ™¯ä¿®', '18850911111', '321324200808080415', '', 'XX', '287.35', '10.00', '2873.50', 3, NULL, NULL, '10.15', 'ä¿¡æ¯ä¸å…¨ï¼Œä¸”å¤±æ•ˆæœŸå·²è¿‡', 0, 8, 3, 1471509342, 1472464982, 0),
(4, '1608188261053809', 0, 'æœ±æ™¯ä¿®', '13813801380', '321325199902024510', '', '', '287.98', '100.00', '28798.00', 12, NULL, NULL, '106.00', '&lt;p&gt;okok&lt;/p&gt;', 0, 1, 3, 1471509489, 1472048310, 0),
(5, '1608181371034554', 0, 'æ²ˆä¸‡ä¸‰', '18888888888', '325326150008080808', '', '', '287.35', '1000000.00', '287350000.00', 12, NULL, NULL, '1060000.00', 'å»é—®é—®ä¼é¹…å®Œå…¨', 0, 1, 3, 1471509954, 1472289031, 0),
(6, '1608186671184447', 0, 'èµµå…¬æ˜', '15815801580', '321324198808080808', '', '', '287.35', '10.00', '2873.50', 3, '2016-08-18', '2016-11-17', '10.15', '', 0, 6, 3, 1471513487, 1472464146, 0),
(7, '1608183471764952', 0, 'é©¬æ™“äº‘', '13913901390', '500250196606080806', '', '', '287.35', '10.00', '2873.50', 3, '2016-08-18', '2016-11-17', '10.15', '', 0, 6, 3, 1471513792, 1472464905, 0),
(8, '1608222241360343', 0, 'æœ±æ™¯ä¿®', '18850911766', '321324155010254569', '', '', '286.80', '12.00', '3441.60', 9, NULL, NULL, '12.72', '&lt;p&gt;asdasdsadsa&lt;/p&gt;', 0, 1, 5, 1471842223, 1471856775, 0),
(9, '1608229881435008', 0, 'æœ±æ™¯ä¿®', '18850911766', '321245198905080904', '', '', '290.00', '100.00', '29000.00', 6, '2016-08-22', '2017-02-21', '106.00', '', 0, 2, 3, 1471848608, 1472386688, 0),
(10, '1608229951425621', 0, 'æœ±æ™¯ä¿®', '18850911766', '321245198905080904', '', '', '289.67', '100.00', '28967.00', 3, NULL, NULL, '106.00', '', 0, 1, 5, 1471848981, 1471856834, 0),
(11, '1608225151495752', 0, 'é™ˆå›½', '13001023005', '321245198905080904', '', '', '289.67', '12.00', '3476.04', 6, NULL, NULL, '12.72', '&lt;p&gt;asdsadsaxzcxz&lt;/p&gt;', 0, 1, 5, 1471849072, 1471856820, 0),
(12, '1608222511510103', 0, 'é™ˆå›½', '18850911766', '321245198905080904', '', '', '288.39', '12.00', '3460.68', 12, '2016-08-22', '2017-08-21', '12.72', '', 0, 2, 3, 1471849263, 1472386760, 0),
(13, '1608252211011343', 0, 'æœ±æ™¯ä¿®', '18850911223', '321324196606060606', '', '', '288.15', '12.00', '3457.80', 12, '2016-08-25', '2017-08-24', '12.72', 'sadsadsadsadsadsadsa', 0, 2, 3, 1472091223, 1472289668, 0),
(14, '1608272541144202', 0, 'åå¤§å¦ˆ', '13316618899', '110120199909090909', '', '', '284.52', '1000.00', '284520.00', 12, '2016-08-27', '2017-08-26', '1060.00', '&lt;p&gt;æ’’æ‰“ç®—æ‰“ç®—çš„æ’’&lt;/p&gt;', 0, 2, 4, 1472269322, 1472278417, 0),
(15, '1608281632155533', 0, 'æµ‹è¯•', '13344556677', '234123198709089876', '', '', '284.52', '100.00', '28452.00', 12, '2016-08-28', '2017-08-27', '106.00', 'sadsadsadsa', 0, 6, 3, 1472392533, 1472462185, 0);

-- --------------------------------------------------------

--
-- è¡¨çš„ç»“æ„ `gd_project_investing_history`
--

CREATE TABLE IF NOT EXISTS `gd_project_investing_history` (
  `history_id` int(11) NOT NULL AUTO_INCREMENT,
  `project_id` int(11) NOT NULL DEFAULT '0',
  `status_id` int(11) NOT NULL DEFAULT '0',
  `note` text COLLATE utf8_unicode_ci NOT NULL,
  `request` text COLLATE utf8_unicode_ci,
  `worker_id` int(11) NOT NULL DEFAULT '0',
  `addtime` int(11) NOT NULL DEFAULT '0',
  `ip` char(15) COLLATE utf8_unicode_ci DEFAULT NULL,
  PRIMARY KEY (`history_id`)
) ENGINE=InnoDB  DEFAULT CHARSET=utf8 COLLATE=utf8_unicode_ci AUTO_INCREMENT=59 ;

--
-- è½¬å­˜è¡¨ä¸­çš„æ•°æ® `gd_project_investing_history`
--

INSERT INTO `gd_project_investing_history` (`history_id`, `project_id`, `status_id`, `note`, `request`, `worker_id`, `addtime`, `ip`) VALUES
(1, 3, 1, '', NULL, 1, 1471509342, NULL),
(2, 4, 1, '', NULL, 1, 1471509489, NULL),
(3, 5, 1, '', NULL, 1, 1471509954, '127.0.0.1'),
(4, 6, 1, '', NULL, 1, 1471513487, '127.0.0.1'),
(5, 7, 1, '', NULL, 1, 1471513792, '127.0.0.1'),
(10, 12, 1, '&lt;p&gt;22222&lt;/p&gt;', NULL, 5, 1471849263, '127.0.0.1'),
(11, 8, 1, '&lt;p&gt;asdasdsadsa&lt;/p&gt;', NULL, 5, 1471856775, '127.0.0.1'),
(12, 11, 1, '&lt;p&gt;asdsadsaxzcxz&lt;/p&gt;', NULL, 5, 1471856820, '127.0.0.1'),
(13, 10, 1, '', NULL, 5, 1471856834, '127.0.0.1'),
(14, 9, 1, '&lt;p&gt;65465456&lt;/p&gt;', NULL, 5, 1471856884, '127.0.0.1'),
(15, 4, 2, '&lt;p&gt;okok&lt;/p&gt;', NULL, 3, 1472048310, '127.0.0.1'),
(16, 2, 2, '', 'array (\n  ''amount'' =&gt; ''28888.00'',\n  ''_amount'' =&gt; ''28888.00'',\n  ''phone'' =&gt; ''18800011001'',\n  ''_phone'' =&gt; ''18800011001'',\n)', 3, 1472049634, '127.0.0.1'),
(17, 3, 2, '', 'array (\n  ''amount'' =&gt; ''2873.50'',\n  ''_amount'' =&gt; ''2873.50'',\n  ''phone'' =&gt; ''18850911111'',\n  ''_phone'' =&gt; ''18850911111'',\n)', 3, 1472049785, '127.0.0.1'),
(18, 6, 2, '', 'array (\n  ''amount'' =&gt; ''2873.50'',\n  ''_amount'' =&gt; ''2873.50'',\n  ''phone'' =&gt; ''15815801580'',\n  ''_phone'' =&gt; ''15815801580'',\n)', 3, 1472049868, '127.0.0.1'),
(19, 7, 2, '', 'array (\n  ''amount'' =&gt; ''2873.50'',\n  ''_amount'' =&gt; ''2873.50'',\n  ''phone'' =&gt; ''13913901390'',\n  ''_phone'' =&gt; ''13913901390'',\n)', 3, 1472049929, '127.0.0.1'),
(20, 12, 2, '&lt;p&gt;sa&lt;span style=&quot;text-decoration: underline;&quot;&gt;&lt;em&gt;&lt;strong&gt;dasdsagfdhgfhgfhgf&lt;/strong&gt;&lt;/em&gt;&lt;/span&gt;&lt;span style=&quot;text-decoration: none;&quot;&gt; &amp;nbsp;&lt;/span&gt;&lt;span style=&quot;text-decoration: line-through;&quot;&gt;sssssss&lt;/span&gt;&lt;/p&gt;', 'array (\n  ''amount'' =&gt; ''3460.68'',\n  ''_amount'' =&gt; ''3460.68'',\n  ''phone'' =&gt; ''18850911766'',\n  ''_phone'' =&gt; ''18850911766'',\n)', 3, 1472049992, '127.0.0.1'),
(21, 9, 2, '&lt;p&gt;6565461333&lt;/p&gt;', 'array (\n  ''amount'' =&gt; ''29000.00'',\n  ''_amount'' =&gt; ''29000.00'',\n  ''phone'' =&gt; ''18850911766'',\n  ''_phone'' =&gt; ''18850911766'',\n)', 3, 1472085444, '127.0.0.1'),
(22, 13, 1, '&lt;p&gt;æ˜¯è€å®¢æˆ·&lt;br/&gt;&lt;/p&gt;', '', 5, 1472091223, '127.0.0.1'),
(23, 5, 7, 'æ•°æ®å¼‚å¸¸', '', 3, 1472093730, '127.0.0.1'),
(24, 14, 1, '&lt;p&gt;ç–¯ç‹‚çš„ä¸­å›½å¤§å¦ˆä¹°äº†2æ–¤é»„é‡‘ï¼Œå’±ä»¬åº“å­˜å¤Ÿä¸å¤Ÿ&lt;/p&gt;', '', 6, 1472269322, '127.0.0.1'),
(25, 2, 3, '&lt;p&gt;432432432432432432432&lt;br/&gt;&lt;/p&gt;', 'array (\n  ''weight'' =&gt; ''100.00'',\n  ''_weight'' =&gt; ''100.00'',\n  ''phone'' =&gt; ''18800011001'',\n  ''_phone'' =&gt; ''18800011001'',\n)', 7, 1472276945, '127.0.0.1'),
(26, 9, 3, '', 'array (\n  ''weight'' =&gt; ''100.00'',\n  ''_weight'' =&gt; ''100.00'',\n  ''phone'' =&gt; ''18850911766'',\n  ''_phone'' =&gt; ''18850911766'',\n)', 7, 1472277090, '127.0.0.1'),
(28, 9, 3, '&lt;p&gt;fdsfsdggdgfdgfd&lt;br/&gt;&lt;/p&gt;', 'array (\n  ''weight'' =&gt; ''100.00'',\n  ''_weight'' =&gt; ''100.00'',\n  ''phone'' =&gt; ''18850911766'',\n  ''_phone'' =&gt; ''18850911766'',\n)', 7, 1472277224, '127.0.0.1'),
(29, 14, 2, '&lt;p&gt;ç®¡å¤Ÿï¼Œç®¡å¤Ÿ&lt;/p&gt;', 'array (\n  ''amount'' =&gt; ''284520.00'',\n  ''_amount'' =&gt; ''284520.00'',\n  ''phone'' =&gt; ''13316618899'',\n  ''_phone'' =&gt; ''13316618899'',\n)', 4, 1472277747, '127.0.0.1'),
(30, 14, 2, '&lt;p&gt;æ’’æ—¦æ’’æ—¦æ’’&lt;/p&gt;', 'array (\n  ''amount'' =&gt; ''284520.00'',\n  ''_amount'' =&gt; ''284520.00'',\n  ''phone'' =&gt; ''13316618899'',\n  ''_phone'' =&gt; ''13316618899'',\n)', 4, 1472278195, '127.0.0.1'),
(31, 14, 2, '&lt;p&gt;é˜¿æ–¯é¡¿æ’’æ—¦æ’’å¤§&lt;/p&gt;', 'array (\n  ''amount'' =&gt; ''284520.00'',\n  ''_amount'' =&gt; ''284520.00'',\n  ''phone'' =&gt; ''13316618899'',\n  ''_phone'' =&gt; ''13316618899'',\n)', 4, 1472278325, '127.0.0.1'),
(32, 14, 2, '&lt;p&gt;æ’’æ‰“ç®—æ‰“ç®—çš„æ’’&lt;/p&gt;', 'array (\n  ''amount'' =&gt; ''284520.00'',\n  ''_amount'' =&gt; ''284520.00'',\n  ''phone'' =&gt; ''13316618899'',\n  ''_phone'' =&gt; ''13316618899'',\n)', 4, 1472278417, '127.0.0.1'),
(33, 5, 8, 'å»é—®é—®ä¼é¹…å®Œå…¨', '', 3, 1472288961, '127.0.0.1'),
(34, 13, 2, 'sadsadsadsadsadsadsa', 'array (\n  ''amount'' =&gt; ''3457.80'',\n  ''_amount'' =&gt; ''3457.80'',\n  ''phone'' =&gt; ''18850911223'',\n  ''_phone'' =&gt; ''18850911223'',\n)', 3, 1472289668, '127.0.0.1'),
(35, 2, 7, 'èµ„æ–™ä¸å®Œæ•´', '', 3, 1472289921, '127.0.0.1'),
(36, 2, 1, '                        èµ„æ–™ä¸å®Œæ•´                    ', '', 6, 1472290004, '127.0.0.1'),
(37, 2, 1, 'å·²æ›´æ”¹èµ„æ–™              ', '', 6, 1472290152, '127.0.0.1'),
(38, 2, 2, 'hh', 'array (\n  ''amount'' =&gt; ''28888.00'',\n  ''_amount'' =&gt; ''28888.00'',\n  ''phone'' =&gt; ''18800011001'',\n  ''_phone'' =&gt; ''18800011001'',\n)', 3, 1472384841, '127.0.0.1'),
(39, 9, 2, '', 'array (\n  ''amount'' =&gt; ''29000.00'',\n  ''_amount'' =&gt; ''29000.00'',\n  ''phone'' =&gt; ''18850911766'',\n  ''_phone'' =&gt; ''18850911766'',\n)', 3, 1472386688, '127.0.0.1'),
(40, 12, 2, '', 'array (\n  ''amount'' =&gt; ''3460.68'',\n  ''_amount'' =&gt; ''3460.68'',\n  ''phone'' =&gt; ''18850911766'',\n  ''_phone'' =&gt; ''18850911766'',\n)', 3, 1472386760, '127.0.0.1'),
(41, 7, 2, '', 'array (\n  ''amount'' =&gt; ''2873.50'',\n  ''_amount'' =&gt; ''2873.50'',\n  ''phone'' =&gt; ''13913901390'',\n  ''_phone'' =&gt; ''13913901390'',\n)', 3, 1472387499, '127.0.0.1'),
(42, 6, 2, '', 'array (\n  ''amount'' =&gt; ''2873.50'',\n  ''_amount'' =&gt; ''2873.50'',\n  ''phone'' =&gt; ''15815801580'',\n  ''_phone'' =&gt; ''15815801580'',\n)', 3, 1472387579, '127.0.0.1'),
(43, 6, 3, '', 'array (\n  ''weight'' =&gt; ''10.00'',\n  ''_weight'' =&gt; ''10.00'',\n  ''phone'' =&gt; ''15815801580'',\n  ''_phone'' =&gt; ''15815801580'',\n)', 7, 1472388632, '127.0.0.1'),
(44, 6, 3, '', 'array (\n  ''weight'' =&gt; ''10.00'',\n  ''_weight'' =&gt; ''10.00'',\n  ''phone'' =&gt; ''15815801580'',\n  ''_phone'' =&gt; ''15815801580'',\n)', 7, 1472388755, '127.0.0.1'),
(45, 7, 3, '', 'array (\n  ''weight'' =&gt; ''10.00'',\n  ''_weight'' =&gt; ''10.00'',\n  ''phone'' =&gt; ''13913901390'',\n  ''_phone'' =&gt; ''13913901390'',\n)', 7, 1472388933, '127.0.0.1'),
(46, 15, 1, 'æ’’çš„æ’’çš„æ’’', '', 5, 1472392533, '127.0.0.1'),
(47, 15, 2, 'asdsdd', 'array (\n  ''amount'' =&gt; ''28452.00'',\n  ''_amount'' =&gt; ''28452.00'',\n  ''phone'' =&gt; ''13344556677'',\n  ''_phone'' =&gt; ''13344556677'',\n)', 3, 1472392834, '127.0.0.1'),
(48, 3, 7, 'sadsadsadsa', '', 3, 1472392903, '127.0.0.1'),
(49, 7, 5, 'sdsadsadsadsadsa', 'array (\n  ''weight'' =&gt; ''10.00'',\n  ''_weight'' =&gt; NULL,\n  ''phone'' =&gt; ''13913901390'',\n  ''_phone'' =&gt; ''13913901390'',\n)', 3, 1472441239, '127.0.0.1'),
(50, 7, 3, 'sadsadsadsadsa', '', 3, 1472442851, '127.0.0.1'),
(51, 7, 5, '', 'array (\n  ''weight'' =&gt; ''10'',\n  ''_weight'' =&gt; NULL,\n  ''phone'' =&gt; ''13913901390'',\n  ''_phone'' =&gt; ''13913901390'',\n)', 3, 1472443012, '127.0.0.1'),
(52, 7, 6, '', 'array (\n  ''weight'' =&gt; ''6.00'',\n  ''_weight'' =&gt; ''6.00'',\n  ''phone'' =&gt; ''13913901390'',\n  ''_phone'' =&gt; ''13913901390'',\n  ''_file'' =&gt; NULL,\n  ''_path'' =&gt; NULL,\n)', 7, 1472461119, '127.0.0.1'),
(53, 6, 5, 'dsdfsdf', 'array (\n  ''weight'' =&gt; ''10.00'',\n  ''_weight'' =&gt; NULL,\n  ''phone'' =&gt; ''15815801580'',\n  ''_phone'' =&gt; ''15815801580'',\n)', 3, 1472461279, '127.0.0.1'),
(54, 6, 6, '', 'array (\n  ''weight'' =&gt; ''10.00'',\n  ''_weight'' =&gt; ''10.00'',\n  ''phone'' =&gt; ''15815801580'',\n  ''_phone'' =&gt; ''15815801580'',\n  ''_file'' =&gt; ''å·¥ä½œå†…å®¹æœ±æ™¯ä¿®.txt'',\n  ''_path'' =&gt; ''public/uploads/2016/08/29170539a9718f.txt'',\n)', 7, 1472461542, '127.0.0.1'),
(55, 15, 3, 'ruku', 'array (\n  ''weight'' =&gt; ''100.00'',\n  ''_weight'' =&gt; ''100.00'',\n  ''phone'' =&gt; ''13344556677'',\n  ''_phone'' =&gt; ''13344556677'',\n)', 7, 1472461644, '127.0.0.1'),
(56, 15, 5, 'è¨è¾¾æ˜¯å¦', 'array (\n  ''weight'' =&gt; ''100.00'',\n  ''_weight'' =&gt; NULL,\n  ''phone'' =&gt; ''13344556677'',\n  ''_phone'' =&gt; ''13344556677'',\n)', 3, 1472462041, '127.0.0.1'),
(57, 15, 6, 'sadsadsadsa', 'array (\n  ''weight'' =&gt; ''100.00'',\n  ''_weight'' =&gt; ''100.00'',\n  ''phone'' =&gt; ''13344556677'',\n  ''_phone'' =&gt; ''13344556677'',\n  ''_file'' =&gt; ''å·¥ä½œå†…å®¹æœ±æ™¯ä¿®.txt'',\n  ''_path'' =&gt; ''public/uploads/2016/08/29171436087661.txt'',\n)', 7, 1472462083, '127.0.0.1'),
(58, 3, 8, 'ä¿¡æ¯ä¸å…¨ï¼Œä¸”å¤±æ•ˆæœŸå·²è¿‡', '', 3, 1472464970, '127.0.0.1');

-- --------------------------------------------------------

--
-- è¡¨çš„ç»“æ„ `gd_project_investing_status`
--

CREATE TABLE IF NOT EXISTS `gd_project_investing_status` (
  `status_id` int(11) NOT NULL AUTO_INCREMENT,
  `title` varchar(64) COLLATE utf8_unicode_ci NOT NULL,
  `code` varchar(32) COLLATE utf8_unicode_ci NOT NULL,
  `list_label` varchar(256) COLLATE utf8_unicode_ci DEFAULT NULL,
  `note` varchar(128) COLLATE utf8_unicode_ci NOT NULL,
  `status` tinyint(1) NOT NULL DEFAULT '1',
  PRIMARY KEY (`status_id`)
) ENGINE=InnoDB  DEFAULT CHARSET=utf8 COLLATE=utf8_unicode_ci AUTO_INCREMENT=9 ;

--
-- è½¬å­˜è¡¨ä¸­çš„æ•°æ® `gd_project_investing_status`
--

INSERT INTO `gd_project_investing_status` (`status_id`, `title`, `code`, `list_label`, `note`, `status`) VALUES
(1, 'å·²ç™»è®°', 'booked', NULL, 'ç™»è®°å®¢æˆ·ä¹°é‡‘ä¿¡æ¯', 1),
(2, 'å·²æ ¸å®', 'checked', NULL, 'ä¸Šçº§ä¸»ç®¡æ ¸å¯¹å®¢æˆ·ä¿¡æ¯ã€é»„é‡‘ä¹°å…¥ä¿¡æ¯', 1),
(3, 'å·²ç¡®è®¤', 'confirmed', NULL, 'åº“ç®¡ç¡®è®¤å¹¶æ ‡è®°', 1),
(4, 'å·²åˆ°æœŸ', 'expired', NULL, 'é¡¹ç›®åˆ°æœŸï¼Œç”Ÿé‡‘', 1),
(5, 'å·²ç”³è¯·', 'applied', NULL, 'ç”³è¯·æé‡‘', 1),
(6, 'å·²å®Œç»“', 'finished', NULL, 'åˆ°æœŸå–é‡‘ï¼Œé¡¹ç›®å®Œç»“ ï¼ˆå¯è½¬åˆ°é‡‘ç”Ÿé‡‘ï¼‰', 1),
(7, 'å·²é©³å›', 'refused', NULL, 'å®¢æˆ·ä¿¡æ¯ç­‰é—®é¢˜é€ æˆ', 1),
(8, 'å·²ç»ˆæ­¢', 'terminated', NULL, 'æå‰ç»ˆæ­¢é¡¹ç›®', 1);

-- --------------------------------------------------------

--
-- è¡¨çš„ç»“æ„ `gd_project_recycling`
--

CREATE TABLE IF NOT EXISTS `gd_project_recycling` (
  `project_id` int(11) NOT NULL AUTO_INCREMENT,
  `project_sn` char(18) COLLATE utf8_unicode_ci NOT NULL,
  `status_id` tinyint(4) NOT NULL DEFAULT '0',
  `customer_id` int(11) NOT NULL DEFAULT '0',
  `referrer_id` int(11) NOT NULL DEFAULT '0',
  `price` decimal(6,2) NOT NULL DEFAULT '0.00',
  `origin_weight` decimal(9,2) NOT NULL DEFAULT '0.00',
  `weight` decimal(9,2) NOT NULL DEFAULT '0.00',
  `number` tinyint(4) NOT NULL DEFAULT '0',
  `type` enum('ornaments','goldbar','other') COLLATE utf8_unicode_ci DEFAULT 'ornaments',
  `appraiser_id` int(11) NOT NULL DEFAULT '0',
  `loss` decimal(5,2) NOT NULL DEFAULT '0.00',
  `note` text COLLATE utf8_unicode_ci,
  `is_del` tinyint(1) NOT NULL DEFAULT '0',
  `worker_id` int(11) NOT NULL DEFAULT '0',
  `addtime` int(11) NOT NULL DEFAULT '0',
  `lasttime` int(11) NOT NULL DEFAULT '0',
  `locker` int(11) NOT NULL DEFAULT '0',
  PRIMARY KEY (`project_id`)
) ENGINE=InnoDB  DEFAULT CHARSET=utf8 COLLATE=utf8_unicode_ci AUTO_INCREMENT=4 ;

--
-- è½¬å­˜è¡¨ä¸­çš„æ•°æ® `gd_project_recycling`
--

INSERT INTO `gd_project_recycling` (`project_id`, `project_sn`, `status_id`, `customer_id`, `referrer_id`, `price`, `origin_weight`, `weight`, `number`, `type`, `appraiser_id`, `loss`, `note`, `is_del`, `worker_id`, `addtime`, `lasttime`, `locker`) VALUES
(2, 'GR1608306501832112', 1, 2, 2, '283.98', '15.00', '12.00', 2, 'goldbar', 5, '20.00', 'sssssss', 0, 5, 1472552472, 1472570351, 0),
(3, 'GR1608307502051943', 3, 3, 2, '283.98', '16.00', '10.00', 2, 'goldbar', 5, '10.00', '', 0, 7, 1472559583, 1472575739, 0);

-- --------------------------------------------------------

--
-- è¡¨çš„ç»“æ„ `gd_project_recycling_file`
--

CREATE TABLE IF NOT EXISTS `gd_project_recycling_file` (
  `file_id` int(11) NOT NULL AUTO_INCREMENT,
  `project_id` int(11) NOT NULL DEFAULT '0',
  `mode` enum('photo','invoice','report','privacy') COLLATE utf8_unicode_ci NOT NULL DEFAULT 'photo',
  `file` text COLLATE utf8_unicode_ci NOT NULL,
  `status` tinyint(1) NOT NULL DEFAULT '1',
  `worker_id` int(11) NOT NULL DEFAULT '0',
  `addtime` int(11) NOT NULL DEFAULT '0',
  PRIMARY KEY (`file_id`)
) ENGINE=InnoDB  DEFAULT CHARSET=utf8 COLLATE=utf8_unicode_ci AUTO_INCREMENT=19 ;

--
-- è½¬å­˜è¡¨ä¸­çš„æ•°æ® `gd_project_recycling_file`
--

INSERT INTO `gd_project_recycling_file` (`file_id`, `project_id`, `mode`, `file`, `status`, `worker_id`, `addtime`) VALUES
(11, 2, 'photo', '[{"name":"121034209220f1.jpg","path":"public\\/uploads\\/2016\\/08\\/302312556975e7.jpg"}]', 1, 5, 1472570351),
(12, 2, 'invoice', '[{"name":"user6-128x128.jpg","path":"public\\/uploads\\/2016\\/08\\/3023130308544d.jpg"}]', 1, 5, 1472570351),
(13, 2, 'privacy', '[{"name":"user2-160x160.jpg","path":"public\\/uploads\\/2016\\/08\\/301821078f0ecf.jpg"}]', 1, 5, 1472570351),
(15, 3, 'photo', '[{"name":"user5-128x128.jpg","path":"public\\/uploads\\/2016\\/08\\/30201936b4d0e3.jpg"}]', 1, 5, 1472574278),
(16, 3, 'invoice', '[{"name":"avatar4.png","path":"public\\/uploads\\/2016\\/08\\/31002303eab7ed.png"}]', 1, 5, 1472574278),
(17, 3, 'report', '[{"name":"29155000ed424f.txt","path":"public\\/uploads\\/2016\\/08\\/310023447bd092.txt"}]', 1, 5, 1472574278),
(18, 3, 'privacy', '[{"name":"29155021142d12.txt","path":"public\\/uploads\\/2016\\/08\\/310023375c34ea.txt"}]', 1, 5, 1472574278);

-- --------------------------------------------------------

--
-- è¡¨çš„ç»“æ„ `gd_project_recycling_history`
--

CREATE TABLE IF NOT EXISTS `gd_project_recycling_history` (
  `history_id` int(11) NOT NULL AUTO_INCREMENT,
  `project_id` int(11) NOT NULL DEFAULT '0',
  `status_id` int(11) NOT NULL DEFAULT '0',
  `note` text COLLATE utf8_unicode_ci NOT NULL,
  `request` text COLLATE utf8_unicode_ci,
  `worker_id` int(11) NOT NULL DEFAULT '0',
  `addtime` int(11) NOT NULL DEFAULT '0',
  `ip` char(15) COLLATE utf8_unicode_ci DEFAULT NULL,
  PRIMARY KEY (`history_id`)
) ENGINE=InnoDB  DEFAULT CHARSET=utf8 COLLATE=utf8_unicode_ci AUTO_INCREMENT=15 ;

--
-- è½¬å­˜è¡¨ä¸­çš„æ•°æ® `gd_project_recycling_history`
--

INSERT INTO `gd_project_recycling_history` (`history_id`, `project_id`, `status_id`, `note`, `request`, `worker_id`, `addtime`, `ip`) VALUES
(1, 2, 1, 'ssss', '', 5, 1472552472, '127.0.0.1'),
(2, 3, 1, '', '', 5, 1472559583, '127.0.0.1'),
(3, 3, 1, '', '', 5, 1472569733, '127.0.0.1'),
(4, 2, 1, 'sssssss', '', 5, 1472570023, '127.0.0.1'),
(5, 2, 1, 'sssssss', '', 5, 1472570351, '127.0.0.1'),
(6, 3, 1, '', '', 5, 1472571476, '127.0.0.1'),
(7, 3, 2, 'sadsadsa', 'array (\n  ''weight'' =&gt; ''10.00'',\n  ''_weight'' =&gt; ''10.00'',\n  ''phone'' =&gt; ''18959506595'',\n  ''_phone'' =&gt; ''18959506595'',\n)', 3, 1472573871, '127.0.0.1'),
(8, 3, 6, 'sadsadsadasdsadsa', '', 3, 1472573908, '127.0.0.1'),
(9, 3, 1, 'sadsadsadasdsadsasadsadsadsa', '', 5, 1472574278, '127.0.0.1'),
(10, 3, 2, 'okok', 'array (\n  ''weight'' =&gt; ''10.00'',\n  ''_weight'' =&gt; ''10.00'',\n  ''phone'' =&gt; ''18959506595'',\n  ''_phone'' =&gt; ''18959506595'',\n)', 3, 1472574326, '127.0.0.1'),
(14, 3, 3, '', 'array (\n  ''weight'' =&gt; ''10.00'',\n  ''_weight'' =&gt; ''10.00'',\n  ''phone'' =&gt; ''18959506595'',\n  ''_phone'' =&gt; ''18959506595'',\n)', 7, 1472575739, '127.0.0.1');

-- --------------------------------------------------------

--
-- è¡¨çš„ç»“æ„ `gd_project_recycling_status`
--

CREATE TABLE IF NOT EXISTS `gd_project_recycling_status` (
  `status_id` int(11) NOT NULL AUTO_INCREMENT,
  `title` varchar(64) COLLATE utf8_unicode_ci NOT NULL,
  `code` varchar(32) COLLATE utf8_unicode_ci NOT NULL,
  `list_label` varchar(256) COLLATE utf8_unicode_ci DEFAULT NULL,
  `note` varchar(128) COLLATE utf8_unicode_ci NOT NULL,
  `status` tinyint(1) NOT NULL DEFAULT '1',
  PRIMARY KEY (`status_id`)
) ENGINE=InnoDB  DEFAULT CHARSET=utf8 COLLATE=utf8_unicode_ci AUTO_INCREMENT=9 ;

--
-- è½¬å­˜è¡¨ä¸­çš„æ•°æ® `gd_project_recycling_status`
--

INSERT INTO `gd_project_recycling_status` (`status_id`, `title`, `code`, `list_label`, `note`, `status`) VALUES
(1, 'å·²ç™»è®°', 'booked', NULL, 'ç™»è®°å®¢æˆ·å­˜é‡‘ä¿¡æ¯ï¼Œå«é‰´å®šç»“æœåŠå®¢æˆ·åŒæ„ä¹¦', 1),
(2, 'å·²æ ¸å®', 'checked', NULL, 'ä¸Šçº§ä¸»ç®¡æ ¸å¯¹å®¢æˆ·ã€ç‰©å“åŠé‰´å®šç»“æœ', 1),
(3, 'å·²ç¡®è®¤', 'confirmed', NULL, 'åº“ç®¡ç¡®è®¤å¹¶æ ‡è®°', 1),
(4, 'å·²ç”³è¯·', 'applied', NULL, 'ç”³è¯·æé‡‘', 1),
(5, 'å·²å®Œç»“', 'finished', NULL, 'åˆ°æœŸå–é‡‘ï¼Œé¡¹ç›®å®Œç»“', 1),
(6, 'å·²é©³å›', 'refused', NULL, 'å®¢æˆ·ä¿¡æ¯æˆ–é»„é‡‘ç‰©å“ç­‰é—®é¢˜é€ æˆ', 1),
(7, 'å·²ç»ˆæ­¢', 'terminated', NULL, 'æå‰ç»ˆæ­¢é¡¹ç›®', 1);

-- --------------------------------------------------------

--
-- è¡¨çš„ç»“æ„ `gd_project_stock`
--

CREATE TABLE IF NOT EXISTS `gd_project_stock` (
  `stock_id` int(11) NOT NULL AUTO_INCREMENT,
  `project_id` int(11) NOT NULL DEFAULT '0',
  `title` varchar(64) COLLATE utf8_unicode_ci NOT NULL,
  `mode` enum('investing','recycling','stock') COLLATE utf8_unicode_ci NOT NULL DEFAULT 'investing',
  `info` text COLLATE utf8_unicode_ci,
  `weight` decimal(13,2) NOT NULL DEFAULT '0.00',
  `file` text COLLATE utf8_unicode_ci,
  `note` text COLLATE utf8_unicode_ci,
  `status` tinyint(4) NOT NULL,
  `worker_id` int(11) NOT NULL,
  `addtime` int(11) NOT NULL,
  `lasttime` int(11) NOT NULL DEFAULT '0',
  PRIMARY KEY (`stock_id`)
) ENGINE=InnoDB  DEFAULT CHARSET=utf8 COLLATE=utf8_unicode_ci AUTO_INCREMENT=3 ;

--
-- è½¬å­˜è¡¨ä¸­çš„æ•°æ® `gd_project_stock`
--

INSERT INTO `gd_project_stock` (`stock_id`, `project_id`, `title`, `mode`, `info`, `weight`, `file`, `note`, `status`, `worker_id`, `addtime`, `lasttime`) VALUES
(2, 3, 'æœ±é™:18959506595:10.00', 'recycling', 'a:11:{s:10:"project_sn";s:18:"GR1608307502051943";s:8:"realname";s:6:"æœ±é™";s:5:"phone";s:11:"18959506595";s:8:"idnumber";s:18:"321324199008080808";s:11:"referrer_id";s:1:"2";s:4:"type";s:7:"goldbar";s:6:"number";s:1:"2";s:13:"origin_weight";s:5:"16.00";s:6:"weight";s:5:"10.00";s:4:"loss";s:5:"10.00";s:12:"appraiser_id";s:1:"5";}', '10.00', NULL, '', 1, 7, 1472575739, 1472575739);

-- --------------------------------------------------------

--
-- è¡¨çš„ç»“æ„ `gd_project_trash`
--

CREATE TABLE IF NOT EXISTS `gd_project_trash` (
  `trash_id` int(11) NOT NULL AUTO_INCREMENT,
  `project_id` int(11) NOT NULL,
  `project_sn` char(18) COLLATE utf8_unicode_ci NOT NULL,
  `mode` enum('investing','recycling') COLLATE utf8_unicode_ci NOT NULL DEFAULT 'recycling',
  `customer` varchar(256) COLLATE utf8_unicode_ci DEFAULT NULL,
  `gold` text COLLATE utf8_unicode_ci,
  `status_id` tinyint(4) NOT NULL DEFAULT '0',
  `note` text COLLATE utf8_unicode_ci,
  `worker_id` int(11) NOT NULL DEFAULT '0',
  `addtime` int(11) NOT NULL DEFAULT '0',
  PRIMARY KEY (`trash_id`)
) ENGINE=InnoDB DEFAULT CHARSET=utf8 COLLATE=utf8_unicode_ci AUTO_INCREMENT=1 ;

-- --------------------------------------------------------

--
-- è¡¨çš„ç»“æ„ `gd_sessions`
--

CREATE TABLE IF NOT EXISTS `gd_sessions` (
  `sess_id` varchar(40) COLLATE utf8_unicode_ci NOT NULL,
  `ip_address` varchar(45) COLLATE utf8_unicode_ci NOT NULL,
  `timestamp` int(10) unsigned NOT NULL DEFAULT '0',
  `data` text COLLATE utf8_unicode_ci NOT NULL,
  KEY `ci_sessions_timestamp` (`timestamp`)
) ENGINE=InnoDB DEFAULT CHARSET=utf8 COLLATE=utf8_unicode_ci;

--
-- è½¬å­˜è¡¨ä¸­çš„æ•°æ® `gd_sessions`
--

INSERT INTO `gd_sessions` (`sess_id`, `ip_address`, `timestamp`, `data`) VALUES
('657d2b55b59f89cd9a472c8e4d752bc4a45b716c', '127.0.0.1', 1472561241, '__ci_last_regenerate|i:1472561235;code|s:4:"R64f";identity|s:12:"dengji-demo1";username|s:12:"dengji-demo1";email|s:6:"b@a.cc";user_id|s:1:"5";old_last_login|s:10:"1472522032";'),
('1f445b8ff2736f232f7658659d3d49b6acfdea03', '127.0.0.1', 1472562237, '__ci_last_regenerate|i:1472561962;code|s:4:"R64f";identity|s:12:"dengji-demo1";username|s:12:"dengji-demo1";email|s:6:"b@a.cc";user_id|s:1:"5";old_last_login|s:10:"1472522032";'),
('ae65e8b5bbceb505872b0403aa9139b8c182130e', '127.0.0.1', 1472562310, '__ci_last_regenerate|i:1472562267;code|s:4:"R64f";identity|s:12:"dengji-demo1";username|s:12:"dengji-demo1";email|s:6:"b@a.cc";user_id|s:1:"5";old_last_login|s:10:"1472522032";'),
('5ed2780f9ea7364891b11a07bbaf7b98b09da261', '127.0.0.1', 1472562970, '__ci_last_regenerate|i:1472562697;code|s:4:"R64f";identity|s:12:"dengji-demo1";username|s:12:"dengji-demo1";email|s:6:"b@a.cc";user_id|s:1:"5";old_last_login|s:10:"1472522032";'),
('c398f17f4c785622bf26c06389a956bd56558f83', '127.0.0.1', 1472564274, '__ci_last_regenerate|i:1472563017;code|s:4:"R64f";identity|s:12:"dengji-demo1";username|s:12:"dengji-demo1";email|s:6:"b@a.cc";user_id|s:1:"5";old_last_login|s:10:"1472522032";'),
('fad9201d98a2ee7898d997dd8342dda65f2662df', '127.0.0.1', 1472564582, '__ci_last_regenerate|i:1472564368;code|s:4:"R64f";identity|s:12:"dengji-demo1";username|s:12:"dengji-demo1";email|s:6:"b@a.cc";user_id|s:1:"5";old_last_login|s:10:"1472522032";'),
('f2e9bfef44f928782f5c92c2fcfc3505fedfe1e8', '127.0.0.1', 1472564750, '__ci_last_regenerate|i:1472564736;code|s:4:"R64f";identity|s:12:"dengji-demo1";username|s:12:"dengji-demo1";email|s:6:"b@a.cc";user_id|s:1:"5";old_last_login|s:10:"1472522032";'),
('812d4c668236bcf44e96c2d8d46d776be3127f7a', '127.0.0.1', 1472565293, '__ci_last_regenerate|i:1472565223;code|s:4:"R64f";identity|s:12:"dengji-demo1";username|s:12:"dengji-demo1";email|s:6:"b@a.cc";user_id|s:1:"5";old_last_login|s:10:"1472522032";'),
('51d0db29b50ac39c4f6ea626f2ec4d9300b47d51', '127.0.0.1', 1472567026, '__ci_last_regenerate|i:1472566457;code|s:4:"R64f";identity|s:12:"dengji-demo1";username|s:12:"dengji-demo1";email|s:6:"b@a.cc";user_id|s:1:"5";old_last_login|s:10:"1472522032";ajax_permission|s:51:"æ²¡æœ‰è®¿é—®æˆæƒ  <br> [project/recycling/update]";__ci_vars|a:1:{s:15:"ajax_permission";s:3:"new";}'),
('b4cf1f98c5a3ad238694a92b711b4595d9310ea2', '127.0.0.1', 1472567081, '__ci_last_regenerate|i:1472567070;code|s:4:"R64f";identity|s:12:"dengji-demo1";username|s:12:"dengji-demo1";email|s:6:"b@a.cc";user_id|s:1:"5";old_last_login|s:10:"1472522032";ajax_permission|s:51:"æ²¡æœ‰è®¿é—®æˆæƒ  <br> [project/recycling/update]";__ci_vars|a:1:{s:15:"ajax_permission";s:3:"new";}'),
('5c12e142b9e1bfb6f167355166a87aa0d9bb7a89', '127.0.0.1', 1472573192, '__ci_last_regenerate|i:1472567111;code|s:4:"8KGZ";identity|s:10:"admin-root";username|s:10:"admin-root";email|s:15:"admin@admin.com";user_id|s:1:"1";old_last_login|s:10:"1472520641";'),
('84324e132c2fb01684f470bbf8ecba6578c0fff4', '127.0.0.1', 1472571007, '__ci_last_regenerate|i:1472567252;code|s:4:"GhJX";identity|s:10:"admin-root";username|s:10:"admin-root";email|s:15:"admin@admin.com";user_id|s:1:"1";old_last_login|s:10:"1472567128";'),
('5e6033df84cdb3355eaabb7909ce41103879b33a', '127.0.0.1', 1472567800, '__ci_last_regenerate|i:1472567411;code|s:4:"R64f";identity|s:12:"dengji-demo1";username|s:12:"dengji-demo1";email|s:6:"b@a.cc";user_id|s:1:"5";old_last_login|s:10:"1472522032";csrfkey|s:8:"r12LAWZp";__ci_vars|a:2:{s:7:"csrfkey";s:3:"new";s:9:"csrfvalue";s:3:"new";}csrfvalue|s:20:"L2Ai7jztCuTrbfIw06SQ";'),
('dbd9cf040f77fdca0e038ccdb24cb222db41d20c', '127.0.0.1', 1472567800, '__ci_last_regenerate|i:1472567800;code|s:4:"R64f";identity|s:12:"dengji-demo1";username|s:12:"dengji-demo1";email|s:6:"b@a.cc";user_id|s:1:"5";old_last_login|s:10:"1472522032";csrfkey|s:8:"r12LAWZp";__ci_vars|a:2:{s:7:"csrfkey";s:3:"old";s:9:"csrfvalue";s:3:"old";}csrfvalue|s:20:"L2Ai7jztCuTrbfIw06SQ";'),
('d9890b7393fd57c3c98df579faef21a18b456640', '127.0.0.1', 1472567945, '__ci_last_regenerate|i:1472567800;code|s:4:"R64f";identity|s:12:"dengji-demo1";username|s:12:"dengji-demo1";email|s:6:"b@a.cc";user_id|s:1:"5";old_last_login|s:10:"1472522032";csrfkey|s:8:"adrtgj45";__ci_vars|a:2:{s:7:"csrfkey";s:3:"new";s:9:"csrfvalue";s:3:"new";}csrfvalue|s:20:"fr5nMyLVvs8lRNxaAXjY";'),
('9f008a204bdf1de8ded5155bb14be58f754f5793', '127.0.0.1', 1472569538, '__ci_last_regenerate|i:1472568220;code|s:4:"R64f";identity|s:12:"dengji-demo1";username|s:12:"dengji-demo1";email|s:6:"b@a.cc";user_id|s:1:"5";old_last_login|s:10:"1472522032";csrfkey|s:8:"hUriypAM";__ci_vars|a:2:{s:7:"csrfkey";s:3:"old";s:9:"csrfvalue";s:3:"old";}csrfvalue|s:20:"ebgBhJHdzsmo1SxEtNI5";'),
('5209019ad5bd55d6f59af4428c6643bd9665e390', '127.0.0.1', 1472569802, '__ci_last_regenerate|i:1472569586;code|s:4:"R64f";identity|s:12:"dengji-demo1";username|s:12:"dengji-demo1";email|s:6:"b@a.cc";user_id|s:1:"5";old_last_login|s:10:"1472522032";csrfkey|s:8:"i0QJmMcq";__ci_vars|a:2:{s:7:"csrfkey";s:3:"new";s:9:"csrfvalue";s:3:"new";}csrfvalue|s:20:"18ls7TmZuxrDFBQ4dfV5";'),
('9ee53a77c0a1275307adf81d7e3d8792a9ec8863', '127.0.0.1', 1472570351, '__ci_last_regenerate|i:1472569900;code|s:4:"R64f";identity|s:12:"dengji-demo1";username|s:12:"dengji-demo1";email|s:6:"b@a.cc";user_id|s:1:"5";old_last_login|s:10:"1472522032";success|s:21:"é¡¹ç›®ç¼–è¾‘æˆåŠŸï¼";__ci_vars|a:1:{s:7:"success";s:3:"new";}'),
('e5c3e525ec4b3657a350f91cd21c6f35d6dad359', '127.0.0.1', 1472570847, '__ci_last_regenerate|i:1472570352;code|s:4:"R64f";identity|s:12:"dengji-demo1";username|s:12:"dengji-demo1";email|s:6:"b@a.cc";user_id|s:1:"5";old_last_login|s:10:"1472522032";'),
('f6776bbecc44860aad46f7b8d3363289c6debb81', '127.0.0.1', 1472571209, '__ci_last_regenerate|i:1472570859;code|s:4:"R64f";identity|s:12:"dengji-demo1";username|s:12:"dengji-demo1";email|s:6:"b@a.cc";user_id|s:1:"5";old_last_login|s:10:"1472522032";csrfkey|s:8:"CIrX9ioh";__ci_vars|a:2:{s:7:"csrfkey";s:3:"old";s:9:"csrfvalue";s:3:"old";}csrfvalue|s:20:"oeZgWTzGnX5PBR3rYu0j";'),
('a0aa9c905becde347e3a8c5bfa5c3c839721e41b', '127.0.0.1', 1472573888, '__ci_last_regenerate|i:1472571218;code|s:4:"R64f";identity|s:12:"dengji-demo1";username|s:12:"dengji-demo1";email|s:6:"b@a.cc";user_id|s:1:"5";old_last_login|s:10:"1472522032";'),
('48b631d2080578420ddc01d6cbf408112ea2f063', '127.0.0.1', 1472572508, '__ci_last_regenerate|i:1472571585;code|s:4:"KwrD";identity|s:12:"jingli-demo1";username|s:12:"jingli-demo1";email|s:5:"a@a.c";user_id|s:1:"3";old_last_login|s:10:"1472556783";csrfkey|s:8:"AB8Ckesq";__ci_vars|a:2:{s:7:"csrfkey";s:3:"new";s:9:"csrfvalue";s:3:"new";}csrfvalue|s:20:"rYJKlhitS5ENkx9yFju6";'),
('4f31ab272bcc4ddbb4c9d798155d1d0d6d6d3ad1', '127.0.0.1', 1472572961, '__ci_last_regenerate|i:1472572624;code|s:4:"KwrD";identity|s:12:"jingli-demo1";username|s:12:"jingli-demo1";email|s:5:"a@a.c";user_id|s:1:"3";old_last_login|s:10:"1472556783";csrfkey|s:8:"MtAyVgbT";__ci_vars|a:2:{s:7:"csrfkey";s:3:"old";s:9:"csrfvalue";s:3:"old";}csrfvalue|s:20:"4BKPcit8efEHImkblhMX";'),
('c9bf276f2e1853440f56c091421f5558ff704b20', '127.0.0.1', 1472573526, '__ci_last_regenerate|i:1472573090;code|s:4:"KwrD";identity|s:12:"jingli-demo1";username|s:12:"jingli-demo1";email|s:5:"a@a.c";user_id|s:1:"3";old_last_login|s:10:"1472556783";csrfkey|s:8:"BO6laUHG";__ci_vars|a:2:{s:7:"csrfkey";s:3:"new";s:9:"csrfvalue";s:3:"new";}csrfvalue|s:20:"s3lE8oaCSQd4TrhAgiqk";'),
('be3e2b3bb994fcbe63355ae24baa3b9d760bd4bf', '127.0.0.1', 1472574982, '__ci_last_regenerate|i:1472573564;code|s:4:"8KGZ";identity|s:10:"admin-root";username|s:10:"admin-root";email|s:15:"admin@admin.com";user_id|s:1:"1";old_last_login|s:10:"1472520641";'),
('1eec3f39a4575fcc9992fb379a144352086b5f32', '127.0.0.1', 1472573909, '__ci_last_regenerate|i:1472573847;code|s:4:"KwrD";identity|s:12:"jingli-demo1";username|s:12:"jingli-demo1";email|s:5:"a@a.c";user_id|s:1:"3";old_last_login|s:10:"1472556783";'),
('ff3cb7b3ca1e20e3db236679e0a244800941fb3e', '127.0.0.1', 1472574217, '__ci_last_regenerate|i:1472573917;code|s:4:"R64f";identity|s:12:"dengji-demo1";username|s:12:"dengji-demo1";email|s:6:"b@a.cc";user_id|s:1:"5";old_last_login|s:10:"1472522032";'),
('7a75e28ce78b8164e485ee1de0172c122265d6c0', '127.0.0.1', 1472575527, '__ci_last_regenerate|i:1472574297;code|s:4:"KwrD";identity|s:12:"jingli-demo1";username|s:12:"jingli-demo1";email|s:5:"a@a.c";user_id|s:1:"3";old_last_login|s:10:"1472556783";'),
('1ae0b94a24d87f5fe6a768ab207534628667321e', '127.0.0.1', 1472575277, '__ci_last_regenerate|i:1472574352;code|s:4:"uzsq";identity|s:12:"kuguan-demo1";username|s:12:"kuguan-demo1";email|s:11:"kuguan@bb.c";user_id|s:1:"7";old_last_login|s:10:"1472443230";csrfkey|s:8:"ftP57EWS";__ci_vars|a:2:{s:7:"csrfkey";s:3:"old";s:9:"csrfvalue";s:3:"old";}csrfvalue|s:20:"XfiMt91TLrGbvCS638I0";'),
('f6088879619098ccb1b73c24abcc20aa854616e2', '127.0.0.1', 1472575754, '__ci_last_regenerate|i:1472575582;code|s:4:"mUiU";identity|s:12:"kuguan-demo1";username|s:12:"kuguan-demo1";email|s:11:"kuguan@bb.c";user_id|s:1:"7";old_last_login|s:10:"1472574366";'),
('1d35dac0cdbf3470f8c906936e8fa350732a807e', '127.0.0.1', 1472575949, '__ci_last_regenerate|i:1472575825;code|s:4:"KwrD";identity|s:12:"jingli-demo1";username|s:12:"jingli-demo1";email|s:5:"a@a.c";user_id|s:1:"3";old_last_login|s:10:"1472556783";csrfkey|s:8:"BtmSTxz4";__ci_vars|a:2:{s:7:"csrfkey";s:3:"new";s:9:"csrfvalue";s:3:"new";}csrfvalue|s:20:"XhocBb6K1ZzFsj3OwdGS";'),
('48050735f99b6ac0b0cf376ceece04fcdf6a96a8', '127.0.0.1', 1472575934, '__ci_last_regenerate|i:1472575906;code|s:4:"8KGZ";identity|s:10:"admin-root";username|s:10:"admin-root";email|s:15:"admin@admin.com";user_id|s:1:"1";old_last_login|s:10:"1472520641";');

-- --------------------------------------------------------

--
-- è¡¨çš„ç»“æ„ `gd_setting`
--

CREATE TABLE IF NOT EXISTS `gd_setting` (
  `setting_id` int(11) unsigned NOT NULL AUTO_INCREMENT,
  `code` varchar(64) NOT NULL DEFAULT '',
  `value` text,
  `serialized` tinyint(1) NOT NULL DEFAULT '0',
  `group` varchar(64) NOT NULL DEFAULT 'config',
  `initial` tinyint(1) NOT NULL DEFAULT '1',
  PRIMARY KEY (`setting_id`,`code`),
  KEY `option_name` (`code`),
  KEY `auto_load` (`initial`)
) ENGINE=InnoDB  DEFAULT CHARSET=utf8 AUTO_INCREMENT=32 ;

--
-- è½¬å­˜è¡¨ä¸­çš„æ•°æ® `gd_setting`
--

INSERT INTO `gd_setting` (`setting_id`, `code`, `value`, `serialized`, `group`, `initial`) VALUES
(4, 'site_name', 'Demo Site', 0, 'site', 1),
(5, 'site_keywords', 'keywords, go, here', 0, 'site', 1),
(6, 'site_description', 'Demo Site description', 0, 'site', 1),
(7, 'site_email', 'noreply@example.com', 0, 'site', 1),
(8, 'golden_price', 'a:2:{s:6:"apikey";s:16:"101ae9aa1007ce6d";s:6:"apiurl";s:34:"http://api.jisuapi.com/gold/shgold";}', 1, 'api', 1),
(9, 'investing_privacy', '2', 0, 'project', 1),
(10, 'investing_initial', '1', 0, 'project', 1),
(11, 'recycling_privacy', '3', 0, 'project', 1),
(12, 'recycling_initial', '1', 0, 'project', 1),
(13, 'profit_weight', '6', 0, 'project', 1),
(14, 'investing_checked', '2', 0, 'project', 1),
(15, 'investing_confirmed', '3', 0, 'project', 1),
(16, 'investing_expired', '4', 0, 'project', 1),
(17, 'investing_lacking', '6', 0, 'project', 1),
(18, 'investing_refused', '7', 0, 'project', 1),
(19, 'investing_terminated', '8', 0, 'project', 1),
(20, 'investing_finished', '6', 0, 'project', 1),
(21, 'investing_applied', '5', 0, 'project', 1),
(22, 'month_taking', '1', 0, 'project', 1),
(23, 'season_taking', '1', 0, 'project', 1),
(24, 'partial_taking', '', 0, 'project', 1),
(25, 'recycling_checked', '2', 0, 'project', 1),
(26, 'recycling_confirmed', '3', 0, 'project', 1),
(27, 'recycling_expired', '4', 0, 'project', 1),
(28, 'recycling_applied', '4', 0, 'project', 1),
(29, 'recycling_finished', '5', 0, 'project', 1),
(30, 'recycling_refused', '6', 0, 'project', 1),
(31, 'recycling_terminated', '7', 0, 'project', 1);

-- --------------------------------------------------------

--
-- è¡¨çš„ç»“æ„ `gd_worker`
--

CREATE TABLE IF NOT EXISTS `gd_worker` (
  `id` int(11) unsigned NOT NULL AUTO_INCREMENT,
  `username` varchar(32) DEFAULT NULL,
  `realname` varchar(32) NOT NULL,
  `avatar` varchar(256) DEFAULT NULL,
  `password` varchar(255) NOT NULL,
  `salt` varchar(255) DEFAULT NULL,
  `email` varchar(100) NOT NULL,
  `remember_code` varchar(40) DEFAULT NULL,
  `addtime` int(11) NOT NULL DEFAULT '0',
  `last_login` int(11) DEFAULT '0',
  `last_ip` char(15) NOT NULL,
  `status` tinyint(1) DEFAULT '1',
  `phone` varchar(20) DEFAULT NULL,
  PRIMARY KEY (`id`)
) ENGINE=InnoDB  DEFAULT CHARSET=utf8 AUTO_INCREMENT=13 ;

--
-- è½¬å­˜è¡¨ä¸­çš„æ•°æ® `gd_worker`
--

INSERT INTO `gd_worker` (`id`, `username`, `realname`, `avatar`, `password`, `salt`, `email`, `remember_code`, `addtime`, `last_login`, `last_ip`, `status`, `phone`) VALUES
(1, 'admin-root', 'ç®¡ç†å‘˜', 'public/images/avatar/121034209220f1.jpg', '$2a$07$SeBknntpZror9uyftVopmu61qg0ms8Qv1yV6FG.kQOSM.9QhmTo36', '', 'admin@admin.com', NULL, 1469999823, 1472567261, '127.0.0.1', 1, ''),
(2, 'zhujingxiu', 'æœ±æ™¯ä¿®', NULL, '$2y$08$QQOBCnHUhFTH/CjeWztJGOOfAz2xuqSki7P2qn5/WojZQvXc10NAK', NULL, 'zhujingxiu@hotmail.com', NULL, 1470736567, 1470736771, '127.0.0.1', 1, '18850911766'),
(3, 'jingli-demo1', 'ç»ç†æµ‹è¯•A', 'public/images/avatar/avatar2.png', '$2y$08$k1dyXUI7CRYqc/CpH9UT0ONk93y3sP7EQ5Jdcr/lvOoUE4Tob05Oe', NULL, 'a@a.c', NULL, 1471598448, 1472571603, '127.0.0.1', 1, ''),
(4, 'jingli-demo2', 'ç»ç†æµ‹è¯•B', 'public/images/avatar/user1-128x128.jpg', '$2y$08$1gGt5kfd2/S0WGDZNt6PMu8bj1WBhiww4AgNx4TJSRrJaiQ7jV4gu', NULL, 'a@a.cc', NULL, 1471598720, 1472277405, '127.0.0.1', 1, ''),
(5, 'dengji-demo1', 'ç™»è®°æµ‹è¯•A', 'public/images/avatar/avatar1.png', '$2y$08$YHzCZKpn3DYoZWYfE4UD4.7KSke2QaVc5Ou04ljhRNZn5sDqc7QF2', NULL, 'b@a.cc', NULL, 1471598889, 1472558674, '127.0.0.1', 1, ''),
(6, 'dengji-demo2', 'å½•å•æµ‹è¯•B', 'public/images/avatar/user3-128x128.jpg', '$2y$08$7JByOlb/P/L.c8P.mqeMX.N7qSiLGBWyx3YWA44wUDkAMY0rGKtQS', NULL, 'ludan@b.cc', NULL, 1471598958, 1472269180, '127.0.0.1', 1, ''),
(7, 'kuguan-demo1', 'åº“ç®¡æµ‹è¯•A', 'public/images/avatar/user4-128x128.jpg', '$2y$08$SuuFWJ0sZL2z.SZDLaTX3Od/bkVZ04Ax1fc1SmDtoVf8X0XjuRuJO', NULL, 'kuguan@bb.c', NULL, 1471599005, 1472575616, '127.0.0.1', 1, ''),
(8, 'kuguan-demo2', 'åº“ç®¡æµ‹è¯•B', 'public/images/avatar/user5-128x128.jpg', '$2y$08$18MwNqHD5QKE/M2xcF4NXuLScN67KrGQfBCfXPEEEM/W5PNC/5/5G', NULL, 'kuguan@a.cc', NULL, 1471599054, 1472280758, '127.0.0.1', 1, ''),
(9, 'jianding-demo1', 'é‰´å®šäººA', 'public/images/avatar/user8-128x128.jpg', '$2y$08$GqumJcWGIEa25v1OB3i5M.k8Vgxg99kuKXpGsUs5ZzQiUIp.Qer5G', NULL, 'jianding@g.cc', NULL, 1471599152, 0, '127.0.0.1', 1, ''),
(10, 'jianding-demo2', 'é‰´å®šäººB', 'public/images/avatar/user7-128x128.jpg', '$2y$08$kPYhqg2giK0IhN5v6WS4WuMQvXq0m0gpF6Cx.xAR4..dsxS9UmNDG', NULL, 'admin@admin.com', NULL, 1471599225, 0, '127.0.0.1', 1, ''),
(11, 'all-demo1', 'ç»¼åˆè´¦æˆ·', 'public/images/avatar/user2-160x160.jpg', '$2y$08$bnDehV48c1sDsmwPNmmTHOdMMxUE1MHNGItvkmvL7CC2G20doVhcq', NULL, 'all@b.cc', NULL, 1471599856, 1471600479, '127.0.0.1', 1, ''),
(12, 'zhujingxiu1', 'æœ±æ™¯ä¿®2', NULL, '$2y$08$QQOBCnHUhFTH/CjeWztJGOOfAz2xuqSki7P2qn5/WojZQvXc10NAK', NULL, 'zhujingxiu@hotmail.com', NULL, 1470736567, 1470736771, '127.0.0.1', 1, '18850911766');

-- --------------------------------------------------------

--
-- è¡¨çš„ç»“æ„ `gd_worker_activity`
--

CREATE TABLE IF NOT EXISTS `gd_worker_activity` (
  `activity_id` int(11) NOT NULL AUTO_INCREMENT,
  `worker_id` int(11) NOT NULL DEFAULT '0',
  `content` varchar(256) COLLATE utf8_unicode_ci DEFAULT NULL,
  `addtime` int(11) NOT NULL,
  PRIMARY KEY (`activity_id`)
) ENGINE=InnoDB  DEFAULT CHARSET=utf8 COLLATE=utf8_unicode_ci AUTO_INCREMENT=361 ;

--
-- è½¬å­˜è¡¨ä¸­çš„æ•°æ® `gd_worker_activity`
--

INSERT INTO `gd_worker_activity` (`activity_id`, `worker_id`, `content`, `addtime`) VALUES
(1, 1, 'SELECT COUNT(*) AS `numrows`', 1472186284),
(2, 1, 'SELECT COUNT(*) AS `numrows`\nFROM `gd_golden_price`\nWHERE `date` = ''2016-08-25''', 1472186366),
(3, 1, 'SELECT COUNT(*) AS `numrows`', 1472194969),
(4, 1, 'SELECT COUNT(*) AS `numrows`', 1472194969),
(5, 1, 'SELECT COUNT(*) AS `numrows`', 1472194969),
(6, 1, 'SELECT COUNT(*) AS `numrows`', 1472194969),
(7, 1, 'SELECT COUNT(*) AS `numrows`', 1472194969),
(8, 1, 'SELECT COUNT(*) AS `numrows`', 1472194969),
(9, 1, 'SELECT COUNT(*) AS `numrows`', 1472194969),
(10, 1, 'SELECT COUNT(*) AS `numrows`', 1472194969),
(11, 1, 'SELECT COUNT(*) AS `numrows`', 1472194969),
(12, 1, 'SELECT COUNT(*) AS `numrows`', 1472194969),
(13, 1, 'SELECT COUNT(*) AS `numrows`', 1472194969),
(14, 1, 'SELECT COUNT(*) AS `numrows`', 1472194999),
(15, 1, 'SELECT COUNT(*) AS `numrows`', 1472194999),
(16, 1, 'SELECT COUNT(*) AS `numrows`', 1472194999),
(17, 1, 'SELECT COUNT(*) AS `numrows`', 1472194999),
(18, 1, 'SELECT COUNT(*) AS `numrows`', 1472194999),
(19, 1, 'SELECT COUNT(*) AS `numrows`', 1472194999),
(20, 1, 'SELECT COUNT(*) AS `numrows`', 1472194999),
(21, 1, 'SELECT COUNT(*) AS `numrows`', 1472194999),
(22, 1, 'SELECT COUNT(*) AS `numrows`', 1472194999),
(23, 1, 'SELECT COUNT(*) AS `numrows`', 1472194999),
(24, 1, 'SELECT COUNT(*) AS `numrows`', 1472194999),
(25, 1, 'SELECT COUNT(*) AS `numrows`', 1472195029),
(26, 1, 'SELECT COUNT(*) AS `numrows`', 1472195029),
(27, 1, 'SELECT COUNT(*) AS `numrows`', 1472195029),
(28, 1, 'SELECT COUNT(*) AS `numrows`', 1472195029),
(29, 1, 'SELECT COUNT(*) AS `numrows`', 1472195029),
(30, 1, 'SELECT COUNT(*) AS `numrows`', 1472195029),
(31, 1, 'SELECT COUNT(*) AS `numrows`', 1472195029),
(32, 1, 'SELECT COUNT(*) AS `numrows`', 1472195029),
(33, 1, 'SELECT COUNT(*) AS `numrows`', 1472195029),
(34, 1, 'SELECT COUNT(*) AS `numrows`', 1472195029),
(35, 1, 'SELECT COUNT(*) AS `numrows`', 1472195029),
(36, 1, 'SELECT COUNT(*) AS `numrows`', 1472195059),
(37, 1, 'SELECT COUNT(*) AS `numrows`', 1472195059),
(38, 1, 'SELECT COUNT(*) AS `numrows`', 1472195059),
(39, 1, 'SELECT COUNT(*) AS `numrows`', 1472195059),
(40, 1, 'SELECT COUNT(*) AS `numrows`', 1472195059),
(41, 1, 'SELECT COUNT(*) AS `numrows`', 1472195059),
(42, 1, 'SELECT COUNT(*) AS `numrows`', 1472195059),
(43, 1, 'SELECT COUNT(*) AS `numrows`', 1472195059),
(44, 1, 'SELECT COUNT(*) AS `numrows`', 1472195059),
(45, 1, 'SELECT COUNT(*) AS `numrows`', 1472195059),
(46, 1, 'SELECT COUNT(*) AS `numrows`', 1472195059),
(47, 1, 'SELECT COUNT(*) AS `numrows`', 1472195089),
(48, 1, 'SELECT COUNT(*) AS `numrows`', 1472195089),
(49, 1, 'SELECT COUNT(*) AS `numrows`', 1472195089),
(50, 1, 'SELECT COUNT(*) AS `numrows`', 1472195089),
(51, 1, 'SELECT COUNT(*) AS `numrows`', 1472195089),
(52, 1, 'SELECT COUNT(*) AS `numrows`', 1472195089),
(53, 1, 'SELECT COUNT(*) AS `numrows`', 1472195089),
(54, 1, 'SELECT COUNT(*) AS `numrows`', 1472195089),
(55, 1, 'SELECT COUNT(*) AS `numrows`', 1472195089),
(56, 1, 'SELECT COUNT(*) AS `numrows`', 1472195089),
(57, 1, 'SELECT COUNT(*) AS `numrows`', 1472195089),
(58, 1, 'SELECT COUNT(*) AS `numrows`', 1472195119),
(59, 1, 'SELECT COUNT(*) AS `numrows`', 1472195119),
(60, 1, 'SELECT COUNT(*) AS `numrows`', 1472195119),
(61, 1, 'SELECT COUNT(*) AS `numrows`', 1472195119),
(62, 1, 'SELECT COUNT(*) AS `numrows`', 1472195119),
(63, 1, 'SELECT COUNT(*) AS `numrows`', 1472195119),
(64, 1, 'SELECT COUNT(*) AS `numrows`', 1472195119),
(65, 1, 'SELECT COUNT(*) AS `numrows`', 1472195119),
(66, 1, 'SELECT COUNT(*) AS `numrows`', 1472195119),
(67, 1, 'SELECT COUNT(*) AS `numrows`', 1472195119),
(68, 1, 'SELECT COUNT(*) AS `numrows`', 1472195119),
(69, 1, 'SELECT COUNT(*) AS `numrows`', 1472195149),
(70, 1, 'SELECT COUNT(*) AS `numrows`', 1472195149),
(71, 1, 'SELECT COUNT(*) AS `numrows`', 1472195149),
(72, 1, 'SELECT COUNT(*) AS `numrows`', 1472195149),
(73, 1, 'SELECT COUNT(*) AS `numrows`', 1472195149),
(74, 1, 'SELECT COUNT(*) AS `numrows`', 1472195149),
(75, 1, 'SELECT COUNT(*) AS `numrows`', 1472195149),
(76, 1, 'SELECT COUNT(*) AS `numrows`', 1472195149),
(77, 1, 'SELECT COUNT(*) AS `numrows`', 1472195149),
(78, 1, 'SELECT COUNT(*) AS `numrows`', 1472195149),
(79, 1, 'SELECT COUNT(*) AS `numrows`', 1472195149),
(80, 1, 'SELECT COUNT(*) AS `numrows`', 1472195178),
(81, 1, 'SELECT COUNT(*) AS `numrows`', 1472195178),
(82, 1, 'SELECT COUNT(*) AS `numrows`', 1472195178),
(83, 1, 'SELECT COUNT(*) AS `numrows`', 1472195178),
(84, 1, 'SELECT COUNT(*) AS `numrows`', 1472195178),
(85, 1, 'SELECT COUNT(*) AS `numrows`', 1472195178),
(86, 1, 'SELECT COUNT(*) AS `numrows`', 1472195178),
(87, 1, 'SELECT COUNT(*) AS `numrows`', 1472195178),
(88, 1, 'SELECT COUNT(*) AS `numrows`', 1472195178),
(89, 1, 'SELECT COUNT(*) AS `numrows`', 1472195178),
(90, 1, 'SELECT COUNT(*) AS `numrows`', 1472195178),
(91, 1, 'SELECT COUNT(*) AS `numrows`', 1472195208),
(92, 1, 'SELECT COUNT(*) AS `numrows`', 1472195208),
(93, 1, 'SELECT COUNT(*) AS `numrows`', 1472195208),
(94, 1, 'SELECT COUNT(*) AS `numrows`', 1472195208),
(95, 1, 'SELECT COUNT(*) AS `numrows`', 1472195208),
(96, 1, 'SELECT COUNT(*) AS `numrows`', 1472195208),
(97, 1, 'SELECT COUNT(*) AS `numrows`', 1472195208),
(98, 1, 'SELECT COUNT(*) AS `numrows`', 1472195208),
(99, 1, 'SELECT COUNT(*) AS `numrows`', 1472195208),
(100, 1, 'SELECT COUNT(*) AS `numrows`', 1472195208),
(101, 1, 'SELECT COUNT(*) AS `numrows`', 1472195208),
(102, 1, 'SELECT COUNT(*) AS `numrows`', 1472195238),
(103, 1, 'SELECT COUNT(*) AS `numrows`', 1472195238),
(104, 1, 'SELECT COUNT(*) AS `numrows`', 1472195238),
(105, 1, 'SELECT COUNT(*) AS `numrows`', 1472195238),
(106, 1, 'SELECT COUNT(*) AS `numrows`', 1472195238),
(107, 1, 'SELECT COUNT(*) AS `numrows`', 1472195238),
(108, 1, 'SELECT COUNT(*) AS `numrows`', 1472195238),
(109, 1, 'SELECT COUNT(*) AS `numrows`', 1472195238),
(110, 1, 'SELECT COUNT(*) AS `numrows`', 1472195238),
(111, 1, 'SELECT COUNT(*) AS `numrows`', 1472195238),
(112, 1, 'SELECT COUNT(*) AS `numrows`', 1472195238),
(113, 1, 'SELECT COUNT(*) AS `numrows`', 1472195268),
(114, 1, 'SELECT COUNT(*) AS `numrows`', 1472195268),
(115, 1, 'SELECT COUNT(*) AS `numrows`', 1472195268),
(116, 1, 'SELECT COUNT(*) AS `numrows`', 1472195268),
(117, 1, 'SELECT COUNT(*) AS `numrows`', 1472195268),
(118, 1, 'SELECT COUNT(*) AS `numrows`', 1472195268),
(119, 1, 'SELECT COUNT(*) AS `numrows`', 1472195268),
(120, 1, 'SELECT COUNT(*) AS `numrows`', 1472195268),
(121, 1, 'SELECT COUNT(*) AS `numrows`', 1472195268),
(122, 1, 'SELECT COUNT(*) AS `numrows`', 1472195268),
(123, 1, 'SELECT COUNT(*) AS `numrows`', 1472195268),
(124, 1, 'SELECT COUNT(*) AS `numrows`', 1472195298),
(125, 1, 'SELECT COUNT(*) AS `numrows`', 1472195298),
(126, 1, 'SELECT COUNT(*) AS `numrows`', 1472195298),
(127, 1, 'SELECT COUNT(*) AS `numrows`', 1472195298),
(128, 1, 'SELECT COUNT(*) AS `numrows`', 1472195298),
(129, 1, 'SELECT COUNT(*) AS `numrows`', 1472195298),
(130, 1, 'SELECT COUNT(*) AS `numrows`', 1472195298),
(131, 1, 'SELECT COUNT(*) AS `numrows`', 1472195298),
(132, 1, 'SELECT COUNT(*) AS `numrows`', 1472195298),
(133, 1, 'SELECT COUNT(*) AS `numrows`', 1472195298),
(134, 1, 'SELECT COUNT(*) AS `numrows`', 1472195298),
(135, 1, 'SELECT COUNT(*) AS `numrows`', 1472195329),
(136, 1, 'SELECT COUNT(*) AS `numrows`', 1472195329),
(137, 1, 'SELECT COUNT(*) AS `numrows`', 1472195329),
(138, 1, 'SELECT COUNT(*) AS `numrows`', 1472195329),
(139, 1, 'SELECT COUNT(*) AS `numrows`', 1472195329),
(140, 1, 'SELECT COUNT(*) AS `numrows`', 1472195329),
(141, 1, 'SELECT COUNT(*) AS `numrows`', 1472195329),
(142, 1, 'SELECT COUNT(*) AS `numrows`', 1472195329),
(143, 1, 'SELECT COUNT(*) AS `numrows`', 1472195329),
(144, 1, 'SELECT COUNT(*) AS `numrows`', 1472195329),
(145, 1, 'SELECT COUNT(*) AS `numrows`', 1472195329),
(146, 1, 'SELECT COUNT(*) AS `numrows`\nFROM `gd_golden_today`\nWHERE `updatetime` = 1472190237\nAND `type` = ''Au(T+D)''', 1472195359),
(147, 1, 'SELECT COUNT(*) AS `numrows`\nFROM `gd_golden_today`\nWHERE `updatetime` = 1472190233\nAND `type` = ''Au99.99''', 1472195359),
(148, 1, 'SELECT COUNT(*) AS `numrows`\nFROM `gd_golden_today`\nWHERE `updatetime` = 1472190237\nAND `type` = ''mAu(T+D)''', 1472195359),
(149, 1, 'SELECT COUNT(*) AS `numrows`\nFROM `gd_golden_today`\nWHERE `updatetime` = 1472190232\nAND `type` = ''Au(T+N2)''', 1472195359),
(150, 1, 'SELECT COUNT(*) AS `numrows`\nFROM `gd_golden_today`\nWHERE `updatetime` = 1472190158\nAND `type` = ''Au99.95''', 1472195359),
(151, 1, 'SELECT COUNT(*) AS `numrows`\nFROM `gd_golden_today`\nWHERE `updatetime` = 1472189752\nAND `type` = ''Pt99.95''', 1472195359),
(152, 1, 'SELECT COUNT(*) AS `numrows`\nFROM `gd_golden_today`\nWHERE `updatetime` = 1472190233\nAND `type` = ''Au(T+N1)''', 1472195359),
(153, 1, 'SELECT COUNT(*) AS `numrows`\nFROM `gd_golden_today`\nWHERE `updatetime` = 1472190063\nAND `type` = ''Au100g''', 1472195359),
(154, 1, 'SELECT COUNT(*) AS `numrows`\nFROM `gd_golden_today`\nWHERE `updatetime` = 1472190224\nAND `type` = ''iAu99.99''', 1472195359),
(155, 1, 'SELECT COUNT(*) AS `numrows`\nFROM `gd_golden_today`\nWHERE `updatetime` = 1472145654\nAND `type` = ''iAu100g''', 1472195359),
(156, 1, 'SELECT COUNT(*) AS `numrows`\nFROM `gd_golden_today`\nWHERE `updatetime` = 1472125226\nAND `type` = ''iAu99.5''', 1472195359),
(157, 1, 'SELECT COUNT(*) AS `numrows`\nFROM `gd_golden_today`\nWHERE `updatetime` = 1472190237\nAND `type` = ''Au(T+D)''', 1472195389),
(158, 1, 'SELECT COUNT(*) AS `numrows`\nFROM `gd_golden_today`\nWHERE `updatetime` = 1472190233\nAND `type` = ''Au99.99''', 1472195389),
(159, 1, 'SELECT COUNT(*) AS `numrows`\nFROM `gd_golden_today`\nWHERE `updatetime` = 1472190237\nAND `type` = ''mAu(T+D)''', 1472195389),
(160, 1, 'SELECT COUNT(*) AS `numrows`\nFROM `gd_golden_today`\nWHERE `updatetime` = 1472190232\nAND `type` = ''Au(T+N2)''', 1472195389),
(161, 1, 'SELECT COUNT(*) AS `numrows`\nFROM `gd_golden_today`\nWHERE `updatetime` = 1472190158\nAND `type` = ''Au99.95''', 1472195389),
(162, 1, 'SELECT COUNT(*) AS `numrows`\nFROM `gd_golden_today`\nWHERE `updatetime` = 1472189752\nAND `type` = ''Pt99.95''', 1472195389),
(163, 1, 'SELECT COUNT(*) AS `numrows`\nFROM `gd_golden_today`\nWHERE `updatetime` = 1472190233\nAND `type` = ''Au(T+N1)''', 1472195389),
(164, 1, 'SELECT COUNT(*) AS `numrows`\nFROM `gd_golden_today`\nWHERE `updatetime` = 1472190063\nAND `type` = ''Au100g''', 1472195389),
(165, 1, 'SELECT COUNT(*) AS `numrows`\nFROM `gd_golden_today`\nWHERE `updatetime` = 1472190224\nAND `type` = ''iAu99.99''', 1472195389),
(166, 1, 'SELECT COUNT(*) AS `numrows`\nFROM `gd_golden_today`\nWHERE `updatetime` = 1472145654\nAND `type` = ''iAu100g''', 1472195389),
(167, 1, 'SELECT COUNT(*) AS `numrows`\nFROM `gd_golden_today`\nWHERE `updatetime` = 1472125226\nAND `type` = ''iAu99.5''', 1472195389),
(168, 1, 'SELECT COUNT(*) AS `numrows`\nFROM `gd_golden_today`\nWHERE `updatetime` = 1472190237\nAND `type` = ''Au(T+D)''', 1472195419),
(169, 1, 'SELECT COUNT(*) AS `numrows`\nFROM `gd_golden_today`\nWHERE `updatetime` = 1472190233\nAND `type` = ''Au99.99''', 1472195419),
(170, 1, 'SELECT COUNT(*) AS `numrows`\nFROM `gd_golden_today`\nWHERE `updatetime` = 1472190237\nAND `type` = ''mAu(T+D)''', 1472195419),
(171, 1, 'SELECT COUNT(*) AS `numrows`\nFROM `gd_golden_today`\nWHERE `updatetime` = 1472190232\nAND `type` = ''Au(T+N2)''', 1472195419),
(172, 1, 'SELECT COUNT(*) AS `numrows`\nFROM `gd_golden_today`\nWHERE `updatetime` = 1472190158\nAND `type` = ''Au99.95''', 1472195419),
(173, 1, 'SELECT COUNT(*) AS `numrows`\nFROM `gd_golden_today`\nWHERE `updatetime` = 1472189752\nAND `type` = ''Pt99.95''', 1472195419),
(174, 1, 'SELECT COUNT(*) AS `numrows`\nFROM `gd_golden_today`\nWHERE `updatetime` = 1472190233\nAND `type` = ''Au(T+N1)''', 1472195419),
(175, 1, 'SELECT COUNT(*) AS `numrows`\nFROM `gd_golden_today`\nWHERE `updatetime` = 1472190063\nAND `type` = ''Au100g''', 1472195419),
(176, 1, 'SELECT COUNT(*) AS `numrows`\nFROM `gd_golden_today`\nWHERE `updatetime` = 1472190224\nAND `type` = ''iAu99.99''', 1472195419),
(177, 1, 'SELECT COUNT(*) AS `numrows`\nFROM `gd_golden_today`\nWHERE `updatetime` = 1472145654\nAND `type` = ''iAu100g''', 1472195419),
(178, 1, 'SELECT COUNT(*) AS `numrows`\nFROM `gd_golden_today`\nWHERE `updatetime` = 1472125226\nAND `type` = ''iAu99.5''', 1472195419),
(179, 1, 'SELECT COUNT(*) AS `numrows`\nFROM `gd_golden_today`\nWHERE `updatetime` = 1472190237\nAND `type` = ''Au(T+D)''', 1472195449),
(180, 1, 'SELECT COUNT(*) AS `numrows`\nFROM `gd_golden_today`\nWHERE `updatetime` = 1472190233\nAND `type` = ''Au99.99''', 1472195449),
(181, 1, 'SELECT COUNT(*) AS `numrows`\nFROM `gd_golden_today`\nWHERE `updatetime` = 1472190237\nAND `type` = ''mAu(T+D)''', 1472195449),
(182, 1, 'SELECT COUNT(*) AS `numrows`\nFROM `gd_golden_today`\nWHERE `updatetime` = 1472190232\nAND `type` = ''Au(T+N2)''', 1472195449),
(183, 1, 'SELECT COUNT(*) AS `numrows`\nFROM `gd_golden_today`\nWHERE `updatetime` = 1472190158\nAND `type` = ''Au99.95''', 1472195449),
(184, 1, 'SELECT COUNT(*) AS `numrows`\nFROM `gd_golden_today`\nWHERE `updatetime` = 1472189752\nAND `type` = ''Pt99.95''', 1472195449),
(185, 1, 'SELECT COUNT(*) AS `numrows`\nFROM `gd_golden_today`\nWHERE `updatetime` = 1472190233\nAND `type` = ''Au(T+N1)''', 1472195449),
(186, 1, 'SELECT COUNT(*) AS `numrows`\nFROM `gd_golden_today`\nWHERE `updatetime` = 1472190063\nAND `type` = ''Au100g''', 1472195449),
(187, 1, 'SELECT COUNT(*) AS `numrows`\nFROM `gd_golden_today`\nWHERE `updatetime` = 1472190224\nAND `type` = ''iAu99.99''', 1472195449),
(188, 1, 'SELECT COUNT(*) AS `numrows`\nFROM `gd_golden_today`\nWHERE `updatetime` = 1472145654\nAND `type` = ''iAu100g''', 1472195449),
(189, 1, 'SELECT COUNT(*) AS `numrows`\nFROM `gd_golden_today`\nWHERE `updatetime` = 1472125226\nAND `type` = ''iAu99.5''', 1472195449),
(190, 1, 'SELECT COUNT(*) AS `numrows`\nFROM `gd_golden_today`\nWHERE `updatetime` = 1472190237\nAND `type` = ''Au(T+D)''', 1472195479),
(191, 1, 'SELECT COUNT(*) AS `numrows`\nFROM `gd_golden_today`\nWHERE `updatetime` = 1472190233\nAND `type` = ''Au99.99''', 1472195479),
(192, 1, 'SELECT COUNT(*) AS `numrows`\nFROM `gd_golden_today`\nWHERE `updatetime` = 1472190237\nAND `type` = ''mAu(T+D)''', 1472195479),
(193, 1, 'SELECT COUNT(*) AS `numrows`\nFROM `gd_golden_today`\nWHERE `updatetime` = 1472190232\nAND `type` = ''Au(T+N2)''', 1472195479),
(194, 1, 'SELECT COUNT(*) AS `numrows`\nFROM `gd_golden_today`\nWHERE `updatetime` = 1472190158\nAND `type` = ''Au99.95''', 1472195479),
(195, 1, 'SELECT COUNT(*) AS `numrows`\nFROM `gd_golden_today`\nWHERE `updatetime` = 1472189752\nAND `type` = ''Pt99.95''', 1472195479),
(196, 1, 'SELECT COUNT(*) AS `numrows`\nFROM `gd_golden_today`\nWHERE `updatetime` = 1472190233\nAND `type` = ''Au(T+N1)''', 1472195479),
(197, 1, 'SELECT COUNT(*) AS `numrows`\nFROM `gd_golden_today`\nWHERE `updatetime` = 1472190063\nAND `type` = ''Au100g''', 1472195479),
(198, 1, 'SELECT COUNT(*) AS `numrows`\nFROM `gd_golden_today`\nWHERE `updatetime` = 1472190224\nAND `type` = ''iAu99.99''', 1472195479),
(199, 1, 'SELECT COUNT(*) AS `numrows`\nFROM `gd_golden_today`\nWHERE `updatetime` = 1472145654\nAND `type` = ''iAu100g''', 1472195479),
(200, 1, 'SELECT COUNT(*) AS `numrows`\nFROM `gd_golden_today`\nWHERE `updatetime` = 1472125226\nAND `type` = ''iAu99.5''', 1472195479),
(201, 1, 'SELECT COUNT(*) AS `numrows`\nFROM `gd_golden_today`\nWHERE `updatetime` = 1472190237\nAND `type` = ''Au(T+D)''', 1472195508),
(202, 1, 'SELECT COUNT(*) AS `numrows`\nFROM `gd_golden_today`\nWHERE `updatetime` = 1472190233\nAND `type` = ''Au99.99''', 1472195508),
(203, 1, 'SELECT COUNT(*) AS `numrows`\nFROM `gd_golden_today`\nWHERE `updatetime` = 1472190237\nAND `type` = ''mAu(T+D)''', 1472195508),
(204, 1, 'SELECT COUNT(*) AS `numrows`\nFROM `gd_golden_today`\nWHERE `updatetime` = 1472190232\nAND `type` = ''Au(T+N2)''', 1472195508),
(205, 1, 'SELECT COUNT(*) AS `numrows`\nFROM `gd_golden_today`\nWHERE `updatetime` = 1472190158\nAND `type` = ''Au99.95''', 1472195508),
(206, 1, 'SELECT COUNT(*) AS `numrows`\nFROM `gd_golden_today`\nWHERE `updatetime` = 1472189752\nAND `type` = ''Pt99.95''', 1472195508),
(207, 1, 'SELECT COUNT(*) AS `numrows`\nFROM `gd_golden_today`\nWHERE `updatetime` = 1472190233\nAND `type` = ''Au(T+N1)''', 1472195508),
(208, 1, 'SELECT COUNT(*) AS `numrows`\nFROM `gd_golden_today`\nWHERE `updatetime` = 1472190063\nAND `type` = ''Au100g''', 1472195508),
(209, 1, 'SELECT COUNT(*) AS `numrows`\nFROM `gd_golden_today`\nWHERE `updatetime` = 1472190224\nAND `type` = ''iAu99.99''', 1472195508),
(210, 1, 'SELECT COUNT(*) AS `numrows`\nFROM `gd_golden_today`\nWHERE `updatetime` = 1472145654\nAND `type` = ''iAu100g''', 1472195508),
(211, 1, 'SELECT COUNT(*) AS `numrows`\nFROM `gd_golden_today`\nWHERE `updatetime` = 1472125226\nAND `type` = ''iAu99.5''', 1472195508),
(212, 1, 'SELECT COUNT(*) AS `numrows`\nFROM `gd_golden_today`\nWHERE `updatetime` = 1472190237\nAND `type` = ''Au(T+D)''', 1472195538),
(213, 1, 'SELECT COUNT(*) AS `numrows`\nFROM `gd_golden_today`\nWHERE `updatetime` = 1472190233\nAND `type` = ''Au99.99''', 1472195538),
(214, 1, 'SELECT COUNT(*) AS `numrows`\nFROM `gd_golden_today`\nWHERE `updatetime` = 1472190237\nAND `type` = ''mAu(T+D)''', 1472195538),
(215, 1, 'SELECT COUNT(*) AS `numrows`\nFROM `gd_golden_today`\nWHERE `updatetime` = 1472190232\nAND `type` = ''Au(T+N2)''', 1472195538),
(216, 1, 'SELECT COUNT(*) AS `numrows`\nFROM `gd_golden_today`\nWHERE `updatetime` = 1472190158\nAND `type` = ''Au99.95''', 1472195538),
(217, 1, 'SELECT COUNT(*) AS `numrows`\nFROM `gd_golden_today`\nWHERE `updatetime` = 1472189752\nAND `type` = ''Pt99.95''', 1472195538),
(218, 1, 'SELECT COUNT(*) AS `numrows`\nFROM `gd_golden_today`\nWHERE `updatetime` = 1472190233\nAND `type` = ''Au(T+N1)''', 1472195538),
(219, 1, 'SELECT COUNT(*) AS `numrows`\nFROM `gd_golden_today`\nWHERE `updatetime` = 1472190063\nAND `type` = ''Au100g''', 1472195538),
(220, 1, 'SELECT COUNT(*) AS `numrows`\nFROM `gd_golden_today`\nWHERE `updatetime` = 1472190224\nAND `type` = ''iAu99.99''', 1472195538),
(221, 1, 'SELECT COUNT(*) AS `numrows`\nFROM `gd_golden_today`\nWHERE `updatetime` = 1472145654\nAND `type` = ''iAu100g''', 1472195538),
(222, 1, 'SELECT COUNT(*) AS `numrows`\nFROM `gd_golden_today`\nWHERE `updatetime` = 1472125226\nAND `type` = ''iAu99.5''', 1472195538),
(223, 1, 'SELECT COUNT(*) AS `numrows`\nFROM `gd_golden_today`\nWHERE `updatetime` = 1472190237\nAND `type` = ''Au(T+D)''', 1472195568),
(224, 1, 'SELECT COUNT(*) AS `numrows`\nFROM `gd_golden_today`\nWHERE `updatetime` = 1472190233\nAND `type` = ''Au99.99''', 1472195568),
(225, 1, 'SELECT COUNT(*) AS `numrows`\nFROM `gd_golden_today`\nWHERE `updatetime` = 1472190237\nAND `type` = ''mAu(T+D)''', 1472195568),
(226, 1, 'SELECT COUNT(*) AS `numrows`\nFROM `gd_golden_today`\nWHERE `updatetime` = 1472190232\nAND `type` = ''Au(T+N2)''', 1472195568),
(227, 1, 'SELECT COUNT(*) AS `numrows`\nFROM `gd_golden_today`\nWHERE `updatetime` = 1472190158\nAND `type` = ''Au99.95''', 1472195568),
(228, 1, 'SELECT COUNT(*) AS `numrows`\nFROM `gd_golden_today`\nWHERE `updatetime` = 1472189752\nAND `type` = ''Pt99.95''', 1472195568),
(229, 1, 'SELECT COUNT(*) AS `numrows`\nFROM `gd_golden_today`\nWHERE `updatetime` = 1472190233\nAND `type` = ''Au(T+N1)''', 1472195568),
(230, 1, 'SELECT COUNT(*) AS `numrows`\nFROM `gd_golden_today`\nWHERE `updatetime` = 1472190063\nAND `type` = ''Au100g''', 1472195568),
(231, 1, 'SELECT COUNT(*) AS `numrows`\nFROM `gd_golden_today`\nWHERE `updatetime` = 1472190224\nAND `type` = ''iAu99.99''', 1472195568),
(232, 1, 'SELECT COUNT(*) AS `numrows`\nFROM `gd_golden_today`\nWHERE `updatetime` = 1472145654\nAND `type` = ''iAu100g''', 1472195568),
(233, 1, 'SELECT COUNT(*) AS `numrows`\nFROM `gd_golden_today`\nWHERE `updatetime` = 1472125226\nAND `type` = ''iAu99.5''', 1472195568),
(234, 1, 'SELECT COUNT(*) AS `numrows`\nFROM `gd_golden_today`\nWHERE `updatetime` = 1472190237\nAND `type` = ''Au(T+D)''', 1472195598),
(235, 1, 'SELECT COUNT(*) AS `numrows`\nFROM `gd_golden_today`\nWHERE `updatetime` = 1472190233\nAND `type` = ''Au99.99''', 1472195598),
(236, 1, 'SELECT COUNT(*) AS `numrows`\nFROM `gd_golden_today`\nWHERE `updatetime` = 1472190237\nAND `type` = ''mAu(T+D)''', 1472195598),
(237, 1, 'SELECT COUNT(*) AS `numrows`\nFROM `gd_golden_today`\nWHERE `updatetime` = 1472190232\nAND `type` = ''Au(T+N2)''', 1472195598),
(238, 1, 'SELECT COUNT(*) AS `numrows`\nFROM `gd_golden_today`\nWHERE `updatetime` = 1472190158\nAND `type` = ''Au99.95''', 1472195598),
(239, 1, 'SELECT COUNT(*) AS `numrows`\nFROM `gd_golden_today`\nWHERE `updatetime` = 1472189752\nAND `type` = ''Pt99.95''', 1472195598),
(240, 1, 'SELECT COUNT(*) AS `numrows`\nFROM `gd_golden_today`\nWHERE `updatetime` = 1472190233\nAND `type` = ''Au(T+N1)''', 1472195598),
(241, 1, 'SELECT COUNT(*) AS `numrows`\nFROM `gd_golden_today`\nWHERE `updatetime` = 1472190063\nAND `type` = ''Au100g''', 1472195598),
(242, 1, 'SELECT COUNT(*) AS `numrows`\nFROM `gd_golden_today`\nWHERE `updatetime` = 1472190224\nAND `type` = ''iAu99.99''', 1472195598),
(243, 1, 'SELECT COUNT(*) AS `numrows`\nFROM `gd_golden_today`\nWHERE `updatetime` = 1472145654\nAND `type` = ''iAu100g''', 1472195598),
(244, 1, 'SELECT COUNT(*) AS `numrows`\nFROM `gd_golden_today`\nWHERE `updatetime` = 1472125226\nAND `type` = ''iAu99.5''', 1472195598),
(245, 1, 'SELECT COUNT(*) AS `numrows`\nFROM `gd_golden_today`\nWHERE `updatetime` = 1472190237\nAND `type` = ''Au(T+D)''', 1472195628),
(246, 1, 'SELECT COUNT(*) AS `numrows`\nFROM `gd_golden_today`\nWHERE `updatetime` = 1472190233\nAND `type` = ''Au99.99''', 1472195628),
(247, 1, 'SELECT COUNT(*) AS `numrows`\nFROM `gd_golden_today`\nWHERE `updatetime` = 1472190237\nAND `type` = ''mAu(T+D)''', 1472195628),
(248, 1, 'SELECT COUNT(*) AS `numrows`\nFROM `gd_golden_today`\nWHERE `updatetime` = 1472190232\nAND `type` = ''Au(T+N2)''', 1472195628),
(249, 1, 'SELECT COUNT(*) AS `numrows`\nFROM `gd_golden_today`\nWHERE `updatetime` = 1472190158\nAND `type` = ''Au99.95''', 1472195628),
(250, 1, 'SELECT COUNT(*) AS `numrows`\nFROM `gd_golden_today`\nWHERE `updatetime` = 1472189752\nAND `type` = ''Pt99.95''', 1472195628),
(251, 1, 'SELECT COUNT(*) AS `numrows`\nFROM `gd_golden_today`\nWHERE `updatetime` = 1472190233\nAND `type` = ''Au(T+N1)''', 1472195628),
(252, 1, 'SELECT COUNT(*) AS `numrows`\nFROM `gd_golden_today`\nWHERE `updatetime` = 1472190063\nAND `type` = ''Au100g''', 1472195628),
(253, 1, 'SELECT COUNT(*) AS `numrows`\nFROM `gd_golden_today`\nWHERE `updatetime` = 1472190224\nAND `type` = ''iAu99.99''', 1472195628),
(254, 1, 'SELECT COUNT(*) AS `numrows`\nFROM `gd_golden_today`\nWHERE `updatetime` = 1472145654\nAND `type` = ''iAu100g''', 1472195628),
(255, 1, 'SELECT COUNT(*) AS `numrows`\nFROM `gd_golden_today`\nWHERE `updatetime` = 1472125226\nAND `type` = ''iAu99.5''', 1472195628),
(256, 1, 'SELECT COUNT(*) AS `numrows`\nFROM `gd_golden_today`\nWHERE `updatetime` = 1472190237\nAND `type` = ''Au(T+D)''', 1472195658),
(257, 1, 'SELECT COUNT(*) AS `numrows`\nFROM `gd_golden_today`\nWHERE `updatetime` = 1472190233\nAND `type` = ''Au99.99''', 1472195658),
(258, 1, 'SELECT COUNT(*) AS `numrows`\nFROM `gd_golden_today`\nWHERE `updatetime` = 1472190237\nAND `type` = ''mAu(T+D)''', 1472195658),
(259, 1, 'SELECT COUNT(*) AS `numrows`\nFROM `gd_golden_today`\nWHERE `updatetime` = 1472190232\nAND `type` = ''Au(T+N2)''', 1472195658),
(260, 1, 'SELECT COUNT(*) AS `numrows`\nFROM `gd_golden_today`\nWHERE `updatetime` = 1472190158\nAND `type` = ''Au99.95''', 1472195658),
(261, 1, 'SELECT COUNT(*) AS `numrows`\nFROM `gd_golden_today`\nWHERE `updatetime` = 1472189752\nAND `type` = ''Pt99.95''', 1472195658),
(262, 1, 'SELECT COUNT(*) AS `numrows`\nFROM `gd_golden_today`\nWHERE `updatetime` = 1472190233\nAND `type` = ''Au(T+N1)''', 1472195658),
(263, 1, 'SELECT COUNT(*) AS `numrows`\nFROM `gd_golden_today`\nWHERE `updatetime` = 1472190063\nAND `type` = ''Au100g''', 1472195658),
(264, 1, 'SELECT COUNT(*) AS `numrows`\nFROM `gd_golden_today`\nWHERE `updatetime` = 1472190224\nAND `type` = ''iAu99.99''', 1472195658),
(265, 1, 'SELECT COUNT(*) AS `numrows`\nFROM `gd_golden_today`\nWHERE `updatetime` = 1472145654\nAND `type` = ''iAu100g''', 1472195658),
(266, 1, 'SELECT COUNT(*) AS `numrows`\nFROM `gd_golden_today`\nWHERE `updatetime` = 1472125226\nAND `type` = ''iAu99.5''', 1472195658),
(267, 1, 'SELECT COUNT(*) AS `numrows`\nFROM `gd_golden_today`\nWHERE `updatetime` = 1472190237\nAND `type` = ''Au(T+D)''', 1472195688),
(268, 1, 'SELECT COUNT(*) AS `numrows`\nFROM `gd_golden_today`\nWHERE `updatetime` = 1472190233\nAND `type` = ''Au99.99''', 1472195688),
(269, 1, 'SELECT COUNT(*) AS `numrows`\nFROM `gd_golden_today`\nWHERE `updatetime` = 1472190237\nAND `type` = ''mAu(T+D)''', 1472195688),
(270, 1, 'SELECT COUNT(*) AS `numrows`\nFROM `gd_golden_today`\nWHERE `updatetime` = 1472190232\nAND `type` = ''Au(T+N2)''', 1472195688),
(271, 1, 'SELECT COUNT(*) AS `numrows`\nFROM `gd_golden_today`\nWHERE `updatetime` = 1472190158\nAND `type` = ''Au99.95''', 1472195688),
(272, 1, 'SELECT COUNT(*) AS `numrows`\nFROM `gd_golden_today`\nWHERE `updatetime` = 1472189752\nAND `type` = ''Pt99.95''', 1472195688),
(273, 1, 'SELECT COUNT(*) AS `numrows`\nFROM `gd_golden_today`\nWHERE `updatetime` = 1472190233\nAND `type` = ''Au(T+N1)''', 1472195688),
(274, 1, 'SELECT COUNT(*) AS `numrows`\nFROM `gd_golden_today`\nWHERE `updatetime` = 1472190063\nAND `type` = ''Au100g''', 1472195688),
(275, 1, 'SELECT COUNT(*) AS `numrows`\nFROM `gd_golden_today`\nWHERE `updatetime` = 1472190224\nAND `type` = ''iAu99.99''', 1472195688),
(276, 1, 'SELECT COUNT(*) AS `numrows`\nFROM `gd_golden_today`\nWHERE `updatetime` = 1472145654\nAND `type` = ''iAu100g''', 1472195688),
(277, 1, 'SELECT COUNT(*) AS `numrows`\nFROM `gd_golden_today`\nWHERE `updatetime` = 1472125226\nAND `type` = ''iAu99.5''', 1472195688),
(278, 1, 'SELECT COUNT(*) AS `numrows`\nFROM `gd_golden_today`\nWHERE `updatetime` = 1472190237\nAND `type` = ''Au(T+D)''', 1472195718),
(279, 1, 'SELECT COUNT(*) AS `numrows`\nFROM `gd_golden_today`\nWHERE `updatetime` = 1472190233\nAND `type` = ''Au99.99''', 1472195718),
(280, 1, 'SELECT COUNT(*) AS `numrows`\nFROM `gd_golden_today`\nWHERE `updatetime` = 1472190237\nAND `type` = ''mAu(T+D)''', 1472195718),
(281, 1, 'SELECT COUNT(*) AS `numrows`\nFROM `gd_golden_today`\nWHERE `updatetime` = 1472190232\nAND `type` = ''Au(T+N2)''', 1472195718),
(282, 1, 'SELECT COUNT(*) AS `numrows`\nFROM `gd_golden_today`\nWHERE `updatetime` = 1472190158\nAND `type` = ''Au99.95''', 1472195718),
(283, 1, 'SELECT COUNT(*) AS `numrows`\nFROM `gd_golden_today`\nWHERE `updatetime` = 1472189752\nAND `type` = ''Pt99.95''', 1472195718),
(284, 1, 'SELECT COUNT(*) AS `numrows`\nFROM `gd_golden_today`\nWHERE `updatetime` = 1472190233\nAND `type` = ''Au(T+N1)''', 1472195718),
(285, 1, 'SELECT COUNT(*) AS `numrows`\nFROM `gd_golden_today`\nWHERE `updatetime` = 1472190063\nAND `type` = ''Au100g''', 1472195718),
(286, 1, 'SELECT COUNT(*) AS `numrows`\nFROM `gd_golden_today`\nWHERE `updatetime` = 1472190224\nAND `type` = ''iAu99.99''', 1472195718),
(287, 1, 'SELECT COUNT(*) AS `numrows`\nFROM `gd_golden_today`\nWHERE `updatetime` = 1472145654\nAND `type` = ''iAu100g''', 1472195718),
(288, 1, 'SELECT COUNT(*) AS `numrows`\nFROM `gd_golden_today`\nWHERE `updatetime` = 1472125226\nAND `type` = ''iAu99.5''', 1472195718),
(289, 1, 'SELECT COUNT(*) AS `numrows`\nFROM `gd_golden_today`\nWHERE `updatetime` = 1472190237\nAND `type` = ''Au(T+D)''', 1472195748),
(290, 1, 'SELECT COUNT(*) AS `numrows`\nFROM `gd_golden_today`\nWHERE `updatetime` = 1472190233\nAND `type` = ''Au99.99''', 1472195748),
(291, 1, 'SELECT COUNT(*) AS `numrows`\nFROM `gd_golden_today`\nWHERE `updatetime` = 1472190237\nAND `type` = ''mAu(T+D)''', 1472195748),
(292, 1, 'SELECT COUNT(*) AS `numrows`\nFROM `gd_golden_today`\nWHERE `updatetime` = 1472190232\nAND `type` = ''Au(T+N2)''', 1472195748),
(293, 1, 'SELECT COUNT(*) AS `numrows`\nFROM `gd_golden_today`\nWHERE `updatetime` = 1472190158\nAND `type` = ''Au99.95''', 1472195748),
(294, 1, 'SELECT COUNT(*) AS `numrows`\nFROM `gd_golden_today`\nWHERE `updatetime` = 1472189752\nAND `type` = ''Pt99.95''', 1472195748),
(295, 1, 'SELECT COUNT(*) AS `numrows`\nFROM `gd_golden_today`\nWHERE `updatetime` = 1472190233\nAND `type` = ''Au(T+N1)''', 1472195748),
(296, 1, 'SELECT COUNT(*) AS `numrows`\nFROM `gd_golden_today`\nWHERE `updatetime` = 1472190063\nAND `type` = ''Au100g''', 1472195748),
(297, 1, 'SELECT COUNT(*) AS `numrows`\nFROM `gd_golden_today`\nWHERE `updatetime` = 1472190224\nAND `type` = ''iAu99.99''', 1472195748),
(298, 1, 'SELECT COUNT(*) AS `numrows`\nFROM `gd_golden_today`\nWHERE `updatetime` = 1472145654\nAND `type` = ''iAu100g''', 1472195748),
(299, 1, 'SELECT COUNT(*) AS `numrows`\nFROM `gd_golden_today`\nWHERE `updatetime` = 1472125226\nAND `type` = ''iAu99.5''', 1472195748),
(300, 1, 'SELECT COUNT(*) AS `numrows`\nFROM `gd_golden_today`\nWHERE `updatetime` = 1472125226\nAND `type` = ''iAu99.5''', 1472195946),
(301, 1, 'SELECT COUNT(*) AS `numrows`\nFROM `gd_golden_today`\nWHERE `updatetime` = 1472192789\nAND `type` = ''Au(T+D)''', 1472196023),
(302, 1, 'SELECT COUNT(*) AS `numrows`\nFROM `gd_golden_today`\nWHERE `updatetime` = 1472192741\nAND `type` = ''Au99.99''', 1472196023),
(303, 1, 'SELECT COUNT(*) AS `numrows`\nFROM `gd_golden_today`\nWHERE `updatetime` = 1472192788\nAND `type` = ''mAu(T+D)''', 1472196023),
(304, 1, 'SELECT COUNT(*) AS `numrows`\nFROM `gd_golden_today`\nWHERE `updatetime` = 1472192704\nAND `type` = ''Au99.95''', 1472196023),
(305, 1, 'SELECT COUNT(*) AS `numrows`\nFROM `gd_golden_today`\nWHERE `updatetime` = 1472192621\nAND `type` = ''Au(T+N2)''', 1472196023),
(306, 1, 'SELECT COUNT(*) AS `numrows`\nFROM `gd_golden_today`\nWHERE `updatetime` = 1472192469\nAND `type` = ''Pt99.95''', 1472196023),
(307, 1, 'SELECT COUNT(*) AS `numrows`\nFROM `gd_golden_today`\nWHERE `updatetime` = 1472192736\nAND `type` = ''Au(T+N1)''', 1472196023),
(308, 1, 'SELECT COUNT(*) AS `numrows`\nFROM `gd_golden_today`\nWHERE `updatetime` = 1472192784\nAND `type` = ''Au100g''', 1472196023),
(309, 1, 'SELECT COUNT(*) AS `numrows`\nFROM `gd_golden_today`\nWHERE `updatetime` = 1472192723\nAND `type` = ''iAu100g''', 1472196023),
(310, 1, 'SELECT COUNT(*) AS `numrows`\nFROM `gd_golden_today`\nWHERE `updatetime` = 1472192776\nAND `type` = ''iAu99.99''', 1472196023),
(311, 1, 'SELECT COUNT(*) AS `numrows`\nFROM `gd_golden_today`\nWHERE `updatetime` = 1472125226\nAND `type` = ''iAu99.5''', 1472196023),
(312, 1, 'SELECT COUNT(*) AS `numrows`\nFROM `gd_golden_today`\nWHERE `updatetime` = 1472192789\nAND `type` = ''Au(T+D)''', 1472196186),
(313, 1, 'SELECT COUNT(*) AS `numrows`\nFROM `gd_golden_today`\nWHERE `updatetime` = 1472192741\nAND `type` = ''Au99.99''', 1472196186),
(314, 1, 'SELECT COUNT(*) AS `numrows`\nFROM `gd_golden_today`\nWHERE `updatetime` = 1472192788\nAND `type` = ''mAu(T+D)''', 1472196186),
(315, 1, 'SELECT COUNT(*) AS `numrows`\nFROM `gd_golden_today`\nWHERE `updatetime` = 1472192704\nAND `type` = ''Au99.95''', 1472196186),
(316, 1, 'SELECT COUNT(*) AS `numrows`\nFROM `gd_golden_today`\nWHERE `updatetime` = 1472192621\nAND `type` = ''Au(T+N2)''', 1472196186),
(317, 1, 'SELECT COUNT(*) AS `numrows`\nFROM `gd_golden_today`\nWHERE `updatetime` = 1472192469\nAND `type` = ''Pt99.95''', 1472196186),
(318, 1, 'SELECT COUNT(*) AS `numrows`\nFROM `gd_golden_today`\nWHERE `updatetime` = 1472192736\nAND `type` = ''Au(T+N1)''', 1472196186),
(319, 1, 'SELECT COUNT(*) AS `numrows`\nFROM `gd_golden_today`\nWHERE `updatetime` = 1472192784\nAND `type` = ''Au100g''', 1472196186),
(320, 1, 'SELECT COUNT(*) AS `numrows`\nFROM `gd_golden_today`\nWHERE `updatetime` = 1472192723\nAND `type` = ''iAu100g''', 1472196186),
(321, 1, 'SELECT COUNT(*) AS `numrows`\nFROM `gd_golden_today`\nWHERE `updatetime` = 1472192776\nAND `type` = ''iAu99.99''', 1472196186),
(322, 1, 'SELECT COUNT(*) AS `numrows`\nFROM `gd_golden_today`\nWHERE `updatetime` = 1472125226\nAND `type` = ''iAu99.5''', 1472196186),
(323, 1, 'SELECT COUNT(*) AS `numrows`\nFROM `gd_golden_today`\nWHERE `updatetime` = 1472192789\nAND `type` = ''Au(T+D)''', 1472196512),
(324, 1, 'SELECT COUNT(*) AS `numrows`\nFROM `gd_golden_today`\nWHERE `updatetime` = 1472192741\nAND `type` = ''Au99.99''', 1472196512),
(325, 1, 'SELECT COUNT(*) AS `numrows`\nFROM `gd_golden_today`\nWHERE `updatetime` = 1472192788\nAND `type` = ''mAu(T+D)''', 1472196512),
(326, 1, 'SELECT COUNT(*) AS `numrows`\nFROM `gd_golden_today`\nWHERE `updatetime` = 1472192704\nAND `type` = ''Au99.95''', 1472196512),
(327, 1, 'SELECT COUNT(*) AS `numrows`\nFROM `gd_golden_today`\nWHERE `updatetime` = 1472192621\nAND `type` = ''Au(T+N2)''', 1472196512),
(328, 1, 'SELECT COUNT(*) AS `numrows`\nFROM `gd_golden_today`\nWHERE `updatetime` = 1472192469\nAND `type` = ''Pt99.95''', 1472196512),
(329, 1, 'SELECT COUNT(*) AS `numrows`\nFROM `gd_golden_today`\nWHERE `updatetime` = 1472192736\nAND `type` = ''Au(T+N1)''', 1472196512),
(330, 1, 'SELECT COUNT(*) AS `numrows`\nFROM `gd_golden_today`\nWHERE `updatetime` = 1472192784\nAND `type` = ''Au100g''', 1472196512),
(331, 1, 'SELECT COUNT(*) AS `numrows`\nFROM `gd_golden_today`\nWHERE `updatetime` = 1472192723\nAND `type` = ''iAu100g''', 1472196512),
(332, 1, 'SELECT COUNT(*) AS `numrows`\nFROM `gd_golden_today`\nWHERE `updatetime` = 1472192776\nAND `type` = ''iAu99.99''', 1472196512),
(333, 1, 'SELECT COUNT(*) AS `numrows`\nFROM `gd_golden_today`\nWHERE `updatetime` = 1472125226\nAND `type` = ''iAu99.5''', 1472196512),
(334, 4, '1608272541144202|1', 1472278195),
(335, 4, 'active_period|1608272541144202', 1472278195),
(336, 4, '1608272541144202|1', 1472278325),
(337, 4, '1608272541144202|UPDATE `gd_project_investing` SET `worker_id` = ''4'', `lasttime` = 1472278325\nWHERE `project_sn` = ''1608272541144202''', 1472278325),
(338, 4, 'active_period|1608272541144202', 1472278325),
(339, 4, '1608272541144202|1', 1472278417),
(340, 4, '1608272541144202|UPDATE `gd_project_investing` SET `start` = ''2016-08-27'', `end` = ''2017-08-26'', `worker_id` = ''4'', `lasttime` = 1472278417\nWHERE `project_sn` = ''1608272541144202''', 1472278417),
(341, 4, 'active_period|1608272541144202', 1472278417),
(342, 3, '1608252211011343|1', 1472289668),
(343, 3, '1608252211011343|UPDATE `gd_project_investing` SET `start` = ''2016-08-25'', `end` = ''2017-08-24'', `worker_id` = ''3'', `lasttime` = 1472289668\nWHERE `project_sn` = ''1608252211011343''', 1472289668),
(344, 3, 'active_period|1608252211011343', 1472289668),
(345, 3, 'SD20155454564511|1', 1472384841),
(346, 3, 'SD20155454564511|UPDATE `gd_project_investing` SET `start` = ''2016-08-01'', `end` = ''2016-08-31'', `worker_id` = ''3'', `lasttime` = 1472384841\nWHERE `project_sn` = ''SD20155454564511''', 1472384841),
(347, 3, 'active_period|SD20155454564511', 1472384841),
(348, 3, '1608229881435008|1', 1472386688),
(349, 3, '1608229881435008|UPDATE `gd_project_investing` SET `start` = ''2016-08-22'', `end` = ''2017-02-21'', `worker_id` = ''3'', `lasttime` = 1472386688\nWHERE `project_sn` = ''1608229881435008''', 1472386688),
(350, 3, 'active_period|1608229881435008', 1472386688),
(351, 3, '1608222511510103|1', 1472386760),
(352, 3, '1608222511510103|UPDATE `gd_project_investing` SET `start` = ''2016-08-22'', `end` = ''2017-08-21'', `worker_id` = ''3'', `lasttime` = 1472386760\nWHERE `project_sn` = ''1608222511510103''', 1472386760),
(353, 3, 'active_period|1608222511510103', 1472386760),
(354, 3, '1608183471764952|1', 1472387499),
(355, 3, '1608183471764952|UPDATE `gd_project_investing` SET `start` = ''2016-08-18'', `end` = ''2016-11-17'', `worker_id` = ''3'', `lasttime` = 1472387499\nWHERE `project_sn` = ''1608183471764952''', 1472387499),
(356, 3, 'active_period|1608183471764952', 1472387499),
(357, 3, '1608186671184447|1', 1472387579),
(358, 3, '1608186671184447|UPDATE `gd_project_investing` SET `start` = ''2016-08-18'', `end` = ''2016-11-17'', `worker_id` = ''3'', `lasttime` = 1472387579\nWHERE `project_sn` = ''1608186671184447''', 1472387579),
(359, 3, 'active_period|1608186671184447', 1472387579),
(360, 7, 'in_stock|Array', 1472388632);

-- --------------------------------------------------------

--
-- è¡¨çš„ç»“æ„ `gd_worker_attempt`
--

CREATE TABLE IF NOT EXISTS `gd_worker_attempt` (
  `id` int(11) unsigned NOT NULL AUTO_INCREMENT,
  `ip_address` varchar(15) NOT NULL,
  `login` varchar(100) NOT NULL,
  `time` int(11) unsigned DEFAULT NULL,
  PRIMARY KEY (`id`)
) ENGINE=InnoDB DEFAULT CHARSET=utf8 AUTO_INCREMENT=1 ;

-- --------------------------------------------------------

--
-- è¡¨çš„ç»“æ„ `gd_worker_group`
--

CREATE TABLE IF NOT EXISTS `gd_worker_group` (
  `id` mediumint(8) unsigned NOT NULL AUTO_INCREMENT,
  `code` varchar(20) NOT NULL,
  `title` varchar(100) NOT NULL,
  `is_system` tinyint(4) NOT NULL DEFAULT '0',
  `permission` text,
  `status` tinyint(4) NOT NULL DEFAULT '1',
  PRIMARY KEY (`id`)
) ENGINE=InnoDB  DEFAULT CHARSET=utf8 AUTO_INCREMENT=7 ;

--
-- è½¬å­˜è¡¨ä¸­çš„æ•°æ® `gd_worker_group`
--

INSERT INTO `gd_worker_group` (`id`, `code`, `title`, `is_system`, `permission`, `status`) VALUES
(1, 'admin', 'ç®¡ç†ç»„', 1, '', 1),
(2, 'member', 'ä¸šåŠ¡å‘˜', 0, '2997,2999,3001,3003,2998,3000,3002', 1),
(3, 'manager', 'ç»ç†', 0, '1,2,3,5,6,7,8,9,10,11,22,23,24,25,26,27,30,33,35,48,49,50,51,52,55,59,63,67,68,70,78,80,84,85,94,96,98,100,101,102', 1),
(4, 'warehouser', 'åº“ç®¡', 1, '55,70,82,65,61,87,3,2,1', 1),
(5, 'appraiser', 'é‰´å®šäºº', 0, '74,73,70,1,3,2', 1),
(6, 'booker', 'ç™»è®°äºº', 0, '1,2,3,52,55,57,70,72,93,98,100,101,103', 1);

-- --------------------------------------------------------

--
-- è¡¨çš„ç»“æ„ `gd_worker_notify`
--

CREATE TABLE IF NOT EXISTS `gd_worker_notify` (
  `notify_id` int(11) NOT NULL AUTO_INCREMENT,
  `sender_id` int(11) NOT NULL DEFAULT '0',
  `receiver_id` int(11) NOT NULL,
  `mode` enum('announcement',' summary') COLLATE utf8_unicode_ci NOT NULL DEFAULT 'announcement',
  `title` int(11) NOT NULL,
  `content` text COLLATE utf8_unicode_ci NOT NULL,
  `status` tinyint(4) NOT NULL DEFAULT '1',
  `is_read` tinyint(1) NOT NULL DEFAULT '0',
  `addtime` int(11) NOT NULL DEFAULT '0',
  PRIMARY KEY (`notify_id`)
) ENGINE=InnoDB DEFAULT CHARSET=utf8 COLLATE=utf8_unicode_ci AUTO_INCREMENT=1 ;

-- --------------------------------------------------------

--
-- è¡¨çš„ç»“æ„ `gd_worker_rel`
--

CREATE TABLE IF NOT EXISTS `gd_worker_rel` (
  `id` int(11) unsigned NOT NULL AUTO_INCREMENT,
  `worker_id` int(11) unsigned NOT NULL,
  `group_id` mediumint(8) unsigned NOT NULL,
  PRIMARY KEY (`id`),
  UNIQUE KEY `uc_users_groups` (`worker_id`,`group_id`),
  KEY `fk_users_groups_users1_idx` (`worker_id`),
  KEY `fk_users_groups_groups1_idx` (`group_id`)
) ENGINE=InnoDB  DEFAULT CHARSET=utf8 AUTO_INCREMENT=25 ;

--
-- è½¬å­˜è¡¨ä¸­çš„æ•°æ® `gd_worker_rel`
--

INSERT INTO `gd_worker_rel` (`id`, `worker_id`, `group_id`) VALUES
(20, 1, 1),
(5, 3, 3),
(7, 4, 3),
(9, 5, 6),
(11, 6, 6),
(13, 7, 4),
(15, 8, 4),
(17, 9, 5),
(19, 10, 5),
(22, 11, 3),
(23, 11, 5),
(24, 11, 6),
(21, 12, 2);

--
-- é™åˆ¶å¯¼å‡ºçš„è¡¨
--

--
-- é™åˆ¶è¡¨ `gd_worker_rel`
--
ALTER TABLE `gd_worker_rel`
  ADD CONSTRAINT `fk_users_groups_groups1` FOREIGN KEY (`group_id`) REFERENCES `gd_worker_group` (`id`) ON DELETE CASCADE ON UPDATE NO ACTION,
  ADD CONSTRAINT `fk_users_groups_users1` FOREIGN KEY (`worker_id`) REFERENCES `gd_worker` (`id`) ON DELETE CASCADE ON UPDATE NO ACTION;

/*!40101 SET CHARACTER_SET_CLIENT=@OLD_CHARACTER_SET_CLIENT */;
/*!40101 SET CHARACTER_SET_RESULTS=@OLD_CHARACTER_SET_RESULTS */;
/*!40101 SET COLLATION_CONNECTION=@OLD_COLLATION_CONNECTION */;
