-- phpMyAdmin SQL Dump
-- version phpStudy 2014
-- http://www.phpmyadmin.net
--
-- ä¸»æœº: localhost
-- ç”Ÿæˆæ—¥æœŸ: 2016 å¹?09 æœ?06 æ—?23:17
-- æœåŠ¡å™¨ç‰ˆæœ¬: 5.5.47
-- PHP ç‰ˆæœ¬: 5.5.30

SET SQL_MODE="NO_AUTO_VALUE_ON_ZERO";
SET time_zone = "+00:00";


/*!40101 SET @OLD_CHARACTER_SET_CLIENT=@@CHARACTER_SET_CLIENT */;
/*!40101 SET @OLD_CHARACTER_SET_RESULTS=@@CHARACTER_SET_RESULTS */;
/*!40101 SET @OLD_COLLATION_CONNECTION=@@COLLATION_CONNECTION */;
/*!40101 SET NAMES utf8 */;

--
-- æ•°æ®åº“: `golden`
--

-- --------------------------------------------------------

--
-- è¡¨çš„ç»“æ„ `gd_article`
--

CREATE TABLE IF NOT EXISTS `gd_article` (
  `article_id` int(11) NOT NULL AUTO_INCREMENT,
  `category_id` int(11) NOT NULL DEFAULT '0',
  `title` varchar(128) COLLATE utf8_unicode_ci DEFAULT NULL,
  `text` text COLLATE utf8_unicode_ci,
  `is_top` tinyint(4) NOT NULL DEFAULT '0',
  `status` tinyint(4) NOT NULL DEFAULT '1',
  `author_id` int(11) NOT NULL DEFAULT '0',
  `addtime` int(11) NOT NULL,
  PRIMARY KEY (`article_id`)
) ENGINE=InnoDB  DEFAULT CHARSET=utf8 COLLATE=utf8_unicode_ci AUTO_INCREMENT=4 ;

--
-- è½¬å­˜è¡¨ä¸­çš„æ•°æ® `gd_article`
--

INSERT INTO `gd_article` (`article_id`, `category_id`, `title`, `text`, `is_top`, `status`, `author_id`, `addtime`) VALUES
(1, 1, 'è¿™æ˜¯ä¸€ç¯‡æµ‹è¯•æ–‡ç« ', '&lt;p&gt;è¿™æ˜¯æµ‹è¯•å†…å®¹&lt;/p&gt;&lt;ol class=&quot; list-paddingleft-2&quot; style=&quot;list-style-type: decimal;&quot;&gt;&lt;li&gt;&lt;p&gt;æµ‹è¯•1&lt;/p&gt;&lt;/li&gt;&lt;li&gt;&lt;p&gt;æµ‹è¯•2&lt;/p&gt;&lt;/li&gt;&lt;li&gt;&lt;p&gt;æµ‹è¯•3&lt;br/&gt;&lt;/p&gt;&lt;/li&gt;&lt;/ol&gt;', 0, 1, 1, 1471337030),
(2, 2, 'é’±ç”Ÿé‡‘ç›¸å…³åè®®', '&lt;p&gt;é’±ç”Ÿé‡‘ç›¸å…³åè®®&lt;/p&gt;&lt;ul class=&quot; list-paddingleft-2&quot; style=&quot;list-style-type: disc;&quot;&gt;&lt;li&gt;&lt;p&gt;ç¬¬ä¸€æ¡&lt;/p&gt;&lt;/li&gt;&lt;li&gt;&lt;p&gt;ç¬¬äºŒæ¡&lt;/p&gt;&lt;/li&gt;&lt;li&gt;&lt;p&gt;ç¬¬ä¸‰æ¡&lt;/p&gt;&lt;/li&gt;&lt;li&gt;&lt;p&gt;ç¬¬å››æ¡&lt;/p&gt;&lt;/li&gt;&lt;li&gt;&lt;p&gt;ç¬¬äº”æ¡&lt;br/&gt;&lt;/p&gt;&lt;/li&gt;&lt;/ul&gt;', 0, 1, 1, 1471337324),
(3, 2, 'é‡‘ç”Ÿé‡‘åè®®', '&lt;p&gt;é‡‘ç”Ÿé‡‘åè®®&lt;/p&gt;&lt;ol class=&quot; list-paddingleft-2&quot; style=&quot;list-style-type: decimal;&quot;&gt;&lt;li&gt;&lt;p&gt;åè®®å†…å®¹1&lt;/p&gt;&lt;/li&gt;&lt;li&gt;&lt;p&gt;åè®®å†…å®¹2&lt;/p&gt;&lt;/li&gt;&lt;li&gt;&lt;p&gt;ã€‚ã€‚ã€‚&lt;br/&gt;&lt;/p&gt;&lt;/li&gt;&lt;/ol&gt;', 0, 1, 1, 1471422878);

-- --------------------------------------------------------

--
-- è¡¨çš„ç»“æ„ `gd_article_category`
--

CREATE TABLE IF NOT EXISTS `gd_article_category` (
  `category_id` int(11) NOT NULL AUTO_INCREMENT,
  `code` varchar(32) COLLATE utf8_unicode_ci NOT NULL,
  `title` varchar(128) COLLATE utf8_unicode_ci DEFAULT NULL,
  `is_admin` tinyint(4) NOT NULL DEFAULT '0',
  `status` tinyint(4) NOT NULL DEFAULT '1',
  `worker_id` int(11) NOT NULL DEFAULT '0',
  `addtime` int(11) NOT NULL DEFAULT '0',
  PRIMARY KEY (`category_id`)
) ENGINE=InnoDB  DEFAULT CHARSET=utf8 COLLATE=utf8_unicode_ci AUTO_INCREMENT=4 ;

--
-- è½¬å­˜è¡¨ä¸­çš„æ•°æ® `gd_article_category`
--

INSERT INTO `gd_article_category` (`category_id`, `code`, `title`, `is_admin`, `status`, `worker_id`, `addtime`) VALUES
(1, 'daily', 'æ¯æ—¥é‡‘è¯„', 0, 1, 1, 1470088332),
(2, 'privacy', 'æ¡æ¬¾åè®®', 0, 1, 1, 1470088332),
(3, 'news', 'æ–°é—»', 0, 1, 1, 1471174877);

-- --------------------------------------------------------

--
-- è¡¨çš„ç»“æ„ `gd_cron_schedule`
--

CREATE TABLE IF NOT EXISTS `gd_cron_schedule` (
  `schedule_id` int(10) unsigned NOT NULL AUTO_INCREMENT,
  `job_code` varchar(255) NOT NULL DEFAULT '0',
  `status` enum('pending','running','success','missed','error') NOT NULL DEFAULT 'pending',
  `messages` text,
  `created_at` datetime NOT NULL DEFAULT '0000-00-00 00:00:00',
  `scheduled_at` datetime NOT NULL DEFAULT '0000-00-00 00:00:00',
  `executed_at` datetime NOT NULL DEFAULT '0000-00-00 00:00:00',
  `finished_at` datetime NOT NULL DEFAULT '0000-00-00 00:00:00',
  PRIMARY KEY (`schedule_id`),
  KEY `task_name` (`job_code`),
  KEY `scheduled_at` (`scheduled_at`,`status`)
) ENGINE=MyISAM DEFAULT CHARSET=utf8 AUTO_INCREMENT=1 ;

-- --------------------------------------------------------

--
-- è¡¨çš„ç»“æ„ `gd_customer`
--

CREATE TABLE IF NOT EXISTS `gd_customer` (
  `customer_id` int(11) NOT NULL AUTO_INCREMENT,
  `realname` varchar(32) COLLATE utf8_unicode_ci NOT NULL,
  `avatar` varchar(128) COLLATE utf8_unicode_ci DEFAULT NULL,
  `phone` varchar(16) COLLATE utf8_unicode_ci NOT NULL,
  `idnumber` char(18) COLLATE utf8_unicode_ci NOT NULL,
  `wechat` varchar(64) COLLATE utf8_unicode_ci NOT NULL,
  `qq` char(12) COLLATE utf8_unicode_ci DEFAULT NULL,
  `group_id` tinyint(4) NOT NULL DEFAULT '1',
  `status` tinyint(1) NOT NULL DEFAULT '1',
  `referrer_id` varchar(32) COLLATE utf8_unicode_ci NOT NULL,
  `note` text COLLATE utf8_unicode_ci,
  `worker_id` int(11) NOT NULL DEFAULT '0',
  `addtime` int(11) NOT NULL DEFAULT '0',
  `lasttime` int(11) NOT NULL DEFAULT '0',
  PRIMARY KEY (`customer_id`)
) ENGINE=InnoDB  DEFAULT CHARSET=utf8 COLLATE=utf8_unicode_ci AUTO_INCREMENT=11 ;

--
-- è½¬å­˜è¡¨ä¸­çš„æ•°æ® `gd_customer`
--

INSERT INTO `gd_customer` (`customer_id`, `realname`, `avatar`, `phone`, `idnumber`, `wechat`, `qq`, `group_id`, `status`, `referrer_id`, `note`, `worker_id`, `addtime`, `lasttime`) VALUES
(2, 'æç™¾åº¦', NULL, '18850911766', '321245198905080904', '', NULL, 1, 1, '2', NULL, 5, 1472552472, 1472552472),
(3, 'åˆ˜äº¬ä¸œ', NULL, '18959506595', '321324199008080808', '', NULL, 1, 1, '2', NULL, 5, 1472559583, 1472559583),
(4, 'é©¬æ™“äº‘', NULL, '18850219878', '321324195406050508', '', NULL, 1, 1, '2', NULL, 5, 1472604934, 1472604934),
(5, 'é©¬è…¾è®¯', NULL, '18959596565', '321254198808050604', '', NULL, 1, 1, '12', NULL, 5, 1472605860, 1472605860),
(6, 'ä½™åä¸º', NULL, '18959596767', '321254198908050604', '', NULL, 1, 1, '12', NULL, 5, 1472605860, 1472605860),
(7, 'é›·å°ç±³', NULL, '13113213313', '321254197708053454', 'leixiaomi', '324456532', 1, 1, '', '', 3, 1472645815, 1472645866),
(8, 'ä¹”è‹¹æœ', NULL, '18808800990', '325225197008078888', 'qiaopingguo', '32323454435', 2, 1, '12', 'ä¹”å¸®ä¸»', 3, 1472646256, 1472646256),
(9, 'æ²ˆä¸‡ä¸‰', NULL, '13813800138', '138139199810039997', 'shenwansan', '', 2, 1, '12', 'asdsadasds', 3, 1472707274, 1472707274),
(10, 'èµµå…¬æ˜', NULL, '13606660888', '123321196606066666', 'zhaogongming', '', 3, 1, '12', 'asdsad', 1, 1473059868, 1473059868);

-- --------------------------------------------------------

--
-- è¡¨çš„ç»“æ„ `gd_customer_apply`
--

CREATE TABLE IF NOT EXISTS `gd_customer_apply` (
  `apply_id` int(11) NOT NULL AUTO_INCREMENT,
  `customer_id` int(11) NOT NULL,
  `phone` varchar(32) COLLATE utf8_unicode_ci DEFAULT NULL,
  `weight` decimal(11,2) NOT NULL DEFAULT '0.00',
  `mode` enum('appling','order') COLLATE utf8_unicode_ci NOT NULL DEFAULT 'appling',
  `note` text COLLATE utf8_unicode_ci,
  `status` tinyint(1) NOT NULL DEFAULT '1',
  `worker_id` int(11) NOT NULL DEFAULT '0',
  `addtime` int(11) NOT NULL DEFAULT '0',
  `locker_id` int(11) NOT NULL DEFAULT '0',
  PRIMARY KEY (`apply_id`)
) ENGINE=InnoDB DEFAULT CHARSET=utf8 COLLATE=utf8_unicode_ci AUTO_INCREMENT=1 ;

-- --------------------------------------------------------

--
-- è¡¨çš„ç»“æ„ `gd_customer_group`
--

CREATE TABLE IF NOT EXISTS `gd_customer_group` (
  `group_id` int(11) NOT NULL AUTO_INCREMENT,
  `title` varchar(32) COLLATE utf8_unicode_ci NOT NULL,
  `code` char(16) COLLATE utf8_unicode_ci NOT NULL,
  `icon` varchar(128) COLLATE utf8_unicode_ci DEFAULT NULL,
  `rule` text COLLATE utf8_unicode_ci,
  `note` varchar(128) COLLATE utf8_unicode_ci DEFAULT NULL,
  `status` tinyint(1) NOT NULL DEFAULT '0',
  `worker_id` int(11) NOT NULL DEFAULT '0',
  `addtime` int(11) NOT NULL DEFAULT '0',
  `lasttime` int(11) NOT NULL DEFAULT '0',
  PRIMARY KEY (`group_id`)
) ENGINE=InnoDB  DEFAULT CHARSET=utf8 COLLATE=utf8_unicode_ci AUTO_INCREMENT=5 ;

--
-- è½¬å­˜è¡¨ä¸­çš„æ•°æ® `gd_customer_group`
--

INSERT INTO `gd_customer_group` (`group_id`, `title`, `code`, `icon`, `rule`, `note`, `status`, `worker_id`, `addtime`, `lasttime`) VALUES
(1, 'é“œç‰Œ', 'bronze', NULL, NULL, 'é“œç‰Œå®¢æˆ·', 1, 1, 1472583692, 1472583692),
(2, 'é“¶ç‰Œ', 'silver', NULL, NULL, 'é“¶ç‰Œå®¢æˆ·', 1, 1, 1472589632, 1472589632),
(3, 'é‡‘ç‰Œ', ' gold', NULL, NULL, 'é‡‘ç‰Œå®¢æˆ·', 1, 1, 1472589963, 1472589963),
(4, 'é’»çŸ³', 'diamond', NULL, NULL, 'é’»çŸ³å®¢æˆ·', 1, 1, 1472589995, 1472589995);

-- --------------------------------------------------------

--
-- è¡¨çš„ç»“æ„ `gd_customer_history`
--

CREATE TABLE IF NOT EXISTS `gd_customer_history` (
  `history_id` int(11) NOT NULL AUTO_INCREMENT,
  `customer_id` int(11) NOT NULL,
  `note` text COLLATE utf8_unicode_ci NOT NULL,
  `worker_id` int(11) NOT NULL DEFAULT '0',
  `addtime` int(11) NOT NULL DEFAULT '0',
  PRIMARY KEY (`history_id`)
) ENGINE=InnoDB  DEFAULT CHARSET=utf8 COLLATE=utf8_unicode_ci AUTO_INCREMENT=7 ;

--
-- è½¬å­˜è¡¨ä¸­çš„æ•°æ® `gd_customer_history`
--

INSERT INTO `gd_customer_history` (`history_id`, `customer_id`, `note`, `worker_id`, `addtime`) VALUES
(1, 7, 'ç”³è¯·æé‡‘ï¼š15.00å…‹', 3, 1472655342),
(2, 7, 'å–æ¶ˆæé‡‘ï¼š15.00å…‹<br>sadsadasdsad', 3, 1472655831),
(3, 8, 'ç”³è¯·æé‡‘ï¼š12.00å…‹', 3, 1472655913),
(4, 7, 'ç”³è¯·æé‡‘ï¼š11.00å…‹', 3, 1472658219),
(5, 8, 'ç”³è¯·æé‡‘ï¼š10.00å…‹', 3, 1472658396),
(6, 8, 'ç”³è¯·æé‡‘ï¼š5.00å…‹', 3, 1472799106);

-- --------------------------------------------------------

--
-- è¡¨çš„ç»“æ„ `gd_customer_stock`
--

CREATE TABLE IF NOT EXISTS `gd_customer_stock` (
  `stock_id` int(11) NOT NULL AUTO_INCREMENT,
  `customer_id` int(11) NOT NULL,
  `mode` enum('in','out','profit','free') COLLATE utf8_unicode_ci NOT NULL DEFAULT 'profit',
  `project_sn` char(18) COLLATE utf8_unicode_ci NOT NULL,
  `weight` decimal(13,2) NOT NULL DEFAULT '0.00',
  `file` text COLLATE utf8_unicode_ci,
  `notify` tinyint(1) NOT NULL DEFAULT '1',
  `note` text COLLATE utf8_unicode_ci,
  `worker_id` int(11) NOT NULL DEFAULT '0',
  `addtime` int(11) NOT NULL DEFAULT '0',
  PRIMARY KEY (`stock_id`)
) ENGINE=InnoDB  DEFAULT CHARSET=utf8 COLLATE=utf8_unicode_ci AUTO_INCREMENT=12 ;

--
-- è½¬å­˜è¡¨ä¸­çš„æ•°æ® `gd_customer_stock`
--

INSERT INTO `gd_customer_stock` (`stock_id`, `customer_id`, `mode`, `project_sn`, `weight`, `file`, `notify`, `note`, `worker_id`, `addtime`) VALUES
(4, 7, 'in', 'GR1608319242154447', '31.00', NULL, 1, '', 3, 1472653349),
(5, 8, 'in', 'GR1608315162053241', '20.00', NULL, 1, '', 3, 1472653784),
(7, 8, 'out', '', '-10.00', NULL, 1, 'é˜¿è¨å¾·æ’’çš„æ’’', 7, 1472658506),
(8, 3, 'in', 'GM1609011461040439', '15.00', NULL, 1, 'ä¸‹è‡ªæˆè¹Šæ”¿ç­–æ€§æ”¯æŒä¸‹è‡ªæˆè¹Š', 3, 1472706778),
(9, 6, 'in', 'GM1609016370915225', '10.00', NULL, 1, 'åˆ é™¤é¡¹ç›®', 3, 1472707008),
(10, 8, 'out', '', '-5.00', '[{"name":"29155021142d12.txt","path":"public\\/uploads\\/2016\\/09\\/0215531356de7a.txt"},{"name":"29155000ed424f.txt","path":"public\\/uploads\\/2016\\/09\\/02155332f92559.txt"}]', 1, 'asdsadsadsadsa', 7, 1472802999),
(11, 6, 'profit', 'GM1609016370915225', '1.15', NULL, 1, 'åˆ é™¤é¡¹ç›®', 3, 1472707008);

-- --------------------------------------------------------

--
-- è¡¨çš„ç»“æ„ `gd_golden_price`
--

CREATE TABLE IF NOT EXISTS `gd_golden_price` (
  `id` int(11) NOT NULL AUTO_INCREMENT,
  `date` date NOT NULL,
  `type` varchar(32) COLLATE utf8_unicode_ci DEFAULT NULL,
  `typename` varchar(32) COLLATE utf8_unicode_ci DEFAULT NULL,
  `price` decimal(8,2) NOT NULL DEFAULT '0.00',
  `addtime` int(11) NOT NULL DEFAULT '0',
  PRIMARY KEY (`id`)
) ENGINE=InnoDB  DEFAULT CHARSET=utf8 COLLATE=utf8_unicode_ci AUTO_INCREMENT=33 ;

--
-- è½¬å­˜è¡¨ä¸­çš„æ•°æ® `gd_golden_price`
--

INSERT INTO `gd_golden_price` (`id`, `date`, `type`, `typename`, `price`, `addtime`) VALUES
(1, '2016-08-25', 'Au99.99', 'æ²ªé‡‘99', '284.89', 1472186901),
(2, '2016-08-22', 'Au99.99', ' æ²ªé‡‘99', '286.36', 1471234567),
(3, '2016-08-23', 'Au99.99', ' æ²ªé‡‘99', '286.82', 1471234567),
(4, '2016-08-24', 'Au99.99', ' æ²ªé‡‘99', '286.70', 1471234567),
(6, '2016-08-19', 'Au99.99', ' æ²ªé‡‘99', '288.20', 1471234567),
(7, '2016-08-18', 'Au99.99', ' æ²ªé‡‘99', '288.87', 1471234567),
(8, '2016-08-17', 'Au99.99', ' æ²ªé‡‘99', '286.79', 1471234567),
(9, '2016-08-16', 'Au99.99', ' æ²ªé‡‘99', '287.98', 1471234567),
(10, '2016-08-15', 'Au99.99', ' æ²ªé‡‘99', '287.35', 1471234567),
(11, '2016-08-12', 'Au99.99', ' æ²ªé‡‘99', '286.80', 1471234567),
(12, '2016-08-11', 'Au99.99', ' æ²ªé‡‘99', '287.84', 1471234567),
(13, '2016-08-10', 'Au99.99', ' æ²ªé‡‘99', '289.80', 1471234567),
(14, '2016-08-09', 'Au99.99', ' æ²ªé‡‘99', '289.00', 1471234567),
(15, '2016-08-08', 'Au99.99', ' æ²ªé‡‘99', '286.42', 1471234567),
(16, '2016-08-05', 'Au99.99', ' æ²ªé‡‘99', '292.12', 1471234567),
(17, '2016-08-04', 'Au99.99', ' æ²ªé‡‘99', '289.05', 1471234567),
(18, '2016-08-03', 'Au99.99', ' æ²ªé‡‘99', '291.90', 1471234567),
(19, '2016-08-02', 'Au99.99', ' æ²ªé‡‘99', '290.10', 1471234567),
(20, '2016-08-01', 'Au99.99', ' æ²ªé‡‘99', '288.17', 1471234567),
(21, '2016-07-29', 'Au99.99', ' æ²ªé‡‘99', '285.83', 1471234567),
(22, '2016-07-28', 'Au99.99', ' æ²ªé‡‘99', '287.71', 1471234567),
(23, '2016-07-27', 'Au99.99', ' æ²ªé‡‘99', '283.63', 1471234567),
(24, '2016-08-26', 'Au99.99', 'æ²ªé‡‘99', '284.89', 1472260847),
(25, '2016-08-27', 'Au99.99', 'æ²ªé‡‘99', '284.89', 1472399839),
(26, '2016-08-28', 'Au99.99', 'æ²ªé‡‘99', '284.89', 1472400119),
(27, '2016-08-29', 'Au99.99', 'æ²ªé‡‘99', '283.50', 1472518017),
(28, '2016-08-30', 'Au99.99', 'æ²ªé‡‘99', '283.99', 1472573192),
(29, '2016-08-31', 'Au99.99', 'æ²ªé‡‘99', '283.19', 1472690403),
(30, '2016-09-01', 'Au99.99', 'æ²ªé‡‘99', '281.49', 1472747309),
(31, '2016-09-04', 'Au99.99', 'æ²ªé‡‘99', '282.46', 1473047202),
(32, '2016-09-05', 'Au99.99', 'æ²ªé‡‘99', '285.33', 1473122091);

-- --------------------------------------------------------

--
-- è¡¨çš„ç»“æ„ `gd_golden_today`
--

CREATE TABLE IF NOT EXISTS `gd_golden_today` (
  `date` date DEFAULT NULL,
  `type` varchar(32) COLLATE utf8_unicode_ci NOT NULL,
  `typename` varchar(32) COLLATE utf8_unicode_ci NOT NULL,
  `price` decimal(8,2) NOT NULL DEFAULT '0.00',
  `opening` decimal(8,2) NOT NULL DEFAULT '0.00',
  `maxprice` decimal(8,2) NOT NULL DEFAULT '0.00',
  `minprice` decimal(8,2) NOT NULL DEFAULT '0.00',
  `change` decimal(6,2) NOT NULL DEFAULT '0.00',
  `lastclosing` decimal(8,2) NOT NULL DEFAULT '0.00',
  `tradeamount` decimal(15,4) NOT NULL DEFAULT '0.0000',
  `updatetime` int(11) NOT NULL DEFAULT '0',
  `addtime` int(11) NOT NULL,
  KEY `date` (`date`),
  KEY `updatetime` (`updatetime`)
) ENGINE=InnoDB DEFAULT CHARSET=utf8 COLLATE=utf8_unicode_ci;

--
-- è½¬å­˜è¡¨ä¸­çš„æ•°æ® `gd_golden_today`
--

INSERT INTO `gd_golden_today` (`date`, `type`, `typename`, `price`, `opening`, `maxprice`, `minprice`, `change`, `lastclosing`, `tradeamount`, `updatetime`, `addtime`) VALUES
('2016-09-05', 'Au(T+D)', 'é»„é‡‘å»¶æœŸ', '285.05', '282.63', '286.00', '281.20', '0.96', '282.35', '96974.0000', 1473044550, 1473047202),
('2016-09-05', 'Au(T+N1)', 'å»¶æœŸå•é‡‘', '287.80', '286.95', '288.95', '284.60', '0.93', '285.15', '12173.8000', 1473044518, 1473047202),
('2016-09-05', 'Au(T+N2)', 'å»¶æœŸåŒé‡‘', '286.25', '285.60', '286.50', '285.60', '1.02', '283.35', '8048.2000', 1473044497, 1473047202),
('2016-09-05', 'mAu(T+D)', 'è¿·ä½ é»„é‡‘å»¶æœŸ', '285.10', '282.65', '286.00', '281.35', '0.93', '282.46', '6530.6000', 1473044550, 1473047202),
('2016-09-05', 'Au99.99', 'æ²ªé‡‘99', '285.10', '284.54', '285.50', '282.65', '0.93', '282.46', '3915.1800', 1473044545, 1473047202),
('2016-09-05', 'Au99.95', 'æ²ªé‡‘95', '284.90', '282.30', '285.00', '282.30', '0.98', '282.13', '426.0000', 1473044502, 1473047202),
('2016-09-05', 'Pt99.95', 'æ²ªé“‚95', '244.25', '241.50', '244.25', '241.50', '1.86', '239.79', '80.0000', 1473044535, 1473047202),
('2016-09-05', 'Au100g', 'æ²ªé‡‘100G', '285.00', '283.50', '285.30', '283.50', '0.73', '282.94', '19.6000', 1473044485, 1473047202),
('2016-09-05', 'iAu100g', 'IAU100G', '0.00', '0.00', '0.00', '0.00', '0.00', '261.18', '0.0000', 1473037523, 1473047202),
('2016-09-05', 'iAu99.99', 'IAU99.99', '0.00', '0.00', '0.00', '0.00', '0.00', '283.50', '0.0000', 1473044543, 1473047202),
('2016-09-05', 'Au(T+D)', 'é»„é‡‘å»¶æœŸ', '285.00', '282.63', '286.00', '281.20', '0.94', '282.35', '96374.0000', 1473043979, 1473047341),
('2016-09-05', 'Au(T+N1)', 'å»¶æœŸå•é‡‘', '287.80', '286.95', '288.95', '284.60', '0.93', '285.15', '12173.8000', 1473043966, 1473047341),
('2016-09-05', 'Au(T+N2)', 'å»¶æœŸåŒé‡‘', '286.25', '285.60', '286.50', '285.60', '1.02', '283.35', '8048.2000', 1473043956, 1473047341),
('2016-09-05', 'mAu(T+D)', 'è¿·ä½ é»„é‡‘å»¶æœŸ', '285.10', '282.65', '286.00', '281.35', '0.93', '282.46', '6493.0000', 1473043978, 1473047341),
('2016-09-05', 'Au99.99', 'æ²ªé‡‘99', '285.10', '284.54', '285.50', '282.65', '0.93', '282.46', '2649.9400', 1473043977, 1473047341),
('2016-09-05', 'Au99.95', 'æ²ªé‡‘95', '284.90', '282.30', '285.00', '282.30', '0.98', '282.13', '426.0000', 1473043926, 1473047341),
('2016-09-05', 'Pt99.95', 'æ²ªé“‚95', '244.25', '241.50', '244.25', '241.50', '1.86', '239.79', '80.0000', 1473042014, 1473047341),
('2016-09-05', 'Au100g', 'æ²ªé‡‘100G', '285.00', '283.50', '285.30', '283.50', '0.73', '282.94', '17.2000', 1473043833, 1473047341),
('2016-09-05', 'iAu99.99', 'IAU99.99', '0.00', '0.00', '0.00', '0.00', '0.00', '283.50', '0.0000', 1473043894, 1473047341),
('2016-09-05', 'Au(T+D)', 'é»„é‡‘å»¶æœŸ', '284.97', '282.63', '286.00', '281.20', '0.93', '282.35', '97698.0000', 1473046165, 1473050159),
('2016-09-05', 'Au(T+N1)', 'å»¶æœŸå•é‡‘', '287.90', '286.95', '288.95', '284.60', '0.96', '285.15', '12189.8000', 1473046171, 1473050159),
('2016-09-05', 'Au(T+N2)', 'å»¶æœŸåŒé‡‘', '286.30', '285.60', '286.50', '285.60', '1.04', '283.35', '8064.6000', 1473046170, 1473050159),
('2016-09-05', 'mAu(T+D)', 'è¿·ä½ é»„é‡‘å»¶æœŸ', '285.12', '282.65', '286.00', '281.35', '0.94', '282.46', '6601.6000', 1473046168, 1473050159),
('2016-09-05', 'Au99.99', 'æ²ªé‡‘99', '285.00', '284.54', '285.50', '282.65', '0.90', '282.46', '5022.7800', 1473046170, 1473050159),
('2016-09-05', 'Au99.95', 'æ²ªé‡‘95', '285.00', '282.30', '285.00', '282.30', '1.02', '282.13', '474.0000', 1473046130, 1473050159),
('2016-09-05', 'Pt99.95', 'æ²ªé“‚95', '244.25', '241.50', '244.25', '241.50', '1.86', '239.79', '110.0000', 1473046156, 1473050159),
('2016-09-05', 'Au100g', 'æ²ªé‡‘100G', '285.50', '283.50', '285.50', '283.50', '0.90', '282.94', '24.6000', 1473046152, 1473050159),
('2016-09-05', 'iAu99.99', 'IAU99.99', '0.00', '0.00', '0.00', '0.00', '0.00', '283.50', '0.0000', 1473046122, 1473050159),
('2016-09-05', 'Au(T+D)', 'é»„é‡‘å»¶æœŸ', '285.20', '282.63', '286.00', '281.20', '1.01', '282.35', '100346.0000', 1473054838, 1473057745),
('2016-09-05', 'Au(T+N1)', 'å»¶æœŸå•é‡‘', '288.00', '286.95', '288.95', '284.60', '1.00', '285.15', '12231.6000', 1473054839, 1473057745),
('2016-09-05', 'Au(T+N2)', 'å»¶æœŸåŒé‡‘', '286.60', '285.60', '286.60', '285.60', '1.15', '283.35', '8107.2000', 1473054749, 1473057745),
('2016-09-05', 'mAu(T+D)', 'è¿·ä½ é»„é‡‘å»¶æœŸ', '285.30', '282.65', '286.00', '281.35', '1.01', '282.46', '6717.6000', 1473054839, 1473057745),
('2016-09-05', 'Au99.99', 'æ²ªé‡‘99', '285.30', '284.54', '285.50', '282.65', '1.01', '282.46', '5914.5400', 1473054829, 1473057745),
('2016-09-05', 'Au99.95', 'æ²ªé‡‘95', '285.15', '282.30', '285.15', '282.30', '1.07', '282.13', '518.0000', 1473054655, 1473057745),
('2016-09-05', 'Pt99.95', 'æ²ªé“‚95', '244.00', '241.50', '244.25', '241.50', '1.76', '239.79', '116.0000', 1473054753, 1473057745),
('2016-09-05', 'Au100g', 'æ²ªé‡‘100G', '285.00', '283.50', '285.50', '283.50', '0.73', '282.94', '25.2000', 1473054670, 1473057745),
('2016-09-05', 'iAu99.99', 'IAU99.99', '285.10', '285.10', '285.10', '285.10', '0.56', '283.50', '10.0000', 1473054743, 1473057745),
('2016-09-05', 'iAu100g', 'IAU100G', '0.00', '0.00', '0.00', '0.00', '0.00', '261.18', '0.0000', 1473053371, 1473057745),
('2016-09-05', 'Au(T+D)', 'é»„é‡‘å»¶æœŸ', '285.22', '282.63', '286.00', '281.20', '1.02', '282.35', '101116.0000', 1473055408, 1473059163),
('2016-09-05', 'Au(T+N1)', 'å»¶æœŸå•é‡‘', '288.20', '286.95', '288.95', '284.60', '1.07', '285.15', '12253.8000', 1473055398, 1473059163),
('2016-09-05', 'Au(T+N2)', 'å»¶æœŸåŒé‡‘', '286.70', '285.60', '286.70', '285.60', '1.18', '283.35', '8129.2000', 1473055394, 1473059163),
('2016-09-05', 'mAu(T+D)', 'è¿·ä½ é»„é‡‘å»¶æœŸ', '285.30', '282.65', '286.00', '281.35', '1.01', '282.46', '6751.6000', 1473055409, 1473059163),
('2016-09-05', 'Au99.99', 'æ²ªé‡‘99', '285.35', '284.54', '285.50', '282.65', '1.02', '282.46', '6128.4800', 1473055409, 1473059163),
('2016-09-05', 'Au99.95', 'æ²ªé‡‘95', '285.15', '282.30', '285.20', '282.30', '1.07', '282.13', '656.0000', 1473055357, 1473059163),
('2016-09-05', 'Au100g', 'æ²ªé‡‘100G', '285.00', '283.50', '285.50', '283.50', '0.73', '282.94', '25.2000', 1473055359, 1473059163),
('2016-09-05', 'iAu99.99', 'IAU99.99', '285.10', '285.10', '285.10', '285.10', '0.56', '283.50', '10.0000', 1473055384, 1473059163),
('2016-09-05', 'Au(T+D)', 'é»„é‡‘å»¶æœŸ', '285.43', '282.63', '286.00', '281.20', '1.09', '282.35', '109094.0000', 1473059042, 1473062120),
('2016-09-05', 'Au99.99', 'æ²ªé‡‘99', '285.58', '284.54', '285.75', '282.65', '1.10', '282.46', '14426.4400', 1473059038, 1473062120),
('2016-09-05', 'Au(T+N1)', 'å»¶æœŸå•é‡‘', '288.30', '286.95', '288.95', '284.60', '1.10', '285.15', '12258.4000', 1473059021, 1473062120),
('2016-09-05', 'Au(T+N2)', 'å»¶æœŸåŒé‡‘', '286.75', '285.60', '286.75', '285.60', '1.20', '283.35', '8130.6000', 1473058772, 1473062120),
('2016-09-05', 'mAu(T+D)', 'è¿·ä½ é»„é‡‘å»¶æœŸ', '285.47', '282.65', '286.00', '281.35', '1.07', '282.46', '7168.8000', 1473059039, 1473062120),
('2016-09-05', 'Au99.95', 'æ²ªé‡‘95', '285.45', '282.30', '285.70', '282.30', '1.18', '282.13', '868.0000', 1473058941, 1473062120),
('2016-09-05', 'Pt99.95', 'æ²ªé“‚95', '243.50', '241.50', '244.25', '241.50', '1.55', '239.79', '118.0000', 1473058982, 1473062120),
('2016-09-05', 'Au100g', 'æ²ªé‡‘100G', '285.50', '283.50', '285.50', '283.50', '0.90', '282.94', '35.8000', 1473058984, 1473062120),
('2016-09-05', 'iAu99.99', 'IAU99.99', '285.20', '285.10', '285.20', '285.10', '0.60', '283.50', '10.0200', 1473058918, 1473062120),
('2016-09-05', 'iAu100g', 'IAU100G', '0.00', '0.00', '0.00', '0.00', '0.00', '261.18', '0.0000', 1473056617, 1473062120),
('2016-09-05', 'Au(T+D)', 'é»„é‡‘å»¶æœŸ', '285.16', '282.63', '286.00', '281.20', '1.00', '282.35', '111340.0000', 1473060570, 1473063609),
('2016-09-05', 'Au(T+N1)', 'å»¶æœŸå•é‡‘', '287.15', '286.95', '288.95', '284.60', '0.70', '285.15', '16263.2000', 1473060548, 1473063609),
('2016-09-05', 'Au99.99', 'æ²ªé‡‘99', '285.39', '284.54', '285.75', '282.65', '1.04', '282.46', '15594.4200', 1473060570, 1473063609),
('2016-09-05', 'Au(T+N2)', 'å»¶æœŸåŒé‡‘', '285.20', '285.60', '286.75', '285.20', '0.65', '283.35', '12168.4000', 1473060562, 1473063609),
('2016-09-05', 'mAu(T+D)', 'è¿·ä½ é»„é‡‘å»¶æœŸ', '285.26', '282.65', '286.00', '281.35', '0.99', '282.46', '7347.2000', 1473060570, 1473063609),
('2016-09-05', 'Au99.95', 'æ²ªé‡‘95', '285.20', '282.30', '285.70', '282.30', '1.09', '282.13', '896.0000', 1473060570, 1473063609),
('2016-09-05', 'Pt99.95', 'æ²ªé“‚95', '243.50', '241.50', '244.25', '241.50', '1.55', '239.79', '124.0000', 1473060570, 1473063609),
('2016-09-05', 'Au100g', 'æ²ªé‡‘100G', '285.30', '283.50', '285.70', '283.50', '0.83', '282.94', '37.8000', 1473060570, 1473063609),
('2016-09-05', 'iAu99.99', 'IAU99.99', '285.20', '285.10', '285.20', '285.10', '0.60', '283.50', '10.0200', 1473060570, 1473063609),
('2016-09-05', 'iAu100g', 'IAU100G', '0.00', '0.00', '0.00', '0.00', '0.00', '261.18', '0.0000', 1473060570, 1473063609),
('2016-09-05', 'iAu99.5', 'IAU99.5', '0.00', '0.00', '0.00', '0.00', '0.00', '237.80', '0.0000', 1473060570, 1473063609),
('2016-09-05', 'Au(T+D)', 'é»„é‡‘å»¶æœŸ', '285.41', '285.47', '285.88', '285.23', '0.09', '285.16', '6346.0000', 1473083761, 1473084348),
('2016-09-05', 'mAu(T+D)', 'è¿·ä½ é»„é‡‘å»¶æœŸ', '285.43', '285.40', '285.84', '285.25', '0.06', '285.25', '510.6000', 1473083759, 1473084348),
('2016-09-05', 'Au99.95', 'æ²ªé‡‘95', '285.70', '286.00', '286.00', '285.70', '0.12', '285.36', '52.0000', 1473083689, 1473084348),
('2016-09-05', 'Au99.99', 'æ²ªé‡‘99', '285.40', '286.25', '286.25', '285.40', '0.02', '285.33', '28.1400', 1473083745, 1473084348),
('2016-09-05', 'Pt99.95', 'æ²ªé“‚95', '244.75', '244.75', '244.75', '244.75', '0.28', '244.07', '8.0000', 1473077485, 1473084348),
('2016-09-05', 'Au100g', 'æ²ªé‡‘100G', '285.99', '285.31', '286.00', '285.31', '0.14', '285.58', '2.2000', 1473083715, 1473084348),
('2016-09-05', 'Au(T+N1)', 'å»¶æœŸå•é‡‘', '288.20', '288.20', '288.20', '287.25', '0.00', '288.20', '1.8000', 1473083738, 1473084348),
('2016-09-05', 'Au(T+N2)', 'å»¶æœŸåŒé‡‘', '0.00', '0.00', '0.00', '0.00', '0.00', '285.30', '0.0000', 1473083285, 1473084348),
('2016-09-05', 'iAu100g', 'IAU100G', '0.00', '0.00', '0.00', '0.00', '0.00', '261.18', '0.0000', 1473080508, 1473084348),
('2016-09-05', 'iAu99.5', 'IAU99.5', '0.00', '0.00', '0.00', '0.00', '0.00', '237.80', '0.0000', 1473075547, 1473084348),
('2016-09-05', 'iAu99.99', 'IAU99.99', '0.00', '0.00', '0.00', '0.00', '0.00', '285.10', '0.0000', 1473083688, 1473084348),
('2016-09-05', 'Au(T+D)', 'é»„é‡‘å»¶æœŸ', '285.49', '285.47', '285.88', '285.23', '0.12', '285.16', '6590.0000', 1473084357, 1473086118),
('2016-09-05', 'mAu(T+D)', 'è¿·ä½ é»„é‡‘å»¶æœŸ', '285.49', '285.40', '285.84', '285.25', '0.08', '285.25', '539.0000', 1473084359, 1473086118),
('2016-09-05', 'Au99.99', 'æ²ªé‡‘99', '285.40', '286.25', '286.25', '285.40', '0.02', '285.33', '28.3200', 1473084352, 1473086118),
('2016-09-05', 'Au100g', 'æ²ªé‡‘100G', '285.99', '285.31', '286.00', '285.31', '0.14', '285.58', '2.2000', 1473084344, 1473086118),
('2016-09-05', 'Au(T+N1)', 'å»¶æœŸå•é‡‘', '288.20', '288.20', '288.20', '287.25', '0.00', '288.20', '2.0000', 1473084311, 1473086118),
('2016-09-05', 'Au(T+N2)', 'å»¶æœŸåŒé‡‘', '0.00', '0.00', '0.00', '0.00', '0.00', '285.30', '0.0000', 1473084281, 1473086118),
('2016-09-05', 'iAu99.99', 'IAU99.99', '0.00', '0.00', '0.00', '0.00', '0.00', '285.10', '0.0000', 1473084324, 1473086118),
('2016-09-05', 'Au(T+D)', 'é»„é‡‘å»¶æœŸ', '285.36', '285.47', '285.88', '285.23', '0.07', '285.16', '7310.0000', 1473087391, 1473087919),
('2016-09-05', 'mAu(T+D)', 'è¿·ä½ é»„é‡‘å»¶æœŸ', '285.50', '285.40', '285.84', '285.25', '0.09', '285.25', '611.0000', 1473087388, 1473087919),
('2016-09-05', 'Au99.95', 'æ²ªé‡‘95', '285.59', '286.00', '286.00', '285.59', '0.08', '285.36', '54.0000', 1473087024, 1473087919),
('2016-09-05', 'Au99.99', 'æ²ªé‡‘99', '285.55', '286.25', '286.25', '285.40', '0.08', '285.33', '29.1600', 1473087375, 1473087919),
('2016-09-05', 'Au100g', 'æ²ªé‡‘100G', '285.99', '285.31', '286.00', '285.31', '0.14', '285.58', '3.0000', 1473087327, 1473087919),
('2016-09-05', 'Au(T+N1)', 'å»¶æœŸå•é‡‘', '288.90', '288.20', '288.90', '287.25', '0.24', '288.20', '3.0000', 1473087033, 1473087919),
('2016-09-05', 'iAu99.99', 'IAU99.99', '286.36', '286.36', '286.36', '286.36', '0.44', '285.10', '0.0200', 1473087387, 1473087919),
('2016-09-05', 'Au(T+N2)', 'å»¶æœŸåŒé‡‘', '0.00', '0.00', '0.00', '0.00', '0.00', '285.30', '0.0000', 1473087312, 1473087919),
('2016-09-05', 'iAu100g', 'IAU100G', '0.00', '0.00', '0.00', '0.00', '0.00', '261.18', '0.0000', 1473087178, 1473087919),
('2016-09-06', 'Au(T+D)', 'é»„é‡‘å»¶æœŸ', '285.56', '285.47', '285.88', '285.23', '0.14', '285.16', '9470.0000', 1473100126, 1473122091),
('2016-09-06', 'mAu(T+D)', 'è¿·ä½ é»„é‡‘å»¶æœŸ', '285.66', '285.40', '285.84', '285.25', '0.14', '285.25', '772.0000', 1473100164, 1473122091),
('2016-09-06', 'Au99.95', 'æ²ªé‡‘95', '285.59', '286.00', '286.00', '285.59', '0.08', '285.36', '54.0000', 1473098027, 1473122091),
('2016-09-06', 'Au99.99', 'æ²ªé‡‘99', '285.52', '286.25', '286.25', '285.40', '0.07', '285.33', '31.0800', 1473099637, 1473122091),
('2016-09-06', 'Pt99.95', 'æ²ªé“‚95', '244.75', '244.75', '244.75', '244.75', '0.28', '244.07', '8.0000', 1473100083, 1473122091),
('2016-09-06', 'Au100g', 'æ²ªé‡‘100G', '285.99', '285.31', '286.00', '285.31', '0.14', '285.58', '4.4000', 1473099128, 1473122091),
('2016-09-06', 'Au(T+N1)', 'å»¶æœŸå•é‡‘', '288.55', '288.20', '288.90', '287.25', '0.12', '288.20', '3.4000', 1473100151, 1473122091),
('2016-09-06', 'iAu99.99', 'IAU99.99', '286.36', '286.36', '286.36', '286.36', '0.44', '285.10', '0.0200', 1473100018, 1473122091),
('2016-09-06', 'Au(T+N2)', 'å»¶æœŸåŒé‡‘', '0.00', '0.00', '0.00', '0.00', '0.00', '285.30', '0.0000', 1473100171, 1473122091),
('2016-09-05', 'iAu100g', 'IAU100G', '0.00', '0.00', '0.00', '0.00', '0.00', '261.18', '0.0000', 1473088153, 1473122091),
('2016-09-06', 'Au(T+D)', 'é»„é‡‘å»¶æœŸ', '285.28', '285.47', '285.88', '285.23', '0.04', '285.16', '10454.0000', 1473124288, 1473126060),
('2016-09-06', 'mAu(T+D)', 'è¿·ä½ é»„é‡‘å»¶æœŸ', '285.36', '285.40', '285.84', '285.25', '0.04', '285.25', '848.6000', 1473124288, 1473126060),
('2016-09-06', 'Au99.99', 'æ²ªé‡‘99', '285.55', '286.25', '286.25', '285.40', '0.08', '285.33', '95.3200', 1473124273, 1473126060),
('2016-09-06', 'Au99.95', 'æ²ªé‡‘95', '285.59', '286.00', '286.00', '285.59', '0.08', '285.36', '54.0000', 1473124067, 1473126060),
('2016-09-06', 'Pt99.95', 'æ²ªé“‚95', '244.75', '244.75', '244.75', '244.75', '0.28', '244.07', '8.0000', 1473123603, 1473126060),
('2016-09-06', 'Au100g', 'æ²ªé‡‘100G', '285.99', '285.31', '286.00', '285.31', '0.14', '285.58', '4.4000', 1473124169, 1473126060),
('2016-09-06', 'Au(T+N1)', 'å»¶æœŸå•é‡‘', '288.55', '288.20', '288.90', '287.25', '0.12', '288.20', '3.4000', 1473124255, 1473126060),
('2016-09-06', 'iAu99.99', 'IAU99.99', '286.36', '286.36', '286.36', '286.36', '0.44', '285.10', '0.0200', 1473124288, 1473126060),
('2016-09-06', 'Au(T+N2)', 'å»¶æœŸåŒé‡‘', '0.00', '0.00', '0.00', '0.00', '0.00', '285.30', '0.0000', 1473124237, 1473126060),
('2016-09-06', 'Au(T+D)', 'é»„é‡‘å»¶æœŸ', '285.48', '285.47', '285.88', '285.23', '0.11', '285.16', '12270.0000', 1473125372, 1473127260),
('2016-09-06', 'mAu(T+D)', 'è¿·ä½ é»„é‡‘å»¶æœŸ', '285.60', '285.40', '285.84', '285.25', '0.12', '285.25', '966.6000', 1473125364, 1473127260),
('2016-09-06', 'Au99.99', 'æ²ªé‡‘99', '285.60', '286.25', '286.25', '285.40', '0.09', '285.33', '244.9000', 1473125352, 1473127260),
('2016-09-06', 'Au(T+N1)', 'å»¶æœŸå•é‡‘', '288.45', '288.20', '288.90', '287.25', '0.09', '288.20', '97.4000', 1473125364, 1473127260),
('2016-09-06', 'Au(T+N2)', 'å»¶æœŸåŒé‡‘', '286.85', '286.80', '286.85', '286.80', '0.54', '285.30', '93.8000', 1473125365, 1473127260),
('2016-09-06', 'Au99.95', 'æ²ªé‡‘95', '285.59', '286.00', '286.00', '285.59', '0.08', '285.36', '54.0000', 1473125192, 1473127260),
('2016-09-06', 'Pt99.95', 'æ²ªé“‚95', '244.75', '244.75', '244.75', '244.75', '0.28', '244.07', '8.0000', 1473125270, 1473127260),
('2016-09-06', 'Au100g', 'æ²ªé‡‘100G', '285.79', '285.31', '286.00', '285.31', '0.07', '285.58', '6.6000', 1473125211, 1473127260),
('2016-09-06', 'iAu99.99', 'IAU99.99', '286.36', '286.36', '286.36', '286.36', '0.44', '285.10', '0.0200', 1473125366, 1473127260),
('2016-09-06', 'Au(T+N1)', 'å»¶æœŸå•é‡‘', '288.40', '288.20', '288.90', '287.25', '0.07', '288.20', '20097.4000', 1473127865, 1473128943),
('2016-09-06', 'Au(T+D)', 'é»„é‡‘å»¶æœŸ', '285.35', '285.47', '285.88', '285.23', '0.07', '285.16', '17798.0000', 1473127917, 1473128943),
('2016-09-06', 'Au99.99', 'æ²ªé‡‘99', '285.48', '286.25', '286.25', '285.40', '0.05', '285.33', '1665.4000', 1473127917, 1473128943),
('2016-09-06', 'mAu(T+D)', 'è¿·ä½ é»„é‡‘å»¶æœŸ', '285.46', '285.40', '285.84', '285.25', '0.07', '285.25', '1217.6000', 1473127906, 1473128943),
('2016-09-06', 'Au(T+N2)', 'å»¶æœŸåŒé‡‘', '286.80', '286.80', '286.85', '286.80', '0.53', '285.30', '94.0000', 1473127904, 1473128943),
('2016-09-06', 'Au99.95', 'æ²ªé‡‘95', '285.40', '286.00', '286.00', '285.40', '0.01', '285.36', '66.0000', 1473127729, 1473128943),
('2016-09-06', 'Au100g', 'æ²ªé‡‘100G', '285.50', '285.31', '286.00', '285.31', '-0.03', '285.58', '9.4000', 1473127762, 1473128943),
('2016-09-06', 'Pt99.95', 'æ²ªé“‚95', '244.75', '244.75', '244.75', '244.75', '0.28', '244.07', '8.0000', 1473126984, 1473128943),
('2016-09-06', 'iAu99.99', 'IAU99.99', '286.36', '286.36', '286.36', '286.36', '0.44', '285.10', '0.0200', 1473127916, 1473128943),
('2016-09-06', 'iAu100g', 'IAU100G', '0.00', '0.00', '0.00', '0.00', '0.00', '261.18', '0.0000', 1473126163, 1473128943),
('2016-09-06', 'Au(T+D)', 'é»„é‡‘å»¶æœŸ', '285.55', '285.47', '285.88', '285.23', '0.14', '285.16', '22134.0000', 1473131549, 1473132657),
('2016-09-06', 'Au(T+N1)', 'å»¶æœŸå•é‡‘', '288.40', '288.20', '288.90', '287.25', '0.07', '288.20', '20097.4000', 1473131538, 1473132657),
('2016-09-06', 'Au99.99', 'æ²ªé‡‘99', '285.76', '286.25', '286.25', '285.40', '0.15', '285.33', '5865.1600', 1473131532, 1473132657),
('2016-09-06', 'mAu(T+D)', 'è¿·ä½ é»„é‡‘å»¶æœŸ', '285.75', '285.40', '285.84', '285.25', '0.18', '285.25', '1575.0000', 1473131547, 1473132657),
('2016-09-06', 'Au99.95', 'æ²ªé‡‘95', '285.65', '286.00', '286.00', '285.40', '0.10', '285.36', '378.0000', 1473131485, 1473132657),
('2016-09-06', 'Pt99.95', 'æ²ªé“‚95', '245.75', '244.75', '245.75', '244.75', '0.69', '244.07', '110.0000', 1473131281, 1473132657),
('2016-09-06', 'Au(T+N2)', 'å»¶æœŸåŒé‡‘', '286.90', '286.80', '286.90', '286.80', '0.56', '285.30', '94.2000', 1473131423, 1473132657),
('2016-09-06', 'Au100g', 'æ²ªé‡‘100G', '285.90', '285.31', '286.00', '285.31', '0.11', '285.58', '14.2000', 1473131331, 1473132657),
('2016-09-06', 'iAu99.99', 'IAU99.99', '286.36', '286.36', '286.36', '286.36', '0.44', '285.10', '0.0200', 1473131545, 1473132657),
('2016-09-06', 'Au(T+D)', 'é»„é‡‘å»¶æœŸ', '285.62', '285.47', '285.88', '285.23', '0.16', '285.16', '22482.0000', 1473132569, 1473134156),
('2016-09-06', 'Au(T+N1)', 'å»¶æœŸå•é‡‘', '288.40', '288.20', '288.90', '287.25', '0.07', '288.20', '20097.4000', 1473132571, 1473134156),
('2016-09-06', 'Au99.99', 'æ²ªé‡‘99', '285.70', '286.25', '286.25', '285.40', '0.13', '285.33', '6363.4200', 1473132567, 1473134156),
('2016-09-06', 'mAu(T+D)', 'è¿·ä½ é»„é‡‘å»¶æœŸ', '285.50', '285.40', '285.84', '285.25', '0.09', '285.25', '1602.0000', 1473132562, 1473134156),
('2016-09-06', 'Au99.95', 'æ²ªé‡‘95', '285.70', '286.00', '286.00', '285.40', '0.12', '285.36', '396.0000', 1473132571, 1473134156),
('2016-09-06', 'Pt99.95', 'æ²ªé“‚95', '245.75', '244.75', '245.75', '244.75', '0.69', '244.07', '150.0000', 1473132547, 1473134156),
('2016-09-06', 'Au(T+N2)', 'å»¶æœŸåŒé‡‘', '286.90', '286.80', '286.90', '286.80', '0.56', '285.30', '94.2000', 1473132566, 1473134156),
('2016-09-06', 'Au100g', 'æ²ªé‡‘100G', '285.90', '285.31', '286.00', '285.31', '0.11', '285.58', '14.2000', 1473132368, 1473134156),
('2016-09-06', 'iAu99.99', 'IAU99.99', '286.36', '286.36', '286.36', '286.36', '0.44', '285.10', '0.0200', 1473132562, 1473134156),
('2016-09-06', 'Au(T+D)', 'é»„é‡‘å»¶æœŸ', '285.60', '285.47', '285.88', '285.23', '0.15', '285.16', '24852.0000', 1473142373, 1473143507),
('2016-09-06', 'Au(T+N1)', 'å»¶æœŸå•é‡‘', '288.40', '288.20', '288.90', '287.25', '0.07', '288.20', '20097.4000', 1473142376, 1473143507),
('2016-09-06', 'Au99.99', 'æ²ªé‡‘99', '285.74', '286.25', '286.25', '285.40', '0.14', '285.33', '8688.1600', 1473142378, 1473143507),
('2016-09-06', 'mAu(T+D)', 'è¿·ä½ é»„é‡‘å»¶æœŸ', '285.67', '285.40', '285.84', '285.25', '0.15', '285.25', '1806.4000', 1473142372, 1473143507),
('2016-09-06', 'Au99.95', 'æ²ªé‡‘95', '285.59', '286.00', '286.00', '285.40', '0.08', '285.36', '482.0000', 1473142376, 1473143507),
('2016-09-06', 'Pt99.95', 'æ²ªé“‚95', '246.00', '244.75', '246.00', '244.75', '0.79', '244.07', '312.0000', 1473141701, 1473143507),
('2016-09-06', 'Au(T+N2)', 'å»¶æœŸåŒé‡‘', '286.90', '286.80', '286.90', '286.80', '0.56', '285.30', '94.2000', 1473142376, 1473143507),
('2016-09-06', 'Au100g', 'æ²ªé‡‘100G', '285.76', '285.31', '286.00', '285.31', '0.06', '285.58', '18.0000', 1473142282, 1473143507),
('2016-09-06', 'iAu99.99', 'IAU99.99', '286.36', '286.36', '286.36', '286.36', '0.44', '285.10', '0.0200', 1473142276, 1473143507),
('2016-09-06', 'iAu100g', 'IAU100G', '0.00', '0.00', '0.00', '0.00', '0.00', '261.18', '0.0000', 1473142155, 1473143507),
('2016-09-06', 'Au(T+D)', 'é»„é‡‘å»¶æœŸ', '285.55', '285.47', '285.88', '285.23', '0.14', '285.16', '25632.0000', 1473143464, 1473145299),
('2016-09-06', 'Au(T+N1)', 'å»¶æœŸå•é‡‘', '288.35', '288.20', '288.90', '287.25', '0.05', '288.20', '20098.4000', 1473143333, 1473145299),
('2016-09-06', 'Au99.99', 'æ²ªé‡‘99', '285.79', '286.25', '286.25', '285.40', '0.16', '285.33', '9870.3200', 1473143454, 1473145299),
('2016-09-06', 'mAu(T+D)', 'è¿·ä½ é»„é‡‘å»¶æœŸ', '285.61', '285.40', '285.84', '285.25', '0.13', '285.25', '1842.2000', 1473143457, 1473145299),
('2016-09-06', 'Au99.95', 'æ²ªé‡‘95', '285.55', '286.00', '286.00', '285.40', '0.07', '285.36', '550.0000', 1473143458, 1473145299),
('2016-09-06', 'Pt99.95', 'æ²ªé“‚95', '246.50', '244.75', '246.50', '244.75', '1.00', '244.07', '322.0000', 1473143147, 1473145299),
('2016-09-06', 'Au(T+N2)', 'å»¶æœŸåŒé‡‘', '286.90', '286.80', '286.90', '286.80', '0.56', '285.30', '94.2000', 1473143377, 1473145299),
('2016-09-06', 'Au100g', 'æ²ªé‡‘100G', '285.80', '285.31', '286.00', '285.31', '0.08', '285.58', '19.4000', 1473143167, 1473145299),
('2016-09-06', 'iAu99.99', 'IAU99.99', '286.00', '286.36', '286.36', '285.90', '0.32', '285.10', '2.0400', 1473143458, 1473145299),
('2016-09-06', 'Au(T+D)', 'é»„é‡‘å»¶æœŸ', '285.71', '285.47', '285.88', '285.23', '0.19', '285.16', '30208.0000', 1473145982, 1473147561),
('2016-09-06', 'Au(T+N1)', 'å»¶æœŸå•é‡‘', '288.85', '288.20', '288.90', '287.25', '0.23', '288.20', '24098.4000', 1473145403, 1473147561),
('2016-09-06', 'Au99.99', 'æ²ªé‡‘99', '286.00', '286.25', '286.25', '285.40', '0.23', '285.33', '14222.3000', 1473145972, 1473147561),
('2016-09-06', 'Au(T+N2)', 'å»¶æœŸåŒé‡‘', '285.60', '286.80', '286.90', '285.60', '0.11', '285.30', '4128.4000', 1473145960, 1473147561),
('2016-09-06', 'mAu(T+D)', 'è¿·ä½ é»„é‡‘å»¶æœŸ', '285.77', '285.40', '285.84', '285.25', '0.18', '285.25', '2152.0000', 1473145979, 1473147561),
('2016-09-06', 'Au99.95', 'æ²ªé‡‘95', '285.65', '286.00', '286.00', '285.35', '0.10', '285.36', '910.0000', 1473145973, 1473147561),
('2016-09-06', 'Pt99.95', 'æ²ªé“‚95', '246.50', '244.75', '246.50', '244.75', '1.00', '244.07', '322.0000', 1473144148, 1473147561),
('2016-09-06', 'Au100g', 'æ²ªé‡‘100G', '285.90', '285.31', '286.00', '285.31', '0.11', '285.58', '20.6000', 1473145778, 1473147561),
('2016-09-06', 'iAu99.99', 'IAU99.99', '285.75', '286.36', '286.36', '285.75', '0.23', '285.10', '2.0800', 1473145778, 1473147561),
('2016-09-06', 'Au(T+D)', 'é»„é‡‘å»¶æœŸ', '285.87', '285.47', '285.90', '285.23', '0.25', '285.16', '32848.0000', 1473146971, 1473151056),
('2016-09-06', 'Au(T+N1)', 'å»¶æœŸå•é‡‘', '288.85', '288.20', '288.90', '287.25', '0.23', '288.20', '24098.6000', 1473146971, 1473151056),
('2016-09-06', 'Au99.99', 'æ²ªé‡‘99', '286.30', '286.25', '286.30', '285.40', '0.34', '285.33', '14735.7600', 1473146971, 1473151056),
('2016-09-06', 'Au(T+N2)', 'å»¶æœŸåŒé‡‘', '285.60', '286.80', '286.90', '285.60', '0.11', '285.30', '4128.4000', 1473146944, 1473151056),
('2016-09-06', 'mAu(T+D)', 'è¿·ä½ é»„é‡‘å»¶æœŸ', '286.02', '285.40', '286.10', '285.25', '0.27', '285.25', '2454.8000', 1473146970, 1473151056),
('2016-09-06', 'Au99.95', 'æ²ªé‡‘95', '285.97', '286.00', '286.00', '285.35', '0.21', '285.36', '924.0000', 1473146971, 1473151056),
('2016-09-06', 'Pt99.95', 'æ²ªé“‚95', '246.50', '244.75', '246.50', '244.75', '1.00', '244.07', '322.0000', 1473146971, 1473151056),
('2016-09-06', 'Au100g', 'æ²ªé‡‘100G', '286.19', '285.31', '286.19', '285.31', '0.21', '285.58', '28.0000', 1473146971, 1473151056),
('2016-09-06', 'iAu99.99', 'IAU99.99', '285.80', '286.36', '286.36', '285.75', '0.25', '285.10', '8.2800', 1473146971, 1473151056),
('2016-09-06', 'iAu100g', 'IAU100G', '0.00', '0.00', '0.00', '0.00', '0.00', '261.18', '0.0000', 1473146971, 1473151056),
('2016-09-06', 'iAu99.5', 'IAU99.5', '0.00', '0.00', '0.00', '0.00', '0.00', '237.80', '0.0000', 1473146971, 1473151056),
('2016-09-06', 'Au(T+D)', 'é»„é‡‘å»¶æœŸ', '286.80', '286.66', '287.00', '286.21', '0.33', '285.85', '16758.0000', 1473167670, 1473169975),
('2016-09-06', 'mAu(T+D)', 'è¿·ä½ é»„é‡‘å»¶æœŸ', '286.90', '286.58', '287.11', '286.46', '0.29', '286.07', '1062.6000', 1473167668, 1473169975),
('2016-09-06', 'Au99.95', 'æ²ªé‡‘95', '287.00', '287.00', '287.10', '286.90', '0.36', '285.96', '60.0000', 1473167651, 1473169975),
('2016-09-06', 'Au99.99', 'æ²ªé‡‘99', '287.00', '286.30', '287.00', '286.00', '0.24', '286.30', '21.5200', 1473167660, 1473169975),
('2016-09-06', 'Au(T+N1)', 'å»¶æœŸå•é‡‘', '289.50', '289.00', '289.50', '289.00', '0.28', '288.70', '16.2000', 1473166888, 1473169975),
('2016-09-06', 'Au(T+N2)', 'å»¶æœŸåŒé‡‘', '287.80', '287.50', '287.80', '287.50', '0.35', '286.80', '2.0000', 1473166549, 1473169975),
('2016-09-06', 'Au100g', 'æ²ªé‡‘100G', '287.49', '287.49', '287.49', '287.49', '0.51', '286.02', '0.4000', 1473167662, 1473169975),
('2016-09-06', 'iAu100g', 'IAU100G', '0.00', '0.00', '0.00', '0.00', '0.00', '261.18', '0.0000', 1473166513, 1473169975),
('2016-09-06', 'iAu99.5', 'IAU99.5', '0.00', '0.00', '0.00', '0.00', '0.00', '237.80', '0.0000', 1473161950, 1473169975),
('2016-09-06', 'iAu99.99', 'IAU99.99', '0.00', '0.00', '0.00', '0.00', '0.00', '285.79', '0.0000', 1473167664, 1473169975),
('2016-09-06', 'Pt99.95', 'æ²ªé“‚95', '0.00', '0.00', '0.00', '0.00', '0.00', '246.07', '0.0000', 1473165076, 1473169975),
('2016-09-06', 'Au(T+D)', 'é»„é‡‘å»¶æœŸ', '286.92', '286.66', '287.00', '286.21', '0.37', '285.85', '18604.0000', 1473168756, 1473171175),
('2016-09-06', 'mAu(T+D)', 'è¿·ä½ é»„é‡‘å»¶æœŸ', '287.07', '286.58', '287.15', '286.46', '0.35', '286.07', '1215.6000', 1473168755, 1473171175),
('2016-09-06', 'Au99.95', 'æ²ªé‡‘95', '287.00', '287.00', '287.10', '286.90', '0.36', '285.96', '60.0000', 1473168540, 1473171175),
('2016-09-06', 'Au99.99', 'æ²ªé‡‘99', '286.93', '286.30', '287.00', '286.00', '0.22', '286.30', '30.2000', 1473168692, 1473171175),
('2016-09-06', 'Au(T+N1)', 'å»¶æœŸå•é‡‘', '289.50', '289.00', '289.50', '289.00', '0.28', '288.70', '16.2000', 1473168384, 1473171175),
('2016-09-06', 'Au(T+N2)', 'å»¶æœŸåŒé‡‘', '287.80', '287.50', '287.80', '287.50', '0.35', '286.80', '2.0000', 1473168613, 1473171175),
('2016-09-06', 'Au100g', 'æ²ªé‡‘100G', '287.00', '287.49', '287.49', '287.00', '0.34', '286.02', '1.0000', 1473168730, 1473171175),
('2016-09-06', 'iAu99.99', 'IAU99.99', '0.00', '0.00', '0.00', '0.00', '0.00', '285.79', '0.0000', 1473168746, 1473171175),
('2016-09-06', 'Au(T+D)', 'é»„é‡‘å»¶æœŸ', '287.63', '286.66', '287.65', '286.21', '0.62', '285.85', '31758.0000', 1473172356, 1473173097),
('2016-09-06', 'mAu(T+D)', 'è¿·ä½ é»„é‡‘å»¶æœŸ', '287.60', '286.58', '287.77', '286.46', '0.53', '286.07', '2329.4000', 1473172352, 1473173097),
('2016-09-06', 'Au99.99', 'æ²ªé‡‘99', '287.30', '286.30', '287.55', '286.00', '0.35', '286.30', '75.3800', 1473172346, 1473173097),
('2016-09-06', 'Au99.95', 'æ²ªé‡‘95', '287.00', '287.00', '287.10', '286.90', '0.36', '285.96', '60.0000', 1473172061, 1473173097),
('2016-09-06', 'Au(T+N1)', 'å»¶æœŸå•é‡‘', '290.00', '289.00', '290.00', '289.00', '0.45', '288.70', '22.2000', 1473172177, 1473173097),
('2016-09-06', 'Au100g', 'æ²ªé‡‘100G', '287.50', '287.49', '287.50', '287.00', '0.52', '286.02', '7.6000', 1473172099, 1473173097),
('2016-09-06', 'Au(T+N2)', 'å»¶æœŸåŒé‡‘', '288.30', '287.50', '288.50', '287.50', '0.52', '286.80', '2.6000', 1473172111, 1473173097),
('2016-09-06', 'iAu100g', 'IAU100G', '0.00', '0.00', '0.00', '0.00', '0.00', '261.18', '0.0000', 1473170513, 1473173097),
('2016-09-06', 'iAu99.99', 'IAU99.99', '0.00', '0.00', '0.00', '0.00', '0.00', '285.79', '0.0000', 1473172352, 1473173097),
('2016-09-06', 'Pt99.95', 'æ²ªé“‚95', '0.00', '0.00', '0.00', '0.00', '0.00', '246.07', '0.0000', 1473170879, 1473173097);

-- --------------------------------------------------------

--
-- è¡¨çš„ç»“æ„ `gd_node`
--

CREATE TABLE IF NOT EXISTS `gd_node` (
  `node_id` int(11) NOT NULL AUTO_INCREMENT,
  `mode` enum('auth','menu') NOT NULL DEFAULT 'auth',
  `parent_id` int(11) NOT NULL DEFAULT '0',
  `level` tinyint(4) NOT NULL DEFAULT '1',
  `name` varchar(32) DEFAULT NULL,
  `title` text,
  `path` varchar(96) DEFAULT NULL,
  `status` tinyint(1) NOT NULL DEFAULT '1',
  `auth` tinyint(1) NOT NULL DEFAULT '0',
  `sort` smallint(6) NOT NULL DEFAULT '0',
  `note` text,
  PRIMARY KEY (`node_id`)
) ENGINE=InnoDB  DEFAULT CHARSET=utf8 AUTO_INCREMENT=120 ;

--
-- è½¬å­˜è¡¨ä¸­çš„æ•°æ® `gd_node`
--

INSERT INTO `gd_node` (`node_id`, `mode`, `parent_id`, `level`, `name`, `title`, `path`, `status`, `auth`, `sort`, `note`) VALUES
(1, 'auth', 0, 1, 'tool', 'å°å·¥å…·', 'tool', 1, 1, 0, NULL),
(2, 'auth', 1, 1, 'API', 'é€šç”¨æ¥å£', 'tool/api', 1, 0, 0, ''),
(3, 'auth', 2, 1, 'golden_price', 'è·å–é»„é‡‘ä»·æ ¼', 'tool/api/price', 1, 0, 0, ''),
(4, 'auth', 0, 1, 'auth', 'ç”¨æˆ·æ¨¡å—', '', 1, 1, 0, ''),
(5, 'auth', 4, 1, 'worker', 'å‘˜å·¥ç®¡ç†', 'auth/worker', 1, 1, 0, ''),
(6, 'auth', 5, 1, 'list', 'å‘˜å·¥åˆ—è¡¨é¡µ', 'auth/worker/list', 1, 1, 0, ''),
(7, 'auth', 5, 1, 'check_username', 'éªŒè¯ç”¨æˆ·åæœ‰æ•ˆ', 'auth/worker/check_username', 1, 1, 0, ''),
(8, 'auth', 5, 1, 'save', 'æ·»åŠ ç¼–è¾‘å‘˜å·¥', 'auth/worker/save', 1, 1, 0, ''),
(9, 'auth', 5, 1, 'get_info', 'è·å–å‘˜å·¥ä¿¡æ¯', 'auth/worker/get_info', 1, 1, 0, ''),
(10, 'auth', 5, 1, 'activate', 'å¯ç”¨å‘˜å·¥', 'auth/worker/activate', 1, 1, 0, ''),
(11, 'auth', 5, 1, 'deactivate', 'ç¦ç”¨å‘˜å·¥', 'auth/worker/deactivate', 1, 1, 0, ''),
(12, 'auth', 4, 1, 'role', 'è§’è‰²æ¨¡å—', 'auth/role', 1, 1, 0, ''),
(13, 'auth', 12, 1, 'index', 'è§’è‰²åˆ—è¡¨', 'auth/role/index', 1, 1, 0, ''),
(14, 'auth', 12, 1, 'check_code', 'éªŒè¯è§’è‰²æ ‡è¯†', 'auth/role/check_code', 1, 1, 0, ''),
(15, 'auth', 12, 1, 'save', 'æ·»åŠ ç¼–è¾‘è§’è‰²', 'auth/role/save', 1, 1, 0, ''),
(16, 'auth', 12, 1, 'get_info', 'è·å–è§’è‰²ä¿¡æ¯', 'auth/role/get_info', 1, 1, 0, ''),
(17, 'auth', 4, 1, 'permission', 'æƒé™æ¨¡å—', 'auth/permission', 1, 1, 0, ''),
(18, 'auth', 17, 1, 'index', 'æƒé™èŠ‚ç‚¹æ ‘', 'auth/permission/index', 1, 1, 0, ''),
(19, 'auth', 17, 1, 'save', 'æ·»åŠ ç¼–è¾‘æƒé™èŠ‚ç‚¹', 'auth/permission/save', 1, 1, 0, ''),
(20, 'auth', 17, 1, 'delete', 'åˆ é™¤èŠ‚ç‚¹', 'auth/permission/delete', 1, 1, 0, ''),
(21, 'auth', 17, 1, 'get_info', 'è·å–èŠ‚ç‚¹ä¿¡æ¯', 'auth/permission/get_info', 1, 1, 0, ''),
(22, 'auth', 4, 1, 'profile', 'ä¸ªäººèµ„æ–™', 'auth/profile', 1, 0, 0, ''),
(23, 'auth', 22, 1, 'index', 'ä¸ªäººèµ„æ–™é¡µé¢', 'auth/profile/index', 1, 0, 0, ''),
(24, 'auth', 22, 1, 'check_oldpwd', 'éªŒè¯æ—§å¯†ç ', 'auth/profile/check_oldpwd', 1, 0, 0, ''),
(25, 'auth', 22, 1, 'password', 'é‡ç½®å¯†ç ', 'auth/profile/password', 1, 0, 0, ''),
(26, 'auth', 22, 1, 'save', 'ç¼–è¾‘ä¸ªäººèµ„æ–™', 'auth/profile/save', 1, 0, 0, ''),
(27, 'auth', 22, 1, 'avatar', 'ä¸Šä¼ å¤´åƒ', 'auth/profile/avatar', 1, 0, 0, ''),
(28, 'auth', 0, 1, 'setting', 'å‚æ•°è®¾ç½®', 'setting', 1, 1, 0, ''),
(29, 'auth', 28, 1, 'system', 'å¹³å°å‚æ•°', 'setting/system', 1, 1, 0, ''),
(30, 'auth', 29, 1, 'index', 'è¯»å–å¹³å°å‚æ•°', 'setting/system/index', 1, 1, 0, ''),
(31, 'auth', 29, 1, 'save', 'ç¼–è¾‘å‚æ•°', 'setting/system/save', 1, 1, 0, ''),
(32, 'auth', 28, 1, 'project', 'ä¸šåŠ¡å‚æ•°', 'setting/project', 1, 1, 0, ''),
(33, 'auth', 32, 1, 'index', 'è¯»å–ä¸šåŠ¡å‚æ•°', 'setting/project/index', 1, 1, 0, ''),
(34, 'auth', 32, 1, 'save', 'ç¼–è¾‘å‚æ•°', 'setting/project/save', 1, 1, 0, ''),
(35, 'auth', 32, 1, 'status_list', 'è¯»å–é¡¹ç›®çŠ¶æ€åˆ—è¡¨', 'setting/project/status_list', 1, 1, 0, ''),
(36, 'auth', 32, 1, 'save_status', 'ç¼–è¾‘é¡¹ç›®çŠ¶æ€', 'setting/project/save_status', 1, 1, 0, ''),
(37, 'auth', 32, 1, 'check_status', 'éªŒè¯é¡¹ç›®çŠ¶æ€æ ‡è¯†', 'setting/project/check_status', 1, 1, 0, ''),
(38, 'auth', 32, 1, 'get_status', 'è·å–é¡¹ç›®çŠ¶æ€ä¿¡æ¯', 'setting/project/get_status', 1, 1, 0, ''),
(39, 'auth', 28, 1, 'api', 'æ¥å£å‚æ•°', 'setting/api', 1, 1, 0, ''),
(40, 'auth', 39, 1, 'inde', 'è¯»å–æ¥å£å‚æ•°', 'setting/api/index', 1, 1, 0, ''),
(41, 'auth', 39, 1, 'save', 'ç¼–è¾‘å‚æ•°', 'setting/api/save', 1, 1, 0, ''),
(42, 'auth', 0, 1, 'article', 'æ–‡ç« ç®¡ç†', 'article', 1, 1, 0, ''),
(43, 'auth', 42, 1, 'category', 'æ–‡ç« åˆ†ç±»', 'article/category', 1, 1, 0, ''),
(44, 'auth', 43, 1, 'index', 'è¯»å–æ–‡ç« åˆ†ç±»åˆ—è¡¨', 'article/category/index', 1, 1, 0, ''),
(45, 'auth', 43, 1, 'save', 'æ·»åŠ ç¼–è¾‘æ–‡ç« åˆ†ç±»', 'article/category/save', 1, 1, 0, ''),
(46, 'auth', 43, 1, 'get_info', 'è·å–æ–‡ç« åˆ†ç±»ä¿¡æ¯', 'article/category/get_info', 1, 1, 0, ''),
(47, 'auth', 43, 1, 'check_code', 'éªŒè¯æ–‡ç« åˆ†ç±»æ ‡è¯†', 'article/category/check_code', 1, 1, 0, ''),
(48, 'auth', 42, 1, 'article', 'æ–‡ç« ç®¡ç†', 'article/article', 1, 1, 0, ''),
(49, 'auth', 48, 1, 'index', 'è¯»å–æ‰€æœ‰æ–‡ç« ', 'article/article/index', 1, 1, 0, ''),
(50, 'auth', 48, 1, 'form', 'åŠ è½½æ–‡ç« ç¼–è¾‘è¡¨å•', 'article/article/form', 1, 1, 0, ''),
(51, 'auth', 48, 1, 'save', 'æ·»åŠ ç¼–è¾‘æ–‡ç« ', 'article/article/save', 1, 1, 0, ''),
(52, 'auth', 48, 1, 'detail', 'æŸ¥çœ‹æ–‡ç« å†…å®¹', 'article/article/detail', 1, 0, 0, ''),
(53, 'auth', 0, 1, 'project', 'é¡¹ç›®ç®¡ç†', 'project', 1, 1, 0, ''),
(54, 'auth', 53, 1, 'investing', 'é’±ç”Ÿé‡‘', 'project/investing', 1, 1, 0, ''),
(55, 'auth', 54, 1, 'index', 'è¯»å–é’±ç”Ÿé‡‘é¡¹ç›®åˆ—è¡¨', 'project/investing/index', 1, 1, 0, ''),
(57, 'auth', 54, 1, 'applied', 'æ·»åŠ é¡¹ç›®', 'project/investing/booked', 1, 1, 0, ''),
(59, 'auth', 54, 1, 'checked', 'æ ¸å®é¡¹ç›®ä¿¡æ¯', 'project/investing/checked', 1, 1, 0, ''),
(61, 'auth', 54, 1, 'confirmed', 'åº“ç®¡ç¡®è®¤', 'project/investing/confirmed', 1, 1, 0, ''),
(63, 'auth', 54, 1, 'applied', 'ç”³è¯·å–é‡‘', 'project/investing/applied', 1, 1, 0, ''),
(64, 'auth', 54, 1, 'reset_locker', 'é‡Šæ”¾è¡¨å•é”', 'project/investing/reset_locker', 1, 0, 0, ''),
(65, 'auth', 54, 1, 'detail', 'é¡¹ç›®è¯¦æƒ…', 'project/investing/detail', 1, 1, 0, ''),
(67, 'auth', 54, 1, 'refused', 'é©³å›é¡¹ç›®', 'project/investing/refused', 1, 1, 0, ''),
(68, 'auth', 54, 1, 'trashed', 'åºŸå¼ƒé¡¹ç›®', 'project/investing/trashed', 1, 1, 0, ''),
(69, 'auth', 53, 1, 'recycling', 'é‡‘ç”Ÿé‡‘', 'project/recycling', 1, 1, 0, ''),
(70, 'auth', 69, 1, 'index', 'è¯»å–é¡¹ç›®åˆ—è¡¨', 'project/recycling/index', 1, 1, 0, ''),
(72, 'auth', 69, 1, 'booked', 'ç™»è®°é¡¹ç›®', 'project/recycling/booked', 1, 1, 0, ''),
(78, 'auth', 69, 1, 'checked', 'æ ¸å®é¡¹ç›®èµ„æ–™', 'project/recycling/checked', 1, 1, 0, ''),
(80, 'auth', 69, 3, 'terminated', 'ç»ˆæ­¢é¡¹ç›®', 'project/recycling/terminated', 1, 1, 0, ''),
(81, 'auth', 69, 3, 'reset_locker', 'é‡Šæ”¾è¡¨å•é”', 'project/recycling/reset_locker', 1, 0, 0, ''),
(82, 'auth', 69, 1, 'detail', 'é¡¹ç›®è¯¦æƒ…', 'project/recycling/detail', 1, 1, 0, ''),
(84, 'auth', 69, 1, 'refused', 'æ‹’ç»ç”³è¯·', 'project/recycling/refused', 1, 1, 0, ''),
(85, 'auth', 69, 1, 'trashed', 'åºŸå¼ƒé¡¹ç›®', 'project/recycling/trashed', 1, 1, 0, ''),
(87, 'auth', 69, 1, 'confirmed', 'åº“ç®¡ç¡®è®¤', 'project/recycling/confirmed', 1, 1, 0, ''),
(88, 'auth', 0, 1, 'dashboard', 'é¦–é¡µ', '', 1, 0, 0, NULL),
(89, 'auth', 88, 1, 'home', 'æ§åˆ¶é¢æ¿', 'home/index', 1, 0, 0, NULL),
(90, 'auth', 0, 1, 'error', 'é”™è¯¯æç¤º', '', 1, 0, 0, NULL),
(91, 'auth', 90, 1, 'permission', 'æ— æ­¤æˆæƒ', 'error/permission', 1, 0, 0, NULL),
(92, 'auth', 90, 1, 'permission', 'æ— æ­¤æˆæƒ', 'error/permission/index', 1, 0, 0, NULL),
(93, 'auth', 54, 1, 'update', 'ç¼–è¾‘é¡¹ç›®', 'project/investing/update', 1, 1, 0, ''),
(94, 'auth', 54, 1, 'terminated', 'ç»ˆæ­¢é¡¹ç›®', 'project/investing/terminated', 1, 1, 0, ''),
(96, 'auth', 54, 1, 'cancle', 'å–æ¶ˆç”³è¯·æé‡‘', 'project/investing/cancle', 1, 1, 0, ''),
(98, 'auth', 1, 1, 'filemanager', 'æ–‡ä»¶ç®¡ç†', 'tool/filemanager', 1, 0, 0, ''),
(100, 'auth', 98, 1, 'upload', 'ä¸Šä¼ æ–‡ä»¶', 'tool/filemanager/upload', 1, 0, 0, ''),
(101, 'auth', 98, 1, 'download', 'ä¸‹è½½æ–‡ä»¶', 'tool/filemanager/download', 1, 0, 0, ''),
(102, 'auth', 5, 1, 'autocomplete', 'è‡ªåŠ¨åŒ¹é…', 'auth/worker/autocomplete', 1, 0, 0, ''),
(103, 'auth', 69, 1, 'update', 'ç¼–è¾‘é¡¹ç›®', 'project/recycling/update', 1, 1, 0, ''),
(104, 'auth', 53, 1, 'customer', 'å®¢æˆ·ç®¡ç†', 'project/customer', 1, 1, 0, ''),
(105, 'auth', 104, 1, 'index', 'æŸ¥çœ‹å®¢æˆ·åˆ—è¡¨', 'project/customer/index', 1, 1, 0, ''),
(106, 'auth', 104, 1, 'update', 'æ›´æ–°å®¢æˆ·èµ„æ–™', 'project/customer/update', 1, 1, 0, ''),
(107, 'auth', 104, 1, 'projects', 'æŸ¥çœ‹å®¢æˆ·é¡¹ç›®æ˜ç»†', 'project/customer/projects', 1, 1, 0, ''),
(108, 'auth', 104, 1, 'autocomplete', 'è‡ªåŠ¨åŒ¹é…å®¢æˆ·èµ„æ–™', 'project/customer/autocomplete', 1, 0, 0, ''),
(109, 'auth', 104, 1, 'applied', 'å®¢æˆ·æé‡‘', 'project/customer/applied', 1, 1, 0, ''),
(110, 'auth', 104, 1, 'order', 'é—¨åº—æ¶ˆè´¹ç”³è¯·', 'project/customer/order', 1, 1, 0, ''),
(111, 'auth', 104, 1, 'taken', 'ç¡®è®¤ç”³è¯·æé‡‘æˆ–æ¶ˆè´¹', 'project/customer/taken', 1, 1, 0, ''),
(112, 'auth', 104, 1, 'cancle', 'å–æ¶ˆå®¢æˆ·æé‡‘ç”³è¯·', 'project/customer/cancle', 1, 1, 0, ''),
(113, 'auth', 53, 1, 'trash', 'å›æ”¶ç«™', 'project/trash', 1, 1, 0, ''),
(114, 'auth', 113, 1, 'index', 'è¯»å–å›æ”¶ç«™åˆ—è¡¨', 'project/trash/index', 1, 1, 0, ''),
(115, 'auth', 113, 1, 'restore', 'è¿˜åŸ', 'project/trash/restore', 1, 1, 0, ''),
(116, 'auth', 113, 1, 'remove', 'åˆ é™¤', 'project/trash/remove', 1, 1, 0, ''),
(117, 'auth', 53, 1, 'stock', 'åº“å­˜ç®¡ç†', 'project/stock', 1, 1, 0, ''),
(118, 'auth', 117, 1, 'inde', 'è¯»å–åº“å­˜åˆ—è¡¨', 'project/stock/index', 1, 1, 0, ''),
(119, 'auth', 117, 1, 'storage', 'æ·»åŠ é»„é‡‘å…¥åº“è®°å½•', 'project/stock/storage', 1, 1, 0, '');

-- --------------------------------------------------------

--
-- è¡¨çš„ç»“æ„ `gd_project_file`
--

CREATE TABLE IF NOT EXISTS `gd_project_file` (
  `file_id` int(11) NOT NULL AUTO_INCREMENT,
  `project_sn` char(18) COLLATE utf8_unicode_ci NOT NULL DEFAULT '0',
  `mode` enum('investing','recycling') COLLATE utf8_unicode_ci NOT NULL DEFAULT 'recycling',
  `dir` enum('photo','invoice','report','privacy') COLLATE utf8_unicode_ci NOT NULL DEFAULT 'photo',
  `file` text COLLATE utf8_unicode_ci NOT NULL,
  `status` tinyint(1) NOT NULL DEFAULT '1',
  `worker_id` int(11) NOT NULL DEFAULT '0',
  `addtime` int(11) NOT NULL DEFAULT '0',
  PRIMARY KEY (`file_id`)
) ENGINE=InnoDB  DEFAULT CHARSET=utf8 COLLATE=utf8_unicode_ci AUTO_INCREMENT=27 ;

--
-- è½¬å­˜è¡¨ä¸­çš„æ•°æ® `gd_project_file`
--

INSERT INTO `gd_project_file` (`file_id`, `project_sn`, `mode`, `dir`, `file`, `status`, `worker_id`, `addtime`) VALUES
(1, '1', 'recycling', 'photo', '[{"name":"avatar4.png","path":"public\\/uploads\\/2016\\/08\\/31203115d185f7.png"}]', 1, 5, 1472646761),
(2, '1', 'recycling', 'invoice', '[{"name":"user6-128x128.jpg","path":"public\\/uploads\\/2016\\/08\\/31203118c7fc97.jpg"}]', 1, 5, 1472646761),
(3, '1', 'recycling', 'report', '[{"name":"29155021142d12.txt","path":"public\\/uploads\\/2016\\/08\\/31203123ae62a7.txt"}]', 1, 5, 1472646761),
(4, '1', 'recycling', 'privacy', '[{"name":"29155000ed424f.txt","path":"public\\/uploads\\/2016\\/08\\/312031262cc9db.txt"}]', 1, 5, 1472646761),
(5, '2', 'recycling', 'photo', '[{"name":"avatar3.png","path":"public\\/uploads\\/2016\\/08\\/31214317c8c0dc.png"}]', 1, 5, 1472651087),
(6, '2', 'recycling', 'invoice', '[{"name":"avatar.png","path":"public\\/uploads\\/2016\\/08\\/312143200a466f.png"}]', 1, 5, 1472651087),
(7, '2', 'recycling', 'report', '[{"name":"29155021142d12.txt","path":"public\\/uploads\\/2016\\/08\\/31214323195807.txt"}]', 1, 5, 1472651087),
(8, '2', 'recycling', 'privacy', '[{"name":"29155000ed424f.txt","path":"public\\/uploads\\/2016\\/08\\/312143279a52de.txt"}]', 1, 5, 1472651087),
(9, '3', 'recycling', 'photo', '[{"name":"user4-128x128.jpg","path":"public\\/uploads\\/2016\\/09\\/01001016417a7f.jpg"}]', 1, 5, 1472659852),
(10, '3', 'recycling', 'invoice', '[{"name":"user6-128x128.jpg","path":"public\\/uploads\\/2016\\/09\\/01001020a27ded.jpg"}]', 1, 5, 1472659852),
(11, '3', 'recycling', 'privacy', '[{"name":"29155021142d12.txt","path":"public\\/uploads\\/2016\\/09\\/01001045283236.txt"}]', 1, 5, 1472659852),
(12, 'GM1609011461040439', 'investing', 'privacy', '[{"name":"29155021142d12.txt","path":"public\\/uploads\\/2016\\/09\\/01100435f5640a.txt"}]', 1, 5, 1472695479),
(13, 'GM1609013171352349', 'investing', 'privacy', '[{"name":"29155000ed424f.txt","path":"public\\/uploads\\/2016\\/09\\/0113232940fc8a.txt"}]', 1, 5, 1472707429),
(14, 'GR1609011121322704', 'recycling', 'photo', '[{"name":"avatar.png","path":"public\\/uploads\\/2016\\/09\\/01132612e8d8d3.png"}]', 1, 5, 1472707624),
(15, 'GR1609011121322704', 'recycling', 'invoice', '[{"name":"user6-128x128.jpg","path":"public\\/uploads\\/2016\\/09\\/01132614c2eeca.jpg"}]', 1, 5, 1472707624),
(16, 'GR1609011121322704', 'recycling', 'report', '[{"name":"29155000ed424f.txt","path":"public\\/uploads\\/2016\\/09\\/011326467224f4.txt"}]', 1, 5, 1472707624),
(17, 'GR1609011121322704', 'recycling', 'privacy', '[{"name":"29155021142d12.txt","path":"public\\/uploads\\/2016\\/09\\/0113264493c326.txt"}]', 1, 5, 1472707624),
(18, 'GR1609049592224441', 'recycling', 'privacy', '[{"name":"user2-160x160.jpg","path":"public\\/uploads\\/2016\\/09\\/04224429f8a769.jpg"}]', 1, 5, 1473000281),
(19, 'GM1609055931733042', 'investing', 'privacy', '[{"name":"avatar.png","path":"public\\/uploads\\/2016\\/09\\/0517303749c9ee.png"}]', 1, 5, 1473067842),
(20, 'GM1609056201833953', 'investing', 'privacy', '[{"name":"user6-128x128.jpg","path":"public\\/uploads\\/2016\\/09\\/0518394375db4a.jpg"}]', 1, 5, 1473071993),
(21, 'GR1609069731685843', 'recycling', 'photo', '[{"name":"user7-128x128.jpg","path":"public\\/uploads\\/2016\\/09\\/06165734c21572.jpg"}]', 1, 5, 1473152323),
(22, 'GR1609069731685843', 'recycling', 'invoice', '[{"name":"user8-128x128.jpg","path":"public\\/uploads\\/2016\\/09\\/06165813d5dfca.jpg"}]', 1, 5, 1473152323),
(25, 'GR1609062941713226', 'recycling', 'photo', '[{"name":"user7-128x128.jpg","path":"public\\/uploads\\/2016\\/09\\/06173248297d0f.jpg"}]', 1, 5, 1473154423),
(26, 'GR1609062941713226', 'recycling', 'report', '[{"name":"29155021142d12.txt","path":"public\\/uploads\\/2016\\/09\\/06173252cba3c7.txt"}]', 1, 5, 1473154423);

-- --------------------------------------------------------

--
-- è¡¨çš„ç»“æ„ `gd_project_investing`
--

CREATE TABLE IF NOT EXISTS `gd_project_investing` (
  `project_id` int(11) NOT NULL AUTO_INCREMENT,
  `project_sn` char(18) COLLATE utf8_unicode_ci NOT NULL,
  `status_id` tinyint(4) NOT NULL DEFAULT '0',
  `customer_id` int(11) NOT NULL DEFAULT '0',
  `referrer_id` int(11) DEFAULT '0',
  `price` decimal(6,2) NOT NULL DEFAULT '0.00',
  `weight` decimal(11,2) NOT NULL DEFAULT '0.00',
  `amount` decimal(11,2) NOT NULL DEFAULT '0.00',
  `start` date DEFAULT NULL,
  `note` text COLLATE utf8_unicode_ci,
  `is_del` tinyint(1) NOT NULL DEFAULT '0',
  `transferrer` int(11) NOT NULL DEFAULT '0',
  `worker_id` int(11) NOT NULL DEFAULT '0',
  `addtime` int(11) NOT NULL DEFAULT '0',
  `lasttime` int(11) NOT NULL DEFAULT '0',
  `locker_id` int(11) NOT NULL DEFAULT '0',
  PRIMARY KEY (`project_id`)
) ENGINE=InnoDB  DEFAULT CHARSET=utf8 COLLATE=utf8_unicode_ci AUTO_INCREMENT=7 ;

--
-- è½¬å­˜è¡¨ä¸­çš„æ•°æ® `gd_project_investing`
--

INSERT INTO `gd_project_investing` (`project_id`, `project_sn`, `status_id`, `customer_id`, `referrer_id`, `price`, `weight`, `amount`, `start`, `note`, `is_del`, `transferrer`, `worker_id`, `addtime`, `lasttime`, `locker_id`) VALUES
(1, 'GM1609016370915225', 6, 6, 12, '266.16', '10.00', '2661.60', '2016-09-01', 'ç¬¬ä¸‰æ‰“ç®—çš„æ’’çš„æ’’å•Šå®æ‰“å®', 1, 0, 3, 1472694745, 1472707008, 0),
(3, 'GM1609011461040439', 6, 3, 0, '282.49', '15.00', '4237.35', '2016-09-01', 'ä¸‹è‡ªæˆè¹Šæ”¿ç­–æ€§æ”¯æŒä¸‹è‡ªæˆè¹Š', 1, 0, 3, 1472695479, 1472706778, 0),
(4, 'GM1609013171352349', 4, 9, 12, '282.25', '1000.00', '282250.00', '2016-09-01', 'åº“å­˜å·²ç¡®è®¤æ ‡è®°ï¼Œè‡ªåŠ¨æ¨è¿›åˆ°æ­£åœ¨å¢å€¼', 0, 0, 7, 1472707429, 1472707533, 0),
(5, 'GM1609055931733042', 4, 10, 0, '285.39', '20.00', '5707.80', '2016-09-05', 'åº“å­˜å·²ç¡®è®¤æ ‡è®°ï¼Œè‡ªåŠ¨æ¨è¿›åˆ°æ­£åœ¨å¢å€¼', 0, 11, 7, 1473067842, 1473068754, 0),
(6, 'GM1609056201833953', 1, 7, 12, '285.39', '50.00', '14269.50', NULL, '13212312', 0, 3, 5, 1473071993, 1473071993, 0);

-- --------------------------------------------------------

--
-- è¡¨çš„ç»“æ„ `gd_project_investing_history`
--

CREATE TABLE IF NOT EXISTS `gd_project_investing_history` (
  `history_id` int(11) NOT NULL AUTO_INCREMENT,
  `project_id` int(11) NOT NULL DEFAULT '0',
  `status_id` int(11) NOT NULL DEFAULT '0',
  `note` text COLLATE utf8_unicode_ci NOT NULL,
  `request` text COLLATE utf8_unicode_ci,
  `worker_id` int(11) NOT NULL DEFAULT '0',
  `addtime` int(11) NOT NULL DEFAULT '0',
  `ip` char(15) COLLATE utf8_unicode_ci DEFAULT NULL,
  PRIMARY KEY (`history_id`)
) ENGINE=InnoDB  DEFAULT CHARSET=utf8 COLLATE=utf8_unicode_ci AUTO_INCREMENT=26 ;

--
-- è½¬å­˜è¡¨ä¸­çš„æ•°æ® `gd_project_investing_history`
--

INSERT INTO `gd_project_investing_history` (`history_id`, `project_id`, `status_id`, `note`, `request`, `worker_id`, `addtime`, `ip`) VALUES
(1, 1, 1, 'æ’’çš„æ’’æ‰“ç®—', '', 5, 1472694745, '127.0.0.1'),
(2, 3, 1, 'é˜¿æ–¯é¡¿æ’’æ—¦æ’’å¤§', '', 5, 1472695479, '127.0.0.1'),
(3, 3, 1, 'é˜¿æ–¯é¡¿æ’’æ—¦æ’’å¤§sadasdas', '', 5, 1472697695, '127.0.0.1'),
(4, 3, 2, 'å•¥çš„æ’’æ‰“ç®—çš„æ’’', 'array (\n  ''amount'' =&gt; ''4237.35'',\n  ''_amount'' =&gt; ''4237.35'',\n  ''phone'' =&gt; ''18959506595'',\n  ''_phone'' =&gt; ''18959506595'',\n)', 3, 1472701465, '127.0.0.1'),
(5, 1, 2, 'æ’’æ—¦æ’’æ—¦æ’’çš„æ’’', 'array (\n  ''amount'' =&gt; ''2661.60'',\n  ''_amount'' =&gt; ''2661.60'',\n  ''phone'' =&gt; ''18959596767'',\n  ''_phone'' =&gt; ''18959596767'',\n)', 3, 1472701716, '127.0.0.1'),
(6, 1, 6, 'ç¬¬ä¸‰æ‰“ç®—çš„æ’’çš„æ’’å•Šå®æ‰“å®', '', 3, 1472701800, '127.0.0.1'),
(7, 3, 5, 'å•¥çš„æ’’æ‰“ç®—çš„æ’’å¤§å”æ’’çš„æ’’çš„', '', 3, 1472701945, '127.0.0.1'),
(8, 3, 1, 'å•¥çš„æ’’æ‰“ç®—çš„æ’’å¤§å”æ’’çš„æ’’çš„', '', 5, 1472702003, '127.0.0.1'),
(9, 3, 2, 'èƒœå¤šè´Ÿå°‘å¤šç¦å¤šå¯¿427', 'array (\n  ''amount'' =&gt; ''4237.35'',\n  ''_amount'' =&gt; ''4237.35'',\n  ''phone'' =&gt; ''18959506595'',\n  ''_phone'' =&gt; ''18959506595'',\n)', 3, 1472702111, '127.0.0.1'),
(10, 3, 3, 'sadsadsadsadsa ', 'array (\n  ''weight'' =&gt; ''15.00'',\n  ''_weight'' =&gt; ''15.00'',\n  ''phone'' =&gt; ''18959506595'',\n  ''_phone'' =&gt; ''18959506595'',\n)', 7, 1472704915, '127.0.0.1'),
(11, 3, 4, 'åº“å­˜å·²ç¡®è®¤æ ‡è®°ï¼Œè‡ªåŠ¨æ¨è¿›åˆ°æ­£åœ¨å¢å€¼', '', 7, 1472704915, '127.0.0.1'),
(13, 3, 6, 'ä¸‹è‡ªæˆè¹Šæ”¿ç­–æ€§æ”¯æŒä¸‹è‡ªæˆè¹Š', '', 3, 1472706778, '127.0.0.1'),
(14, 4, 1, 'å¤§åœŸè±ª', '', 5, 1472707429, '127.0.0.1'),
(15, 4, 2, 'å°±å¥½çš„', 'array (\n  ''amount'' =&gt; ''282250.00'',\n  ''_amount'' =&gt; ''282250.00'',\n  ''phone'' =&gt; ''13813800138'',\n  ''_phone'' =&gt; ''13813800138'',\n)', 3, 1472707480, '127.0.0.1'),
(16, 4, 3, 'æˆ‘ä¹ŸOKå•Š', 'array (\n  ''weight'' =&gt; ''1000.00'',\n  ''_weight'' =&gt; ''1000.00'',\n  ''phone'' =&gt; ''13813800138'',\n  ''_phone'' =&gt; ''13813800138'',\n)', 7, 1472707533, '127.0.0.1'),
(17, 4, 4, 'åº“å­˜å·²ç¡®è®¤æ ‡è®°ï¼Œè‡ªåŠ¨æ¨è¿›åˆ°æ­£åœ¨å¢å€¼', '', 7, 1472707533, '127.0.0.1'),
(18, 5, 1, 'asdsadsadsa', '', 5, 1473067842, '127.0.0.1'),
(19, 5, 1, 'asdsadsadsa', '', 5, 1473068270, '127.0.0.1'),
(20, 5, 1, 'asdsadsadsa', '', 5, 1473068312, '127.0.0.1'),
(21, 5, 1, 'asdsadsadsa', '', 5, 1473068344, '127.0.0.1'),
(22, 5, 2, 'sdsadsadsa', 'array (\n  ''amount'' =&gt; ''5707.80'',\n  ''_amount'' =&gt; ''5707.80'',\n  ''phone'' =&gt; ''13606660888'',\n  ''_phone'' =&gt; ''13606660888'',\n)', 3, 1473068692, '127.0.0.1'),
(23, 5, 3, 'tertretret', 'array (\n  ''weight'' =&gt; ''20.00'',\n  ''_weight'' =&gt; ''20.00'',\n  ''phone'' =&gt; ''13606660888'',\n  ''_phone'' =&gt; ''13606660888'',\n)', 7, 1473068754, '127.0.0.1'),
(24, 5, 4, 'åº“å­˜å·²ç¡®è®¤æ ‡è®°ï¼Œè‡ªåŠ¨æ¨è¿›åˆ°æ­£åœ¨å¢å€¼', '', 7, 1473068754, '127.0.0.1'),
(25, 6, 1, '13212312', '', 5, 1473071993, '127.0.0.1');

-- --------------------------------------------------------

--
-- è¡¨çš„ç»“æ„ `gd_project_investing_status`
--

CREATE TABLE IF NOT EXISTS `gd_project_investing_status` (
  `status_id` int(11) NOT NULL AUTO_INCREMENT,
  `title` varchar(64) COLLATE utf8_unicode_ci NOT NULL,
  `code` varchar(32) COLLATE utf8_unicode_ci NOT NULL,
  `list_label` varchar(256) COLLATE utf8_unicode_ci DEFAULT NULL,
  `note` varchar(128) COLLATE utf8_unicode_ci NOT NULL,
  `status` tinyint(1) NOT NULL DEFAULT '1',
  PRIMARY KEY (`status_id`)
) ENGINE=InnoDB  DEFAULT CHARSET=utf8 COLLATE=utf8_unicode_ci AUTO_INCREMENT=7 ;

--
-- è½¬å­˜è¡¨ä¸­çš„æ•°æ® `gd_project_investing_status`
--

INSERT INTO `gd_project_investing_status` (`status_id`, `title`, `code`, `list_label`, `note`, `status`) VALUES
(1, 'å·²ç™»è®°', 'booked', NULL, 'ç™»è®°å®¢æˆ·ä¹°é‡‘ä¿¡æ¯', 1),
(2, 'å·²æ ¸å®', 'checked', NULL, 'ä¸Šçº§ä¸»ç®¡æ ¸å¯¹å®¢æˆ·ä¿¡æ¯ã€é»„é‡‘ä¹°å…¥ä¿¡æ¯', 1),
(3, 'å·²ç¡®è®¤', 'confirmed', NULL, 'åº“ç®¡ç¡®è®¤å¹¶æ ‡è®°', 1),
(4, 'å¢é•¿ä¸­', 'growing', NULL, 'ç”Ÿé‡‘å¢å€¼', 1),
(5, 'å·²é©³å›', 'refused', NULL, 'å®¢æˆ·ä¿¡æ¯ç­‰é—®é¢˜é€ æˆ', 1),
(6, 'å·²ç»ˆæ­¢', 'terminated', NULL, 'æå‰ç»ˆæ­¢é¡¹ç›®', 1);

-- --------------------------------------------------------

--
-- è¡¨çš„ç»“æ„ `gd_project_recycling`
--

CREATE TABLE IF NOT EXISTS `gd_project_recycling` (
  `project_id` int(11) NOT NULL AUTO_INCREMENT,
  `project_sn` char(18) COLLATE utf8_unicode_ci NOT NULL,
  `status_id` tinyint(4) NOT NULL DEFAULT '0',
  `customer_id` int(11) NOT NULL DEFAULT '0',
  `referrer_id` int(11) NOT NULL DEFAULT '0',
  `price` decimal(6,2) NOT NULL DEFAULT '0.00',
  `origin_weight` decimal(9,2) NOT NULL DEFAULT '0.00',
  `weight` decimal(9,2) NOT NULL DEFAULT '0.00',
  `number` tinyint(4) NOT NULL DEFAULT '0',
  `type` enum('ornaments','goldbar','other') COLLATE utf8_unicode_ci DEFAULT 'ornaments',
  `appraiser_id` int(11) NOT NULL DEFAULT '0',
  `loss` decimal(5,2) NOT NULL DEFAULT '0.00',
  `start` date DEFAULT NULL,
  `note` text COLLATE utf8_unicode_ci,
  `is_del` tinyint(1) NOT NULL DEFAULT '0',
  `worker_id` int(11) NOT NULL DEFAULT '0',
  `transferrer` varchar(256) COLLATE utf8_unicode_ci DEFAULT NULL,
  `addtime` int(11) NOT NULL DEFAULT '0',
  `lasttime` int(11) NOT NULL DEFAULT '0',
  `locker_id` int(11) NOT NULL DEFAULT '0',
  PRIMARY KEY (`project_id`)
) ENGINE=InnoDB  DEFAULT CHARSET=utf8 COLLATE=utf8_unicode_ci AUTO_INCREMENT=9 ;

--
-- è½¬å­˜è¡¨ä¸­çš„æ•°æ® `gd_project_recycling`
--

INSERT INTO `gd_project_recycling` (`project_id`, `project_sn`, `status_id`, `customer_id`, `referrer_id`, `price`, `origin_weight`, `weight`, `number`, `type`, `appraiser_id`, `loss`, `start`, `note`, `is_del`, `worker_id`, `transferrer`, `addtime`, `lasttime`, `locker_id`) VALUES
(1, 'GR1608315162053241', 6, 8, 12, '283.16', '22.00', '20.00', 2, 'ornaments', 9, '6.00', NULL, '231243242432', 1, 3, NULL, 1472646761, 1472653784, 0),
(2, 'GR1608319242154447', 6, 7, 0, '283.16', '33.00', '31.00', 3, 'ornaments', 9, '7.00', NULL, 'sawewqrewtretetre', 1, 3, NULL, 1472651087, 1472653349, 0),
(3, 'GR1609018170081051', 4, 8, 12, '282.30', '12.00', '11.00', 1, 'ornaments', 9, '8.00', NULL, 'åº“å­˜å·²ç¡®è®¤æ ‡è®°ï¼Œè‡ªåŠ¨æ¨è¿›åˆ°æ­£åœ¨å¢å€¼', 0, 7, NULL, 1472659851, 1472660062, 0),
(4, 'GR1609011121322704', 4, 9, 12, '282.25', '55.00', '52.00', 1, 'goldbar', 10, '6.00', '2016-09-01', 'åº“å­˜å·²ç¡®è®¤æ ‡è®°ï¼Œè‡ªåŠ¨æ¨è¿›åˆ°æ­£åœ¨å¢å€¼', 0, 7, NULL, 1472707624, 1472707775, 0),
(5, 'GR1609049592224441', 4, 6, 12, '284.31', '12.00', '11.00', 1, 'ornaments', 9, '9.00', '2016-09-04', 'åº“å­˜å·²ç¡®è®¤æ ‡è®°ï¼Œè‡ªåŠ¨æ¨è¿›åˆ°æ­£åœ¨å¢å€¼', 0, 7, '11', 1473000281, 1473064798, 0),
(6, 'GR1609053831781829', 2, 10, 12, '285.39', '50.00', '49.99', 1, 'ornaments', 9, '2.00', '2016-09-05', '', 0, 3, '3', 1473067109, 1473134384, 0),
(7, 'GR1609069731685843', 4, 6, 12, '286.30', '100.00', '98.00', 2, 'goldbar', 9, '2.00', '2016-09-06', 'åº“å­˜å·²ç¡®è®¤æ ‡è®°ï¼Œè‡ªåŠ¨æ¨è¿›åˆ°æ­£åœ¨å¢å€¼', 0, 8, '8', 1473152323, 1473153442, 0),
(8, 'GR1609062941713226', 4, 4, 2, '286.30', '56.00', '55.00', 2, 'ornaments', 11, '0.90', '2016-09-06', 'åº“å­˜å·²ç¡®è®¤æ ‡è®°ï¼Œè‡ªåŠ¨æ¨è¿›åˆ°æ­£åœ¨å¢å€¼', 0, 7, '3', 1473154346, 1473155250, 0);

-- --------------------------------------------------------

--
-- è¡¨çš„ç»“æ„ `gd_project_recycling_history`
--

CREATE TABLE IF NOT EXISTS `gd_project_recycling_history` (
  `history_id` int(11) NOT NULL AUTO_INCREMENT,
  `project_id` int(11) NOT NULL DEFAULT '0',
  `status_id` int(11) NOT NULL DEFAULT '0',
  `note` text COLLATE utf8_unicode_ci NOT NULL,
  `request` text COLLATE utf8_unicode_ci,
  `worker_id` int(11) NOT NULL DEFAULT '0',
  `addtime` int(11) NOT NULL DEFAULT '0',
  `ip` char(15) COLLATE utf8_unicode_ci DEFAULT NULL,
  PRIMARY KEY (`history_id`)
) ENGINE=InnoDB  DEFAULT CHARSET=utf8 COLLATE=utf8_unicode_ci AUTO_INCREMENT=47 ;

--
-- è½¬å­˜è¡¨ä¸­çš„æ•°æ® `gd_project_recycling_history`
--

INSERT INTO `gd_project_recycling_history` (`history_id`, `project_id`, `status_id`, `note`, `request`, `worker_id`, `addtime`, `ip`) VALUES
(1, 1, 1, 'asdsadasdasdadsa', '', 5, 1472646761, '127.0.0.1'),
(2, 1, 2, '', 'array (\n  ''weight'' =&gt; ''20.00'',\n  ''_weight'' =&gt; ''20.00'',\n  ''phone'' =&gt; ''18808800990'',\n  ''_phone'' =&gt; ''18808800990'',\n)', 3, 1472646926, '127.0.0.1'),
(3, 1, 3, 'è¿›åº“å­˜äº†å¦¥å¦¥çš„', 'array (\n  ''weight'' =&gt; ''20.00'',\n  ''_weight'' =&gt; ''20.00'',\n  ''phone'' =&gt; ''18808800990'',\n  ''_phone'' =&gt; ''18808800990'',\n)', 7, 1472648191, '127.0.0.1'),
(4, 1, 4, 'åº“å­˜å·²ç¡®è®¤æ ‡è®°ï¼Œè‡ªåŠ¨æ¨è¿›åˆ°æ­£åœ¨å¢å€¼', '', 7, 1472648192, '127.0.0.1'),
(5, 2, 1, 'æˆ‘å»é¢ä¸ºä¼é¹…æˆ‘å»', '', 5, 1472651087, '127.0.0.1'),
(6, 2, 2, '', 'array (\n  ''weight'' =&gt; ''31.00'',\n  ''_weight'' =&gt; ''31.00'',\n  ''phone'' =&gt; ''13113213313'',\n  ''_phone'' =&gt; ''13113213313'',\n)', 3, 1472651230, '127.0.0.1'),
(7, 2, 3, 'æŒ‰æ—¶æ‰“ç®—', 'array (\n  ''weight'' =&gt; ''31.00'',\n  ''_weight'' =&gt; ''31.00'',\n  ''phone'' =&gt; ''13113213313'',\n  ''_phone'' =&gt; ''13113213313'',\n)', 7, 1472651289, '127.0.0.1'),
(8, 2, 4, 'åº“å­˜å·²ç¡®è®¤æ ‡è®°ï¼Œè‡ªåŠ¨æ¨è¿›åˆ°æ­£åœ¨å¢å€¼', '', 7, 1472651289, '127.0.0.1'),
(9, 2, 6, 'sawewqrewtretetre', '', 3, 1472653349, '127.0.0.1'),
(10, 1, 6, '231243242432', '', 3, 1472653784, '127.0.0.1'),
(11, 3, 1, 'çš„æ’’çš„æ’’çš„æ’’', '', 5, 1472659852, '127.0.0.1'),
(12, 3, 2, '', 'array (\n  ''weight'' =&gt; ''11.00'',\n  ''_weight'' =&gt; ''11.00'',\n  ''phone'' =&gt; ''18808800990'',\n  ''_phone'' =&gt; ''18808800990'',\n)', 3, 1472659928, '127.0.0.1'),
(14, 3, 3, 'æ’’çš„æ’’', 'array (\n  ''weight'' =&gt; ''11.00'',\n  ''_weight'' =&gt; ''11.00'',\n  ''phone'' =&gt; ''18808800990'',\n  ''_phone'' =&gt; ''18808800990'',\n)', 7, 1472660062, '127.0.0.1'),
(15, 3, 4, 'åº“å­˜å·²ç¡®è®¤æ ‡è®°ï¼Œè‡ªåŠ¨æ¨è¿›åˆ°æ­£åœ¨å¢å€¼', '', 7, 1472660062, '127.0.0.1'),
(16, 4, 1, 'æœ‰é’±çš„å¤§ä½¬', '', 5, 1472707624, '127.0.0.1'),
(17, 4, 2, 'æœ‰èšå®ç›†å“', 'array (\n  ''weight'' =&gt; ''52.00'',\n  ''_weight'' =&gt; ''52.00'',\n  ''phone'' =&gt; ''13813800138'',\n  ''_phone'' =&gt; ''13813800138'',\n)', 3, 1472707662, '127.0.0.1'),
(18, 4, 3, 'å·äº†ä»–çš„èšå®ç›†', 'array (\n  ''weight'' =&gt; ''52.00'',\n  ''_weight'' =&gt; ''52.00'',\n  ''phone'' =&gt; ''13813800138'',\n  ''_phone'' =&gt; ''13813800138'',\n)', 7, 1472707775, '127.0.0.1'),
(19, 4, 4, 'åº“å­˜å·²ç¡®è®¤æ ‡è®°ï¼Œè‡ªåŠ¨æ¨è¿›åˆ°æ­£åœ¨å¢å€¼', '', 7, 1472707775, '127.0.0.1'),
(20, 5, 1, 'qweqweqwewq', '', 5, 1473000281, '127.0.0.1'),
(21, 5, 2, 'sadsads', 'array (\n  ''weight'' =&gt; ''11.00'',\n  ''_weight'' =&gt; ''11.00'',\n  ''phone'' =&gt; ''18959596767'',\n  ''_phone'' =&gt; ''18959596767'',\n)', 3, 1473064734, '127.0.0.1'),
(22, 5, 3, 'asdsadsad', 'array (\n  ''weight'' =&gt; ''11.00'',\n  ''_weight'' =&gt; ''11.00'',\n  ''phone'' =&gt; ''18959596767'',\n  ''_phone'' =&gt; ''18959596767'',\n)', 7, 1473064798, '127.0.0.1'),
(23, 5, 4, 'åº“å­˜å·²ç¡®è®¤æ ‡è®°ï¼Œè‡ªåŠ¨æ¨è¿›åˆ°æ­£åœ¨å¢å€¼', '', 7, 1473064798, '127.0.0.1'),
(24, 6, 1, '324324423432', '', 5, 1473067109, '127.0.0.1'),
(25, 6, 1, '324324423432', '', 5, 1473083447, '127.0.0.1'),
(26, 6, 2, '', 'array (\n  ''weight'' =&gt; ''49.99'',\n  ''_weight'' =&gt; ''49.99'',\n  ''phone'' =&gt; ''13606660888'',\n  ''_phone'' =&gt; ''13606660888'',\n)', 3, 1473134384, '127.0.0.1'),
(27, 7, 1, 'qweqweqw', '', 5, 1473152323, '127.0.0.1'),
(28, 7, 2, '', 'array (\n  ''weight'' =&gt; ''98.00'',\n  ''_weight'' =&gt; ''98.00'',\n  ''phone'' =&gt; ''18959596767'',\n  ''_phone'' =&gt; ''18959596767'',\n)', 3, 1473152492, '127.0.0.1'),
(29, 7, 3, 'sasdasdsad', 'array (\n  ''weight'' =&gt; ''98.00'',\n  ''_weight'' =&gt; ''98.00'',\n  ''phone'' =&gt; ''18959596767'',\n  ''_phone'' =&gt; ''18959596767'',\n)', 8, 1473153442, '127.0.0.1'),
(30, 7, 4, 'åº“å­˜å·²ç¡®è®¤æ ‡è®°ï¼Œè‡ªåŠ¨æ¨è¿›åˆ°æ­£åœ¨å¢å€¼', '', 8, 1473153442, '127.0.0.1'),
(31, 8, 1, '', '', 5, 1473154346, '127.0.0.1'),
(32, 8, 1, '', '', 5, 1473154375, '127.0.0.1'),
(33, 8, 1, '', '', 5, 1473154423, '127.0.0.1'),
(34, 8, 2, 'dsadsa', 'array (\n  ''weight'' =&gt; ''55.00'',\n  ''_weight'' =&gt; ''55.00'',\n  ''phone'' =&gt; ''18850219878'',\n  ''_phone'' =&gt; ''18850219878'',\n)', 3, 1473154517, '127.0.0.1'),
(35, 8, 3, 'sadasdasdasdsa', 'array (\n  ''weight'' =&gt; ''55.00'',\n  ''_weight'' =&gt; ''55.00'',\n  ''phone'' =&gt; ''18850219878'',\n  ''_phone'' =&gt; ''18850219878'',\n)', 7, 1473154570, '127.0.0.1'),
(36, 8, 4, 'åº“å­˜å·²ç¡®è®¤æ ‡è®°ï¼Œè‡ªåŠ¨æ¨è¿›åˆ°æ­£åœ¨å¢å€¼', '', 7, 1473154570, '127.0.0.1'),
(37, 8, 3, 'dsadsa', 'array (\n  ''weight'' =&gt; ''55.00'',\n  ''_weight'' =&gt; ''55.00'',\n  ''phone'' =&gt; ''18850219878'',\n  ''_phone'' =&gt; ''18850219878'',\n)', 7, 1473154774, '127.0.0.1'),
(38, 8, 4, 'åº“å­˜å·²ç¡®è®¤æ ‡è®°ï¼Œè‡ªåŠ¨æ¨è¿›åˆ°æ­£åœ¨å¢å€¼', '', 7, 1473154774, '127.0.0.1'),
(39, 8, 3, 'asdsadsa', 'array (\n  ''weight'' =&gt; ''55.00'',\n  ''_weight'' =&gt; ''55.00'',\n  ''phone'' =&gt; ''18850219878'',\n  ''_phone'' =&gt; ''18850219878'',\n)', 7, 1473155001, '127.0.0.1'),
(40, 8, 4, 'åº“å­˜å·²ç¡®è®¤æ ‡è®°ï¼Œè‡ªåŠ¨æ¨è¿›åˆ°æ­£åœ¨å¢å€¼', '', 7, 1473155001, '127.0.0.1'),
(41, 8, 3, '', 'array (\n  ''weight'' =&gt; ''55.00'',\n  ''_weight'' =&gt; ''55.00'',\n  ''phone'' =&gt; ''18850219878'',\n  ''_phone'' =&gt; ''18850219878'',\n)', 7, 1473155087, '127.0.0.1'),
(42, 8, 4, 'åº“å­˜å·²ç¡®è®¤æ ‡è®°ï¼Œè‡ªåŠ¨æ¨è¿›åˆ°æ­£åœ¨å¢å€¼', '', 7, 1473155087, '127.0.0.1'),
(45, 8, 3, 'sdsadsa', 'array (\n  ''weight'' =&gt; ''55.00'',\n  ''_weight'' =&gt; ''55.00'',\n  ''phone'' =&gt; ''18850219878'',\n  ''_phone'' =&gt; ''18850219878'',\n)', 7, 1473155250, '127.0.0.1'),
(46, 8, 4, 'åº“å­˜å·²ç¡®è®¤æ ‡è®°ï¼Œè‡ªåŠ¨æ¨è¿›åˆ°æ­£åœ¨å¢å€¼', '', 7, 1473155250, '127.0.0.1');

-- --------------------------------------------------------

--
-- è¡¨çš„ç»“æ„ `gd_project_recycling_status`
--

CREATE TABLE IF NOT EXISTS `gd_project_recycling_status` (
  `status_id` int(11) NOT NULL AUTO_INCREMENT,
  `title` varchar(64) COLLATE utf8_unicode_ci NOT NULL,
  `code` varchar(32) COLLATE utf8_unicode_ci NOT NULL,
  `list_label` varchar(256) COLLATE utf8_unicode_ci DEFAULT NULL,
  `note` varchar(128) COLLATE utf8_unicode_ci NOT NULL,
  `status` tinyint(1) NOT NULL DEFAULT '1',
  PRIMARY KEY (`status_id`)
) ENGINE=InnoDB  DEFAULT CHARSET=utf8 COLLATE=utf8_unicode_ci AUTO_INCREMENT=7 ;

--
-- è½¬å­˜è¡¨ä¸­çš„æ•°æ® `gd_project_recycling_status`
--

INSERT INTO `gd_project_recycling_status` (`status_id`, `title`, `code`, `list_label`, `note`, `status`) VALUES
(1, 'å·²ç™»è®°', 'booked', NULL, 'ç™»è®°å®¢æˆ·å­˜é‡‘ä¿¡æ¯ï¼Œå«é‰´å®šç»“æœåŠå®¢æˆ·åŒæ„ä¹¦', 1),
(2, 'å·²æ ¸å®', 'checked', NULL, 'ä¸Šçº§ä¸»ç®¡æ ¸å¯¹å®¢æˆ·ã€ç‰©å“åŠé‰´å®šç»“æœ', 1),
(3, 'å·²ç¡®è®¤', 'confirmed', NULL, 'åº“ç®¡ç¡®è®¤å¹¶æ ‡è®°', 1),
(4, 'å¢å€¼ä¸­', 'growing', NULL, 'è¡ç”Ÿæ”¶ç›Šé»„é‡‘', 1),
(5, 'å·²é©³å›', 'refused', NULL, 'å®¢æˆ·ä¿¡æ¯æˆ–é»„é‡‘ç‰©å“ç­‰é—®é¢˜é€ æˆ', 1),
(6, 'å·²ç»ˆæ­¢', 'terminated', NULL, 'æå‰ç»ˆæ­¢é¡¹ç›®', 1);

-- --------------------------------------------------------

--
-- è¡¨çš„ç»“æ„ `gd_project_stock`
--

CREATE TABLE IF NOT EXISTS `gd_project_stock` (
  `stock_id` int(11) NOT NULL AUTO_INCREMENT,
  `project_sn` char(18) COLLATE utf8_unicode_ci DEFAULT '0',
  `customer_id` int(11) NOT NULL DEFAULT '0',
  `referrer_id` int(11) NOT NULL DEFAULT '0',
  `title` varchar(64) COLLATE utf8_unicode_ci NOT NULL,
  `mode` enum('investing','recycling','stock') COLLATE utf8_unicode_ci NOT NULL DEFAULT 'investing',
  `info` text COLLATE utf8_unicode_ci,
  `weight` decimal(13,2) NOT NULL DEFAULT '0.00',
  `start` date DEFAULT NULL,
  `note` text COLLATE utf8_unicode_ci,
  `status` tinyint(4) NOT NULL,
  `worker_id` int(11) NOT NULL,
  `addtime` int(11) NOT NULL,
  `lasttime` int(11) NOT NULL DEFAULT '0',
  PRIMARY KEY (`stock_id`)
) ENGINE=InnoDB  DEFAULT CHARSET=utf8 COLLATE=utf8_unicode_ci AUTO_INCREMENT=17 ;

--
-- è½¬å­˜è¡¨ä¸­çš„æ•°æ® `gd_project_stock`
--

INSERT INTO `gd_project_stock` (`stock_id`, `project_sn`, `customer_id`, `referrer_id`, `title`, `mode`, `info`, `weight`, `start`, `note`, `status`, `worker_id`, `addtime`, `lasttime`) VALUES
(5, 'GM1609013171352349', 9, 12, 'é¡¹ç›®GM1609013171352349å­˜é‡‘1,000.00å…‹', 'investing', 'a:7:{s:10:"project_id";s:1:"4";s:8:"realname";s:9:"æ²ˆä¸‡ä¸‰";s:5:"phone";s:11:"13813800138";s:8:"idnumber";s:18:"138139199810039997";s:5:"price";s:6:"282.25";s:6:"amount";s:9:"282250.00";s:6:"weight";s:7:"1000.00";}', '1000.00', '2016-09-01', 'æˆ‘ä¹ŸOKå•Š', 1, 7, 1472707533, 1472707533),
(6, 'GR1609011121322704', 9, 12, 'é¡¹ç›®GR1609011121322704å­˜é‡‘52.00å…‹', 'recycling', 'a:10:{s:10:"project_id";s:1:"4";s:8:"realname";s:9:"æ²ˆä¸‡ä¸‰";s:5:"phone";s:11:"13813800138";s:8:"idnumber";s:18:"138139199810039997";s:5:"price";s:6:"282.25";s:4:"type";s:6:"é‡‘æ¡";s:6:"number";s:1:"1";s:13:"origin_weight";s:5:"55.00";s:6:"weight";s:5:"52.00";s:12:"appraiser_id";s:2:"10";}', '52.00', '2016-09-01', 'å·äº†ä»–çš„èšå®ç›†', 1, 7, 1472707775, 1472707775),
(7, 'GR1609049592224441', 6, 12, 'é¡¹ç›®GR1609049592224441å­˜é‡‘11.00å…‹', 'recycling', 'a:10:{s:10:"project_id";s:1:"5";s:8:"realname";s:9:"ä½™åä¸º";s:5:"phone";s:11:"18959596767";s:8:"idnumber";s:18:"321254198908050604";s:5:"price";s:6:"284.31";s:4:"type";s:6:"é‡‘é¥°";s:6:"number";s:1:"1";s:13:"origin_weight";s:5:"12.00";s:6:"weight";s:5:"11.00";s:12:"appraiser_id";s:1:"9";}', '11.00', '2016-09-04', 'asdsadsad', 1, 7, 1473064798, 1473064798),
(8, 'GM1609055931733042', 10, 0, 'é¡¹ç›®GM1609055931733042å­˜é‡‘20.00å…‹', 'investing', 'a:7:{s:10:"project_id";s:1:"5";s:8:"realname";s:9:"èµµå…¬æ˜";s:5:"phone";s:11:"13606660888";s:8:"idnumber";s:18:"123321196606066666";s:5:"price";s:6:"285.39";s:6:"amount";s:7:"5707.80";s:6:"weight";s:5:"20.00";}', '20.00', '2016-09-05', 'tertretret', 1, 7, 1473068754, 1473068754),
(9, 'GR1609069731685843', 6, 12, 'é¡¹ç›®GR1609069731685843å­˜é‡‘98.00å…‹', 'recycling', 'a:10:{s:10:"project_id";s:1:"7";s:8:"realname";s:9:"ä½™åä¸º";s:5:"phone";s:11:"18959596767";s:8:"idnumber";s:18:"321254198908050604";s:5:"price";s:6:"286.30";s:4:"type";s:6:"é‡‘æ¡";s:6:"number";s:1:"2";s:13:"origin_weight";s:6:"100.00";s:6:"weight";s:5:"98.00";s:12:"appraiser_id";s:1:"9";}', '98.00', '2016-09-06', 'sasdasdsad', 1, 8, 1473153442, 1473153442),
(10, 'GR1609062941713226', 4, 2, 'é¡¹ç›®GR1609062941713226å­˜é‡‘55.00å…‹', 'recycling', 'a:10:{s:10:"project_id";s:1:"8";s:8:"realname";s:9:"é©¬æ™“äº‘";s:5:"phone";s:11:"18850219878";s:8:"idnumber";s:18:"321324195406050508";s:5:"price";s:6:"286.30";s:4:"type";s:6:"é‡‘é¥°";s:6:"number";s:1:"2";s:13:"origin_weight";s:5:"56.00";s:6:"weight";s:5:"55.00";s:12:"appraiser_id";s:2:"11";}', '55.00', '2016-09-06', 'sadasdasdasdsa', 1, 7, 1473154570, 1473154570),
(11, 'GR1609062941713226', 4, 2, 'é¡¹ç›®GR1609062941713226å­˜é‡‘55.00å…‹', 'recycling', 'a:10:{s:10:"project_id";s:1:"8";s:8:"realname";s:9:"é©¬æ™“äº‘";s:5:"phone";s:11:"18850219878";s:8:"idnumber";s:18:"321324195406050508";s:5:"price";s:6:"286.30";s:4:"type";s:6:"é‡‘é¥°";s:6:"number";s:1:"2";s:13:"origin_weight";s:5:"56.00";s:6:"weight";s:5:"55.00";s:12:"appraiser_id";s:2:"11";}', '55.00', '2016-09-06', 'dsadsa', 1, 7, 1473154774, 1473154774),
(12, 'GR1609062941713226', 4, 2, 'é¡¹ç›®GR1609062941713226å­˜é‡‘55.00å…‹', 'recycling', 'a:10:{s:10:"project_id";s:1:"8";s:8:"realname";s:9:"é©¬æ™“äº‘";s:5:"phone";s:11:"18850219878";s:8:"idnumber";s:18:"321324195406050508";s:5:"price";s:6:"286.30";s:4:"type";s:6:"é‡‘é¥°";s:6:"number";s:1:"2";s:13:"origin_weight";s:5:"56.00";s:6:"weight";s:5:"55.00";s:12:"appraiser_id";s:2:"11";}', '55.00', '2016-09-06', 'asdsadsa', 1, 7, 1473155001, 1473155001),
(13, 'GR1609062941713226', 4, 2, 'é¡¹ç›®GR1609062941713226å­˜é‡‘55.00å…‹', 'recycling', 'a:10:{s:10:"project_id";s:1:"8";s:8:"realname";s:9:"é©¬æ™“äº‘";s:5:"phone";s:11:"18850219878";s:8:"idnumber";s:18:"321324195406050508";s:5:"price";s:6:"286.30";s:4:"type";s:6:"é‡‘é¥°";s:6:"number";s:1:"2";s:13:"origin_weight";s:5:"56.00";s:6:"weight";s:5:"55.00";s:12:"appraiser_id";s:2:"11";}', '55.00', '2016-09-06', '', 1, 7, 1473155087, 1473155087),
(16, 'GR1609062941713226', 4, 2, 'é¡¹ç›®GR1609062941713226å­˜é‡‘55.00å…‹', 'recycling', 'a:10:{s:10:"project_id";s:1:"8";s:8:"realname";s:9:"é©¬æ™“äº‘";s:5:"phone";s:11:"18850219878";s:8:"idnumber";s:18:"321324195406050508";s:5:"price";s:6:"286.30";s:4:"type";s:6:"é‡‘é¥°";s:6:"number";s:1:"2";s:13:"origin_weight";s:5:"56.00";s:6:"weight";s:5:"55.00";s:12:"appraiser_id";s:2:"11";}', '55.00', '2016-09-06', 'sdsadsa', 1, 7, 1473155250, 1473155250);

-- --------------------------------------------------------

--
-- è¡¨çš„ç»“æ„ `gd_project_trash`
--

CREATE TABLE IF NOT EXISTS `gd_project_trash` (
  `trash_id` int(11) NOT NULL AUTO_INCREMENT,
  `project_id` int(11) NOT NULL,
  `project_sn` char(18) COLLATE utf8_unicode_ci NOT NULL,
  `mode` enum('investing','recycling') COLLATE utf8_unicode_ci NOT NULL DEFAULT 'recycling',
  `customer` varchar(256) COLLATE utf8_unicode_ci DEFAULT NULL,
  `gold` text COLLATE utf8_unicode_ci,
  `note` text COLLATE utf8_unicode_ci,
  `worker_id` int(11) NOT NULL DEFAULT '0',
  `addtime` int(11) NOT NULL DEFAULT '0',
  `ip` char(15) COLLATE utf8_unicode_ci DEFAULT NULL,
  PRIMARY KEY (`trash_id`)
) ENGINE=InnoDB  DEFAULT CHARSET=utf8 COLLATE=utf8_unicode_ci AUTO_INCREMENT=6 ;

--
-- è½¬å­˜è¡¨ä¸­çš„æ•°æ® `gd_project_trash`
--

INSERT INTO `gd_project_trash` (`trash_id`, `project_id`, `project_sn`, `mode`, `customer`, `gold`, `note`, `worker_id`, `addtime`, `ip`) VALUES
(1, 2, 'GR1608319242154447', 'recycling', 'a:3:{s:8:"realname";s:9:"é›·å°ç±³";s:5:"phone";s:11:"13113213313";s:8:"referrer";N;}', 'a:7:{s:5:"price";s:6:"283.16";s:6:"weight";s:5:"31.00";s:6:"amount";N;s:6:"period";N;s:5:"start";N;s:3:"end";N;s:7:"addtime";s:10:"1472651087";}', '', 3, 1472653349, NULL),
(2, 1, 'GR1608315162053241', 'recycling', 'a:4:{s:8:"realname";s:9:"ä¹”è‹¹æœ";s:5:"phone";s:11:"18808800990";s:8:"idnumber";s:18:"325225197008078888";s:8:"referrer";s:10:"æœ±æ™¯ä¿®2";}', 'a:7:{s:5:"price";s:6:"283.16";s:4:"type";s:6:"é‡‘é¥°";s:6:"number";s:1:"2";s:13:"origin_weight";s:5:"22.00";s:6:"weight";s:5:"20.00";s:9:"appraiser";s:10:"é‰´å®šäººA";s:5:"start";N;}', '', 3, 1472653784, NULL),
(4, 3, 'GM1609011461040439', 'investing', 'a:4:{s:8:"realname";s:9:"åˆ˜äº¬ä¸œ";s:5:"phone";s:11:"18959506595";s:8:"idnumber";s:18:"321324199008080808";s:8:"referrer";N;}', 'a:4:{s:5:"price";s:6:"282.49";s:6:"weight";s:5:"15.00";s:6:"amount";s:7:"4237.35";s:5:"start";s:10:"2016-09-01";}', 'ä¸‹è‡ªæˆè¹Šæ”¿ç­–æ€§æ”¯æŒä¸‹è‡ªæˆè¹Š', 3, 1472706778, NULL),
(5, 1, 'GM1609016370915225', 'investing', 'a:4:{s:8:"realname";s:9:"ä½™åä¸º";s:5:"phone";s:11:"18959596767";s:8:"idnumber";s:18:"321254198908050604";s:8:"referrer";s:10:"æœ±æ™¯ä¿®2";}', 'a:4:{s:5:"price";s:6:"266.16";s:6:"weight";s:5:"10.00";s:6:"amount";s:7:"2661.60";s:5:"start";s:10:"2016-09-01";}', 'åˆ é™¤é¡¹ç›®', 3, 1472707008, NULL);

-- --------------------------------------------------------

--
-- è¡¨çš„ç»“æ„ `gd_sessions`
--

CREATE TABLE IF NOT EXISTS `gd_sessions` (
  `sess_id` varchar(40) COLLATE utf8_unicode_ci NOT NULL,
  `ip_address` varchar(45) COLLATE utf8_unicode_ci NOT NULL,
  `timestamp` int(10) unsigned NOT NULL DEFAULT '0',
  `data` text COLLATE utf8_unicode_ci NOT NULL,
  KEY `ci_sessions_timestamp` (`timestamp`)
) ENGINE=InnoDB DEFAULT CHARSET=utf8 COLLATE=utf8_unicode_ci;

--
-- è½¬å­˜è¡¨ä¸­çš„æ•°æ® `gd_sessions`
--

INSERT INTO `gd_sessions` (`sess_id`, `ip_address`, `timestamp`, `data`) VALUES
('8077efb993995a1b72d127635e5d6fd74d9fb6e8', '127.0.0.1', 1473148899, '__ci_last_regenerate|i:1473138098;code|s:4:"y8m6";identity|s:12:"dengji-demo1";username|s:12:"dengji-demo1";email|s:6:"b@a.cc";user_id|s:1:"5";old_last_login|s:10:"1473124911";'),
('2e200aeebb9c612bf63caff0bb74c08d2a4c1ac3', '127.0.0.1', 1473141107, '__ci_last_regenerate|i:1473138226;code|s:4:"TvjU";identity|s:12:"kuguan-demo1";username|s:12:"kuguan-demo1";email|s:11:"kuguan@bb.c";user_id|s:1:"7";old_last_login|s:10:"1473064770";csrfkey|s:8:"vHKDsjgz";__ci_vars|a:2:{s:7:"csrfkey";s:3:"old";s:9:"csrfvalue";s:3:"old";}csrfvalue|s:20:"H43NFSae8QnMBkZ07bWY";'),
('4bb27dd7a24ddfa9d7be086eff3aa24902fb19db', '127.0.0.1', 1473140898, '__ci_last_regenerate|i:1473138265;code|s:4:"3DY3";identity|s:12:"jingli-demo1";username|s:12:"jingli-demo1";email|s:5:"a@a.c";user_id|s:1:"3";old_last_login|s:10:"1473124845";'),
('a148af09ce8cde6a073227ac28fd1663c2330db1', '127.0.0.1', 1473141336, '__ci_last_regenerate|i:1473141224;code|s:4:"3DY3";identity|s:12:"jingli-demo1";username|s:12:"jingli-demo1";email|s:5:"a@a.c";user_id|s:1:"3";old_last_login|s:10:"1473124845";'),
('63d8f84494c811bd189860f17d511f2a0a3893dd', '127.0.0.1', 1473142173, '__ci_last_regenerate|i:1473141245;code|s:4:"TvjU";identity|s:12:"kuguan-demo1";username|s:12:"kuguan-demo1";email|s:11:"kuguan@bb.c";user_id|s:1:"7";old_last_login|s:10:"1473064770";csrfkey|s:8:"rcB0O7Fx";__ci_vars|a:2:{s:7:"csrfkey";s:3:"old";s:9:"csrfvalue";s:3:"old";}csrfvalue|s:20:"wjp4qUOFN9PmyhusYia2";'),
('f6cde54a39f8b6ee57d00727b8df4c49fb5eb9fa', '127.0.0.1', 1473151790, '__ci_last_regenerate|i:1473142189;code|s:4:"TvjU";identity|s:12:"kuguan-demo1";username|s:12:"kuguan-demo1";email|s:11:"kuguan@bb.c";user_id|s:1:"7";old_last_login|s:10:"1473064770";'),
('903af79f52a854fcf004783fe1584081c047da0b', '127.0.0.1', 1473142490, '__ci_last_regenerate|i:1473142198;code|s:4:"3DY3";identity|s:12:"jingli-demo1";username|s:12:"jingli-demo1";email|s:5:"a@a.c";user_id|s:1:"3";old_last_login|s:10:"1473124845";csrfkey|s:8:"ZhRajrkM";__ci_vars|a:2:{s:7:"csrfkey";s:3:"old";s:9:"csrfvalue";s:3:"old";}csrfvalue|s:20:"RTWfkSwdDJ6xBOgM5Y4P";'),
('c44dd2dfccfc9adb374fc784a6b57e360bd05655', '127.0.0.1', 1473142985, '__ci_last_regenerate|i:1473142514;code|s:4:"3DY3";identity|s:12:"jingli-demo1";username|s:12:"jingli-demo1";email|s:5:"a@a.c";user_id|s:1:"3";old_last_login|s:10:"1473124845";csrfkey|s:8:"Cue2Itis";__ci_vars|a:2:{s:7:"csrfkey";s:3:"new";s:9:"csrfvalue";s:3:"new";}csrfvalue|s:20:"Ys2vFbaMiTe9BwfuldDR";'),
('5e31fc98f7ce523acc2805ee2847a4584ea972a5', '127.0.0.1', 1473143415, '__ci_last_regenerate|i:1473143026;code|s:4:"3DY3";identity|s:12:"jingli-demo1";username|s:12:"jingli-demo1";email|s:5:"a@a.c";user_id|s:1:"3";old_last_login|s:10:"1473124845";csrfkey|s:8:"BLeRZ9a1";__ci_vars|a:2:{s:7:"csrfkey";s:3:"new";s:9:"csrfvalue";s:3:"new";}csrfvalue|s:20:"OKlmsIA3xE5bWqPYkeRM";'),
('bf8d8efa1f65981ee955ec3677c020f827e97018', '127.0.0.1', 1473144708, '__ci_last_regenerate|i:1473143418;code|s:4:"3DY3";identity|s:12:"jingli-demo1";username|s:12:"jingli-demo1";email|s:5:"a@a.c";user_id|s:1:"3";old_last_login|s:10:"1473124845";'),
('aa85d21dad0437a41b6b2ee394f4434fdde6c68f', '127.0.0.1', 1473145083, '__ci_last_regenerate|i:1473145082;code|s:4:"3DY3";identity|s:12:"jingli-demo1";username|s:12:"jingli-demo1";email|s:5:"a@a.c";user_id|s:1:"3";old_last_login|s:10:"1473124845";'),
('1e7a11d42974e81e2940c249175104c161b80e28', '127.0.0.1', 1473145647, '__ci_last_regenerate|i:1473145408;code|s:4:"3DY3";identity|s:12:"jingli-demo1";username|s:12:"jingli-demo1";email|s:5:"a@a.c";user_id|s:1:"3";old_last_login|s:10:"1473124845";ajax_permission|s:51:"æ²¡æœ‰æˆæƒè®¿é—®  <br> [project/recycling/detail]";__ci_vars|a:1:{s:15:"ajax_permission";s:3:"old";}'),
('a43ea4d46b8c2a92b9302d5f6590ec26d7c7b32e', '127.0.0.1', 1473146106, '__ci_last_regenerate|i:1473145751;code|s:4:"3DY3";identity|s:12:"jingli-demo1";username|s:12:"jingli-demo1";email|s:5:"a@a.c";user_id|s:1:"3";old_last_login|s:10:"1473124845";ajax_permission|s:51:"æ²¡æœ‰æˆæƒè®¿é—®  <br> [project/recycling/detail]";__ci_vars|a:1:{s:15:"ajax_permission";s:3:"old";}'),
('dfe97616d9c8c15d68d05dbcd603c80ad2aca44e', '127.0.0.1', 1473147561, '__ci_last_regenerate|i:1473146121;code|s:4:"3DY3";identity|s:12:"jingli-demo1";username|s:12:"jingli-demo1";email|s:5:"a@a.c";user_id|s:1:"3";old_last_login|s:10:"1473124845";csrfkey|s:8:"FPoarLCz";__ci_vars|a:2:{s:7:"csrfkey";s:3:"old";s:9:"csrfvalue";s:3:"old";}csrfvalue|s:20:"Jz72kf4CwgrnqjuGaOR0";'),
('18eb2dca741fee9ef3e37345ee0360a374483d9a', '127.0.0.1', 1473149521, '__ci_last_regenerate|i:1473148702;code|s:4:"3DY3";identity|s:12:"jingli-demo1";username|s:12:"jingli-demo1";email|s:5:"a@a.c";user_id|s:1:"3";old_last_login|s:10:"1473124845";csrfkey|s:8:"VCR7kJce";__ci_vars|a:2:{s:7:"csrfkey";s:3:"old";s:9:"csrfvalue";s:3:"old";}csrfvalue|s:20:"y9xC6ZUateWzgGX8YLSq";'),
('38eb81484edd5c162af12ad48244c2e4d439f655', '127.0.0.1', 1473149853, '__ci_last_regenerate|i:1473149001;code|s:4:"y8m6";identity|s:12:"dengji-demo1";username|s:12:"dengji-demo1";email|s:6:"b@a.cc";user_id|s:1:"5";old_last_login|s:10:"1473124911";csrfkey|s:8:"TJPSK49x";__ci_vars|a:2:{s:7:"csrfkey";s:3:"old";s:9:"csrfvalue";s:3:"old";}csrfvalue|s:20:"BeEnbUO7Hjdu2QtVTikr";'),
('6c4c211289a8144d899d3631dbaee4bc530e2561', '127.0.0.1', 1473149812, '__ci_last_regenerate|i:1473149528;code|s:4:"3DY3";identity|s:12:"jingli-demo1";username|s:12:"jingli-demo1";email|s:5:"a@a.c";user_id|s:1:"3";old_last_login|s:10:"1473124845";csrfkey|s:8:"ZueHSlm7";__ci_vars|a:2:{s:7:"csrfkey";s:3:"new";s:9:"csrfvalue";s:3:"new";}csrfvalue|s:20:"8dAbkvDh6qU9fnuBmVsS";'),
('29c8b2dccf9251085ab8dee45c9d507de56ab1c3', '127.0.0.1', 1473151056, '__ci_last_regenerate|i:1473149855;code|s:4:"y8m6";identity|s:12:"dengji-demo1";username|s:12:"dengji-demo1";email|s:6:"b@a.cc";user_id|s:1:"5";old_last_login|s:10:"1473124911";'),
('c68f3e7936debc645753824977a6a12b813f2599', '127.0.0.1', 1473150147, '__ci_last_regenerate|i:1473149875;code|s:4:"3DY3";identity|s:12:"jingli-demo1";username|s:12:"jingli-demo1";email|s:5:"a@a.c";user_id|s:1:"3";old_last_login|s:10:"1473124845";'),
('d0940a2c0278b9fa9e961d751255135d11c17cce', '127.0.0.1', 1473150273, '__ci_last_regenerate|i:1473150205;code|s:4:"3DY3";identity|s:12:"jingli-demo1";username|s:12:"jingli-demo1";email|s:5:"a@a.c";user_id|s:1:"3";old_last_login|s:10:"1473124845";'),
('d8d23926c9d5cfe8b57db6b5af6738e62823fdf6', '127.0.0.1', 1473151210, '__ci_last_regenerate|i:1473150934;code|s:4:"3DY3";identity|s:12:"jingli-demo1";username|s:12:"jingli-demo1";email|s:5:"a@a.c";user_id|s:1:"3";old_last_login|s:10:"1473124845";'),
('d6eb01cac389c012fded9e4c98c8080934397d8e', '127.0.0.1', 1473151456, '__ci_last_regenerate|i:1473151247;code|s:4:"3DY3";identity|s:12:"jingli-demo1";username|s:12:"jingli-demo1";email|s:5:"a@a.c";user_id|s:1:"3";old_last_login|s:10:"1473124845";'),
('4920fdc3233fc3ef9c7b50c0426975a77bd0f2c6', '127.0.0.1', 1473151791, '__ci_last_regenerate|i:1473151567;code|s:4:"3DY3";identity|s:12:"jingli-demo1";username|s:12:"jingli-demo1";email|s:5:"a@a.c";user_id|s:1:"3";old_last_login|s:10:"1473124845";ajax_permission|s:51:"æ²¡æœ‰æˆæƒè®¿é—®  <br> [project/investing/detail]";__ci_vars|a:1:{s:15:"ajax_permission";s:3:"old";}'),
('32f8d02f0c4f04d6ff28a583f9952d01d0bf3a05', '127.0.0.1', 1473151661, '__ci_last_regenerate|i:1473151650;code|s:4:"y8m6";identity|s:12:"dengji-demo1";username|s:12:"dengji-demo1";email|s:6:"b@a.cc";user_id|s:1:"5";old_last_login|s:10:"1473124911";csrfkey|s:8:"LqrxPB4S";__ci_vars|a:2:{s:7:"csrfkey";s:3:"old";s:9:"csrfvalue";s:3:"old";}csrfvalue|s:20:"awozK801n2RPeDpuSsOr";'),
('d2189dead0aa9baca3bec28dadc995b3d8130498', '127.0.0.1', 1473154346, '__ci_last_regenerate|i:1473152063;code|s:4:"y8m6";identity|s:12:"dengji-demo1";username|s:12:"dengji-demo1";email|s:6:"b@a.cc";user_id|s:1:"5";old_last_login|s:10:"1473124911";success|s:21:"é¡¹ç›®æ·»åŠ æˆåŠŸï¼";__ci_vars|a:1:{s:7:"success";s:3:"new";}'),
('9fbdb5c0737ddb25658f3ab48dd79b553c1b42f1', '127.0.0.1', 1473152492, '__ci_last_regenerate|i:1473152095;code|s:4:"3DY3";identity|s:12:"jingli-demo1";username|s:12:"jingli-demo1";email|s:5:"a@a.c";user_id|s:1:"3";old_last_login|s:10:"1473124845";csrfkey|s:8:"4BkN3TK1";__ci_vars|a:3:{s:7:"csrfkey";s:3:"old";s:9:"csrfvalue";s:3:"old";s:7:"success";s:3:"new";}csrfvalue|s:20:"1s8nzAmRbG0DUr7I2C9J";success|s:44:"é¡¹ç›®å·²æ ¸å®ï¼ç¼–å·: GR1609069731685843";'),
('02b024d9ff9a215cca64fff65992bee09c025911', '127.0.0.1', 1473152131, '__ci_last_regenerate|i:1473152131;code|s:4:"TvjU";identity|s:12:"kuguan-demo1";username|s:12:"kuguan-demo1";email|s:11:"kuguan@bb.c";user_id|s:1:"7";old_last_login|s:10:"1473064770";'),
('97bc62547f07347491631ec424d3b8ddb0ad353f', '127.0.0.1', 1473152768, '__ci_last_regenerate|i:1473152492;code|s:4:"3DY3";identity|s:12:"jingli-demo1";username|s:12:"jingli-demo1";email|s:5:"a@a.c";user_id|s:1:"3";old_last_login|s:10:"1473124845";'),
('7103201a89e2bde06feb16ea37ba27d41d89dcf8', '127.0.0.1', 1473152503, '__ci_last_regenerate|i:1473152502;code|s:4:"TvjU";identity|s:12:"kuguan-demo1";username|s:12:"kuguan-demo1";email|s:11:"kuguan@bb.c";user_id|s:1:"7";old_last_login|s:10:"1473064770";'),
('768f06ecc8484c8426f6299bacf48aa6eec7bee3', '127.0.0.1', 1473153442, '__ci_last_regenerate|i:1473152523;code|s:4:"ma8s";identity|s:12:"kuguan-demo2";username|s:12:"kuguan-demo2";email|s:11:"kuguan@a.cc";user_id|s:1:"8";old_last_login|s:10:"1472280758";csrfkey|s:8:"SlxaoG5P";__ci_vars|a:3:{s:7:"csrfkey";s:3:"old";s:9:"csrfvalue";s:3:"old";s:7:"success";s:3:"new";}csrfvalue|s:20:"RFS5TwqpMlWYc8m93LDK";success|s:50:"é¡¹ç›®å·²å…¥åº“æ ‡è®°ï¼ç¼–å·: GR1609069731685843";'),
('acc62611300e2bf1faaf94368a9362c469a1d698', '127.0.0.1', 1473153443, '__ci_last_regenerate|i:1473153442;code|s:4:"ma8s";identity|s:12:"kuguan-demo2";username|s:12:"kuguan-demo2";email|s:11:"kuguan@a.cc";user_id|s:1:"8";old_last_login|s:10:"1472280758";'),
('bd7f7441d04caea2219895b2d1a74c4afe0b0980', '127.0.0.1', 1473153750, '__ci_last_regenerate|i:1473153489;code|s:4:"3DY3";identity|s:12:"jingli-demo1";username|s:12:"jingli-demo1";email|s:5:"a@a.c";user_id|s:1:"3";old_last_login|s:10:"1473124845";ajax_permission|s:51:"æ²¡æœ‰æˆæƒè®¿é—®  <br> [project/recycling/booked]";__ci_vars|a:1:{s:15:"ajax_permission";s:3:"new";}'),
('e42d31fe348d5dfdabc40188bbb90ead0b6fca75', '127.0.0.1', 1473153586, '__ci_last_regenerate|i:1473153585;code|s:4:"TvjU";identity|s:12:"kuguan-demo1";username|s:12:"kuguan-demo1";email|s:11:"kuguan@bb.c";user_id|s:1:"7";old_last_login|s:10:"1473064770";'),
('7e6679fa1d592f1929291fec42b7227df90a29a5', '127.0.0.1', 1473153684, '__ci_last_regenerate|i:1473153684;code|s:4:"md4z";'),
('228449b98c5cbad16b7086d8ee4d424ca728622b', '127.0.0.1', 1473156825, '__ci_last_regenerate|i:1473154346;code|s:4:"y8m6";identity|s:12:"dengji-demo1";username|s:12:"dengji-demo1";email|s:6:"b@a.cc";user_id|s:1:"5";old_last_login|s:10:"1473124911";'),
('bf0cb1a18446387d75916ac555cb4fd0dfaefd26', '127.0.0.1', 1473154721, '__ci_last_regenerate|i:1473154484;code|s:4:"3DY3";identity|s:12:"jingli-demo1";username|s:12:"jingli-demo1";email|s:5:"a@a.c";user_id|s:1:"3";old_last_login|s:10:"1473124845";'),
('f476ff6424ebce25157a2b6306ea60382233fc15', '127.0.0.1', 1473154775, '__ci_last_regenerate|i:1473154528;code|s:4:"TvjU";identity|s:12:"kuguan-demo1";username|s:12:"kuguan-demo1";email|s:11:"kuguan@bb.c";user_id|s:1:"7";old_last_login|s:10:"1473064770";'),
('e1186d82547c6fe8baf26609de56908b7c54dd93', '127.0.0.1', 1473155259, '__ci_last_regenerate|i:1473154977;code|s:4:"3DY3";identity|s:12:"jingli-demo1";username|s:12:"jingli-demo1";email|s:5:"a@a.c";user_id|s:1:"3";old_last_login|s:10:"1473124845";'),
('2b048a674843abcca66ed9cfd795bc9890427c6c', '127.0.0.1', 1473156451, '__ci_last_regenerate|i:1473154983;code|s:4:"TvjU";identity|s:12:"kuguan-demo1";username|s:12:"kuguan-demo1";email|s:11:"kuguan@bb.c";user_id|s:1:"7";old_last_login|s:10:"1473064770";'),
('b00a4cd5d3244fbc0c6a8bb7936f898fb8ba314c', '127.0.0.1', 1473155640, '__ci_last_regenerate|i:1473155501;code|s:4:"3DY3";identity|s:12:"jingli-demo1";username|s:12:"jingli-demo1";email|s:5:"a@a.c";user_id|s:1:"3";old_last_login|s:10:"1473124845";'),
('485fb7ddbc14a2041815dba831b251074070024c', '127.0.0.1', 1473155987, '__ci_last_regenerate|i:1473155985;code|s:4:"3DY3";identity|s:12:"jingli-demo1";username|s:12:"jingli-demo1";email|s:5:"a@a.c";user_id|s:1:"3";old_last_login|s:10:"1473124845";'),
('2b2226791facf14a0c77c0675763e19ad834b943', '127.0.0.1', 1473156901, '__ci_last_regenerate|i:1473156725;code|s:4:"3DY3";identity|s:12:"jingli-demo1";username|s:12:"jingli-demo1";email|s:5:"a@a.c";user_id|s:1:"3";old_last_login|s:10:"1473124845";'),
('e3457d2d9ce0a612f8875e2dac830ad56d8ae779', '127.0.0.1', 1473162247, '__ci_last_regenerate|i:1473162241;code|s:4:"XHuQ";identity|s:12:"jingli-demo1";username|s:12:"jingli-demo1";email|s:5:"a@a.c";user_id|s:1:"3";old_last_login|s:10:"1473131177";'),
('e5df225582b9770e811f03b1424ff801f5aaa587', '127.0.0.1', 1473163361, '__ci_last_regenerate|i:1473162924;code|s:4:"XHuQ";identity|s:12:"jingli-demo1";username|s:12:"jingli-demo1";email|s:5:"a@a.c";user_id|s:1:"3";old_last_login|s:10:"1473131177";ajax_permission|s:51:"æ²¡æœ‰æˆæƒè®¿é—®  <br> [project/recycling/detail]";__ci_vars|a:1:{s:15:"ajax_permission";s:3:"new";}'),
('9fd3081dfd94a400edb92f3ce9d0e4f084efdaa0', '127.0.0.1', 1473164626, '__ci_last_regenerate|i:1473163366;code|s:4:"XHuQ";identity|s:12:"jingli-demo1";username|s:12:"jingli-demo1";email|s:5:"a@a.c";user_id|s:1:"3";old_last_login|s:10:"1473131177";ajax_permission|s:51:"æ²¡æœ‰æˆæƒè®¿é—®  <br> [project/recycling/detail]";__ci_vars|a:1:{s:15:"ajax_permission";s:3:"old";}'),
('608a7b04091a013ad3bcbab371bbd11c4ac75b57', '127.0.0.1', 1473165030, '__ci_last_regenerate|i:1473164630;code|s:4:"XHuQ";identity|s:12:"jingli-demo1";username|s:12:"jingli-demo1";email|s:5:"a@a.c";user_id|s:1:"3";old_last_login|s:10:"1473131177";'),
('5d2404177e2cf4b3d6377e400c41a2cf3dc66e46', '127.0.0.1', 1473171176, '__ci_last_regenerate|i:1473165172;code|s:4:"XHuQ";identity|s:12:"jingli-demo1";username|s:12:"jingli-demo1";email|s:5:"a@a.c";user_id|s:1:"3";old_last_login|s:10:"1473131177";'),
('7ac55183aff003a4c3bb97474873d3f5a0498abb', '127.0.0.1', 1473173564, '__ci_last_regenerate|i:1473172331;code|s:4:"VEn8";identity|s:10:"admin-root";username|s:10:"admin-root";email|s:15:"admin@admin.com";user_id|s:1:"1";old_last_login|s:10:"1473124819";'),
('cb67e16921ddae073ddfee047e19321ae2d7cc54', '127.0.0.1', 1473173111, '__ci_last_regenerate|i:1473173096;code|s:4:"sD7T";identity|s:12:"jingli-demo1";username|s:12:"jingli-demo1";email|s:5:"a@a.c";user_id|s:1:"3";old_last_login|s:10:"1473162246";'),
('cd1367b3a57e19b90c37300980efff9109e4c3e7', '127.0.0.1', 1473173823, '__ci_last_regenerate|i:1473173616;code|s:4:"sD7T";identity|s:12:"jingli-demo1";username|s:12:"jingli-demo1";email|s:5:"a@a.c";user_id|s:1:"3";old_last_login|s:10:"1473162246";'),
('bff53bf5b127b55b04206905b912c74176f64157', '127.0.0.1', 1473174194, '__ci_last_regenerate|i:1473173957;code|s:4:"sD7T";identity|s:12:"jingli-demo1";username|s:12:"jingli-demo1";email|s:5:"a@a.c";user_id|s:1:"3";old_last_login|s:10:"1473162246";'),
('c529f623c0e276cd17cb05fa97436d5ef022daf3', '127.0.0.1', 1473174347, '__ci_last_regenerate|i:1473174285;code|s:4:"VEn8";identity|s:10:"admin-root";username|s:10:"admin-root";email|s:15:"admin@admin.com";user_id|s:1:"1";old_last_login|s:10:"1473124819";');

-- --------------------------------------------------------

--
-- è¡¨çš„ç»“æ„ `gd_setting`
--

CREATE TABLE IF NOT EXISTS `gd_setting` (
  `setting_id` int(11) unsigned NOT NULL AUTO_INCREMENT,
  `code` varchar(64) NOT NULL DEFAULT '',
  `value` text,
  `serialized` tinyint(1) NOT NULL DEFAULT '0',
  `group` varchar(64) NOT NULL DEFAULT 'config',
  `initial` tinyint(1) NOT NULL DEFAULT '1',
  PRIMARY KEY (`setting_id`,`code`),
  KEY `option_name` (`code`),
  KEY `auto_load` (`initial`)
) ENGINE=InnoDB  DEFAULT CHARSET=utf8 AUTO_INCREMENT=39 ;

--
-- è½¬å­˜è¡¨ä¸­çš„æ•°æ® `gd_setting`
--

INSERT INTO `gd_setting` (`setting_id`, `code`, `value`, `serialized`, `group`, `initial`) VALUES
(4, 'site_name', 'é»„é‡‘ç å¤´', 0, 'site', 1),
(5, 'site_keywords', 'é»„é‡‘äº¤æ˜“ é‡‘ç”Ÿé‡‘ ', 0, 'site', 1),
(6, 'site_description', 'å€¼å¾—ä¿¡èµ–çš„ç§äººçš„é‡‘åº“', 0, 'site', 1),
(7, 'site_email', 'gold@xinyan.com', 0, 'site', 1),
(8, 'golden_price', 'a:2:{s:6:"apikey";s:16:"101ae9aa1007ce6d";s:6:"apiurl";s:34:"http://api.jisuapi.com/gold/shgold";}', 1, 'api', 1),
(9, 'investing_privacy', '2', 0, 'project', 1),
(10, 'investing_initial', '1', 0, 'project', 1),
(11, 'recycling_privacy', '3', 0, 'project', 1),
(12, 'recycling_initial', '1', 0, 'project', 1),
(13, 'profit_weight', '6', 0, 'project', 1),
(14, 'investing_checked', '2', 0, 'project', 1),
(15, 'investing_confirmed', '3', 0, 'project', 1),
(18, 'investing_refused', '5', 0, 'project', 1),
(19, 'investing_terminated', '6', 0, 'project', 1),
(25, 'recycling_checked', '2', 0, 'project', 1),
(26, 'recycling_confirmed', '3', 0, 'project', 1),
(30, 'recycling_refused', '5', 0, 'project', 1),
(31, 'recycling_terminated', '6', 0, 'project', 1),
(32, 'order_percent', '30', 0, 'project', 1),
(33, 'recycling_growing', '4', 0, 'project', 1),
(34, 'gold_growing', 'season', 0, 'project', 1),
(35, 'growing_mode', 't0', 0, 'project', 1),
(36, 'investing_growing', '4', 0, 'project', 1),
(37, 'terminated_trash', '1', 0, 'project', 1),
(38, 'site_title', 'é»„é‡‘ç å¤´ é»„é‡‘çº¿ä¸‹äº¤æ˜“å¹³å°', 0, 'site', 1);

-- --------------------------------------------------------

--
-- è¡¨çš„ç»“æ„ `gd_worker`
--

CREATE TABLE IF NOT EXISTS `gd_worker` (
  `id` int(11) unsigned NOT NULL AUTO_INCREMENT,
  `username` varchar(32) DEFAULT NULL,
  `realname` varchar(32) NOT NULL,
  `avatar` varchar(256) DEFAULT NULL,
  `password` varchar(255) NOT NULL,
  `salt` varchar(255) DEFAULT NULL,
  `email` varchar(100) NOT NULL,
  `remember_code` varchar(40) DEFAULT NULL,
  `addtime` int(11) NOT NULL DEFAULT '0',
  `last_login` int(11) DEFAULT '0',
  `last_ip` char(15) NOT NULL,
  `status` tinyint(1) DEFAULT '1',
  `phone` varchar(20) DEFAULT NULL,
  `wechat` varchar(64) DEFAULT NULL,
  `qq` char(12) DEFAULT NULL,
  `company_id` tinyint(4) NOT NULL DEFAULT '0',
  PRIMARY KEY (`id`)
) ENGINE=InnoDB  DEFAULT CHARSET=utf8 AUTO_INCREMENT=13 ;

--
-- è½¬å­˜è¡¨ä¸­çš„æ•°æ® `gd_worker`
--

INSERT INTO `gd_worker` (`id`, `username`, `realname`, `avatar`, `password`, `salt`, `email`, `remember_code`, `addtime`, `last_login`, `last_ip`, `status`, `phone`, `wechat`, `qq`, `company_id`) VALUES
(1, 'admin-root', 'ç®¡ç†å‘˜', 'public/images/avatar/121034209220f1.jpg', '$2a$07$SeBknntpZror9uyftVopmu61qg0ms8Qv1yV6FG.kQOSM.9QhmTo36', '', 'admin@admin.com', NULL, 1469999823, 1473172336, '127.0.0.1', 1, '', NULL, NULL, 0),
(2, 'zhujingxiu', 'æœ±æ™¯ä¿®', NULL, '$2y$08$QQOBCnHUhFTH/CjeWztJGOOfAz2xuqSki7P2qn5/WojZQvXc10NAK', NULL, 'zhujingxiu@hotmail.com', NULL, 1470736567, 1470736771, '127.0.0.1', 1, '18850911766', NULL, NULL, 0),
(3, 'jingli-demo1', 'ç»ç†æµ‹è¯•', 'public/images/avatar/avatar2.png', '$2y$08$k1dyXUI7CRYqc/CpH9UT0ONk93y3sP7EQ5Jdcr/lvOoUE4Tob05Oe', NULL, 'a@a.c', NULL, 1471598448, 1473173109, '127.0.0.1', 1, '13913901390', 'qweweqweq', '', 0),
(4, 'jingli-demo2', 'ç»ç†æµ‹è¯•B', 'public/images/avatar/user1-128x128.jpg', '$2y$08$1gGt5kfd2/S0WGDZNt6PMu8bj1WBhiww4AgNx4TJSRrJaiQ7jV4gu', NULL, 'a@a.cc', NULL, 1471598720, 1472277405, '127.0.0.1', 1, '', NULL, NULL, 0),
(5, 'dengji-demo1', 'ç™»è®°æµ‹è¯•A', 'public/images/avatar/avatar1.png', '$2y$08$YHzCZKpn3DYoZWYfE4UD4.7KSke2QaVc5Ou04ljhRNZn5sDqc7QF2', NULL, 'b@a.cc', NULL, 1471598889, 1473134149, '127.0.0.1', 1, '', NULL, NULL, 0),
(6, 'dengji-demo2', 'å½•å•æµ‹è¯•B', 'public/images/avatar/user3-128x128.jpg', '$2y$08$7JByOlb/P/L.c8P.mqeMX.N7qSiLGBWyx3YWA44wUDkAMY0rGKtQS', NULL, 'ludan@b.cc', NULL, 1471598958, 1473133650, '127.0.0.1', 1, '', NULL, NULL, 0),
(7, 'kuguan-demo1', 'åº“ç®¡æµ‹è¯•A', 'public/images/avatar/user4-128x128.jpg', '$2y$08$SuuFWJ0sZL2z.SZDLaTX3Od/bkVZ04Ax1fc1SmDtoVf8X0XjuRuJO', NULL, 'kuguan@bb.c', NULL, 1471599005, 1473138246, '127.0.0.1', 1, '', NULL, NULL, 0),
(8, 'kuguan-demo2', 'åº“ç®¡æµ‹è¯•B', 'public/images/avatar/user5-128x128.jpg', '$2y$08$18MwNqHD5QKE/M2xcF4NXuLScN67KrGQfBCfXPEEEM/W5PNC/5/5G', NULL, 'kuguan@a.cc', NULL, 1471599054, 1473152537, '127.0.0.1', 1, '', NULL, NULL, 0),
(9, 'jianding-demo1', 'é‰´å®šäººA', 'public/images/avatar/user8-128x128.jpg', '$2y$08$GqumJcWGIEa25v1OB3i5M.k8Vgxg99kuKXpGsUs5ZzQiUIp.Qer5G', NULL, 'jianding@g.cc', NULL, 1471599152, 0, '127.0.0.1', 1, '', NULL, NULL, 0),
(10, 'jianding-demo2', 'é‰´å®šäººB', 'public/images/avatar/user7-128x128.jpg', '$2y$08$kPYhqg2giK0IhN5v6WS4WuMQvXq0m0gpF6Cx.xAR4..dsxS9UmNDG', NULL, 'admin@admin.com', NULL, 1471599225, 0, '127.0.0.1', 1, '', NULL, NULL, 0),
(11, 'all-demo1', 'ç»¼åˆè´¦æˆ·', 'public/images/avatar/user2-160x160.jpg', '$2y$08$bnDehV48c1sDsmwPNmmTHOdMMxUE1MHNGItvkmvL7CC2G20doVhcq', NULL, 'all@b.cc', NULL, 1471599856, 1471600479, '127.0.0.1', 1, '', NULL, NULL, 0),
(12, 'zhujingxiu1', 'æœ±æ™¯ä¿®2', NULL, '$2y$08$QQOBCnHUhFTH/CjeWztJGOOfAz2xuqSki7P2qn5/WojZQvXc10NAK', NULL, 'zhujingxiu@hotmail.com', NULL, 1470736567, 1470736771, '127.0.0.1', 1, '18850911766', NULL, NULL, 0);

-- --------------------------------------------------------

--
-- è¡¨çš„ç»“æ„ `gd_worker_activity`
--

CREATE TABLE IF NOT EXISTS `gd_worker_activity` (
  `activity_id` int(11) NOT NULL AUTO_INCREMENT,
  `worker_id` int(11) NOT NULL DEFAULT '0',
  `content` varchar(256) COLLATE utf8_unicode_ci DEFAULT NULL,
  `addtime` int(11) NOT NULL,
  PRIMARY KEY (`activity_id`)
) ENGINE=InnoDB  DEFAULT CHARSET=utf8 COLLATE=utf8_unicode_ci AUTO_INCREMENT=8 ;

--
-- è½¬å­˜è¡¨ä¸­çš„æ•°æ® `gd_worker_activity`
--

INSERT INTO `gd_worker_activity` (`activity_id`, `worker_id`, `content`, `addtime`) VALUES
(1, 3, 'ç»ç†æµ‹è¯• äº 2016-09-04 20:30:16 æ›´æ–°äº†ä¸ªäººèµ„æ–™', 1472992216),
(2, 7, '{"project_id":"GR1609062941713226","status_id":"2"}', 1473155087);

-- --------------------------------------------------------

--
-- è¡¨çš„ç»“æ„ `gd_worker_attempt`
--

CREATE TABLE IF NOT EXISTS `gd_worker_attempt` (
  `id` int(11) unsigned NOT NULL AUTO_INCREMENT,
  `ip_address` varchar(15) NOT NULL,
  `login` varchar(100) NOT NULL,
  `time` int(11) unsigned DEFAULT NULL,
  PRIMARY KEY (`id`)
) ENGINE=InnoDB DEFAULT CHARSET=utf8 AUTO_INCREMENT=1 ;

-- --------------------------------------------------------

--
-- è¡¨çš„ç»“æ„ `gd_worker_company`
--

CREATE TABLE IF NOT EXISTS `gd_worker_company` (
  `company_id` int(11) NOT NULL AUTO_INCREMENT,
  `title` varchar(128) COLLATE utf8_unicode_ci NOT NULL,
  `status` tinyint(4) NOT NULL DEFAULT '1',
  `addtime` int(11) NOT NULL,
  PRIMARY KEY (`company_id`)
) ENGINE=InnoDB DEFAULT CHARSET=utf8 COLLATE=utf8_unicode_ci AUTO_INCREMENT=1 ;

-- --------------------------------------------------------

--
-- è¡¨çš„ç»“æ„ `gd_worker_group`
--

CREATE TABLE IF NOT EXISTS `gd_worker_group` (
  `id` mediumint(8) unsigned NOT NULL AUTO_INCREMENT,
  `code` varchar(20) NOT NULL,
  `title` varchar(100) NOT NULL,
  `is_system` tinyint(4) NOT NULL DEFAULT '0',
  `permission` text,
  `status` tinyint(4) NOT NULL DEFAULT '1',
  PRIMARY KEY (`id`)
) ENGINE=InnoDB  DEFAULT CHARSET=utf8 AUTO_INCREMENT=7 ;

--
-- è½¬å­˜è¡¨ä¸­çš„æ•°æ® `gd_worker_group`
--

INSERT INTO `gd_worker_group` (`id`, `code`, `title`, `is_system`, `permission`, `status`) VALUES
(1, 'admin', 'ç®¡ç†ç»„', 1, '', 1),
(2, 'member', 'ä¸šåŠ¡å‘˜', 0, '2997,2999,3001,3003,2998,3000,3002', 1),
(3, 'manager', 'ç»ç†', 0, '1,2,3,5,6,7,8,9,10,11,22,23,24,25,26,27,30,33,35,48,49,50,51,52,55,59,63,67,68,70,78,80,84,85,94,96,98,100,101,102,105,106,107,108,109,110,112,113,114,115,116,118', 1),
(4, 'warehouser', 'åº“ç®¡', 0, '1,2,3,55,61,65,70,82,87,98,100,101,105,107,108,111,117,118,119', 1),
(5, 'appraiser', 'é‰´å®šäºº', 0, '74,73,70,1,3,2', 1),
(6, 'booker', 'ç™»è®°äºº', 0, '1,2,3,52,55,57,70,72,93,98,100,101,103', 1);

-- --------------------------------------------------------

--
-- è¡¨çš„ç»“æ„ `gd_worker_notify`
--

CREATE TABLE IF NOT EXISTS `gd_worker_notify` (
  `notify_id` int(11) NOT NULL AUTO_INCREMENT,
  `sender_id` int(11) NOT NULL DEFAULT '0',
  `receiver_id` int(11) NOT NULL,
  `mode` enum('announcement','summary') COLLATE utf8_unicode_ci NOT NULL DEFAULT 'announcement',
  `title` int(11) NOT NULL,
  `content` text COLLATE utf8_unicode_ci NOT NULL,
  `status` tinyint(4) NOT NULL DEFAULT '1',
  `is_read` tinyint(1) NOT NULL DEFAULT '0',
  `addtime` int(11) NOT NULL DEFAULT '0',
  PRIMARY KEY (`notify_id`)
) ENGINE=InnoDB DEFAULT CHARSET=utf8 COLLATE=utf8_unicode_ci AUTO_INCREMENT=1 ;

-- --------------------------------------------------------

--
-- è¡¨çš„ç»“æ„ `gd_worker_rel`
--

CREATE TABLE IF NOT EXISTS `gd_worker_rel` (
  `id` int(11) unsigned NOT NULL AUTO_INCREMENT,
  `worker_id` int(11) unsigned NOT NULL,
  `group_id` mediumint(8) unsigned NOT NULL,
  PRIMARY KEY (`id`),
  UNIQUE KEY `uc_users_groups` (`worker_id`,`group_id`),
  KEY `fk_users_groups_users1_idx` (`worker_id`),
  KEY `fk_users_groups_groups1_idx` (`group_id`)
) ENGINE=InnoDB  DEFAULT CHARSET=utf8 AUTO_INCREMENT=25 ;

--
-- è½¬å­˜è¡¨ä¸­çš„æ•°æ® `gd_worker_rel`
--

INSERT INTO `gd_worker_rel` (`id`, `worker_id`, `group_id`) VALUES
(20, 1, 1),
(5, 3, 3),
(7, 4, 3),
(9, 5, 6),
(11, 6, 6),
(13, 7, 4),
(15, 8, 4),
(17, 9, 5),
(19, 10, 5),
(22, 11, 3),
(23, 11, 5),
(24, 11, 6),
(21, 12, 2);

--
-- é™åˆ¶å¯¼å‡ºçš„è¡¨
--

--
-- é™åˆ¶è¡¨ `gd_worker_rel`
--
ALTER TABLE `gd_worker_rel`
  ADD CONSTRAINT `fk_users_groups_groups1` FOREIGN KEY (`group_id`) REFERENCES `gd_worker_group` (`id`) ON DELETE CASCADE ON UPDATE NO ACTION,
  ADD CONSTRAINT `fk_users_groups_users1` FOREIGN KEY (`worker_id`) REFERENCES `gd_worker` (`id`) ON DELETE CASCADE ON UPDATE NO ACTION;

/*!40101 SET CHARACTER_SET_CLIENT=@OLD_CHARACTER_SET_CLIENT */;
/*!40101 SET CHARACTER_SET_RESULTS=@OLD_CHARACTER_SET_RESULTS */;
/*!40101 SET COLLATION_CONNECTION=@OLD_COLLATION_CONNECTION */;
