-- phpMyAdmin SQL Dump
-- version 4.5.1
-- http://www.phpmyadmin.net
--
-- Host: 127.0.0.1
-- Generation Time: 2016-08-31 12:09:48
-- 服务器版本： 10.1.9-MariaDB
-- PHP Version: 5.6.15

SET SQL_MODE = "NO_AUTO_VALUE_ON_ZERO";
SET time_zone = "+00:00";


/*!40101 SET @OLD_CHARACTER_SET_CLIENT=@@CHARACTER_SET_CLIENT */;
/*!40101 SET @OLD_CHARACTER_SET_RESULTS=@@CHARACTER_SET_RESULTS */;
/*!40101 SET @OLD_COLLATION_CONNECTION=@@COLLATION_CONNECTION */;
/*!40101 SET NAMES utf8mb4 */;

--
-- Database: `golden`
--

-- --------------------------------------------------------

--
-- 表的结构 `gd_article`
--

CREATE TABLE `gd_article` (
  `article_id` int(11) NOT NULL,
  `category_id` int(11) NOT NULL DEFAULT '0',
  `title` varchar(128) COLLATE utf8_unicode_ci DEFAULT NULL,
  `text` text COLLATE utf8_unicode_ci,
  `is_top` tinyint(4) NOT NULL DEFAULT '0',
  `status` tinyint(4) NOT NULL DEFAULT '1',
  `author_id` int(11) NOT NULL DEFAULT '0',
  `addtime` int(11) NOT NULL
) ENGINE=InnoDB DEFAULT CHARSET=utf8 COLLATE=utf8_unicode_ci;

--
-- 转存表中的数据 `gd_article`
--

INSERT INTO `gd_article` (`article_id`, `category_id`, `title`, `text`, `is_top`, `status`, `author_id`, `addtime`) VALUES
(1, 1, '这是一篇测试文章', '&lt;p&gt;这是测试内容&lt;/p&gt;&lt;ol class=&quot; list-paddingleft-2&quot; style=&quot;list-style-type: decimal;&quot;&gt;&lt;li&gt;&lt;p&gt;测试1&lt;/p&gt;&lt;/li&gt;&lt;li&gt;&lt;p&gt;测试2&lt;/p&gt;&lt;/li&gt;&lt;li&gt;&lt;p&gt;测试3&lt;br/&gt;&lt;/p&gt;&lt;/li&gt;&lt;/ol&gt;', 0, 1, 1, 1471337030),
(2, 2, '钱生金相关协议', '&lt;p&gt;钱生金相关协议&lt;/p&gt;&lt;ul class=&quot; list-paddingleft-2&quot; style=&quot;list-style-type: disc;&quot;&gt;&lt;li&gt;&lt;p&gt;第一条&lt;/p&gt;&lt;/li&gt;&lt;li&gt;&lt;p&gt;第二条&lt;/p&gt;&lt;/li&gt;&lt;li&gt;&lt;p&gt;第三条&lt;/p&gt;&lt;/li&gt;&lt;li&gt;&lt;p&gt;第四条&lt;/p&gt;&lt;/li&gt;&lt;li&gt;&lt;p&gt;第五条&lt;br/&gt;&lt;/p&gt;&lt;/li&gt;&lt;/ul&gt;', 0, 1, 1, 1471337324),
(3, 2, '金生金协议', '&lt;p&gt;金生金协议&lt;/p&gt;&lt;ol class=&quot; list-paddingleft-2&quot; style=&quot;list-style-type: decimal;&quot;&gt;&lt;li&gt;&lt;p&gt;协议内容1&lt;/p&gt;&lt;/li&gt;&lt;li&gt;&lt;p&gt;协议内容2&lt;/p&gt;&lt;/li&gt;&lt;li&gt;&lt;p&gt;。。。&lt;br/&gt;&lt;/p&gt;&lt;/li&gt;&lt;/ol&gt;', 0, 1, 1, 1471422878);

-- --------------------------------------------------------

--
-- 表的结构 `gd_article_category`
--

CREATE TABLE `gd_article_category` (
  `category_id` int(11) NOT NULL,
  `code` varchar(32) COLLATE utf8_unicode_ci NOT NULL,
  `title` varchar(128) COLLATE utf8_unicode_ci DEFAULT NULL,
  `is_admin` tinyint(4) NOT NULL DEFAULT '0',
  `status` tinyint(4) NOT NULL DEFAULT '1',
  `worker_id` int(11) NOT NULL DEFAULT '0',
  `addtime` int(11) NOT NULL DEFAULT '0'
) ENGINE=InnoDB DEFAULT CHARSET=utf8 COLLATE=utf8_unicode_ci;

--
-- 转存表中的数据 `gd_article_category`
--

INSERT INTO `gd_article_category` (`category_id`, `code`, `title`, `is_admin`, `status`, `worker_id`, `addtime`) VALUES
(1, 'daily', '每日金评', 0, 1, 1, 1470088332),
(2, 'privacy', '条款协议', 0, 1, 1, 1470088332),
(3, 'news', '新闻', 0, 1, 1, 1471174877);

-- --------------------------------------------------------

--
-- 表的结构 `gd_customer`
--

CREATE TABLE `gd_customer` (
  `customer_id` int(11) NOT NULL,
  `realname` varchar(32) COLLATE utf8_unicode_ci NOT NULL,
  `avatar` varchar(128) COLLATE utf8_unicode_ci DEFAULT NULL,
  `phone` varchar(16) COLLATE utf8_unicode_ci NOT NULL,
  `idnumber` char(18) COLLATE utf8_unicode_ci NOT NULL,
  `wechat` varchar(64) COLLATE utf8_unicode_ci NOT NULL,
  `qq` char(12) COLLATE utf8_unicode_ci DEFAULT NULL,
  `group_id` tinyint(4) NOT NULL DEFAULT '1',
  `status` tinyint(1) NOT NULL DEFAULT '1',
  `referrer_id` varchar(32) COLLATE utf8_unicode_ci NOT NULL,
  `worker_id` int(11) NOT NULL DEFAULT '0',
  `addtime` int(11) NOT NULL DEFAULT '0',
  `lasttime` int(11) NOT NULL DEFAULT '0'
) ENGINE=InnoDB DEFAULT CHARSET=utf8 COLLATE=utf8_unicode_ci;

--
-- 转存表中的数据 `gd_customer`
--

INSERT INTO `gd_customer` (`customer_id`, `realname`, `avatar`, `phone`, `idnumber`, `wechat`, `qq`, `group_id`, `status`, `referrer_id`, `worker_id`, `addtime`, `lasttime`) VALUES
(2, '景修', NULL, '18850911766', '321245198905080904', '', NULL, 1, 1, '2', 5, 1472552472, 1472552472),
(3, '朱静', NULL, '18959506595', '321324199008080808', '', NULL, 1, 1, '2', 5, 1472559583, 1472559583),
(4, '朱景修', NULL, '18850219878', '321324195406050508', '', NULL, 1, 1, '2', 5, 1472604934, 1472604934),
(5, '朱景是', NULL, '18959596565', '321254198808050604', '', NULL, 1, 1, '12', 5, 1472605860, 1472605860);

-- --------------------------------------------------------

--
-- 表的结构 `gd_customer_apply`
--

CREATE TABLE `gd_customer_apply` (
  `apply_id` int(11) NOT NULL,
  `customer_id` int(11) NOT NULL,
  `phone` varchar(32) COLLATE utf8_unicode_ci DEFAULT NULL,
  `weight` decimal(11,2) NOT NULL DEFAULT '0.00',
  `mode` enum('appling','order') COLLATE utf8_unicode_ci NOT NULL DEFAULT 'appling',
  `note` text COLLATE utf8_unicode_ci,
  `status` tinyint(1) NOT NULL DEFAULT '1',
  `worker_id` int(11) NOT NULL DEFAULT '0',
  `addtime` int(11) NOT NULL DEFAULT '0'
) ENGINE=InnoDB DEFAULT CHARSET=utf8 COLLATE=utf8_unicode_ci;

--
-- 转存表中的数据 `gd_customer_apply`
--

INSERT INTO `gd_customer_apply` (`apply_id`, `customer_id`, `phone`, `weight`, `mode`, `note`, `status`, `worker_id`, `addtime`) VALUES
(2, 3, '18959506595', '20.00', 'appling', 'sdasda', 1, 3, 1472632265);

-- --------------------------------------------------------

--
-- 表的结构 `gd_customer_group`
--

CREATE TABLE `gd_customer_group` (
  `group_id` int(11) NOT NULL,
  `title` varchar(32) COLLATE utf8_unicode_ci NOT NULL,
  `code` char(16) COLLATE utf8_unicode_ci NOT NULL,
  `icon` varchar(128) COLLATE utf8_unicode_ci DEFAULT NULL,
  `rule` text COLLATE utf8_unicode_ci,
  `note` varchar(128) COLLATE utf8_unicode_ci DEFAULT NULL,
  `status` tinyint(1) NOT NULL DEFAULT '0',
  `worker_id` int(11) NOT NULL DEFAULT '0',
  `addtime` int(11) NOT NULL DEFAULT '0',
  `lasttime` int(11) NOT NULL DEFAULT '0'
) ENGINE=InnoDB DEFAULT CHARSET=utf8 COLLATE=utf8_unicode_ci;

--
-- 转存表中的数据 `gd_customer_group`
--

INSERT INTO `gd_customer_group` (`group_id`, `title`, `code`, `icon`, `rule`, `note`, `status`, `worker_id`, `addtime`, `lasttime`) VALUES
(1, '铜牌', 'bronze', NULL, NULL, '铜牌客户', 1, 1, 1472583692, 1472583692),
(2, '银牌', 'silver', NULL, NULL, '银牌客户', 1, 1, 1472589632, 1472589632),
(3, '金牌', ' gold', NULL, NULL, '金牌客户', 1, 1, 1472589963, 1472589963),
(4, '钻石', 'diamond', NULL, NULL, '钻石客户', 1, 1, 1472589995, 1472589995);

-- --------------------------------------------------------

--
-- 表的结构 `gd_customer_history`
--

CREATE TABLE `gd_customer_history` (
  `history_id` int(11) NOT NULL,
  `customer_id` int(11) NOT NULL,
  `note` text COLLATE utf8_unicode_ci NOT NULL,
  `worker_id` int(11) NOT NULL DEFAULT '0',
  `addtime` int(11) NOT NULL DEFAULT '0'
) ENGINE=InnoDB DEFAULT CHARSET=utf8 COLLATE=utf8_unicode_ci;

--
-- 转存表中的数据 `gd_customer_history`
--

INSERT INTO `gd_customer_history` (`history_id`, `customer_id`, `note`, `worker_id`, `addtime`) VALUES
(1, 3, '取消提金：0.00克', 3, 1472631516),
(2, 3, '取消提金：0.00克<br>eqweqweqweqwewqeqw', 3, 1472631893),
(3, 3, '取消提金：3.00克<br>eqweqweqweqwewqeqw', 3, 1472632013),
(4, 3, '取消提金：3.00克<br>eqweqweqweqwewqeqw', 3, 1472632236),
(5, 3, '申请提金：20.00克', 3, 1472632265);

-- --------------------------------------------------------

--
-- 表的结构 `gd_customer_stock`
--

CREATE TABLE `gd_customer_stock` (
  `stock_id` int(11) NOT NULL,
  `customer_id` int(11) NOT NULL,
  `mode` enum('in','out','profit','free') COLLATE utf8_unicode_ci NOT NULL DEFAULT 'profit',
  `project_sn` char(18) COLLATE utf8_unicode_ci NOT NULL,
  `weight` decimal(13,2) NOT NULL DEFAULT '0.00',
  `file` text COLLATE utf8_unicode_ci,
  `notify` tinyint(1) NOT NULL DEFAULT '1',
  `note` text COLLATE utf8_unicode_ci,
  `worker_id` int(11) NOT NULL DEFAULT '0',
  `addtime` int(11) NOT NULL DEFAULT '0'
) ENGINE=InnoDB DEFAULT CHARSET=utf8 COLLATE=utf8_unicode_ci;

--
-- 转存表中的数据 `gd_customer_stock`
--

INSERT INTO `gd_customer_stock` (`stock_id`, `customer_id`, `mode`, `project_sn`, `weight`, `file`, `notify`, `note`, `worker_id`, `addtime`) VALUES
(1, 3, 'in', 'GR1608307502051943', '10.00', NULL, 1, '项目存金10.00克', 7, 1472575739),
(2, 3, 'in', 'GR1608312621525929', '49.00', NULL, 1, '项目存金49.00克', 7, 1472630514),
(3, 4, 'in', 'GR1608316921351435', '49.00', NULL, 1, '项目存金49.00克', 7, 1472630591);

-- --------------------------------------------------------

--
-- 表的结构 `gd_golden_price`
--

CREATE TABLE `gd_golden_price` (
  `id` int(11) NOT NULL,
  `date` date NOT NULL,
  `type` varchar(32) COLLATE utf8_unicode_ci DEFAULT NULL,
  `typename` varchar(32) COLLATE utf8_unicode_ci DEFAULT NULL,
  `price` decimal(8,2) NOT NULL DEFAULT '0.00',
  `addtime` int(11) NOT NULL DEFAULT '0'
) ENGINE=InnoDB DEFAULT CHARSET=utf8 COLLATE=utf8_unicode_ci;

--
-- 转存表中的数据 `gd_golden_price`
--

INSERT INTO `gd_golden_price` (`id`, `date`, `type`, `typename`, `price`, `addtime`) VALUES
(1, '2016-08-25', 'Au99.99', '沪金99', '284.89', 1472186901),
(2, '2016-08-22', 'Au99.99', ' 沪金99', '286.36', 1471234567),
(3, '2016-08-23', 'Au99.99', ' 沪金99', '286.82', 1471234567),
(4, '2016-08-24', 'Au99.99', ' 沪金99', '286.70', 1471234567),
(6, '2016-08-19', 'Au99.99', ' 沪金99', '288.20', 1471234567),
(7, '2016-08-18', 'Au99.99', ' 沪金99', '288.87', 1471234567),
(8, '2016-08-17', 'Au99.99', ' 沪金99', '286.79', 1471234567),
(9, '2016-08-16', 'Au99.99', ' 沪金99', '287.98', 1471234567),
(10, '2016-08-15', 'Au99.99', ' 沪金99', '287.35', 1471234567),
(11, '2016-08-12', 'Au99.99', ' 沪金99', '286.80', 1471234567),
(12, '2016-08-11', 'Au99.99', ' 沪金99', '287.84', 1471234567),
(13, '2016-08-10', 'Au99.99', ' 沪金99', '289.80', 1471234567),
(14, '2016-08-09', 'Au99.99', ' 沪金99', '289.00', 1471234567),
(15, '2016-08-08', 'Au99.99', ' 沪金99', '286.42', 1471234567),
(16, '2016-08-05', 'Au99.99', ' 沪金99', '292.12', 1471234567),
(17, '2016-08-04', 'Au99.99', ' 沪金99', '289.05', 1471234567),
(18, '2016-08-03', 'Au99.99', ' 沪金99', '291.90', 1471234567),
(19, '2016-08-02', 'Au99.99', ' 沪金99', '290.10', 1471234567),
(20, '2016-08-01', 'Au99.99', ' 沪金99', '288.17', 1471234567),
(21, '2016-07-29', 'Au99.99', ' 沪金99', '285.83', 1471234567),
(22, '2016-07-28', 'Au99.99', ' 沪金99', '287.71', 1471234567),
(23, '2016-07-27', 'Au99.99', ' 沪金99', '283.63', 1471234567),
(24, '2016-08-26', 'Au99.99', '沪金99', '284.89', 1472260847),
(25, '2016-08-27', 'Au99.99', '沪金99', '284.89', 1472399839),
(26, '2016-08-28', 'Au99.99', '沪金99', '284.89', 1472400119),
(27, '2016-08-29', 'Au99.99', '沪金99', '283.50', 1472518017),
(28, '2016-08-30', 'Au99.99', '沪金99', '283.99', 1472573192);

-- --------------------------------------------------------

--
-- 表的结构 `gd_golden_today`
--

CREATE TABLE `gd_golden_today` (
  `date` date DEFAULT NULL,
  `type` varchar(32) COLLATE utf8_unicode_ci NOT NULL,
  `typename` varchar(32) COLLATE utf8_unicode_ci NOT NULL,
  `price` decimal(8,2) NOT NULL DEFAULT '0.00',
  `opening` decimal(8,2) NOT NULL DEFAULT '0.00',
  `maxprice` decimal(8,2) NOT NULL DEFAULT '0.00',
  `minprice` decimal(8,2) NOT NULL DEFAULT '0.00',
  `change` decimal(6,2) NOT NULL DEFAULT '0.00',
  `lastclosing` decimal(8,2) NOT NULL DEFAULT '0.00',
  `tradeamount` decimal(15,4) NOT NULL DEFAULT '0.0000',
  `updatetime` int(11) NOT NULL DEFAULT '0',
  `addtime` int(11) NOT NULL
) ENGINE=InnoDB DEFAULT CHARSET=utf8 COLLATE=utf8_unicode_ci;

--
-- 转存表中的数据 `gd_golden_today`
--

INSERT INTO `gd_golden_today` (`date`, `type`, `typename`, `price`, `opening`, `maxprice`, `minprice`, `change`, `lastclosing`, `tradeamount`, `updatetime`, `addtime`) VALUES
('2016-08-30', 'Au(T+D)', '黄金延期', '284.85', '283.57', '284.94', '283.41', '0.49', '283.45', '18346.0000', 1472495373, 1472518017),
('2016-08-30', 'mAu(T+D)', '迷你黄金延期', '284.89', '283.96', '285.01', '283.60', '0.45', '283.62', '1378.4000', 1472495371, 1472518017),
('2016-08-30', 'Au99.99', '沪金99', '285.00', '283.90', '285.00', '283.00', '0.53', '283.50', '100.5200', 1472495309, 1472518017),
('2016-08-30', 'Au(T+N1)', '延期单金', '287.30', '283.50', '287.30', '283.50', '0.42', '286.10', '89.2000', 1472494889, 1472518017),
('2016-08-30', 'Au100g', '沪金100G', '284.80', '284.01', '284.80', '284.01', '0.32', '283.88', '2.4000', 1472492440, 1472518017),
('2016-08-30', 'Pt99.95', '沪铂95', '246.00', '246.00', '246.00', '246.00', '0.41', '245.00', '2.0000', 1472495341, 1472518017),
('2016-08-30', 'Au99.95', '沪金95', '0.00', '0.00', '0.00', '0.00', '0.00', '283.50', '0.0000', 1472495224, 1472518017),
('2016-08-30', 'Au(T+N2)', '延期双金', '0.00', '0.00', '0.00', '0.00', '0.00', '284.15', '0.0000', 1472492502, 1472518017),
('2016-08-29', 'iAu100g', 'IAU100G', '0.00', '0.00', '0.00', '0.00', '0.00', '282.53', '0.0000', 1472482930, 1472518017),
('2016-08-29', 'iAu99.5', 'IAU99.5', '0.00', '0.00', '0.00', '0.00', '0.00', '237.80', '0.0000', 1472470813, 1472518017),
('2016-08-30', 'iAu99.99', 'IAU99.99', '0.00', '0.00', '0.00', '0.00', '0.00', '284.15', '0.0000', 1472495339, 1472518017),
('2016-08-30', 'Au(T+D)', '黄金延期', '284.48', '283.57', '284.94', '283.41', '0.36', '283.45', '20542.0000', 1472520898, 1472521812),
('2016-08-30', 'Au99.99', '沪金99', '284.65', '283.90', '285.00', '283.00', '0.41', '283.50', '2261.1800', 1472520877, 1472521812),
('2016-08-30', 'mAu(T+D)', '迷你黄金延期', '284.59', '283.96', '285.01', '283.60', '0.34', '283.62', '1496.8000', 1472520897, 1472521812),
('2016-08-30', 'Au(T+N1)', '延期单金', '286.75', '283.50', '287.30', '283.50', '0.23', '286.10', '90.8000', 1472520802, 1472521812),
('2016-08-30', 'Pt99.95', '沪铂95', '246.50', '246.00', '246.50', '246.00', '0.61', '245.00', '6.0000', 1472519077, 1472521812),
('2016-08-30', 'Au100g', '沪金100G', '285.00', '284.01', '285.00', '284.01', '0.39', '283.88', '3.6000', 1472520867, 1472521812),
('2016-08-30', 'Au99.95', '沪金95', '0.00', '0.00', '0.00', '0.00', '0.00', '283.50', '0.0000', 1472520672, 1472521812),
('2016-08-30', 'Au(T+N2)', '延期双金', '0.00', '0.00', '0.00', '0.00', '0.00', '284.15', '0.0000', 1472520877, 1472521812),
('2016-08-30', 'iAu99.99', 'IAU99.99', '0.00', '0.00', '0.00', '0.00', '0.00', '284.15', '0.0000', 1472520873, 1472521812),
('2016-08-30', 'Au(T+D)', '黄金延期', '284.60', '283.57', '284.94', '283.41', '0.41', '283.45', '24576.0000', 1472524530, 1472525430),
('2016-08-30', 'Au99.99', '沪金99', '284.80', '283.90', '285.00', '283.00', '0.46', '283.50', '3716.8400', 1472524531, 1472525430),
('2016-08-30', 'mAu(T+D)', '迷你黄金延期', '284.78', '283.96', '285.01', '283.60', '0.41', '283.62', '1643.8000', 1472524520, 1472525430),
('2016-08-30', 'Au(T+N1)', '延期单金', '287.50', '283.50', '287.50', '283.50', '0.49', '286.10', '97.0000', 1472524290, 1472525430),
('2016-08-30', 'Pt99.95', '沪铂95', '245.50', '246.00', '246.50', '245.50', '0.20', '245.00', '82.0000', 1472523773, 1472525430),
('2016-08-30', 'Au99.95', '沪金95', '284.60', '284.60', '284.60', '284.49', '0.39', '283.50', '34.0000', 1472524439, 1472525430),
('2016-08-30', 'Au100g', '沪金100G', '285.00', '284.01', '285.00', '284.01', '0.39', '283.88', '5.0000', 1472524381, 1472525430),
('2016-08-30', 'Au(T+N2)', '延期双金', '0.00', '0.00', '0.00', '0.00', '0.00', '284.15', '0.0000', 1472524272, 1472525430),
('2016-08-30', 'iAu99.99', 'IAU99.99', '0.00', '0.00', '0.00', '0.00', '0.00', '284.15', '0.0000', 1472524426, 1472525430),
('2016-08-30', 'Au(T+D)', '黄金延期', '284.61', '283.57', '284.94', '283.41', '0.41', '283.45', '25134.0000', 1472525713, 1472529134),
('2016-08-30', 'Au99.99', '沪金99', '284.78', '283.90', '285.00', '283.00', '0.45', '283.50', '4319.8000', 1472525727, 1472529134),
('2016-08-30', 'mAu(T+D)', '迷你黄金延期', '284.75', '283.96', '285.01', '283.60', '0.40', '283.62', '1678.0000', 1472525728, 1472529134),
('2016-08-30', 'Au(T+N1)', '延期单金', '287.50', '283.50', '287.50', '283.50', '0.49', '286.10', '97.0000', 1472525645, 1472529134),
('2016-08-30', 'Au99.95', '沪金95', '284.65', '284.60', '284.65', '284.49', '0.41', '283.50', '46.0000', 1472525652, 1472529134),
('2016-08-30', 'Au100g', '沪金100G', '284.56', '284.01', '285.00', '284.01', '0.24', '283.88', '5.6000', 1472525660, 1472529134),
('2016-08-30', 'Au(T+N2)', '延期双金', '0.00', '0.00', '0.00', '0.00', '0.00', '284.15', '0.0000', 1472525699, 1472529134),
('2016-08-30', 'iAu99.99', 'IAU99.99', '0.00', '0.00', '0.00', '0.00', '0.00', '284.15', '0.0000', 1472525710, 1472529134),
('2016-08-30', 'Au(T+D)', '黄金延期', '284.52', '283.57', '284.94', '283.41', '0.38', '283.45', '29964.0000', 1472527773, 1472530932),
('2016-08-30', 'Au99.99', '沪金99', '284.87', '283.90', '285.00', '283.00', '0.48', '283.50', '8645.8600', 1472527765, 1472530932),
('2016-08-30', 'mAu(T+D)', '迷你黄金延期', '284.85', '283.96', '285.01', '283.60', '0.43', '283.62', '1747.4000', 1472527753, 1472530932),
('2016-08-30', 'Au99.95', '沪金95', '284.70', '284.60', '284.70', '284.49', '0.42', '283.50', '118.0000', 1472527767, 1472530932),
('2016-08-30', 'Pt99.95', '沪铂95', '245.50', '246.00', '246.50', '245.50', '0.20', '245.00', '104.0000', 1472527761, 1472530932),
('2016-08-30', 'Au(T+N1)', '延期单金', '287.50', '283.50', '287.50', '283.50', '0.49', '286.10', '97.0000', 1472527775, 1472530932),
('2016-08-30', 'Au100g', '沪金100G', '284.72', '284.01', '285.00', '284.01', '0.30', '283.88', '6.8000', 1472527632, 1472530932),
('2016-08-30', 'Au(T+N2)', '延期双金', '285.20', '285.20', '285.20', '285.20', '0.37', '284.15', '2.0000', 1472527765, 1472530932),
('2016-08-30', 'iAu99.99', 'IAU99.99', '0.00', '0.00', '0.00', '0.00', '0.00', '284.15', '0.0000', 1472527739, 1472530932),
('2016-08-30', 'Au(T+D)', '黄金延期', '284.59', '283.57', '284.94', '283.41', '0.40', '283.45', '30412.0000', 1472535387, 1472536873),
('2016-08-30', 'Au99.99', '沪金99', '284.80', '283.90', '285.00', '283.00', '0.46', '283.50', '8801.9000', 1472535387, 1472536873),
('2016-08-30', 'mAu(T+D)', '迷你黄金延期', '284.78', '283.96', '285.01', '283.60', '0.41', '283.62', '1769.4000', 1472535387, 1472536873),
('2016-08-30', 'Au99.95', '沪金95', '284.70', '284.60', '284.70', '284.49', '0.42', '283.50', '120.0000', 1472535383, 1472536873),
('2016-08-30', 'Pt99.95', '沪铂95', '245.50', '246.00', '246.50', '245.50', '0.20', '245.00', '104.0000', 1472535060, 1472536873),
('2016-08-30', 'Au(T+N1)', '延期单金', '287.50', '283.50', '287.50', '283.50', '0.49', '286.10', '97.0000', 1472535383, 1472536873),
('2016-08-30', 'Au100g', '沪金100G', '284.72', '284.01', '285.00', '284.01', '0.30', '283.88', '6.8000', 1472535378, 1472536873),
('2016-08-30', 'Au(T+N2)', '延期双金', '285.15', '285.20', '285.20', '285.15', '0.35', '284.15', '2.2000', 1472535369, 1472536873),
('2016-08-30', 'iAu99.99', 'IAU99.99', '0.00', '0.00', '0.00', '0.00', '0.00', '284.15', '0.0000', 1472535379, 1472536873),
('2016-08-30', 'Au(T+D)', '黄金延期', '284.20', '283.57', '284.94', '283.41', '0.26', '283.45', '37980.0000', 1472538989, 1472539967),
('2016-08-30', 'Au99.99', '沪金99', '284.30', '283.90', '285.00', '283.00', '0.28', '283.50', '14765.9000', 1472538986, 1472539967),
('2016-08-30', 'mAu(T+D)', '迷你黄金延期', '284.28', '283.96', '285.01', '283.60', '0.23', '283.62', '2255.0000', 1472538989, 1472539967),
('2016-08-30', 'Au99.95', '沪金95', '284.21', '284.60', '284.70', '284.21', '0.25', '283.50', '398.0000', 1472538958, 1472539967),
('2016-08-30', 'Pt99.95', '沪铂95', '246.00', '246.00', '246.50', '245.50', '0.41', '245.00', '174.0000', 1472538896, 1472539967),
('2016-08-30', 'Au(T+N1)', '延期单金', '287.50', '283.50', '287.50', '283.50', '0.49', '286.10', '97.0000', 1472538989, 1472539967),
('2016-08-30', 'Au(T+N2)', '延期双金', '285.60', '285.20', '285.60', '285.15', '0.51', '284.15', '42.8000', 1472538989, 1472539967),
('2016-08-30', 'Au100g', '沪金100G', '284.50', '284.01', '285.00', '284.01', '0.22', '283.88', '18.2000', 1472538950, 1472539967),
('2016-08-30', 'iAu99.99', 'IAU99.99', '284.69', '284.69', '284.69', '284.69', '0.19', '284.15', '0.0800', 1472538989, 1472539967),
('2016-08-30', 'Au(T+D)', '黄金延期', '284.01', '283.57', '284.94', '283.41', '0.20', '283.45', '40218.0000', 1472540251, 1472541845),
('2016-08-30', 'Au99.99', '沪金99', '284.25', '283.90', '285.00', '283.00', '0.26', '283.50', '15367.4200', 1472540248, 1472541845),
('2016-08-30', 'Au(T+N1)', '延期单金', '286.85', '283.50', '287.50', '283.50', '0.26', '286.10', '4097.2000', 1472540233, 1472541845),
('2016-08-30', 'Au(T+N2)', '延期双金', '284.70', '285.20', '285.60', '284.70', '0.19', '284.15', '4042.8000', 1472540215, 1472541845),
('2016-08-30', 'mAu(T+D)', '迷你黄金延期', '284.13', '283.96', '285.01', '283.60', '0.18', '283.62', '2460.4000', 1472540248, 1472541845),
('2016-08-30', 'Au99.95', '沪金95', '284.00', '284.60', '284.70', '284.00', '0.18', '283.50', '454.0000', 1472540244, 1472541845),
('2016-08-30', 'Pt99.95', '沪铂95', '245.50', '246.00', '246.50', '245.50', '0.20', '245.00', '200.0000', 1472539875, 1472541845),
('2016-08-30', 'Au100g', '沪金100G', '284.50', '284.01', '285.00', '284.01', '0.22', '283.88', '20.6000', 1472540119, 1472541845),
('2016-08-30', 'iAu99.99', 'IAU99.99', '284.69', '284.69', '284.69', '284.69', '0.19', '284.15', '0.0800', 1472540241, 1472541845),
('2016-08-30', 'Au(T+D)', '黄金延期', '283.90', '283.57', '284.94', '283.41', '0.16', '283.45', '44074.0000', 1472542174, 1472545464),
('2016-08-30', 'Au99.99', '沪金99', '283.98', '283.90', '285.00', '283.00', '0.17', '283.50', '19008.8400', 1472542174, 1472545464),
('2016-08-30', 'Au(T+N1)', '延期单金', '286.20', '283.50', '287.50', '283.50', '0.03', '286.10', '4097.6000', 1472542152, 1472545464),
('2016-08-30', 'Au(T+N2)', '延期双金', '284.70', '285.20', '285.60', '284.70', '0.19', '284.15', '4043.2000', 1472542152, 1472545464),
('2016-08-30', 'mAu(T+D)', '迷你黄金延期', '284.15', '283.96', '285.01', '283.60', '0.19', '283.62', '2784.4000', 1472542171, 1472545464),
('2016-08-30', 'Au99.95', '沪金95', '283.61', '284.60', '284.70', '283.61', '0.04', '283.50', '604.0000', 1472542174, 1472545464),
('2016-08-30', 'Pt99.95', '沪铂95', '245.00', '246.00', '246.50', '245.00', '0.00', '245.00', '230.0000', 1472542174, 1472545464),
('2016-08-30', 'Au100g', '沪金100G', '284.54', '284.01', '285.00', '284.01', '0.23', '283.88', '30.2000', 1472542174, 1472545464),
('2016-08-30', 'iAu99.99', 'IAU99.99', '284.69', '284.69', '284.69', '284.69', '0.19', '284.15', '0.0800', 1472542174, 1472545464),
('2016-08-30', 'iAu100g', 'IAU100G', '0.00', '0.00', '0.00', '0.00', '0.00', '282.53', '0.0000', 1472542174, 1472545464),
('2016-08-30', 'iAu99.5', 'IAU99.5', '0.00', '0.00', '0.00', '0.00', '0.00', '237.80', '0.0000', 1472542174, 1472545464),
('2016-08-30', 'Au(T+D)', '黄金延期', '283.70', '284.03', '284.27', '283.61', '-0.06', '283.87', '3306.0000', 1472561944, 1472564273),
('2016-08-30', 'mAu(T+D)', '迷你黄金延期', '283.90', '284.13', '284.50', '283.80', '-0.08', '284.12', '277.6000', 1472561943, 1472564273),
('2016-08-30', 'Au(T+N1)', '延期单金', '289.95', '284.10', '289.95', '284.10', '1.10', '286.80', '52.2000', 1472561935, 1472564274),
('2016-08-30', 'Au99.99', '沪金99', '283.98', '284.99', '284.99', '283.98', '0.00', '283.99', '3.1400', 1472561924, 1472564274),
('2016-08-30', 'Au100g', '沪金100G', '285.44', '285.44', '285.44', '285.44', '0.33', '284.51', '0.2000', 1472561825, 1472564274),
('2016-08-30', 'Au99.95', '沪金95', '0.00', '0.00', '0.00', '0.00', '0.00', '283.61', '0.0000', 1472561638, 1472564274),
('2016-08-30', 'Pt99.95', '沪铂95', '0.00', '0.00', '0.00', '0.00', '0.00', '245.00', '0.0000', 1472560961, 1472564274),
('2016-08-30', 'iAu100g', 'IAU100G', '0.00', '0.00', '0.00', '0.00', '0.00', '282.53', '0.0000', 1472559015, 1472564274),
('2016-08-30', 'iAu99.5', 'IAU99.5', '0.00', '0.00', '0.00', '0.00', '0.00', '237.80', '0.0000', 1472557214, 1472564274),
('2016-08-30', 'iAu99.99', 'IAU99.99', '0.00', '0.00', '0.00', '0.00', '0.00', '284.69', '0.0000', 1472561942, 1472564274),
('2016-08-30', 'Au(T+N2)', '延期双金', '0.00', '0.00', '0.00', '0.00', '0.00', '284.70', '0.0000', 1472561407, 1472564274),
('2016-08-30', 'Au(T+D)', '黄金延期', '283.85', '284.03', '284.27', '283.58', '-0.01', '283.87', '7388.0000', 1472565572, 1472566457),
('2016-08-30', 'mAu(T+D)', '迷你黄金延期', '284.15', '284.13', '284.50', '283.75', '0.01', '284.12', '541.6000', 1472565572, 1472566457),
('2016-08-30', 'Au(T+N1)', '延期单金', '286.85', '284.10', '289.95', '284.10', '0.02', '286.80', '58.6000', 1472565564, 1472566457),
('2016-08-30', 'Au99.99', '沪金99', '284.10', '284.99', '284.99', '283.90', '0.04', '283.99', '14.3600', 1472565560, 1472566457),
('2016-08-30', 'Au(T+N2)', '延期双金', '284.00', '284.00', '284.00', '284.00', '-0.25', '284.70', '0.6000', 1472565348, 1472566457),
('2016-08-30', 'Au100g', '沪金100G', '284.00', '285.44', '285.44', '284.00', '-0.18', '284.51', '0.6000', 1472565425, 1472566457),
('2016-08-30', 'Au99.95', '沪金95', '0.00', '0.00', '0.00', '0.00', '0.00', '283.61', '0.0000', 1472565302, 1472566457),
('2016-08-30', 'iAu100g', 'IAU100G', '0.00', '0.00', '0.00', '0.00', '0.00', '282.53', '0.0000', 1472563057, 1472566457),
('2016-08-30', 'iAu99.99', 'IAU99.99', '0.00', '0.00', '0.00', '0.00', '0.00', '284.69', '0.0000', 1472565572, 1472566457),
('2016-08-30', 'Pt99.95', '沪铂95', '0.00', '0.00', '0.00', '0.00', '0.00', '245.00', '0.0000', 1472564419, 1472566457),
('2016-08-30', 'Au(T+D)', '黄金延期', '283.84', '284.03', '284.27', '283.58', '-0.01', '283.87', '6316.0000', 1472564371, 1472567643),
('2016-08-30', 'mAu(T+D)', '迷你黄金延期', '283.98', '284.13', '284.50', '283.75', '-0.05', '284.12', '475.6000', 1472564370, 1472567643),
('2016-08-30', 'Au(T+N1)', '延期单金', '289.95', '284.10', '289.95', '284.10', '1.10', '286.80', '52.2000', 1472564311, 1472567643),
('2016-08-30', 'Au99.99', '沪金99', '284.10', '284.99', '284.99', '283.90', '0.04', '283.99', '13.5000', 1472564365, 1472567643),
('2016-08-30', 'Au100g', '沪金100G', '285.44', '285.44', '285.44', '285.44', '0.33', '284.51', '0.2000', 1472564364, 1472567643),
('2016-08-30', 'Au99.95', '沪金95', '0.00', '0.00', '0.00', '0.00', '0.00', '283.61', '0.0000', 1472563481, 1472567643),
('2016-08-30', 'Pt99.95', '沪铂95', '0.00', '0.00', '0.00', '0.00', '0.00', '245.00', '0.0000', 1472563207, 1472567643),
('2016-08-30', 'iAu99.99', 'IAU99.99', '0.00', '0.00', '0.00', '0.00', '0.00', '284.69', '0.0000', 1472564368, 1472567643),
('2016-08-30', 'Au(T+N2)', '延期双金', '0.00', '0.00', '0.00', '0.00', '0.00', '284.70', '0.0000', 1472564331, 1472567643),
('2016-08-30', 'Au(T+D)', '黄金延期', '283.93', '284.03', '284.27', '283.51', '0.02', '283.87', '10542.0000', 1472569204, 1472569538),
('2016-08-30', 'mAu(T+D)', '迷你黄金延期', '284.10', '284.13', '284.50', '283.75', '-0.01', '284.12', '771.2000', 1472569204, 1472569538),
('2016-08-30', 'Au(T+N1)', '延期单金', '286.30', '284.10', '289.95', '284.10', '-0.17', '286.80', '60.4000', 1472569202, 1472569538),
('2016-08-30', 'Au99.99', '沪金99', '283.92', '284.99', '284.99', '283.90', '-0.02', '283.99', '19.4200', 1472569147, 1472569538),
('2016-08-30', 'Au100g', '沪金100G', '284.96', '285.44', '285.44', '284.00', '0.16', '284.51', '5.8000', 1472568071, 1472569538),
('2016-08-30', 'Pt99.95', '沪铂95', '244.00', '244.00', '244.00', '244.00', '-0.41', '245.00', '2.0000', 1472568387, 1472569538),
('2016-08-30', 'Au(T+N2)', '延期双金', '284.00', '284.00', '284.00', '284.00', '-0.25', '284.70', '1.0000', 1472569204, 1472569538),
('2016-08-30', 'iAu100g', 'IAU100G', '0.00', '0.00', '0.00', '0.00', '0.00', '282.53', '0.0000', 1472567525, 1472569538),
('2016-08-30', 'iAu99.99', 'IAU99.99', '0.00', '0.00', '0.00', '0.00', '0.00', '284.69', '0.0000', 1472569197, 1472569538),
('2016-08-30', 'Au99.95', '沪金95', '0.00', '0.00', '0.00', '0.00', '0.00', '283.61', '0.0000', 1472568642, 1472569538),
('2016-08-30', 'Au(T+D)', '黄金延期', '283.69', '284.03', '284.27', '283.50', '-0.06', '283.87', '12122.0000', 1472571655, 1472573192),
('2016-08-30', 'mAu(T+D)', '迷你黄金延期', '283.92', '284.13', '284.50', '283.70', '-0.07', '284.12', '872.8000', 1472571657, 1472573192),
('2016-08-30', 'Au(T+N1)', '延期单金', '286.30', '284.10', '289.95', '284.10', '-0.17', '286.80', '60.4000', 1472571638, 1472573192),
('2016-08-30', 'Au99.99', '沪金99', '284.00', '284.99', '284.99', '283.90', '0.00', '283.99', '21.4600', 1472571608, 1472573192),
('2016-08-30', 'Au100g', '沪金100G', '284.00', '285.44', '285.44', '284.00', '-0.18', '284.51', '6.6000', 1472571636, 1472573192),
('2016-08-30', 'Pt99.95', '沪铂95', '244.00', '244.00', '244.00', '244.00', '-0.41', '245.00', '2.0000', 1472569902, 1472573192),
('2016-08-30', 'Au(T+N2)', '延期双金', '284.10', '284.00', '284.10', '284.00', '-0.21', '284.70', '1.2000', 1472571615, 1472573192),
('2016-08-30', 'iAu99.99', 'IAU99.99', '0.00', '0.00', '0.00', '0.00', '0.00', '284.69', '0.0000', 1472571616, 1472573192),
('2016-08-30', 'Au99.95', '沪金95', '0.00', '0.00', '0.00', '0.00', '0.00', '283.61', '0.0000', 1472570596, 1472573192),
('2016-08-31', 'Au(T+D)', '黄金延期', '283.09', '284.03', '284.27', '282.90', '-0.27', '283.87', '19194.0000', 1472581765, 1472604002),
('2016-08-31', 'mAu(T+D)', '迷你黄金延期', '283.10', '284.13', '284.50', '283.07', '-0.36', '284.12', '1493.8000', 1472581773, 1472604002),
('2016-08-31', 'Au(T+N2)', '延期双金', '283.80', '284.00', '284.65', '283.80', '-0.32', '284.70', '132.6000', 1472581770, 1472604002),
('2016-08-31', 'Au(T+N1)', '延期单金', '285.60', '284.10', '289.95', '284.10', '-0.42', '286.80', '68.8000', 1472581766, 1472604002),
('2016-08-31', 'Au99.99', '沪金99', '283.35', '284.99', '284.99', '283.30', '-0.23', '283.99', '52.0800', 1472581766, 1472604002),
('2016-08-31', 'Au100g', '沪金100G', '283.60', '285.44', '285.44', '283.60', '-0.32', '284.51', '8.0000', 1472581513, 1472604002),
('2016-08-31', 'Pt99.95', '沪铂95', '244.00', '244.00', '244.00', '244.00', '-0.41', '245.00', '2.0000', 1472581573, 1472604002),
('2016-08-31', 'Au99.95', '沪金95', '0.00', '0.00', '0.00', '0.00', '0.00', '283.61', '0.0000', 1472581680, 1472604002),
('2016-08-31', 'iAu99.99', 'IAU99.99', '0.00', '0.00', '0.00', '0.00', '0.00', '284.69', '0.0000', 1472581765, 1472604002),
('2016-08-31', 'Au(T+D)', '黄金延期', '282.80', '284.03', '284.27', '282.73', '-0.38', '283.87', '20876.0000', 1472605293, 1472605618),
('2016-08-31', 'mAu(T+D)', '迷你黄金延期', '282.95', '284.13', '284.50', '282.88', '-0.41', '284.12', '1773.8000', 1472605293, 1472605618),
('2016-08-31', 'Au(T+N2)', '延期双金', '283.60', '284.00', '284.65', '283.55', '-0.39', '284.70', '133.2000', 1472605292, 1472605618),
('2016-08-31', 'Au(T+N1)', '延期单金', '285.60', '284.10', '289.95', '284.10', '-0.42', '286.80', '68.8000', 1472605262, 1472605618),
('2016-08-31', 'Au99.99', '沪金99', '283.15', '284.99', '284.99', '283.15', '-0.30', '283.99', '54.4200', 1472605276, 1472605618),
('2016-08-31', 'Au100g', '沪金100G', '283.20', '285.44', '285.44', '283.20', '-0.46', '284.51', '10.0000', 1472605279, 1472605618),
('2016-08-31', 'Au99.95', '沪金95', '0.00', '0.00', '0.00', '0.00', '0.00', '283.61', '0.0000', 1472605255, 1472605618),
('2016-08-31', 'iAu99.99', 'IAU99.99', '0.00', '0.00', '0.00', '0.00', '0.00', '284.69', '0.0000', 1472605288, 1472605618),
('2016-08-31', 'Au(T+D)', '黄金延期', '283.00', '284.03', '284.27', '282.40', '-0.31', '283.87', '27098.0000', 1472606730, 1472609584),
('2016-08-31', 'mAu(T+D)', '迷你黄金延期', '283.20', '284.13', '284.50', '282.61', '-0.32', '284.12', '2153.4000', 1472606729, 1472609584),
('2016-08-31', 'Au(T+N2)', '延期双金', '283.90', '284.00', '284.65', '283.25', '-0.28', '284.70', '211.0000', 1472606714, 1472609584),
('2016-08-31', 'Au99.99', '沪金99', '283.29', '284.99', '284.99', '282.70', '-0.25', '283.99', '201.6000', 1472606728, 1472609584),
('2016-08-31', 'Au(T+N1)', '延期单金', '285.60', '284.10', '289.95', '284.10', '-0.42', '286.80', '69.8000', 1472606725, 1472609584),
('2016-08-31', 'Au99.95', '沪金95', '282.60', '282.60', '282.60', '282.60', '-0.36', '283.61', '40.0000', 1472606647, 1472609584),
('2016-08-31', 'Au100g', '沪金100G', '283.55', '285.44', '285.44', '282.70', '-0.34', '284.51', '14.6000', 1472606720, 1472609584),
('2016-08-31', 'Pt99.95', '沪铂95', '242.00', '244.00', '244.00', '242.00', '-1.22', '245.00', '10.0000', 1472606682, 1472609584),
('2016-08-31', 'iAu99.99', 'IAU99.99', '283.50', '283.50', '283.50', '283.50', '-0.42', '284.69', '0.7000', 1472606731, 1472609584),
('2016-08-31', 'iAu100g', 'IAU100G', '0.00', '0.00', '0.00', '0.00', '0.00', '282.53', '0.0000', 1472605437, 1472609584),
('2016-08-31', 'Au(T+D)', '黄金延期', '283.07', '284.03', '284.27', '282.40', '-0.28', '283.87', '41224.0000', 1472610329, 1472611556),
('2016-08-31', 'mAu(T+D)', '迷你黄金延期', '283.18', '284.13', '284.50', '282.61', '-0.33', '284.12', '4426.2000', 1472610333, 1472611556),
('2016-08-31', 'Au99.99', '沪金99', '283.20', '284.99', '284.99', '282.70', '-0.28', '283.99', '2809.2800', 1472610333, 1472611556),
('2016-08-31', 'Au(T+N2)', '延期双金', '283.85', '284.00', '284.65', '283.25', '-0.30', '284.70', '237.8000', 1472610081, 1472611556),
('2016-08-31', 'Au(T+N1)', '延期单金', '285.60', '284.10', '289.95', '284.10', '-0.42', '286.80', '115.8000', 1472610248, 1472611556),
('2016-08-31', 'Au99.95', '沪金95', '283.00', '282.60', '283.00', '282.60', '-0.22', '283.61', '102.0000', 1472610237, 1472611556),
('2016-08-31', 'Pt99.95', '沪铂95', '242.25', '244.00', '244.00', '242.00', '-1.12', '245.00', '44.0000', 1472610325, 1472611556),
('2016-08-31', 'Au100g', '沪金100G', '283.65', '285.44', '285.44', '282.70', '-0.30', '284.51', '25.2000', 1472610319, 1472611556),
('2016-08-31', 'iAu99.99', 'IAU99.99', '283.50', '283.50', '283.50', '283.50', '-0.42', '284.69', '0.7000', 1472610310, 1472611556),
('2016-08-31', 'iAu100g', 'IAU100G', '0.00', '0.00', '0.00', '0.00', '0.00', '282.53', '0.0000', 1472607960, 1472611556),
('2016-08-31', 'Au(T+D)', '黄金延期', '283.05', '284.03', '284.27', '282.40', '-0.29', '283.87', '44018.0000', 1472612526, 1472613081),
('2016-08-31', 'mAu(T+D)', '迷你黄金延期', '283.19', '284.13', '284.50', '282.61', '-0.33', '284.12', '4618.0000', 1472612526, 1472613081),
('2016-08-31', 'Au99.99', '沪金99', '283.15', '284.99', '284.99', '282.70', '-0.30', '283.99', '4053.8800', 1472612521, 1472613081),
('2016-08-31', 'Au(T+N2)', '延期双金', '283.85', '284.00', '284.65', '283.25', '-0.30', '284.70', '237.8000', 1472612441, 1472613081),
('2016-08-31', 'Au99.95', '沪金95', '283.00', '282.60', '283.05', '282.60', '-0.22', '283.61', '172.0000', 1472612475, 1472613081),
('2016-08-31', 'Au(T+N1)', '延期单金', '285.50', '284.10', '289.95', '284.10', '-0.45', '286.80', '123.8000', 1472612451, 1472613081),
('2016-08-31', 'Pt99.95', '沪铂95', '242.50', '244.00', '244.00', '242.00', '-1.02', '245.00', '62.0000', 1472611667, 1472613081),
('2016-08-31', 'Au100g', '沪金100G', '283.50', '285.44', '285.44', '282.70', '-0.35', '284.51', '31.4000', 1472612441, 1472613081),
('2016-08-31', 'iAu99.99', 'IAU99.99', '283.50', '283.50', '283.50', '283.50', '-0.42', '284.69', '0.7000', 1472612519, 1472613081),
('2016-08-31', 'Au(T+D)', '黄金延期', '282.99', '284.03', '284.27', '282.40', '-0.31', '283.87', '46554.0000', 1472613930, 1472617423),
('2016-08-31', 'mAu(T+D)', '迷你黄金延期', '283.16', '284.13', '284.50', '282.61', '-0.34', '284.12', '4726.0000', 1472613932, 1472617423),
('2016-08-31', 'Au99.99', '沪金99', '283.14', '284.99', '284.99', '282.70', '-0.30', '283.99', '4402.5000', 1472613927, 1472617423),
('2016-08-31', 'Au(T+N2)', '延期双金', '283.85', '284.00', '284.65', '283.25', '-0.30', '284.70', '237.8000', 1472613932, 1472617423),
('2016-08-31', 'Au99.95', '沪金95', '283.00', '282.60', '283.05', '282.60', '-0.22', '283.61', '214.0000', 1472613882, 1472617423),
('2016-08-31', 'Au(T+N1)', '延期单金', '285.50', '284.10', '289.95', '284.10', '-0.45', '286.80', '123.8000', 1472613932, 1472617423),
('2016-08-31', 'Au100g', '沪金100G', '283.50', '285.44', '285.44', '282.70', '-0.35', '284.51', '33.6000', 1472613900, 1472617423),
('2016-08-31', 'iAu99.99', 'IAU99.99', '283.50', '283.50', '283.50', '283.50', '-0.42', '284.69', '0.7000', 1472613932, 1472617423),
('2016-08-31', 'iAu100g', 'IAU100G', '0.00', '0.00', '0.00', '0.00', '0.00', '282.53', '0.0000', 1472612552, 1472617423),
('2016-08-31', 'Au(T+D)', '黄金延期', '283.00', '284.03', '284.27', '282.40', '-0.31', '283.87', '46782.0000', 1472614172, 1472618842),
('2016-08-31', 'mAu(T+D)', '迷你黄金延期', '283.08', '284.13', '284.50', '282.61', '-0.37', '284.12', '4734.4000', 1472614167, 1472618842),
('2016-08-31', 'Au99.99', '沪金99', '283.10', '284.99', '284.99', '282.70', '-0.31', '283.99', '4524.9000', 1472614171, 1472618842),
('2016-08-31', 'Au(T+N2)', '延期双金', '283.85', '284.00', '284.65', '283.25', '-0.30', '284.70', '237.8000', 1472614173, 1472618842),
('2016-08-31', 'Au99.95', '沪金95', '283.00', '282.60', '283.05', '282.60', '-0.22', '283.61', '218.0000', 1472614141, 1472618842),
('2016-08-31', 'Au(T+N1)', '延期单金', '285.50', '284.10', '289.95', '284.10', '-0.45', '286.80', '123.8000', 1472614142, 1472618842),
('2016-08-31', 'Au100g', '沪金100G', '283.50', '285.44', '285.44', '282.70', '-0.35', '284.51', '33.6000', 1472614113, 1472618842),
('2016-08-31', 'iAu99.99', 'IAU99.99', '283.50', '283.50', '283.50', '283.50', '-0.42', '284.69', '0.7000', 1472614170, 1472618842),
('2016-08-31', 'Au(T+D)', '黄金延期', '282.68', '284.03', '284.27', '282.40', '-0.42', '283.87', '53048.0000', 1472626988, 1472627771),
('2016-08-31', 'Au99.99', '沪金99', '282.85', '284.99', '284.99', '282.62', '-0.40', '283.99', '11995.3600', 1472626973, 1472627771),
('2016-08-31', 'mAu(T+D)', '迷你黄金延期', '282.85', '284.13', '284.50', '282.61', '-0.45', '284.12', '5738.6000', 1472626983, 1472627771),
('2016-08-31', 'Au(T+N2)', '延期双金', '283.45', '284.00', '284.65', '283.25', '-0.44', '284.70', '4309.6000', 1472626948, 1472627771),
('2016-08-31', 'Au(T+N1)', '延期单金', '285.55', '284.10', '289.95', '284.10', '-0.44', '286.80', '4124.4000', 1472626975, 1472627771),
('2016-08-31', 'Au99.95', '沪金95', '282.60', '282.60', '283.05', '282.50', '-0.36', '283.61', '544.0000', 1472626984, 1472627771),
('2016-08-31', 'Pt99.95', '沪铂95', '241.75', '244.00', '244.00', '241.75', '-1.33', '245.00', '124.0000', 1472626654, 1472627771),
('2016-08-31', 'Au100g', '沪金100G', '283.00', '285.44', '285.44', '282.70', '-0.53', '284.51', '51.4000', 1472626974, 1472627771),
('2016-08-31', 'iAu99.99', 'IAU99.99', '283.50', '283.50', '283.50', '283.50', '-0.42', '284.69', '0.7000', 1472626954, 1472627771),
('2016-08-31', 'Au(T+D)', '黄金延期', '282.62', '284.03', '284.27', '282.40', '-0.44', '283.87', '54838.0000', 1472628574, 1472631472),
('2016-08-31', 'Au99.99', '沪金99', '283.16', '284.99', '284.99', '282.62', '-0.29', '283.99', '17187.8400', 1472628573, 1472631472),
('2016-08-31', 'mAu(T+D)', '迷你黄金延期', '282.80', '284.13', '284.50', '282.61', '-0.46', '284.12', '6003.0000', 1472628573, 1472631472),
('2016-08-31', 'Au(T+N2)', '延期双金', '283.60', '284.00', '284.65', '283.25', '-0.39', '284.70', '4317.8000', 1472628562, 1472631472),
('2016-08-31', 'Au(T+N1)', '延期单金', '285.55', '284.10', '289.95', '284.10', '-0.44', '286.80', '4124.4000', 1472628562, 1472631472),
('2016-08-31', 'Au99.95', '沪金95', '283.40', '282.60', '283.60', '282.50', '-0.07', '283.61', '662.0000', 1472628573, 1472631472),
('2016-08-31', 'Pt99.95', '沪铂95', '241.75', '244.00', '244.00', '241.75', '-1.33', '245.00', '124.0000', 1472628573, 1472631472),
('2016-08-31', 'Au100g', '沪金100G', '283.00', '285.44', '285.44', '282.70', '-0.53', '284.51', '62.0000', 1472628573, 1472631472),
('2016-08-31', 'iAu99.99', 'IAU99.99', '283.50', '283.50', '283.50', '283.50', '-0.42', '284.69', '0.7000', 1472628573, 1472631472),
('2016-08-31', 'iAu100g', 'IAU100G', '0.00', '0.00', '0.00', '0.00', '0.00', '282.53', '0.0000', 1472628573, 1472631472),
('2016-08-31', 'iAu99.5', 'IAU99.5', '0.00', '0.00', '0.00', '0.00', '0.00', '237.80', '0.0000', 1472628573, 1472631472);

-- --------------------------------------------------------

--
-- 表的结构 `gd_node`
--

CREATE TABLE `gd_node` (
  `node_id` int(11) NOT NULL,
  `mode` enum('auth','menu') NOT NULL DEFAULT 'auth',
  `parent_id` int(11) NOT NULL DEFAULT '0',
  `level` tinyint(4) NOT NULL DEFAULT '1',
  `name` varchar(32) DEFAULT NULL,
  `title` text,
  `path` varchar(96) DEFAULT NULL,
  `status` tinyint(1) NOT NULL DEFAULT '1',
  `auth` tinyint(1) NOT NULL DEFAULT '0',
  `sort` smallint(6) NOT NULL DEFAULT '0',
  `note` text
) ENGINE=InnoDB DEFAULT CHARSET=utf8;

--
-- 转存表中的数据 `gd_node`
--

INSERT INTO `gd_node` (`node_id`, `mode`, `parent_id`, `level`, `name`, `title`, `path`, `status`, `auth`, `sort`, `note`) VALUES
(1, 'auth', 0, 1, 'tool', '小工具', 'tool', 1, 1, 0, NULL),
(2, 'auth', 1, 1, 'API', '通用接口', 'tool/api', 1, 0, 0, ''),
(3, 'auth', 2, 1, 'golden_price', '获取黄金价格', 'tool/api/price', 1, 0, 0, ''),
(4, 'auth', 0, 1, 'auth', '用户模块', '', 1, 1, 0, ''),
(5, 'auth', 4, 1, 'worker', '员工管理', 'auth/worker', 1, 1, 0, ''),
(6, 'auth', 5, 1, 'list', '员工列表页', 'auth/worker/list', 1, 1, 0, ''),
(7, 'auth', 5, 1, 'check_username', '验证用户名有效', 'auth/worker/check_username', 1, 1, 0, ''),
(8, 'auth', 5, 1, 'save', '添加编辑员工', 'auth/worker/save', 1, 1, 0, ''),
(9, 'auth', 5, 1, 'get_info', '获取员工信息', 'auth/worker/get_info', 1, 1, 0, ''),
(10, 'auth', 5, 1, 'activate', '启用员工', 'auth/worker/activate', 1, 1, 0, ''),
(11, 'auth', 5, 1, 'deactivate', '禁用员工', 'auth/worker/deactivate', 1, 1, 0, ''),
(12, 'auth', 4, 1, 'role', '角色模块', 'auth/role', 1, 1, 0, ''),
(13, 'auth', 12, 1, 'index', '角色列表', 'auth/role/index', 1, 1, 0, ''),
(14, 'auth', 12, 1, 'check_code', '验证角色标识', 'auth/role/check_code', 1, 1, 0, ''),
(15, 'auth', 12, 1, 'save', '添加编辑角色', 'auth/role/save', 1, 1, 0, ''),
(16, 'auth', 12, 1, 'get_info', '获取角色信息', 'auth/role/get_info', 1, 1, 0, ''),
(17, 'auth', 4, 1, 'permission', '权限模块', 'auth/permission', 1, 1, 0, ''),
(18, 'auth', 17, 1, 'index', '权限节点树', 'auth/permission/index', 1, 1, 0, ''),
(19, 'auth', 17, 1, 'save', '添加编辑权限节点', 'auth/permission/save', 1, 1, 0, ''),
(20, 'auth', 17, 1, 'delete', '删除节点', 'auth/permission/delete', 1, 1, 0, ''),
(21, 'auth', 17, 1, 'get_info', '获取节点信息', 'auth/permission/get_info', 1, 1, 0, ''),
(22, 'auth', 4, 1, 'profile', '个人资料', 'auth/profile', 1, 0, 0, ''),
(23, 'auth', 22, 1, 'index', '个人资料页面', 'auth/profile/index', 1, 0, 0, ''),
(24, 'auth', 22, 1, 'check_oldpwd', '验证旧密码', 'auth/profile/check_oldpwd', 1, 0, 0, ''),
(25, 'auth', 22, 1, 'password', '重置密码', 'auth/profile/password', 1, 0, 0, ''),
(26, 'auth', 22, 1, 'save', '编辑个人资料', 'auth/profile/save', 1, 0, 0, ''),
(27, 'auth', 22, 1, 'avatar', '上传头像', 'auth/profile/avatar', 1, 0, 0, ''),
(28, 'auth', 0, 1, 'setting', '参数设置', 'setting', 1, 1, 0, ''),
(29, 'auth', 28, 1, 'system', '平台参数', 'setting/system', 1, 1, 0, ''),
(30, 'auth', 29, 1, 'index', '读取平台参数', 'setting/system/index', 1, 1, 0, ''),
(31, 'auth', 29, 1, 'save', '编辑参数', 'setting/system/save', 1, 1, 0, ''),
(32, 'auth', 28, 1, 'project', '业务参数', 'setting/project', 1, 1, 0, ''),
(33, 'auth', 32, 1, 'index', '读取业务参数', 'setting/project/index', 1, 1, 0, ''),
(34, 'auth', 32, 1, 'save', '编辑参数', 'setting/project/save', 1, 1, 0, ''),
(35, 'auth', 32, 1, 'status_list', '读取项目状态列表', 'setting/project/status_list', 1, 1, 0, ''),
(36, 'auth', 32, 1, 'save_status', '编辑项目状态', 'setting/project/save_status', 1, 1, 0, ''),
(37, 'auth', 32, 1, 'check_status', '验证项目状态标识', 'setting/project/check_status', 1, 1, 0, ''),
(38, 'auth', 32, 1, 'get_status', '获取项目状态信息', 'setting/project/get_status', 1, 1, 0, ''),
(39, 'auth', 28, 1, 'api', '接口参数', 'setting/api', 1, 1, 0, ''),
(40, 'auth', 39, 1, 'inde', '读取接口参数', 'setting/api/index', 1, 1, 0, ''),
(41, 'auth', 39, 1, 'save', '编辑参数', 'setting/api/save', 1, 1, 0, ''),
(42, 'auth', 0, 1, 'article', '文章管理', 'article', 1, 1, 0, ''),
(43, 'auth', 42, 1, 'category', '文章分类', 'article/category', 1, 1, 0, ''),
(44, 'auth', 43, 1, 'index', '读取文章分类列表', 'article/category/index', 1, 1, 0, ''),
(45, 'auth', 43, 1, 'save', '添加编辑文章分类', 'article/category/save', 1, 1, 0, ''),
(46, 'auth', 43, 1, 'get_info', '获取文章分类信息', 'article/category/get_info', 1, 1, 0, ''),
(47, 'auth', 43, 1, 'check_code', '验证文章分类标识', 'article/category/check_code', 1, 1, 0, ''),
(48, 'auth', 42, 1, 'article', '文章管理', 'article/article', 1, 1, 0, ''),
(49, 'auth', 48, 1, 'index', '读取所有文章', 'article/article/index', 1, 1, 0, ''),
(50, 'auth', 48, 1, 'form', '加载文章编辑表单', 'article/article/form', 1, 1, 0, ''),
(51, 'auth', 48, 1, 'save', '添加编辑文章', 'article/article/save', 1, 1, 0, ''),
(52, 'auth', 48, 1, 'detail', '查看文章内容', 'article/article/detail', 1, 0, 0, ''),
(53, 'auth', 0, 1, 'project', '项目管理', 'project', 1, 1, 0, ''),
(54, 'auth', 53, 1, 'investing', '钱生金', 'project/investing', 1, 1, 0, ''),
(55, 'auth', 54, 1, 'index', '读取钱生金项目列表', 'project/investing/index', 1, 1, 0, ''),
(57, 'auth', 54, 1, 'applied', '添加项目', 'project/investing/booked', 1, 1, 0, ''),
(59, 'auth', 54, 1, 'checked', '核实项目信息', 'project/investing/checked', 1, 1, 0, ''),
(61, 'auth', 54, 1, 'confirmed', '库管确认', 'project/investing/confirmed', 1, 1, 0, ''),
(63, 'auth', 54, 1, 'applied', '申请取金', 'project/investing/applied', 1, 1, 0, ''),
(65, 'auth', 54, 1, 'taken', '确认提金', 'project/investing/taken', 1, 1, 0, ''),
(67, 'auth', 54, 1, 'refused', '驳回项目', 'project/investing/refused', 1, 1, 0, ''),
(68, 'auth', 54, 1, 'trashed', '废弃项目', 'project/investing/trashed', 1, 1, 0, ''),
(69, 'auth', 53, 1, 'recycling', '金生金', 'project/recycling', 1, 1, 0, ''),
(70, 'auth', 69, 1, 'index', '读取项目列表', 'project/recycling/index', 1, 1, 0, ''),
(72, 'auth', 69, 1, 'booked', '登记项目', 'project/recycling/booked', 1, 1, 0, ''),
(78, 'auth', 69, 1, 'checked', '核实项目信息', 'project/recycling/checked', 1, 1, 0, ''),
(80, 'auth', 69, 3, 'applied', '申请取金凭证', 'project/recycling/applied', 1, 1, 0, ''),
(82, 'auth', 69, 1, 'taken', '确认提金', 'project/recycling/taken', 1, 1, 0, ''),
(84, 'auth', 69, 1, 'refused', '拒绝申请', 'project/recycling/refused', 1, 1, 0, ''),
(85, 'auth', 69, 1, 'trashed', '废弃项目', 'project/recycling/trashed', 1, 1, 0, ''),
(87, 'auth', 69, 1, 'confirmed', '库管确认', 'project/recycling/confirmed', 1, 1, 0, ''),
(88, 'auth', 0, 1, 'dashboard', '首页', '', 1, 0, 0, NULL),
(89, 'auth', 88, 1, 'home', '控制面板', 'home/index', 1, 0, 0, NULL),
(90, 'auth', 0, 1, 'error', '错误提示', '', 1, 0, 0, NULL),
(91, 'auth', 90, 1, 'permission', '无此授权', 'error/permission', 1, 0, 0, NULL),
(92, 'auth', 90, 1, 'permission', '无此授权', 'error/permission/index', 1, 0, 0, NULL),
(93, 'auth', 54, 1, 'update', '编辑项目', 'project/investing/update', 1, 1, 0, ''),
(94, 'auth', 54, 1, 'terminated', '终止项目', 'project/investing/terminated', 1, 1, 0, ''),
(96, 'auth', 54, 1, 'cancle', '取消申请提金', 'project/investing/cancle', 1, 1, 0, ''),
(98, 'auth', 1, 1, 'filemanager', '文件管理', 'tool/filemanager', 1, 0, 0, ''),
(100, 'auth', 98, 1, 'upload', '上传文件', 'tool/filemanager/upload', 1, 0, 0, ''),
(101, 'auth', 98, 1, 'upload', '上传文件', 'tool/filemanager/upload', 1, 0, 0, ''),
(102, 'auth', 5, 1, 'autocomplete', '自动匹配', 'auth/worker/autocomplete', 1, 0, 0, ''),
(103, 'auth', 69, 1, 'update', '编辑项目', 'project/recycling/update', 1, 1, 0, ''),
(104, 'auth', 53, 1, 'customer', '客户管理', 'project/customer', 1, 1, 0, ''),
(105, 'auth', 104, 1, 'index', '查看客户列表', 'project/customer/index', 1, 1, 0, ''),
(106, 'auth', 104, 1, 'update', '更新客户资料', 'project/customer/update', 1, 1, 0, ''),
(107, 'auth', 104, 1, 'stock', '查看客户库存明细', 'project/customer/stock', 1, 1, 0, ''),
(108, 'auth', 104, 1, 'autocomplete', '自动匹配客户资料', 'project/customer/autocomplete', 1, 0, 0, ''),
(109, 'auth', 104, 1, 'applied', '客户提金', 'project/customer/applied', 1, 1, 0, ''),
(110, 'auth', 104, 1, 'order', '门店消费申请', 'project/customer/order', 1, 1, 0, ''),
(111, 'auth', 104, 1, 'taken', '确认申请提金或消费', 'project/customer/taken', 1, 1, 0, ''),
(112, 'auth', 104, 1, 'cancle', '取消客户提金申请', 'project/customer/cancle', 1, 1, 0, '');

-- --------------------------------------------------------

--
-- 表的结构 `gd_project_apply`
--

CREATE TABLE `gd_project_apply` (
  `apply_id` int(11) NOT NULL,
  `project_id` int(11) NOT NULL,
  `phone` varchar(32) COLLATE utf8_unicode_ci DEFAULT NULL,
  `weight` decimal(11,2) NOT NULL DEFAULT '0.00',
  `mode` enum('appling','order') COLLATE utf8_unicode_ci NOT NULL DEFAULT 'appling',
  `note` text COLLATE utf8_unicode_ci,
  `status` tinyint(1) NOT NULL DEFAULT '1',
  `worker_id` int(11) NOT NULL DEFAULT '0',
  `addtime` int(11) NOT NULL DEFAULT '0'
) ENGINE=InnoDB DEFAULT CHARSET=utf8 COLLATE=utf8_unicode_ci;

-- --------------------------------------------------------

--
-- 表的结构 `gd_project_investing`
--

CREATE TABLE `gd_project_investing` (
  `project_id` int(11) NOT NULL,
  `project_sn` char(18) COLLATE utf8_unicode_ci NOT NULL,
  `customer_id` int(11) NOT NULL DEFAULT '0',
  `realname` varchar(32) COLLATE utf8_unicode_ci DEFAULT NULL,
  `phone` varchar(16) COLLATE utf8_unicode_ci NOT NULL,
  `idnumber` char(18) COLLATE utf8_unicode_ci DEFAULT NULL,
  `wechat` varchar(64) COLLATE utf8_unicode_ci DEFAULT NULL,
  `referrer` varchar(32) COLLATE utf8_unicode_ci DEFAULT NULL,
  `price` decimal(6,2) NOT NULL DEFAULT '0.00',
  `weight` decimal(11,2) NOT NULL DEFAULT '0.00',
  `amount` decimal(11,2) NOT NULL DEFAULT '0.00',
  `period` tinyint(4) NOT NULL DEFAULT '0',
  `start` date DEFAULT NULL,
  `end` date DEFAULT NULL,
  `total` decimal(11,2) NOT NULL DEFAULT '0.00',
  `note` text COLLATE utf8_unicode_ci,
  `is_del` tinyint(1) NOT NULL DEFAULT '0',
  `status_id` tinyint(1) NOT NULL DEFAULT '0',
  `worker_id` int(11) NOT NULL DEFAULT '0',
  `addtime` int(11) NOT NULL DEFAULT '0',
  `lasttime` int(11) NOT NULL DEFAULT '0',
  `locker` int(11) NOT NULL DEFAULT '0'
) ENGINE=InnoDB DEFAULT CHARSET=utf8 COLLATE=utf8_unicode_ci;

--
-- 转存表中的数据 `gd_project_investing`
--

INSERT INTO `gd_project_investing` (`project_id`, `project_sn`, `customer_id`, `realname`, `phone`, `idnumber`, `wechat`, `referrer`, `price`, `weight`, `amount`, `period`, `start`, `end`, `total`, `note`, `is_del`, `status_id`, `worker_id`, `addtime`, `lasttime`, `locker`) VALUES
(1, 'SD20156454564522', 0, 'OKOK', '18800011000', NULL, NULL, NULL, '288.88', '100.00', '28888.00', 6, NULL, NULL, '0.00', NULL, 0, 1, 0, 1470000000, 0, 0),
(2, 'SD20155454564511', 0, '林木森', '18800011001', '599455198505050808', '', '', '288.88', '100.00', '28888.00', 1, '2016-08-01', '2016-08-31', '101.50', 'hh', 0, 2, 3, 1470000000, 1472384841, 0),
(3, '1608188031093542', 0, '朱景修', '18850911111', '321324200808080415', '', 'XX', '287.35', '10.00', '2873.50', 3, NULL, NULL, '10.15', '信息不全，且失效期已过', 0, 8, 3, 1471509342, 1472464982, 0),
(4, '1608188261053809', 0, '朱景修', '13813801380', '321325199902024510', '', '', '287.98', '100.00', '28798.00', 12, NULL, NULL, '106.00', '&lt;p&gt;okok&lt;/p&gt;', 0, 1, 3, 1471509489, 1472048310, 0),
(5, '1608181371034554', 0, '沈万三', '18888888888', '325326150008080808', '', '', '287.35', '1000000.00', '287350000.00', 12, NULL, NULL, '1060000.00', '去问问企鹅完全', 0, 1, 3, 1471509954, 1472289031, 0),
(6, '1608186671184447', 0, '赵公明', '15815801580', '321324198808080808', '', '', '287.35', '10.00', '2873.50', 3, '2016-08-18', '2016-11-17', '10.15', '', 0, 6, 3, 1471513487, 1472464146, 0),
(7, '1608183471764952', 0, '马晓云', '13913901390', '500250196606080806', '', '', '287.35', '10.00', '2873.50', 3, '2016-08-18', '2016-11-17', '10.15', '', 0, 6, 3, 1471513792, 1472464905, 0),
(8, '1608222241360343', 0, '朱景修', '18850911766', '321324155010254569', '', '', '286.80', '12.00', '3441.60', 9, NULL, NULL, '12.72', '&lt;p&gt;asdasdsadsa&lt;/p&gt;', 0, 1, 5, 1471842223, 1471856775, 0),
(9, '1608229881435008', 0, '朱景修', '18850911766', '321245198905080904', '', '', '290.00', '100.00', '29000.00', 6, '2016-08-22', '2017-02-21', '106.00', '', 0, 2, 3, 1471848608, 1472386688, 0),
(10, '1608229951425621', 0, '朱景修', '18850911766', '321245198905080904', '', '', '289.67', '100.00', '28967.00', 3, NULL, NULL, '106.00', '', 0, 1, 5, 1471848981, 1471856834, 0),
(11, '1608225151495752', 0, '陈国', '13001023005', '321245198905080904', '', '', '289.67', '12.00', '3476.04', 6, NULL, NULL, '12.72', '&lt;p&gt;asdsadsaxzcxz&lt;/p&gt;', 0, 1, 5, 1471849072, 1471856820, 0),
(12, '1608222511510103', 0, '陈国', '18850911766', '321245198905080904', '', '', '288.39', '12.00', '3460.68', 12, '2016-08-22', '2017-08-21', '12.72', '', 0, 2, 3, 1471849263, 1472386760, 0),
(13, '1608252211011343', 0, '朱景修', '18850911223', '321324196606060606', '', '', '288.15', '12.00', '3457.80', 12, '2016-08-25', '2017-08-24', '12.72', 'sadsadsadsadsadsadsa', 0, 2, 3, 1472091223, 1472289668, 0),
(14, '1608272541144202', 0, '华大妈', '13316618899', '110120199909090909', '', '', '284.52', '1000.00', '284520.00', 12, '2016-08-27', '2017-08-26', '1060.00', '&lt;p&gt;撒打算打算的撒&lt;/p&gt;', 0, 2, 4, 1472269322, 1472278417, 0),
(15, '1608281632155533', 0, '测试', '13344556677', '234123198709089876', '', '', '284.52', '100.00', '28452.00', 12, '2016-08-28', '2017-08-27', '106.00', 'sadsadsadsa', 0, 6, 3, 1472392533, 1472462185, 0);

-- --------------------------------------------------------

--
-- 表的结构 `gd_project_investing_history`
--

CREATE TABLE `gd_project_investing_history` (
  `history_id` int(11) NOT NULL,
  `project_id` int(11) NOT NULL DEFAULT '0',
  `status_id` int(11) NOT NULL DEFAULT '0',
  `note` text COLLATE utf8_unicode_ci NOT NULL,
  `request` text COLLATE utf8_unicode_ci,
  `worker_id` int(11) NOT NULL DEFAULT '0',
  `addtime` int(11) NOT NULL DEFAULT '0',
  `ip` char(15) COLLATE utf8_unicode_ci DEFAULT NULL
) ENGINE=InnoDB DEFAULT CHARSET=utf8 COLLATE=utf8_unicode_ci;

--
-- 转存表中的数据 `gd_project_investing_history`
--

INSERT INTO `gd_project_investing_history` (`history_id`, `project_id`, `status_id`, `note`, `request`, `worker_id`, `addtime`, `ip`) VALUES
(1, 3, 1, '', NULL, 1, 1471509342, NULL),
(2, 4, 1, '', NULL, 1, 1471509489, NULL),
(3, 5, 1, '', NULL, 1, 1471509954, '127.0.0.1'),
(4, 6, 1, '', NULL, 1, 1471513487, '127.0.0.1'),
(5, 7, 1, '', NULL, 1, 1471513792, '127.0.0.1'),
(10, 12, 1, '&lt;p&gt;22222&lt;/p&gt;', NULL, 5, 1471849263, '127.0.0.1'),
(11, 8, 1, '&lt;p&gt;asdasdsadsa&lt;/p&gt;', NULL, 5, 1471856775, '127.0.0.1'),
(12, 11, 1, '&lt;p&gt;asdsadsaxzcxz&lt;/p&gt;', NULL, 5, 1471856820, '127.0.0.1'),
(13, 10, 1, '', NULL, 5, 1471856834, '127.0.0.1'),
(14, 9, 1, '&lt;p&gt;65465456&lt;/p&gt;', NULL, 5, 1471856884, '127.0.0.1'),
(15, 4, 2, '&lt;p&gt;okok&lt;/p&gt;', NULL, 3, 1472048310, '127.0.0.1'),
(16, 2, 2, '', 'array (\n  ''amount'' =&gt; ''28888.00'',\n  ''_amount'' =&gt; ''28888.00'',\n  ''phone'' =&gt; ''18800011001'',\n  ''_phone'' =&gt; ''18800011001'',\n)', 3, 1472049634, '127.0.0.1'),
(17, 3, 2, '', 'array (\n  ''amount'' =&gt; ''2873.50'',\n  ''_amount'' =&gt; ''2873.50'',\n  ''phone'' =&gt; ''18850911111'',\n  ''_phone'' =&gt; ''18850911111'',\n)', 3, 1472049785, '127.0.0.1'),
(18, 6, 2, '', 'array (\n  ''amount'' =&gt; ''2873.50'',\n  ''_amount'' =&gt; ''2873.50'',\n  ''phone'' =&gt; ''15815801580'',\n  ''_phone'' =&gt; ''15815801580'',\n)', 3, 1472049868, '127.0.0.1'),
(19, 7, 2, '', 'array (\n  ''amount'' =&gt; ''2873.50'',\n  ''_amount'' =&gt; ''2873.50'',\n  ''phone'' =&gt; ''13913901390'',\n  ''_phone'' =&gt; ''13913901390'',\n)', 3, 1472049929, '127.0.0.1'),
(20, 12, 2, '&lt;p&gt;sa&lt;span style=&quot;text-decoration: underline;&quot;&gt;&lt;em&gt;&lt;strong&gt;dasdsagfdhgfhgfhgf&lt;/strong&gt;&lt;/em&gt;&lt;/span&gt;&lt;span style=&quot;text-decoration: none;&quot;&gt; &amp;nbsp;&lt;/span&gt;&lt;span style=&quot;text-decoration: line-through;&quot;&gt;sssssss&lt;/span&gt;&lt;/p&gt;', 'array (\n  ''amount'' =&gt; ''3460.68'',\n  ''_amount'' =&gt; ''3460.68'',\n  ''phone'' =&gt; ''18850911766'',\n  ''_phone'' =&gt; ''18850911766'',\n)', 3, 1472049992, '127.0.0.1'),
(21, 9, 2, '&lt;p&gt;6565461333&lt;/p&gt;', 'array (\n  ''amount'' =&gt; ''29000.00'',\n  ''_amount'' =&gt; ''29000.00'',\n  ''phone'' =&gt; ''18850911766'',\n  ''_phone'' =&gt; ''18850911766'',\n)', 3, 1472085444, '127.0.0.1'),
(22, 13, 1, '&lt;p&gt;是老客户&lt;br/&gt;&lt;/p&gt;', '', 5, 1472091223, '127.0.0.1'),
(23, 5, 7, '数据异常', '', 3, 1472093730, '127.0.0.1'),
(24, 14, 1, '&lt;p&gt;疯狂的中国大妈买了2斤黄金，咱们库存够不够&lt;/p&gt;', '', 6, 1472269322, '127.0.0.1'),
(25, 2, 3, '&lt;p&gt;432432432432432432432&lt;br/&gt;&lt;/p&gt;', 'array (\n  ''weight'' =&gt; ''100.00'',\n  ''_weight'' =&gt; ''100.00'',\n  ''phone'' =&gt; ''18800011001'',\n  ''_phone'' =&gt; ''18800011001'',\n)', 7, 1472276945, '127.0.0.1'),
(26, 9, 3, '', 'array (\n  ''weight'' =&gt; ''100.00'',\n  ''_weight'' =&gt; ''100.00'',\n  ''phone'' =&gt; ''18850911766'',\n  ''_phone'' =&gt; ''18850911766'',\n)', 7, 1472277090, '127.0.0.1'),
(28, 9, 3, '&lt;p&gt;fdsfsdggdgfdgfd&lt;br/&gt;&lt;/p&gt;', 'array (\n  ''weight'' =&gt; ''100.00'',\n  ''_weight'' =&gt; ''100.00'',\n  ''phone'' =&gt; ''18850911766'',\n  ''_phone'' =&gt; ''18850911766'',\n)', 7, 1472277224, '127.0.0.1'),
(29, 14, 2, '&lt;p&gt;管够，管够&lt;/p&gt;', 'array (\n  ''amount'' =&gt; ''284520.00'',\n  ''_amount'' =&gt; ''284520.00'',\n  ''phone'' =&gt; ''13316618899'',\n  ''_phone'' =&gt; ''13316618899'',\n)', 4, 1472277747, '127.0.0.1'),
(30, 14, 2, '&lt;p&gt;撒旦撒旦撒&lt;/p&gt;', 'array (\n  ''amount'' =&gt; ''284520.00'',\n  ''_amount'' =&gt; ''284520.00'',\n  ''phone'' =&gt; ''13316618899'',\n  ''_phone'' =&gt; ''13316618899'',\n)', 4, 1472278195, '127.0.0.1'),
(31, 14, 2, '&lt;p&gt;阿斯顿撒旦撒大&lt;/p&gt;', 'array (\n  ''amount'' =&gt; ''284520.00'',\n  ''_amount'' =&gt; ''284520.00'',\n  ''phone'' =&gt; ''13316618899'',\n  ''_phone'' =&gt; ''13316618899'',\n)', 4, 1472278325, '127.0.0.1'),
(32, 14, 2, '&lt;p&gt;撒打算打算的撒&lt;/p&gt;', 'array (\n  ''amount'' =&gt; ''284520.00'',\n  ''_amount'' =&gt; ''284520.00'',\n  ''phone'' =&gt; ''13316618899'',\n  ''_phone'' =&gt; ''13316618899'',\n)', 4, 1472278417, '127.0.0.1'),
(33, 5, 8, '去问问企鹅完全', '', 3, 1472288961, '127.0.0.1'),
(34, 13, 2, 'sadsadsadsadsadsadsa', 'array (\n  ''amount'' =&gt; ''3457.80'',\n  ''_amount'' =&gt; ''3457.80'',\n  ''phone'' =&gt; ''18850911223'',\n  ''_phone'' =&gt; ''18850911223'',\n)', 3, 1472289668, '127.0.0.1'),
(35, 2, 7, '资料不完整', '', 3, 1472289921, '127.0.0.1'),
(36, 2, 1, '                        资料不完整                    ', '', 6, 1472290004, '127.0.0.1'),
(37, 2, 1, '已更改资料              ', '', 6, 1472290152, '127.0.0.1'),
(38, 2, 2, 'hh', 'array (\n  ''amount'' =&gt; ''28888.00'',\n  ''_amount'' =&gt; ''28888.00'',\n  ''phone'' =&gt; ''18800011001'',\n  ''_phone'' =&gt; ''18800011001'',\n)', 3, 1472384841, '127.0.0.1'),
(39, 9, 2, '', 'array (\n  ''amount'' =&gt; ''29000.00'',\n  ''_amount'' =&gt; ''29000.00'',\n  ''phone'' =&gt; ''18850911766'',\n  ''_phone'' =&gt; ''18850911766'',\n)', 3, 1472386688, '127.0.0.1'),
(40, 12, 2, '', 'array (\n  ''amount'' =&gt; ''3460.68'',\n  ''_amount'' =&gt; ''3460.68'',\n  ''phone'' =&gt; ''18850911766'',\n  ''_phone'' =&gt; ''18850911766'',\n)', 3, 1472386760, '127.0.0.1'),
(41, 7, 2, '', 'array (\n  ''amount'' =&gt; ''2873.50'',\n  ''_amount'' =&gt; ''2873.50'',\n  ''phone'' =&gt; ''13913901390'',\n  ''_phone'' =&gt; ''13913901390'',\n)', 3, 1472387499, '127.0.0.1'),
(42, 6, 2, '', 'array (\n  ''amount'' =&gt; ''2873.50'',\n  ''_amount'' =&gt; ''2873.50'',\n  ''phone'' =&gt; ''15815801580'',\n  ''_phone'' =&gt; ''15815801580'',\n)', 3, 1472387579, '127.0.0.1'),
(43, 6, 3, '', 'array (\n  ''weight'' =&gt; ''10.00'',\n  ''_weight'' =&gt; ''10.00'',\n  ''phone'' =&gt; ''15815801580'',\n  ''_phone'' =&gt; ''15815801580'',\n)', 7, 1472388632, '127.0.0.1'),
(44, 6, 3, '', 'array (\n  ''weight'' =&gt; ''10.00'',\n  ''_weight'' =&gt; ''10.00'',\n  ''phone'' =&gt; ''15815801580'',\n  ''_phone'' =&gt; ''15815801580'',\n)', 7, 1472388755, '127.0.0.1'),
(45, 7, 3, '', 'array (\n  ''weight'' =&gt; ''10.00'',\n  ''_weight'' =&gt; ''10.00'',\n  ''phone'' =&gt; ''13913901390'',\n  ''_phone'' =&gt; ''13913901390'',\n)', 7, 1472388933, '127.0.0.1'),
(46, 15, 1, '撒的撒的撒', '', 5, 1472392533, '127.0.0.1'),
(47, 15, 2, 'asdsdd', 'array (\n  ''amount'' =&gt; ''28452.00'',\n  ''_amount'' =&gt; ''28452.00'',\n  ''phone'' =&gt; ''13344556677'',\n  ''_phone'' =&gt; ''13344556677'',\n)', 3, 1472392834, '127.0.0.1'),
(48, 3, 7, 'sadsadsadsa', '', 3, 1472392903, '127.0.0.1'),
(49, 7, 5, 'sdsadsadsadsadsa', 'array (\n  ''weight'' =&gt; ''10.00'',\n  ''_weight'' =&gt; NULL,\n  ''phone'' =&gt; ''13913901390'',\n  ''_phone'' =&gt; ''13913901390'',\n)', 3, 1472441239, '127.0.0.1'),
(50, 7, 3, 'sadsadsadsadsa', '', 3, 1472442851, '127.0.0.1'),
(51, 7, 5, '', 'array (\n  ''weight'' =&gt; ''10'',\n  ''_weight'' =&gt; NULL,\n  ''phone'' =&gt; ''13913901390'',\n  ''_phone'' =&gt; ''13913901390'',\n)', 3, 1472443012, '127.0.0.1'),
(52, 7, 6, '', 'array (\n  ''weight'' =&gt; ''6.00'',\n  ''_weight'' =&gt; ''6.00'',\n  ''phone'' =&gt; ''13913901390'',\n  ''_phone'' =&gt; ''13913901390'',\n  ''_file'' =&gt; NULL,\n  ''_path'' =&gt; NULL,\n)', 7, 1472461119, '127.0.0.1'),
(53, 6, 5, 'dsdfsdf', 'array (\n  ''weight'' =&gt; ''10.00'',\n  ''_weight'' =&gt; NULL,\n  ''phone'' =&gt; ''15815801580'',\n  ''_phone'' =&gt; ''15815801580'',\n)', 3, 1472461279, '127.0.0.1'),
(54, 6, 6, '', 'array (\n  ''weight'' =&gt; ''10.00'',\n  ''_weight'' =&gt; ''10.00'',\n  ''phone'' =&gt; ''15815801580'',\n  ''_phone'' =&gt; ''15815801580'',\n  ''_file'' =&gt; ''工作内容朱景修.txt'',\n  ''_path'' =&gt; ''public/uploads/2016/08/29170539a9718f.txt'',\n)', 7, 1472461542, '127.0.0.1'),
(55, 15, 3, 'ruku', 'array (\n  ''weight'' =&gt; ''100.00'',\n  ''_weight'' =&gt; ''100.00'',\n  ''phone'' =&gt; ''13344556677'',\n  ''_phone'' =&gt; ''13344556677'',\n)', 7, 1472461644, '127.0.0.1'),
(56, 15, 5, '萨达是否', 'array (\n  ''weight'' =&gt; ''100.00'',\n  ''_weight'' =&gt; NULL,\n  ''phone'' =&gt; ''13344556677'',\n  ''_phone'' =&gt; ''13344556677'',\n)', 3, 1472462041, '127.0.0.1'),
(57, 15, 6, 'sadsadsadsa', 'array (\n  ''weight'' =&gt; ''100.00'',\n  ''_weight'' =&gt; ''100.00'',\n  ''phone'' =&gt; ''13344556677'',\n  ''_phone'' =&gt; ''13344556677'',\n  ''_file'' =&gt; ''工作内容朱景修.txt'',\n  ''_path'' =&gt; ''public/uploads/2016/08/29171436087661.txt'',\n)', 7, 1472462083, '127.0.0.1'),
(58, 3, 8, '信息不全，且失效期已过', '', 3, 1472464970, '127.0.0.1');

-- --------------------------------------------------------

--
-- 表的结构 `gd_project_investing_status`
--

CREATE TABLE `gd_project_investing_status` (
  `status_id` int(11) NOT NULL,
  `title` varchar(64) COLLATE utf8_unicode_ci NOT NULL,
  `code` varchar(32) COLLATE utf8_unicode_ci NOT NULL,
  `list_label` varchar(256) COLLATE utf8_unicode_ci DEFAULT NULL,
  `note` varchar(128) COLLATE utf8_unicode_ci NOT NULL,
  `status` tinyint(1) NOT NULL DEFAULT '1'
) ENGINE=InnoDB DEFAULT CHARSET=utf8 COLLATE=utf8_unicode_ci;

--
-- 转存表中的数据 `gd_project_investing_status`
--

INSERT INTO `gd_project_investing_status` (`status_id`, `title`, `code`, `list_label`, `note`, `status`) VALUES
(1, '已登记', 'booked', NULL, '登记客户买金信息', 1),
(2, '已核实', 'checked', NULL, '上级主管核对客户信息、黄金买入信息', 1),
(3, '已确认', 'confirmed', NULL, '库管确认并标记', 1),
(4, '已到期', 'expired', NULL, '项目到期，生金', 1),
(5, '已申请', 'applied', NULL, '申请提金', 1),
(6, '已完结', 'finished', NULL, '到期取金，项目完结 （可转到金生金）', 1),
(7, '已驳回', 'refused', NULL, '客户信息等问题造成', 1),
(8, '已终止', 'terminated', NULL, '提前终止项目', 1);

-- --------------------------------------------------------

--
-- 表的结构 `gd_project_recycling`
--

CREATE TABLE `gd_project_recycling` (
  `project_id` int(11) NOT NULL,
  `project_sn` char(18) COLLATE utf8_unicode_ci NOT NULL,
  `status_id` tinyint(4) NOT NULL DEFAULT '0',
  `customer_id` int(11) NOT NULL DEFAULT '0',
  `referrer_id` int(11) NOT NULL DEFAULT '0',
  `price` decimal(6,2) NOT NULL DEFAULT '0.00',
  `origin_weight` decimal(9,2) NOT NULL DEFAULT '0.00',
  `weight` decimal(9,2) NOT NULL DEFAULT '0.00',
  `number` tinyint(4) NOT NULL DEFAULT '0',
  `type` enum('ornaments','goldbar','other') COLLATE utf8_unicode_ci DEFAULT 'ornaments',
  `appraiser_id` int(11) NOT NULL DEFAULT '0',
  `loss` decimal(5,2) NOT NULL DEFAULT '0.00',
  `note` text COLLATE utf8_unicode_ci,
  `is_del` tinyint(1) NOT NULL DEFAULT '0',
  `worker_id` int(11) NOT NULL DEFAULT '0',
  `addtime` int(11) NOT NULL DEFAULT '0',
  `lasttime` int(11) NOT NULL DEFAULT '0',
  `locker` int(11) NOT NULL DEFAULT '0'
) ENGINE=InnoDB DEFAULT CHARSET=utf8 COLLATE=utf8_unicode_ci;

--
-- 转存表中的数据 `gd_project_recycling`
--

INSERT INTO `gd_project_recycling` (`project_id`, `project_sn`, `status_id`, `customer_id`, `referrer_id`, `price`, `origin_weight`, `weight`, `number`, `type`, `appraiser_id`, `loss`, `note`, `is_del`, `worker_id`, `addtime`, `lasttime`, `locker`) VALUES
(2, 'GR1608306501832112', 1, 2, 2, '283.98', '15.00', '12.00', 2, 'goldbar', 5, '20.00', 'sssssss', 0, 5, 1472552472, 1472570351, 0),
(3, 'GR1608307502051943', 3, 3, 2, '283.98', '16.00', '10.00', 2, 'goldbar', 5, '10.00', '', 0, 7, 1472559583, 1472575739, 0),
(4, 'GR1608315170895534', 1, 4, 12, '283.35', '36.00', '33.00', 3, 'ornaments', 10, '12.00', 'sadsadasdsadsa', 0, 5, 1472604934, 1472605909, 0),
(5, 'GR1608317290971100', 1, 5, 12, '283.15', '33.00', '30.00', 2, 'ornaments', 11, '12.00', '阿斯顿撒旦撒大萨达', 0, 5, 1472605860, 1472605888, 0),
(6, 'GR1608316921351435', 3, 4, 2, '283.10', '52.00', '49.00', 4, 'ornaments', 9, '5.00', 's', 0, 7, 1472620475, 1472630591, 0),
(7, 'GR1608312621525929', 3, 3, 2, '282.85', '50.00', '49.00', 1, 'goldbar', 10, '1.00', 'sadsadsa', 0, 7, 1472630369, 1472630514, 0);

-- --------------------------------------------------------

--
-- 表的结构 `gd_project_recycling_file`
--

CREATE TABLE `gd_project_recycling_file` (
  `file_id` int(11) NOT NULL,
  `project_id` int(11) NOT NULL DEFAULT '0',
  `mode` enum('photo','invoice','report','privacy') COLLATE utf8_unicode_ci NOT NULL DEFAULT 'photo',
  `file` text COLLATE utf8_unicode_ci NOT NULL,
  `status` tinyint(1) NOT NULL DEFAULT '1',
  `worker_id` int(11) NOT NULL DEFAULT '0',
  `addtime` int(11) NOT NULL DEFAULT '0'
) ENGINE=InnoDB DEFAULT CHARSET=utf8 COLLATE=utf8_unicode_ci;

--
-- 转存表中的数据 `gd_project_recycling_file`
--

INSERT INTO `gd_project_recycling_file` (`file_id`, `project_id`, `mode`, `file`, `status`, `worker_id`, `addtime`) VALUES
(11, 2, 'photo', '[{"name":"121034209220f1.jpg","path":"public\\/uploads\\/2016\\/08\\/302312556975e7.jpg"}]', 1, 5, 1472570351),
(12, 2, 'invoice', '[{"name":"user6-128x128.jpg","path":"public\\/uploads\\/2016\\/08\\/3023130308544d.jpg"}]', 1, 5, 1472570351),
(13, 2, 'privacy', '[{"name":"user2-160x160.jpg","path":"public\\/uploads\\/2016\\/08\\/301821078f0ecf.jpg"}]', 1, 5, 1472570351),
(15, 3, 'photo', '[{"name":"user5-128x128.jpg","path":"public\\/uploads\\/2016\\/08\\/30201936b4d0e3.jpg"}]', 1, 5, 1472574278),
(16, 3, 'invoice', '[{"name":"avatar4.png","path":"public\\/uploads\\/2016\\/08\\/31002303eab7ed.png"}]', 1, 5, 1472574278),
(17, 3, 'report', '[{"name":"29155000ed424f.txt","path":"public\\/uploads\\/2016\\/08\\/310023447bd092.txt"}]', 1, 5, 1472574278),
(18, 3, 'privacy', '[{"name":"29155021142d12.txt","path":"public\\/uploads\\/2016\\/08\\/310023375c34ea.txt"}]', 1, 5, 1472574278),
(27, 5, 'photo', '[{"name":"user5-128x128.jpg","path":"public\\/uploads\\/2016\\/08\\/31091042c0e5c2.jpg"}]', 1, 5, 1472605888),
(28, 5, 'invoice', '[{"name":"user8-128x128.jpg","path":"public\\/uploads\\/2016\\/08\\/3109104446eaa8.jpg"}]', 1, 5, 1472605888),
(29, 5, 'report', '[{"name":"29155021142d12.txt","path":"public\\/uploads\\/2016\\/08\\/31091048b7dcd0.txt"}]', 1, 5, 1472605888),
(30, 5, 'privacy', '[{"name":"29155000ed424f.txt","path":"public\\/uploads\\/2016\\/08\\/31091052d4ab0d.txt"}]', 1, 5, 1472605888),
(31, 4, 'photo', '[{"name":"user6-128x128.jpg","path":"public\\/uploads\\/2016\\/08\\/310855155deefd.jpg"}]', 1, 5, 1472605909),
(32, 4, 'invoice', '[{"name":"user2-160x160.jpg","path":"public\\/uploads\\/2016\\/08\\/31085518a259af.jpg"}]', 1, 5, 1472605909),
(33, 4, 'report', '[{"name":"29155021142d12.txt","path":"public\\/uploads\\/2016\\/08\\/31085525b8c906.txt"}]', 1, 5, 1472605909),
(34, 4, 'privacy', '[{"name":"29155000ed424f.txt","path":"public\\/uploads\\/2016\\/08\\/310855291fa9fa.txt"}]', 1, 5, 1472605909),
(35, 6, 'photo', '[{"name":"user1-128x128.jpg","path":"public\\/uploads\\/2016\\/08\\/31131359dd279c.jpg"}]', 1, 5, 1472620475),
(36, 6, 'report', '[{"name":"29155021142d12.txt","path":"public\\/uploads\\/2016\\/08\\/31131427651bc7.txt"}]', 1, 5, 1472620475),
(37, 6, 'privacy', '[{"name":"29155000ed424f.txt","path":"public\\/uploads\\/2016\\/08\\/3113143147d0a8.txt"}]', 1, 5, 1472620475),
(38, 7, 'photo', '[{"name":"avatar.png","path":"public\\/uploads\\/2016\\/08\\/31155911347005.png"}]', 1, 5, 1472630369),
(39, 7, 'invoice', '[{"name":"user6-128x128.jpg","path":"public\\/uploads\\/2016\\/08\\/31155914c7e9ea.jpg"}]', 1, 5, 1472630369),
(40, 7, 'report', '[{"name":"user6-128x128.jpg","path":"public\\/uploads\\/2016\\/08\\/31155919c1b46e.jpg"}]', 1, 5, 1472630369),
(41, 7, 'privacy', '[{"name":"29155000ed424f.txt","path":"public\\/uploads\\/2016\\/08\\/31155926a3a08a.txt"}]', 1, 5, 1472630369);

-- --------------------------------------------------------

--
-- 表的结构 `gd_project_recycling_history`
--

CREATE TABLE `gd_project_recycling_history` (
  `history_id` int(11) NOT NULL,
  `project_id` int(11) NOT NULL DEFAULT '0',
  `status_id` int(11) NOT NULL DEFAULT '0',
  `note` text COLLATE utf8_unicode_ci NOT NULL,
  `request` text COLLATE utf8_unicode_ci,
  `worker_id` int(11) NOT NULL DEFAULT '0',
  `addtime` int(11) NOT NULL DEFAULT '0',
  `ip` char(15) COLLATE utf8_unicode_ci DEFAULT NULL
) ENGINE=InnoDB DEFAULT CHARSET=utf8 COLLATE=utf8_unicode_ci;

--
-- 转存表中的数据 `gd_project_recycling_history`
--

INSERT INTO `gd_project_recycling_history` (`history_id`, `project_id`, `status_id`, `note`, `request`, `worker_id`, `addtime`, `ip`) VALUES
(1, 2, 1, 'ssss', '', 5, 1472552472, '127.0.0.1'),
(2, 3, 1, '', '', 5, 1472559583, '127.0.0.1'),
(3, 3, 1, '', '', 5, 1472569733, '127.0.0.1'),
(4, 2, 1, 'sssssss', '', 5, 1472570023, '127.0.0.1'),
(5, 2, 1, 'sssssss', '', 5, 1472570351, '127.0.0.1'),
(6, 3, 1, '', '', 5, 1472571476, '127.0.0.1'),
(7, 3, 2, 'sadsadsa', 'array (\n  ''weight'' =&gt; ''10.00'',\n  ''_weight'' =&gt; ''10.00'',\n  ''phone'' =&gt; ''18959506595'',\n  ''_phone'' =&gt; ''18959506595'',\n)', 3, 1472573871, '127.0.0.1'),
(8, 3, 6, 'sadsadsadasdsadsa', '', 3, 1472573908, '127.0.0.1'),
(9, 3, 1, 'sadsadsadasdsadsasadsadsadsa', '', 5, 1472574278, '127.0.0.1'),
(10, 3, 2, 'okok', 'array (\n  ''weight'' =&gt; ''10.00'',\n  ''_weight'' =&gt; ''10.00'',\n  ''phone'' =&gt; ''18959506595'',\n  ''_phone'' =&gt; ''18959506595'',\n)', 3, 1472574326, '127.0.0.1'),
(14, 3, 3, '', 'array (\n  ''weight'' =&gt; ''10.00'',\n  ''_weight'' =&gt; ''10.00'',\n  ''phone'' =&gt; ''18959506595'',\n  ''_phone'' =&gt; ''18959506595'',\n)', 7, 1472575739, '127.0.0.1'),
(15, 4, 1, 'sadsadasdsadsa', '', 5, 1472604934, '127.0.0.1'),
(16, 5, 1, '阿斯顿撒旦撒大萨达', '', 5, 1472605860, '127.0.0.1'),
(17, 5, 1, '阿斯顿撒旦撒大萨达', '', 5, 1472605888, '127.0.0.1'),
(18, 4, 1, 'sadsadasdsadsa', '', 5, 1472605909, '127.0.0.1'),
(19, 6, 1, 'sadsada', '', 5, 1472620475, '127.0.0.1'),
(20, 7, 1, '', '', 5, 1472630369, '127.0.0.1'),
(21, 7, 2, 'sadsadsa', 'array (\n  ''weight'' =&gt; ''49.00'',\n  ''_weight'' =&gt; ''49.00'',\n  ''phone'' =&gt; ''18959506595'',\n  ''_phone'' =&gt; ''18959506595'',\n)', 3, 1472630478, '127.0.0.1'),
(22, 7, 3, 'sadsadsa', 'array (\n  ''weight'' =&gt; ''49.00'',\n  ''_weight'' =&gt; ''49.00'',\n  ''phone'' =&gt; ''18959506595'',\n  ''_phone'' =&gt; ''18959506595'',\n)', 7, 1472630514, '127.0.0.1'),
(23, 6, 2, 'sadasdasdsa', 'array (\n  ''weight'' =&gt; ''49.00'',\n  ''_weight'' =&gt; ''49.00'',\n  ''phone'' =&gt; ''18850219878'',\n  ''_phone'' =&gt; ''18850219878'',\n)', 3, 1472630561, '127.0.0.1'),
(24, 6, 3, 's', 'array (\n  ''weight'' =&gt; ''49.00'',\n  ''_weight'' =&gt; ''49.00'',\n  ''phone'' =&gt; ''18850219878'',\n  ''_phone'' =&gt; ''18850219878'',\n)', 7, 1472630591, '127.0.0.1');

-- --------------------------------------------------------

--
-- 表的结构 `gd_project_recycling_status`
--

CREATE TABLE `gd_project_recycling_status` (
  `status_id` int(11) NOT NULL,
  `title` varchar(64) COLLATE utf8_unicode_ci NOT NULL,
  `code` varchar(32) COLLATE utf8_unicode_ci NOT NULL,
  `list_label` varchar(256) COLLATE utf8_unicode_ci DEFAULT NULL,
  `note` varchar(128) COLLATE utf8_unicode_ci NOT NULL,
  `status` tinyint(1) NOT NULL DEFAULT '1'
) ENGINE=InnoDB DEFAULT CHARSET=utf8 COLLATE=utf8_unicode_ci;

--
-- 转存表中的数据 `gd_project_recycling_status`
--

INSERT INTO `gd_project_recycling_status` (`status_id`, `title`, `code`, `list_label`, `note`, `status`) VALUES
(1, '已登记', 'booked', NULL, '登记客户存金信息，含鉴定结果及客户同意书', 1),
(2, '已核实', 'checked', NULL, '上级主管核对客户、物品及鉴定结果', 1),
(3, '已确认', 'confirmed', NULL, '库管确认并标记', 1),
(4, '已申请', 'applied', NULL, '申请提金', 1),
(5, '已完结', 'finished', NULL, '到期取金，项目完结', 1),
(6, '已驳回', 'refused', NULL, '客户信息或黄金物品等问题造成', 1),
(7, '已终止', 'terminated', NULL, '提前终止项目', 1);

-- --------------------------------------------------------

--
-- 表的结构 `gd_project_stock`
--

CREATE TABLE `gd_project_stock` (
  `stock_id` int(11) NOT NULL,
  `project_id` int(11) NOT NULL DEFAULT '0',
  `title` varchar(64) COLLATE utf8_unicode_ci NOT NULL,
  `mode` enum('investing','recycling','stock') COLLATE utf8_unicode_ci NOT NULL DEFAULT 'investing',
  `info` text COLLATE utf8_unicode_ci,
  `weight` decimal(13,2) NOT NULL DEFAULT '0.00',
  `file` text COLLATE utf8_unicode_ci,
  `note` text COLLATE utf8_unicode_ci,
  `status` tinyint(4) NOT NULL,
  `worker_id` int(11) NOT NULL,
  `addtime` int(11) NOT NULL,
  `lasttime` int(11) NOT NULL DEFAULT '0'
) ENGINE=InnoDB DEFAULT CHARSET=utf8 COLLATE=utf8_unicode_ci;

--
-- 转存表中的数据 `gd_project_stock`
--

INSERT INTO `gd_project_stock` (`stock_id`, `project_id`, `title`, `mode`, `info`, `weight`, `file`, `note`, `status`, `worker_id`, `addtime`, `lasttime`) VALUES
(2, 3, '朱静:18959506595:10.00', 'recycling', 'a:11:{s:10:"project_sn";s:18:"GR1608307502051943";s:8:"realname";s:6:"朱静";s:5:"phone";s:11:"18959506595";s:8:"idnumber";s:18:"321324199008080808";s:11:"referrer_id";s:1:"2";s:4:"type";s:7:"goldbar";s:6:"number";s:1:"2";s:13:"origin_weight";s:5:"16.00";s:6:"weight";s:5:"10.00";s:4:"loss";s:5:"10.00";s:12:"appraiser_id";s:1:"5";}', '10.00', NULL, '', 1, 7, 1472575739, 1472575739),
(3, 7, '朱静:18959506595:49.00', 'recycling', 'a:11:{s:10:"project_sn";s:18:"GR1608312621525929";s:8:"realname";s:6:"朱静";s:5:"phone";s:11:"18959506595";s:8:"idnumber";s:18:"321324199008080808";s:11:"referrer_id";s:1:"2";s:4:"type";s:7:"goldbar";s:6:"number";s:1:"1";s:13:"origin_weight";s:5:"50.00";s:6:"weight";s:5:"49.00";s:4:"loss";s:4:"1.00";s:12:"appraiser_id";s:2:"10";}', '49.00', NULL, 'sadsadsa', 1, 7, 1472630514, 1472630514),
(4, 6, '朱景修:18850219878:49.00', 'recycling', 'a:11:{s:10:"project_sn";s:18:"GR1608316921351435";s:8:"realname";s:9:"朱景修";s:5:"phone";s:11:"18850219878";s:8:"idnumber";s:18:"321324195406050508";s:11:"referrer_id";s:1:"2";s:4:"type";s:9:"ornaments";s:6:"number";s:1:"4";s:13:"origin_weight";s:5:"52.00";s:6:"weight";s:5:"49.00";s:4:"loss";s:4:"5.00";s:12:"appraiser_id";s:1:"9";}', '49.00', NULL, 's', 1, 7, 1472630591, 1472630591);

-- --------------------------------------------------------

--
-- 表的结构 `gd_project_trash`
--

CREATE TABLE `gd_project_trash` (
  `trash_id` int(11) NOT NULL,
  `project_id` int(11) NOT NULL,
  `project_sn` char(18) COLLATE utf8_unicode_ci NOT NULL,
  `mode` enum('investing','recycling') COLLATE utf8_unicode_ci NOT NULL DEFAULT 'recycling',
  `customer` varchar(256) COLLATE utf8_unicode_ci DEFAULT NULL,
  `gold` text COLLATE utf8_unicode_ci,
  `status_id` tinyint(4) NOT NULL DEFAULT '0',
  `note` text COLLATE utf8_unicode_ci,
  `worker_id` int(11) NOT NULL DEFAULT '0',
  `addtime` int(11) NOT NULL DEFAULT '0'
) ENGINE=InnoDB DEFAULT CHARSET=utf8 COLLATE=utf8_unicode_ci;

-- --------------------------------------------------------

--
-- 表的结构 `gd_sessions`
--

CREATE TABLE `gd_sessions` (
  `sess_id` varchar(40) COLLATE utf8_unicode_ci NOT NULL,
  `ip_address` varchar(45) COLLATE utf8_unicode_ci NOT NULL,
  `timestamp` int(10) UNSIGNED NOT NULL DEFAULT '0',
  `data` text COLLATE utf8_unicode_ci NOT NULL
) ENGINE=InnoDB DEFAULT CHARSET=utf8 COLLATE=utf8_unicode_ci;

--
-- 转存表中的数据 `gd_sessions`
--

INSERT INTO `gd_sessions` (`sess_id`, `ip_address`, `timestamp`, `data`) VALUES
('b01873b31d62fb5e7623bb3de9bb6fd397180571', '127.0.0.1', 1472627776, '__ci_last_regenerate|i:1472620354;code|s:4:"RNZD";identity|s:12:"dengji-demo1";username|s:12:"dengji-demo1";email|s:6:"b@a.cc";user_id|s:1:"5";old_last_login|s:10:"1472604062";'),
('959ddf722cb69db04ca748e3d97a759fc74c6d29', '127.0.0.1', 1472625554, '__ci_last_regenerate|i:1472621822;code|s:4:"6z2q";identity|s:12:"jingli-demo1";username|s:12:"jingli-demo1";email|s:5:"a@a.c";user_id|s:1:"3";old_last_login|s:10:"1472571603";csrfkey|s:8:"2q5IEr9K";__ci_vars|a:2:{s:7:"csrfkey";s:3:"old";s:9:"csrfvalue";s:3:"old";}csrfvalue|s:20:"ycYEDPIKSqHAJXk2r0QZ";'),
('8bb2ef1eba421fcd9eeb3eec86beb3bf4b519580', '127.0.0.1', 1472626680, '__ci_last_regenerate|i:1472621838;code|s:4:"bu25";identity|s:10:"admin-root";username|s:10:"admin-root";email|s:15:"admin@admin.com";user_id|s:1:"1";old_last_login|s:10:"1472567261";'),
('c3a678e234e5bee901ca8e255dfaa78bd2fe26cf', '127.0.0.1', 1472626424, '__ci_last_regenerate|i:1472626308;code|s:4:"6z2q";identity|s:12:"jingli-demo1";username|s:12:"jingli-demo1";email|s:5:"a@a.c";user_id|s:1:"3";old_last_login|s:10:"1472571603";'),
('dc15e69a70a44514af6c24f3cfcec5cf4ea9c4e0', '127.0.0.1', 1472627028, '__ci_last_regenerate|i:1472626872;code|s:4:"6z2q";identity|s:12:"jingli-demo1";username|s:12:"jingli-demo1";email|s:5:"a@a.c";user_id|s:1:"3";old_last_login|s:10:"1472571603";'),
('ed1bc46960dfe4394a6f2638e6efe0a51c5d888c', '127.0.0.1', 1472627260, '__ci_last_regenerate|i:1472627180;code|s:4:"6z2q";identity|s:12:"jingli-demo1";username|s:12:"jingli-demo1";email|s:5:"a@a.c";user_id|s:1:"3";old_last_login|s:10:"1472571603";'),
('06eb10acf4bba82fcaf9623e8d43f3ef27c1dca5', '127.0.0.1', 1472628026, '__ci_last_regenerate|i:1472627771;code|s:4:"6z2q";identity|s:12:"jingli-demo1";username|s:12:"jingli-demo1";email|s:5:"a@a.c";user_id|s:1:"3";old_last_login|s:10:"1472571603";csrfkey|s:8:"CAU2i6jL";__ci_vars|a:2:{s:7:"csrfkey";s:3:"new";s:9:"csrfvalue";s:3:"new";}csrfvalue|s:20:"pqcfgYL371OZkiSHEReV";'),
('84dc0f39fbd1c7dbedff7dc0e6f62b0bd78f9edb', '127.0.0.1', 1472630256, '__ci_last_regenerate|i:1472627783;code|s:4:"RNZD";identity|s:12:"dengji-demo1";username|s:12:"dengji-demo1";email|s:6:"b@a.cc";user_id|s:1:"5";old_last_login|s:10:"1472604062";'),
('77c4f535047d209104fbfad576a72bbe07649ada', '127.0.0.1', 1472627945, '__ci_last_regenerate|i:1472627824;code|s:4:"9HDr";identity|s:10:"admin-root";username|s:10:"admin-root";email|s:15:"admin@admin.com";user_id|s:1:"1";old_last_login|s:10:"1472606352";'),
('7f07ad426dfcbd9957dda198708f8b8d9cadf633', '127.0.0.1', 1472630420, '__ci_last_regenerate|i:1472627999;code|s:4:"MbQZ";identity|s:12:"kuguan-demo1";username|s:12:"kuguan-demo1";email|s:11:"kuguan@bb.c";user_id|s:1:"7";old_last_login|s:10:"1472627809";'),
('09b22972404798f98756bb5483c2100974599d13', '127.0.0.1', 1472628486, '__ci_last_regenerate|i:1472628201;code|s:4:"6z2q";identity|s:12:"jingli-demo1";username|s:12:"jingli-demo1";email|s:5:"a@a.c";user_id|s:1:"3";old_last_login|s:10:"1472571603";'),
('791c6c090fdfcbaf6a326f4c6622925700d4c8ec', '127.0.0.1', 1472628935, '__ci_last_regenerate|i:1472628665;code|s:4:"6z2q";identity|s:12:"jingli-demo1";username|s:12:"jingli-demo1";email|s:5:"a@a.c";user_id|s:1:"3";old_last_login|s:10:"1472571603";'),
('050c2ec447c00e628b1d9651106cb5368f2f999a', '127.0.0.1', 1472630338, '__ci_last_regenerate|i:1472629001;code|s:4:"6z2q";identity|s:12:"jingli-demo1";username|s:12:"jingli-demo1";email|s:5:"a@a.c";user_id|s:1:"3";old_last_login|s:10:"1472571603";'),
('b0a014a02f89da3df54d3d088947b96bfee45af5', '127.0.0.1', 1472630391, '__ci_last_regenerate|i:1472630258;code|s:4:"RNZD";identity|s:12:"dengji-demo1";username|s:12:"dengji-demo1";email|s:6:"b@a.cc";user_id|s:1:"5";old_last_login|s:10:"1472604062";'),
('89e7c87546e516be2533313cf829ffebbff580e8', '127.0.0.1', 1472630613, '__ci_last_regenerate|i:1472630408;code|s:4:"6z2q";identity|s:12:"jingli-demo1";username|s:12:"jingli-demo1";email|s:5:"a@a.c";user_id|s:1:"3";old_last_login|s:10:"1472571603";'),
('4336130b88ea5403f3b82cfebe854d6676903e30', '127.0.0.1', 1472632262, '__ci_last_regenerate|i:1472630419;code|s:4:"MbQZ";identity|s:12:"kuguan-demo1";username|s:12:"kuguan-demo1";email|s:11:"kuguan@bb.c";user_id|s:1:"7";old_last_login|s:10:"1472627809";'),
('37715fbeb1b80e3a8b92d6f58246dd88ebc85111', '127.0.0.1', 1472633827, '__ci_last_regenerate|i:1472630860;code|s:4:"RNZD";identity|s:12:"dengji-demo1";username|s:12:"dengji-demo1";email|s:6:"b@a.cc";user_id|s:1:"5";old_last_login|s:10:"1472604062";csrfkey|s:8:"a5QFvNlp";__ci_vars|a:2:{s:7:"csrfkey";s:3:"new";s:9:"csrfvalue";s:3:"new";}csrfvalue|s:20:"3fOo0tTB7lQJ5RbKwUm2";'),
('0d6f03805ef09e4f7e2c8288561825c38f661bba', '127.0.0.1', 1472631062, '__ci_last_regenerate|i:1472630955;code|s:4:"Z4VP";identity|s:10:"admin-root";username|s:10:"admin-root";email|s:15:"admin@admin.com";user_id|s:1:"1";old_last_login|s:10:"1472627833";'),
('0a091364ad9c9d4f2be2c4427e42f961724a4658', '127.0.0.1', 1472632236, '__ci_last_regenerate|i:1472631471;code|s:4:"6z2q";identity|s:12:"jingli-demo1";username|s:12:"jingli-demo1";email|s:5:"a@a.c";user_id|s:1:"3";old_last_login|s:10:"1472571603";success|s:38:"已取消提金申请！客户: 朱静";__ci_vars|a:1:{s:7:"success";s:3:"new";}'),
('4b5e63cdb955aae7c58941e55d2a116ac4919be0', '127.0.0.1', 1472632364, '__ci_last_regenerate|i:1472632237;code|s:4:"6z2q";identity|s:12:"jingli-demo1";username|s:12:"jingli-demo1";email|s:5:"a@a.c";user_id|s:1:"3";old_last_login|s:10:"1472571603";'),
('fbe3067540872a11222465bf5f80355e4f60bfad', '127.0.0.1', 1472632704, '__ci_last_regenerate|i:1472632403;code|s:4:"MbQZ";identity|s:12:"kuguan-demo1";username|s:12:"kuguan-demo1";email|s:11:"kuguan@bb.c";user_id|s:1:"7";old_last_login|s:10:"1472627809";'),
('cdfbbede7c86fe0e93a095ee072b6e9bfed405b1', '127.0.0.1', 1472633876, '__ci_last_regenerate|i:1472632674;code|s:4:"6z2q";identity|s:12:"jingli-demo1";username|s:12:"jingli-demo1";email|s:5:"a@a.c";user_id|s:1:"3";old_last_login|s:10:"1472571603";'),
('6915b9785a8332b11bf87f05210bd5c9d2ec3ae6', '127.0.0.1', 1472632714, '__ci_last_regenerate|i:1472632713;code|s:4:"MbQZ";identity|s:12:"kuguan-demo1";username|s:12:"kuguan-demo1";email|s:11:"kuguan@bb.c";user_id|s:1:"7";old_last_login|s:10:"1472627809";'),
('5637a2f2625ec36518e11a16a870217af9cfb433', '127.0.0.1', 1472633667, '__ci_last_regenerate|i:1472633051;code|s:4:"MbQZ";identity|s:12:"kuguan-demo1";username|s:12:"kuguan-demo1";email|s:11:"kuguan@bb.c";user_id|s:1:"7";old_last_login|s:10:"1472627809";csrfkey|s:8:"oYUIORDy";__ci_vars|a:2:{s:7:"csrfkey";s:3:"new";s:9:"csrfvalue";s:3:"new";}csrfvalue|s:20:"MHvuENwA3BtqSDTbm9Ge";'),
('2d8dacfa9e5b3c890dea35858b4b80470395df2f', '127.0.0.1', 1472637895, '__ci_last_regenerate|i:1472633678;code|s:4:"MbQZ";identity|s:12:"kuguan-demo1";username|s:12:"kuguan-demo1";email|s:11:"kuguan@bb.c";user_id|s:1:"7";old_last_login|s:10:"1472627809";'),
('dc131a9e233d6863923d710beb80490170effd5e', '127.0.0.1', 1472637542, '__ci_last_regenerate|i:1472633940;code|s:4:"RNZD";identity|s:12:"dengji-demo1";username|s:12:"dengji-demo1";email|s:6:"b@a.cc";user_id|s:1:"5";old_last_login|s:10:"1472604062";'),
('b66ba73c005fa516de4b90efc0dc505d8d66d91c', '127.0.0.1', 1472637893, '__ci_last_regenerate|i:1472633958;code|s:4:"6z2q";identity|s:12:"jingli-demo1";username|s:12:"jingli-demo1";email|s:5:"a@a.c";user_id|s:1:"3";old_last_login|s:10:"1472571603";');

-- --------------------------------------------------------

--
-- 表的结构 `gd_setting`
--

CREATE TABLE `gd_setting` (
  `setting_id` int(11) UNSIGNED NOT NULL,
  `code` varchar(64) NOT NULL DEFAULT '',
  `value` text,
  `serialized` tinyint(1) NOT NULL DEFAULT '0',
  `group` varchar(64) NOT NULL DEFAULT 'config',
  `initial` tinyint(1) NOT NULL DEFAULT '1'
) ENGINE=InnoDB DEFAULT CHARSET=utf8;

--
-- 转存表中的数据 `gd_setting`
--

INSERT INTO `gd_setting` (`setting_id`, `code`, `value`, `serialized`, `group`, `initial`) VALUES
(4, 'site_name', 'Demo Site', 0, 'site', 1),
(5, 'site_keywords', 'keywords, go, here', 0, 'site', 1),
(6, 'site_description', 'Demo Site description', 0, 'site', 1),
(7, 'site_email', 'noreply@example.com', 0, 'site', 1),
(8, 'golden_price', 'a:2:{s:6:"apikey";s:16:"101ae9aa1007ce6d";s:6:"apiurl";s:34:"http://api.jisuapi.com/gold/shgold";}', 1, 'api', 1),
(9, 'investing_privacy', '2', 0, 'project', 1),
(10, 'investing_initial', '1', 0, 'project', 1),
(11, 'recycling_privacy', '3', 0, 'project', 1),
(12, 'recycling_initial', '1', 0, 'project', 1),
(13, 'profit_weight', '6', 0, 'project', 1),
(14, 'investing_checked', '2', 0, 'project', 1),
(15, 'investing_confirmed', '3', 0, 'project', 1),
(16, 'investing_expired', '4', 0, 'project', 1),
(17, 'investing_lacking', '6', 0, 'project', 1),
(18, 'investing_refused', '7', 0, 'project', 1),
(19, 'investing_terminated', '8', 0, 'project', 1),
(20, 'investing_finished', '6', 0, 'project', 1),
(21, 'investing_applied', '5', 0, 'project', 1),
(22, 'month_taking', '1', 0, 'project', 1),
(23, 'season_taking', '1', 0, 'project', 1),
(24, 'partial_taking', '', 0, 'project', 1),
(25, 'recycling_checked', '2', 0, 'project', 1),
(26, 'recycling_confirmed', '3', 0, 'project', 1),
(27, 'recycling_expired', '4', 0, 'project', 1),
(28, 'recycling_applied', '4', 0, 'project', 1),
(29, 'recycling_finished', '5', 0, 'project', 1),
(30, 'recycling_refused', '6', 0, 'project', 1),
(31, 'recycling_terminated', '7', 0, 'project', 1),
(32, 'order_percent', '30', 0, 'project', 1);

-- --------------------------------------------------------

--
-- 表的结构 `gd_worker`
--

CREATE TABLE `gd_worker` (
  `id` int(11) UNSIGNED NOT NULL,
  `username` varchar(32) DEFAULT NULL,
  `realname` varchar(32) NOT NULL,
  `avatar` varchar(256) DEFAULT NULL,
  `password` varchar(255) NOT NULL,
  `salt` varchar(255) DEFAULT NULL,
  `email` varchar(100) NOT NULL,
  `remember_code` varchar(40) DEFAULT NULL,
  `addtime` int(11) NOT NULL DEFAULT '0',
  `last_login` int(11) DEFAULT '0',
  `last_ip` char(15) NOT NULL,
  `status` tinyint(1) DEFAULT '1',
  `phone` varchar(20) DEFAULT NULL
) ENGINE=InnoDB DEFAULT CHARSET=utf8;

--
-- 转存表中的数据 `gd_worker`
--

INSERT INTO `gd_worker` (`id`, `username`, `realname`, `avatar`, `password`, `salt`, `email`, `remember_code`, `addtime`, `last_login`, `last_ip`, `status`, `phone`) VALUES
(1, 'admin-root', '管理员', 'public/images/avatar/121034209220f1.jpg', '$2a$07$SeBknntpZror9uyftVopmu61qg0ms8Qv1yV6FG.kQOSM.9QhmTo36', '', 'admin@admin.com', NULL, 1469999823, 1472630964, '127.0.0.1', 1, ''),
(2, 'zhujingxiu', '朱景修', NULL, '$2y$08$QQOBCnHUhFTH/CjeWztJGOOfAz2xuqSki7P2qn5/WojZQvXc10NAK', NULL, 'zhujingxiu@hotmail.com', NULL, 1470736567, 1470736771, '127.0.0.1', 1, '18850911766'),
(3, 'jingli-demo1', '经理测试A', 'public/images/avatar/avatar2.png', '$2y$08$k1dyXUI7CRYqc/CpH9UT0ONk93y3sP7EQ5Jdcr/lvOoUE4Tob05Oe', NULL, 'a@a.c', NULL, 1471598448, 1472604007, '127.0.0.1', 1, ''),
(4, 'jingli-demo2', '经理测试B', 'public/images/avatar/user1-128x128.jpg', '$2y$08$1gGt5kfd2/S0WGDZNt6PMu8bj1WBhiww4AgNx4TJSRrJaiQ7jV4gu', NULL, 'a@a.cc', NULL, 1471598720, 1472277405, '127.0.0.1', 1, ''),
(5, 'dengji-demo1', '登记测试A', 'public/images/avatar/avatar1.png', '$2y$08$YHzCZKpn3DYoZWYfE4UD4.7KSke2QaVc5Ou04ljhRNZn5sDqc7QF2', NULL, 'b@a.cc', NULL, 1471598889, 1472617718, '127.0.0.1', 1, ''),
(6, 'dengji-demo2', '录单测试B', 'public/images/avatar/user3-128x128.jpg', '$2y$08$7JByOlb/P/L.c8P.mqeMX.N7qSiLGBWyx3YWA44wUDkAMY0rGKtQS', NULL, 'ludan@b.cc', NULL, 1471598958, 1472269180, '127.0.0.1', 1, ''),
(7, 'kuguan-demo1', '库管测试A', 'public/images/avatar/user4-128x128.jpg', '$2y$08$SuuFWJ0sZL2z.SZDLaTX3Od/bkVZ04Ax1fc1SmDtoVf8X0XjuRuJO', NULL, 'kuguan@bb.c', NULL, 1471599005, 1472628012, '127.0.0.1', 1, ''),
(8, 'kuguan-demo2', '库管测试B', 'public/images/avatar/user5-128x128.jpg', '$2y$08$18MwNqHD5QKE/M2xcF4NXuLScN67KrGQfBCfXPEEEM/W5PNC/5/5G', NULL, 'kuguan@a.cc', NULL, 1471599054, 1472280758, '127.0.0.1', 1, ''),
(9, 'jianding-demo1', '鉴定人A', 'public/images/avatar/user8-128x128.jpg', '$2y$08$GqumJcWGIEa25v1OB3i5M.k8Vgxg99kuKXpGsUs5ZzQiUIp.Qer5G', NULL, 'jianding@g.cc', NULL, 1471599152, 0, '127.0.0.1', 1, ''),
(10, 'jianding-demo2', '鉴定人B', 'public/images/avatar/user7-128x128.jpg', '$2y$08$kPYhqg2giK0IhN5v6WS4WuMQvXq0m0gpF6Cx.xAR4..dsxS9UmNDG', NULL, 'admin@admin.com', NULL, 1471599225, 0, '127.0.0.1', 1, ''),
(11, 'all-demo1', '综合账户', 'public/images/avatar/user2-160x160.jpg', '$2y$08$bnDehV48c1sDsmwPNmmTHOdMMxUE1MHNGItvkmvL7CC2G20doVhcq', NULL, 'all@b.cc', NULL, 1471599856, 1471600479, '127.0.0.1', 1, ''),
(12, 'zhujingxiu1', '朱景修2', NULL, '$2y$08$QQOBCnHUhFTH/CjeWztJGOOfAz2xuqSki7P2qn5/WojZQvXc10NAK', NULL, 'zhujingxiu@hotmail.com', NULL, 1470736567, 1470736771, '127.0.0.1', 1, '18850911766');

-- --------------------------------------------------------

--
-- 表的结构 `gd_worker_activity`
--

CREATE TABLE `gd_worker_activity` (
  `activity_id` int(11) NOT NULL,
  `worker_id` int(11) NOT NULL DEFAULT '0',
  `content` varchar(256) COLLATE utf8_unicode_ci DEFAULT NULL,
  `addtime` int(11) NOT NULL
) ENGINE=InnoDB DEFAULT CHARSET=utf8 COLLATE=utf8_unicode_ci;

--
-- 转存表中的数据 `gd_worker_activity`
--

INSERT INTO `gd_worker_activity` (`activity_id`, `worker_id`, `content`, `addtime`) VALUES
(1, 1, 'SELECT COUNT(*) AS `numrows`', 1472186284),
(2, 1, 'SELECT COUNT(*) AS `numrows`\nFROM `gd_golden_price`\nWHERE `date` = ''2016-08-25''', 1472186366),
(3, 1, 'SELECT COUNT(*) AS `numrows`', 1472194969),
(4, 1, 'SELECT COUNT(*) AS `numrows`', 1472194969),
(5, 1, 'SELECT COUNT(*) AS `numrows`', 1472194969),
(6, 1, 'SELECT COUNT(*) AS `numrows`', 1472194969),
(7, 1, 'SELECT COUNT(*) AS `numrows`', 1472194969),
(8, 1, 'SELECT COUNT(*) AS `numrows`', 1472194969),
(9, 1, 'SELECT COUNT(*) AS `numrows`', 1472194969),
(10, 1, 'SELECT COUNT(*) AS `numrows`', 1472194969),
(11, 1, 'SELECT COUNT(*) AS `numrows`', 1472194969),
(12, 1, 'SELECT COUNT(*) AS `numrows`', 1472194969),
(13, 1, 'SELECT COUNT(*) AS `numrows`', 1472194969),
(14, 1, 'SELECT COUNT(*) AS `numrows`', 1472194999),
(15, 1, 'SELECT COUNT(*) AS `numrows`', 1472194999),
(16, 1, 'SELECT COUNT(*) AS `numrows`', 1472194999),
(17, 1, 'SELECT COUNT(*) AS `numrows`', 1472194999),
(18, 1, 'SELECT COUNT(*) AS `numrows`', 1472194999),
(19, 1, 'SELECT COUNT(*) AS `numrows`', 1472194999),
(20, 1, 'SELECT COUNT(*) AS `numrows`', 1472194999),
(21, 1, 'SELECT COUNT(*) AS `numrows`', 1472194999),
(22, 1, 'SELECT COUNT(*) AS `numrows`', 1472194999),
(23, 1, 'SELECT COUNT(*) AS `numrows`', 1472194999),
(24, 1, 'SELECT COUNT(*) AS `numrows`', 1472194999),
(25, 1, 'SELECT COUNT(*) AS `numrows`', 1472195029),
(26, 1, 'SELECT COUNT(*) AS `numrows`', 1472195029),
(27, 1, 'SELECT COUNT(*) AS `numrows`', 1472195029),
(28, 1, 'SELECT COUNT(*) AS `numrows`', 1472195029),
(29, 1, 'SELECT COUNT(*) AS `numrows`', 1472195029),
(30, 1, 'SELECT COUNT(*) AS `numrows`', 1472195029),
(31, 1, 'SELECT COUNT(*) AS `numrows`', 1472195029),
(32, 1, 'SELECT COUNT(*) AS `numrows`', 1472195029),
(33, 1, 'SELECT COUNT(*) AS `numrows`', 1472195029),
(34, 1, 'SELECT COUNT(*) AS `numrows`', 1472195029),
(35, 1, 'SELECT COUNT(*) AS `numrows`', 1472195029),
(36, 1, 'SELECT COUNT(*) AS `numrows`', 1472195059),
(37, 1, 'SELECT COUNT(*) AS `numrows`', 1472195059),
(38, 1, 'SELECT COUNT(*) AS `numrows`', 1472195059),
(39, 1, 'SELECT COUNT(*) AS `numrows`', 1472195059),
(40, 1, 'SELECT COUNT(*) AS `numrows`', 1472195059),
(41, 1, 'SELECT COUNT(*) AS `numrows`', 1472195059),
(42, 1, 'SELECT COUNT(*) AS `numrows`', 1472195059),
(43, 1, 'SELECT COUNT(*) AS `numrows`', 1472195059),
(44, 1, 'SELECT COUNT(*) AS `numrows`', 1472195059),
(45, 1, 'SELECT COUNT(*) AS `numrows`', 1472195059),
(46, 1, 'SELECT COUNT(*) AS `numrows`', 1472195059),
(47, 1, 'SELECT COUNT(*) AS `numrows`', 1472195089),
(48, 1, 'SELECT COUNT(*) AS `numrows`', 1472195089),
(49, 1, 'SELECT COUNT(*) AS `numrows`', 1472195089),
(50, 1, 'SELECT COUNT(*) AS `numrows`', 1472195089),
(51, 1, 'SELECT COUNT(*) AS `numrows`', 1472195089),
(52, 1, 'SELECT COUNT(*) AS `numrows`', 1472195089),
(53, 1, 'SELECT COUNT(*) AS `numrows`', 1472195089),
(54, 1, 'SELECT COUNT(*) AS `numrows`', 1472195089),
(55, 1, 'SELECT COUNT(*) AS `numrows`', 1472195089),
(56, 1, 'SELECT COUNT(*) AS `numrows`', 1472195089),
(57, 1, 'SELECT COUNT(*) AS `numrows`', 1472195089),
(58, 1, 'SELECT COUNT(*) AS `numrows`', 1472195119),
(59, 1, 'SELECT COUNT(*) AS `numrows`', 1472195119),
(60, 1, 'SELECT COUNT(*) AS `numrows`', 1472195119),
(61, 1, 'SELECT COUNT(*) AS `numrows`', 1472195119),
(62, 1, 'SELECT COUNT(*) AS `numrows`', 1472195119),
(63, 1, 'SELECT COUNT(*) AS `numrows`', 1472195119),
(64, 1, 'SELECT COUNT(*) AS `numrows`', 1472195119),
(65, 1, 'SELECT COUNT(*) AS `numrows`', 1472195119),
(66, 1, 'SELECT COUNT(*) AS `numrows`', 1472195119),
(67, 1, 'SELECT COUNT(*) AS `numrows`', 1472195119),
(68, 1, 'SELECT COUNT(*) AS `numrows`', 1472195119),
(69, 1, 'SELECT COUNT(*) AS `numrows`', 1472195149),
(70, 1, 'SELECT COUNT(*) AS `numrows`', 1472195149),
(71, 1, 'SELECT COUNT(*) AS `numrows`', 1472195149),
(72, 1, 'SELECT COUNT(*) AS `numrows`', 1472195149),
(73, 1, 'SELECT COUNT(*) AS `numrows`', 1472195149),
(74, 1, 'SELECT COUNT(*) AS `numrows`', 1472195149),
(75, 1, 'SELECT COUNT(*) AS `numrows`', 1472195149),
(76, 1, 'SELECT COUNT(*) AS `numrows`', 1472195149),
(77, 1, 'SELECT COUNT(*) AS `numrows`', 1472195149),
(78, 1, 'SELECT COUNT(*) AS `numrows`', 1472195149),
(79, 1, 'SELECT COUNT(*) AS `numrows`', 1472195149),
(80, 1, 'SELECT COUNT(*) AS `numrows`', 1472195178),
(81, 1, 'SELECT COUNT(*) AS `numrows`', 1472195178),
(82, 1, 'SELECT COUNT(*) AS `numrows`', 1472195178),
(83, 1, 'SELECT COUNT(*) AS `numrows`', 1472195178),
(84, 1, 'SELECT COUNT(*) AS `numrows`', 1472195178),
(85, 1, 'SELECT COUNT(*) AS `numrows`', 1472195178),
(86, 1, 'SELECT COUNT(*) AS `numrows`', 1472195178),
(87, 1, 'SELECT COUNT(*) AS `numrows`', 1472195178),
(88, 1, 'SELECT COUNT(*) AS `numrows`', 1472195178),
(89, 1, 'SELECT COUNT(*) AS `numrows`', 1472195178),
(90, 1, 'SELECT COUNT(*) AS `numrows`', 1472195178),
(91, 1, 'SELECT COUNT(*) AS `numrows`', 1472195208),
(92, 1, 'SELECT COUNT(*) AS `numrows`', 1472195208),
(93, 1, 'SELECT COUNT(*) AS `numrows`', 1472195208),
(94, 1, 'SELECT COUNT(*) AS `numrows`', 1472195208),
(95, 1, 'SELECT COUNT(*) AS `numrows`', 1472195208),
(96, 1, 'SELECT COUNT(*) AS `numrows`', 1472195208),
(97, 1, 'SELECT COUNT(*) AS `numrows`', 1472195208),
(98, 1, 'SELECT COUNT(*) AS `numrows`', 1472195208),
(99, 1, 'SELECT COUNT(*) AS `numrows`', 1472195208),
(100, 1, 'SELECT COUNT(*) AS `numrows`', 1472195208),
(101, 1, 'SELECT COUNT(*) AS `numrows`', 1472195208),
(102, 1, 'SELECT COUNT(*) AS `numrows`', 1472195238),
(103, 1, 'SELECT COUNT(*) AS `numrows`', 1472195238),
(104, 1, 'SELECT COUNT(*) AS `numrows`', 1472195238),
(105, 1, 'SELECT COUNT(*) AS `numrows`', 1472195238),
(106, 1, 'SELECT COUNT(*) AS `numrows`', 1472195238),
(107, 1, 'SELECT COUNT(*) AS `numrows`', 1472195238),
(108, 1, 'SELECT COUNT(*) AS `numrows`', 1472195238),
(109, 1, 'SELECT COUNT(*) AS `numrows`', 1472195238),
(110, 1, 'SELECT COUNT(*) AS `numrows`', 1472195238),
(111, 1, 'SELECT COUNT(*) AS `numrows`', 1472195238),
(112, 1, 'SELECT COUNT(*) AS `numrows`', 1472195238),
(113, 1, 'SELECT COUNT(*) AS `numrows`', 1472195268),
(114, 1, 'SELECT COUNT(*) AS `numrows`', 1472195268),
(115, 1, 'SELECT COUNT(*) AS `numrows`', 1472195268),
(116, 1, 'SELECT COUNT(*) AS `numrows`', 1472195268),
(117, 1, 'SELECT COUNT(*) AS `numrows`', 1472195268),
(118, 1, 'SELECT COUNT(*) AS `numrows`', 1472195268),
(119, 1, 'SELECT COUNT(*) AS `numrows`', 1472195268),
(120, 1, 'SELECT COUNT(*) AS `numrows`', 1472195268),
(121, 1, 'SELECT COUNT(*) AS `numrows`', 1472195268),
(122, 1, 'SELECT COUNT(*) AS `numrows`', 1472195268),
(123, 1, 'SELECT COUNT(*) AS `numrows`', 1472195268),
(124, 1, 'SELECT COUNT(*) AS `numrows`', 1472195298),
(125, 1, 'SELECT COUNT(*) AS `numrows`', 1472195298),
(126, 1, 'SELECT COUNT(*) AS `numrows`', 1472195298),
(127, 1, 'SELECT COUNT(*) AS `numrows`', 1472195298),
(128, 1, 'SELECT COUNT(*) AS `numrows`', 1472195298),
(129, 1, 'SELECT COUNT(*) AS `numrows`', 1472195298),
(130, 1, 'SELECT COUNT(*) AS `numrows`', 1472195298),
(131, 1, 'SELECT COUNT(*) AS `numrows`', 1472195298),
(132, 1, 'SELECT COUNT(*) AS `numrows`', 1472195298),
(133, 1, 'SELECT COUNT(*) AS `numrows`', 1472195298),
(134, 1, 'SELECT COUNT(*) AS `numrows`', 1472195298),
(135, 1, 'SELECT COUNT(*) AS `numrows`', 1472195329),
(136, 1, 'SELECT COUNT(*) AS `numrows`', 1472195329),
(137, 1, 'SELECT COUNT(*) AS `numrows`', 1472195329),
(138, 1, 'SELECT COUNT(*) AS `numrows`', 1472195329),
(139, 1, 'SELECT COUNT(*) AS `numrows`', 1472195329),
(140, 1, 'SELECT COUNT(*) AS `numrows`', 1472195329),
(141, 1, 'SELECT COUNT(*) AS `numrows`', 1472195329),
(142, 1, 'SELECT COUNT(*) AS `numrows`', 1472195329),
(143, 1, 'SELECT COUNT(*) AS `numrows`', 1472195329),
(144, 1, 'SELECT COUNT(*) AS `numrows`', 1472195329),
(145, 1, 'SELECT COUNT(*) AS `numrows`', 1472195329),
(146, 1, 'SELECT COUNT(*) AS `numrows`\nFROM `gd_golden_today`\nWHERE `updatetime` = 1472190237\nAND `type` = ''Au(T+D)''', 1472195359),
(147, 1, 'SELECT COUNT(*) AS `numrows`\nFROM `gd_golden_today`\nWHERE `updatetime` = 1472190233\nAND `type` = ''Au99.99''', 1472195359),
(148, 1, 'SELECT COUNT(*) AS `numrows`\nFROM `gd_golden_today`\nWHERE `updatetime` = 1472190237\nAND `type` = ''mAu(T+D)''', 1472195359),
(149, 1, 'SELECT COUNT(*) AS `numrows`\nFROM `gd_golden_today`\nWHERE `updatetime` = 1472190232\nAND `type` = ''Au(T+N2)''', 1472195359),
(150, 1, 'SELECT COUNT(*) AS `numrows`\nFROM `gd_golden_today`\nWHERE `updatetime` = 1472190158\nAND `type` = ''Au99.95''', 1472195359),
(151, 1, 'SELECT COUNT(*) AS `numrows`\nFROM `gd_golden_today`\nWHERE `updatetime` = 1472189752\nAND `type` = ''Pt99.95''', 1472195359),
(152, 1, 'SELECT COUNT(*) AS `numrows`\nFROM `gd_golden_today`\nWHERE `updatetime` = 1472190233\nAND `type` = ''Au(T+N1)''', 1472195359),
(153, 1, 'SELECT COUNT(*) AS `numrows`\nFROM `gd_golden_today`\nWHERE `updatetime` = 1472190063\nAND `type` = ''Au100g''', 1472195359),
(154, 1, 'SELECT COUNT(*) AS `numrows`\nFROM `gd_golden_today`\nWHERE `updatetime` = 1472190224\nAND `type` = ''iAu99.99''', 1472195359),
(155, 1, 'SELECT COUNT(*) AS `numrows`\nFROM `gd_golden_today`\nWHERE `updatetime` = 1472145654\nAND `type` = ''iAu100g''', 1472195359),
(156, 1, 'SELECT COUNT(*) AS `numrows`\nFROM `gd_golden_today`\nWHERE `updatetime` = 1472125226\nAND `type` = ''iAu99.5''', 1472195359),
(157, 1, 'SELECT COUNT(*) AS `numrows`\nFROM `gd_golden_today`\nWHERE `updatetime` = 1472190237\nAND `type` = ''Au(T+D)''', 1472195389),
(158, 1, 'SELECT COUNT(*) AS `numrows`\nFROM `gd_golden_today`\nWHERE `updatetime` = 1472190233\nAND `type` = ''Au99.99''', 1472195389),
(159, 1, 'SELECT COUNT(*) AS `numrows`\nFROM `gd_golden_today`\nWHERE `updatetime` = 1472190237\nAND `type` = ''mAu(T+D)''', 1472195389),
(160, 1, 'SELECT COUNT(*) AS `numrows`\nFROM `gd_golden_today`\nWHERE `updatetime` = 1472190232\nAND `type` = ''Au(T+N2)''', 1472195389),
(161, 1, 'SELECT COUNT(*) AS `numrows`\nFROM `gd_golden_today`\nWHERE `updatetime` = 1472190158\nAND `type` = ''Au99.95''', 1472195389),
(162, 1, 'SELECT COUNT(*) AS `numrows`\nFROM `gd_golden_today`\nWHERE `updatetime` = 1472189752\nAND `type` = ''Pt99.95''', 1472195389),
(163, 1, 'SELECT COUNT(*) AS `numrows`\nFROM `gd_golden_today`\nWHERE `updatetime` = 1472190233\nAND `type` = ''Au(T+N1)''', 1472195389),
(164, 1, 'SELECT COUNT(*) AS `numrows`\nFROM `gd_golden_today`\nWHERE `updatetime` = 1472190063\nAND `type` = ''Au100g''', 1472195389),
(165, 1, 'SELECT COUNT(*) AS `numrows`\nFROM `gd_golden_today`\nWHERE `updatetime` = 1472190224\nAND `type` = ''iAu99.99''', 1472195389),
(166, 1, 'SELECT COUNT(*) AS `numrows`\nFROM `gd_golden_today`\nWHERE `updatetime` = 1472145654\nAND `type` = ''iAu100g''', 1472195389),
(167, 1, 'SELECT COUNT(*) AS `numrows`\nFROM `gd_golden_today`\nWHERE `updatetime` = 1472125226\nAND `type` = ''iAu99.5''', 1472195389),
(168, 1, 'SELECT COUNT(*) AS `numrows`\nFROM `gd_golden_today`\nWHERE `updatetime` = 1472190237\nAND `type` = ''Au(T+D)''', 1472195419),
(169, 1, 'SELECT COUNT(*) AS `numrows`\nFROM `gd_golden_today`\nWHERE `updatetime` = 1472190233\nAND `type` = ''Au99.99''', 1472195419),
(170, 1, 'SELECT COUNT(*) AS `numrows`\nFROM `gd_golden_today`\nWHERE `updatetime` = 1472190237\nAND `type` = ''mAu(T+D)''', 1472195419),
(171, 1, 'SELECT COUNT(*) AS `numrows`\nFROM `gd_golden_today`\nWHERE `updatetime` = 1472190232\nAND `type` = ''Au(T+N2)''', 1472195419),
(172, 1, 'SELECT COUNT(*) AS `numrows`\nFROM `gd_golden_today`\nWHERE `updatetime` = 1472190158\nAND `type` = ''Au99.95''', 1472195419),
(173, 1, 'SELECT COUNT(*) AS `numrows`\nFROM `gd_golden_today`\nWHERE `updatetime` = 1472189752\nAND `type` = ''Pt99.95''', 1472195419),
(174, 1, 'SELECT COUNT(*) AS `numrows`\nFROM `gd_golden_today`\nWHERE `updatetime` = 1472190233\nAND `type` = ''Au(T+N1)''', 1472195419),
(175, 1, 'SELECT COUNT(*) AS `numrows`\nFROM `gd_golden_today`\nWHERE `updatetime` = 1472190063\nAND `type` = ''Au100g''', 1472195419),
(176, 1, 'SELECT COUNT(*) AS `numrows`\nFROM `gd_golden_today`\nWHERE `updatetime` = 1472190224\nAND `type` = ''iAu99.99''', 1472195419),
(177, 1, 'SELECT COUNT(*) AS `numrows`\nFROM `gd_golden_today`\nWHERE `updatetime` = 1472145654\nAND `type` = ''iAu100g''', 1472195419),
(178, 1, 'SELECT COUNT(*) AS `numrows`\nFROM `gd_golden_today`\nWHERE `updatetime` = 1472125226\nAND `type` = ''iAu99.5''', 1472195419),
(179, 1, 'SELECT COUNT(*) AS `numrows`\nFROM `gd_golden_today`\nWHERE `updatetime` = 1472190237\nAND `type` = ''Au(T+D)''', 1472195449),
(180, 1, 'SELECT COUNT(*) AS `numrows`\nFROM `gd_golden_today`\nWHERE `updatetime` = 1472190233\nAND `type` = ''Au99.99''', 1472195449),
(181, 1, 'SELECT COUNT(*) AS `numrows`\nFROM `gd_golden_today`\nWHERE `updatetime` = 1472190237\nAND `type` = ''mAu(T+D)''', 1472195449),
(182, 1, 'SELECT COUNT(*) AS `numrows`\nFROM `gd_golden_today`\nWHERE `updatetime` = 1472190232\nAND `type` = ''Au(T+N2)''', 1472195449),
(183, 1, 'SELECT COUNT(*) AS `numrows`\nFROM `gd_golden_today`\nWHERE `updatetime` = 1472190158\nAND `type` = ''Au99.95''', 1472195449),
(184, 1, 'SELECT COUNT(*) AS `numrows`\nFROM `gd_golden_today`\nWHERE `updatetime` = 1472189752\nAND `type` = ''Pt99.95''', 1472195449),
(185, 1, 'SELECT COUNT(*) AS `numrows`\nFROM `gd_golden_today`\nWHERE `updatetime` = 1472190233\nAND `type` = ''Au(T+N1)''', 1472195449),
(186, 1, 'SELECT COUNT(*) AS `numrows`\nFROM `gd_golden_today`\nWHERE `updatetime` = 1472190063\nAND `type` = ''Au100g''', 1472195449),
(187, 1, 'SELECT COUNT(*) AS `numrows`\nFROM `gd_golden_today`\nWHERE `updatetime` = 1472190224\nAND `type` = ''iAu99.99''', 1472195449),
(188, 1, 'SELECT COUNT(*) AS `numrows`\nFROM `gd_golden_today`\nWHERE `updatetime` = 1472145654\nAND `type` = ''iAu100g''', 1472195449),
(189, 1, 'SELECT COUNT(*) AS `numrows`\nFROM `gd_golden_today`\nWHERE `updatetime` = 1472125226\nAND `type` = ''iAu99.5''', 1472195449),
(190, 1, 'SELECT COUNT(*) AS `numrows`\nFROM `gd_golden_today`\nWHERE `updatetime` = 1472190237\nAND `type` = ''Au(T+D)''', 1472195479),
(191, 1, 'SELECT COUNT(*) AS `numrows`\nFROM `gd_golden_today`\nWHERE `updatetime` = 1472190233\nAND `type` = ''Au99.99''', 1472195479),
(192, 1, 'SELECT COUNT(*) AS `numrows`\nFROM `gd_golden_today`\nWHERE `updatetime` = 1472190237\nAND `type` = ''mAu(T+D)''', 1472195479),
(193, 1, 'SELECT COUNT(*) AS `numrows`\nFROM `gd_golden_today`\nWHERE `updatetime` = 1472190232\nAND `type` = ''Au(T+N2)''', 1472195479),
(194, 1, 'SELECT COUNT(*) AS `numrows`\nFROM `gd_golden_today`\nWHERE `updatetime` = 1472190158\nAND `type` = ''Au99.95''', 1472195479),
(195, 1, 'SELECT COUNT(*) AS `numrows`\nFROM `gd_golden_today`\nWHERE `updatetime` = 1472189752\nAND `type` = ''Pt99.95''', 1472195479),
(196, 1, 'SELECT COUNT(*) AS `numrows`\nFROM `gd_golden_today`\nWHERE `updatetime` = 1472190233\nAND `type` = ''Au(T+N1)''', 1472195479),
(197, 1, 'SELECT COUNT(*) AS `numrows`\nFROM `gd_golden_today`\nWHERE `updatetime` = 1472190063\nAND `type` = ''Au100g''', 1472195479),
(198, 1, 'SELECT COUNT(*) AS `numrows`\nFROM `gd_golden_today`\nWHERE `updatetime` = 1472190224\nAND `type` = ''iAu99.99''', 1472195479),
(199, 1, 'SELECT COUNT(*) AS `numrows`\nFROM `gd_golden_today`\nWHERE `updatetime` = 1472145654\nAND `type` = ''iAu100g''', 1472195479),
(200, 1, 'SELECT COUNT(*) AS `numrows`\nFROM `gd_golden_today`\nWHERE `updatetime` = 1472125226\nAND `type` = ''iAu99.5''', 1472195479),
(201, 1, 'SELECT COUNT(*) AS `numrows`\nFROM `gd_golden_today`\nWHERE `updatetime` = 1472190237\nAND `type` = ''Au(T+D)''', 1472195508),
(202, 1, 'SELECT COUNT(*) AS `numrows`\nFROM `gd_golden_today`\nWHERE `updatetime` = 1472190233\nAND `type` = ''Au99.99''', 1472195508),
(203, 1, 'SELECT COUNT(*) AS `numrows`\nFROM `gd_golden_today`\nWHERE `updatetime` = 1472190237\nAND `type` = ''mAu(T+D)''', 1472195508),
(204, 1, 'SELECT COUNT(*) AS `numrows`\nFROM `gd_golden_today`\nWHERE `updatetime` = 1472190232\nAND `type` = ''Au(T+N2)''', 1472195508),
(205, 1, 'SELECT COUNT(*) AS `numrows`\nFROM `gd_golden_today`\nWHERE `updatetime` = 1472190158\nAND `type` = ''Au99.95''', 1472195508),
(206, 1, 'SELECT COUNT(*) AS `numrows`\nFROM `gd_golden_today`\nWHERE `updatetime` = 1472189752\nAND `type` = ''Pt99.95''', 1472195508),
(207, 1, 'SELECT COUNT(*) AS `numrows`\nFROM `gd_golden_today`\nWHERE `updatetime` = 1472190233\nAND `type` = ''Au(T+N1)''', 1472195508),
(208, 1, 'SELECT COUNT(*) AS `numrows`\nFROM `gd_golden_today`\nWHERE `updatetime` = 1472190063\nAND `type` = ''Au100g''', 1472195508),
(209, 1, 'SELECT COUNT(*) AS `numrows`\nFROM `gd_golden_today`\nWHERE `updatetime` = 1472190224\nAND `type` = ''iAu99.99''', 1472195508),
(210, 1, 'SELECT COUNT(*) AS `numrows`\nFROM `gd_golden_today`\nWHERE `updatetime` = 1472145654\nAND `type` = ''iAu100g''', 1472195508),
(211, 1, 'SELECT COUNT(*) AS `numrows`\nFROM `gd_golden_today`\nWHERE `updatetime` = 1472125226\nAND `type` = ''iAu99.5''', 1472195508),
(212, 1, 'SELECT COUNT(*) AS `numrows`\nFROM `gd_golden_today`\nWHERE `updatetime` = 1472190237\nAND `type` = ''Au(T+D)''', 1472195538),
(213, 1, 'SELECT COUNT(*) AS `numrows`\nFROM `gd_golden_today`\nWHERE `updatetime` = 1472190233\nAND `type` = ''Au99.99''', 1472195538),
(214, 1, 'SELECT COUNT(*) AS `numrows`\nFROM `gd_golden_today`\nWHERE `updatetime` = 1472190237\nAND `type` = ''mAu(T+D)''', 1472195538),
(215, 1, 'SELECT COUNT(*) AS `numrows`\nFROM `gd_golden_today`\nWHERE `updatetime` = 1472190232\nAND `type` = ''Au(T+N2)''', 1472195538),
(216, 1, 'SELECT COUNT(*) AS `numrows`\nFROM `gd_golden_today`\nWHERE `updatetime` = 1472190158\nAND `type` = ''Au99.95''', 1472195538),
(217, 1, 'SELECT COUNT(*) AS `numrows`\nFROM `gd_golden_today`\nWHERE `updatetime` = 1472189752\nAND `type` = ''Pt99.95''', 1472195538),
(218, 1, 'SELECT COUNT(*) AS `numrows`\nFROM `gd_golden_today`\nWHERE `updatetime` = 1472190233\nAND `type` = ''Au(T+N1)''', 1472195538),
(219, 1, 'SELECT COUNT(*) AS `numrows`\nFROM `gd_golden_today`\nWHERE `updatetime` = 1472190063\nAND `type` = ''Au100g''', 1472195538),
(220, 1, 'SELECT COUNT(*) AS `numrows`\nFROM `gd_golden_today`\nWHERE `updatetime` = 1472190224\nAND `type` = ''iAu99.99''', 1472195538),
(221, 1, 'SELECT COUNT(*) AS `numrows`\nFROM `gd_golden_today`\nWHERE `updatetime` = 1472145654\nAND `type` = ''iAu100g''', 1472195538),
(222, 1, 'SELECT COUNT(*) AS `numrows`\nFROM `gd_golden_today`\nWHERE `updatetime` = 1472125226\nAND `type` = ''iAu99.5''', 1472195538),
(223, 1, 'SELECT COUNT(*) AS `numrows`\nFROM `gd_golden_today`\nWHERE `updatetime` = 1472190237\nAND `type` = ''Au(T+D)''', 1472195568),
(224, 1, 'SELECT COUNT(*) AS `numrows`\nFROM `gd_golden_today`\nWHERE `updatetime` = 1472190233\nAND `type` = ''Au99.99''', 1472195568),
(225, 1, 'SELECT COUNT(*) AS `numrows`\nFROM `gd_golden_today`\nWHERE `updatetime` = 1472190237\nAND `type` = ''mAu(T+D)''', 1472195568),
(226, 1, 'SELECT COUNT(*) AS `numrows`\nFROM `gd_golden_today`\nWHERE `updatetime` = 1472190232\nAND `type` = ''Au(T+N2)''', 1472195568),
(227, 1, 'SELECT COUNT(*) AS `numrows`\nFROM `gd_golden_today`\nWHERE `updatetime` = 1472190158\nAND `type` = ''Au99.95''', 1472195568),
(228, 1, 'SELECT COUNT(*) AS `numrows`\nFROM `gd_golden_today`\nWHERE `updatetime` = 1472189752\nAND `type` = ''Pt99.95''', 1472195568),
(229, 1, 'SELECT COUNT(*) AS `numrows`\nFROM `gd_golden_today`\nWHERE `updatetime` = 1472190233\nAND `type` = ''Au(T+N1)''', 1472195568),
(230, 1, 'SELECT COUNT(*) AS `numrows`\nFROM `gd_golden_today`\nWHERE `updatetime` = 1472190063\nAND `type` = ''Au100g''', 1472195568),
(231, 1, 'SELECT COUNT(*) AS `numrows`\nFROM `gd_golden_today`\nWHERE `updatetime` = 1472190224\nAND `type` = ''iAu99.99''', 1472195568),
(232, 1, 'SELECT COUNT(*) AS `numrows`\nFROM `gd_golden_today`\nWHERE `updatetime` = 1472145654\nAND `type` = ''iAu100g''', 1472195568),
(233, 1, 'SELECT COUNT(*) AS `numrows`\nFROM `gd_golden_today`\nWHERE `updatetime` = 1472125226\nAND `type` = ''iAu99.5''', 1472195568),
(234, 1, 'SELECT COUNT(*) AS `numrows`\nFROM `gd_golden_today`\nWHERE `updatetime` = 1472190237\nAND `type` = ''Au(T+D)''', 1472195598),
(235, 1, 'SELECT COUNT(*) AS `numrows`\nFROM `gd_golden_today`\nWHERE `updatetime` = 1472190233\nAND `type` = ''Au99.99''', 1472195598),
(236, 1, 'SELECT COUNT(*) AS `numrows`\nFROM `gd_golden_today`\nWHERE `updatetime` = 1472190237\nAND `type` = ''mAu(T+D)''', 1472195598),
(237, 1, 'SELECT COUNT(*) AS `numrows`\nFROM `gd_golden_today`\nWHERE `updatetime` = 1472190232\nAND `type` = ''Au(T+N2)''', 1472195598),
(238, 1, 'SELECT COUNT(*) AS `numrows`\nFROM `gd_golden_today`\nWHERE `updatetime` = 1472190158\nAND `type` = ''Au99.95''', 1472195598),
(239, 1, 'SELECT COUNT(*) AS `numrows`\nFROM `gd_golden_today`\nWHERE `updatetime` = 1472189752\nAND `type` = ''Pt99.95''', 1472195598),
(240, 1, 'SELECT COUNT(*) AS `numrows`\nFROM `gd_golden_today`\nWHERE `updatetime` = 1472190233\nAND `type` = ''Au(T+N1)''', 1472195598),
(241, 1, 'SELECT COUNT(*) AS `numrows`\nFROM `gd_golden_today`\nWHERE `updatetime` = 1472190063\nAND `type` = ''Au100g''', 1472195598),
(242, 1, 'SELECT COUNT(*) AS `numrows`\nFROM `gd_golden_today`\nWHERE `updatetime` = 1472190224\nAND `type` = ''iAu99.99''', 1472195598),
(243, 1, 'SELECT COUNT(*) AS `numrows`\nFROM `gd_golden_today`\nWHERE `updatetime` = 1472145654\nAND `type` = ''iAu100g''', 1472195598),
(244, 1, 'SELECT COUNT(*) AS `numrows`\nFROM `gd_golden_today`\nWHERE `updatetime` = 1472125226\nAND `type` = ''iAu99.5''', 1472195598),
(245, 1, 'SELECT COUNT(*) AS `numrows`\nFROM `gd_golden_today`\nWHERE `updatetime` = 1472190237\nAND `type` = ''Au(T+D)''', 1472195628),
(246, 1, 'SELECT COUNT(*) AS `numrows`\nFROM `gd_golden_today`\nWHERE `updatetime` = 1472190233\nAND `type` = ''Au99.99''', 1472195628),
(247, 1, 'SELECT COUNT(*) AS `numrows`\nFROM `gd_golden_today`\nWHERE `updatetime` = 1472190237\nAND `type` = ''mAu(T+D)''', 1472195628),
(248, 1, 'SELECT COUNT(*) AS `numrows`\nFROM `gd_golden_today`\nWHERE `updatetime` = 1472190232\nAND `type` = ''Au(T+N2)''', 1472195628),
(249, 1, 'SELECT COUNT(*) AS `numrows`\nFROM `gd_golden_today`\nWHERE `updatetime` = 1472190158\nAND `type` = ''Au99.95''', 1472195628),
(250, 1, 'SELECT COUNT(*) AS `numrows`\nFROM `gd_golden_today`\nWHERE `updatetime` = 1472189752\nAND `type` = ''Pt99.95''', 1472195628),
(251, 1, 'SELECT COUNT(*) AS `numrows`\nFROM `gd_golden_today`\nWHERE `updatetime` = 1472190233\nAND `type` = ''Au(T+N1)''', 1472195628),
(252, 1, 'SELECT COUNT(*) AS `numrows`\nFROM `gd_golden_today`\nWHERE `updatetime` = 1472190063\nAND `type` = ''Au100g''', 1472195628),
(253, 1, 'SELECT COUNT(*) AS `numrows`\nFROM `gd_golden_today`\nWHERE `updatetime` = 1472190224\nAND `type` = ''iAu99.99''', 1472195628),
(254, 1, 'SELECT COUNT(*) AS `numrows`\nFROM `gd_golden_today`\nWHERE `updatetime` = 1472145654\nAND `type` = ''iAu100g''', 1472195628),
(255, 1, 'SELECT COUNT(*) AS `numrows`\nFROM `gd_golden_today`\nWHERE `updatetime` = 1472125226\nAND `type` = ''iAu99.5''', 1472195628),
(256, 1, 'SELECT COUNT(*) AS `numrows`\nFROM `gd_golden_today`\nWHERE `updatetime` = 1472190237\nAND `type` = ''Au(T+D)''', 1472195658),
(257, 1, 'SELECT COUNT(*) AS `numrows`\nFROM `gd_golden_today`\nWHERE `updatetime` = 1472190233\nAND `type` = ''Au99.99''', 1472195658),
(258, 1, 'SELECT COUNT(*) AS `numrows`\nFROM `gd_golden_today`\nWHERE `updatetime` = 1472190237\nAND `type` = ''mAu(T+D)''', 1472195658),
(259, 1, 'SELECT COUNT(*) AS `numrows`\nFROM `gd_golden_today`\nWHERE `updatetime` = 1472190232\nAND `type` = ''Au(T+N2)''', 1472195658),
(260, 1, 'SELECT COUNT(*) AS `numrows`\nFROM `gd_golden_today`\nWHERE `updatetime` = 1472190158\nAND `type` = ''Au99.95''', 1472195658),
(261, 1, 'SELECT COUNT(*) AS `numrows`\nFROM `gd_golden_today`\nWHERE `updatetime` = 1472189752\nAND `type` = ''Pt99.95''', 1472195658),
(262, 1, 'SELECT COUNT(*) AS `numrows`\nFROM `gd_golden_today`\nWHERE `updatetime` = 1472190233\nAND `type` = ''Au(T+N1)''', 1472195658),
(263, 1, 'SELECT COUNT(*) AS `numrows`\nFROM `gd_golden_today`\nWHERE `updatetime` = 1472190063\nAND `type` = ''Au100g''', 1472195658),
(264, 1, 'SELECT COUNT(*) AS `numrows`\nFROM `gd_golden_today`\nWHERE `updatetime` = 1472190224\nAND `type` = ''iAu99.99''', 1472195658),
(265, 1, 'SELECT COUNT(*) AS `numrows`\nFROM `gd_golden_today`\nWHERE `updatetime` = 1472145654\nAND `type` = ''iAu100g''', 1472195658),
(266, 1, 'SELECT COUNT(*) AS `numrows`\nFROM `gd_golden_today`\nWHERE `updatetime` = 1472125226\nAND `type` = ''iAu99.5''', 1472195658),
(267, 1, 'SELECT COUNT(*) AS `numrows`\nFROM `gd_golden_today`\nWHERE `updatetime` = 1472190237\nAND `type` = ''Au(T+D)''', 1472195688),
(268, 1, 'SELECT COUNT(*) AS `numrows`\nFROM `gd_golden_today`\nWHERE `updatetime` = 1472190233\nAND `type` = ''Au99.99''', 1472195688),
(269, 1, 'SELECT COUNT(*) AS `numrows`\nFROM `gd_golden_today`\nWHERE `updatetime` = 1472190237\nAND `type` = ''mAu(T+D)''', 1472195688),
(270, 1, 'SELECT COUNT(*) AS `numrows`\nFROM `gd_golden_today`\nWHERE `updatetime` = 1472190232\nAND `type` = ''Au(T+N2)''', 1472195688),
(271, 1, 'SELECT COUNT(*) AS `numrows`\nFROM `gd_golden_today`\nWHERE `updatetime` = 1472190158\nAND `type` = ''Au99.95''', 1472195688),
(272, 1, 'SELECT COUNT(*) AS `numrows`\nFROM `gd_golden_today`\nWHERE `updatetime` = 1472189752\nAND `type` = ''Pt99.95''', 1472195688),
(273, 1, 'SELECT COUNT(*) AS `numrows`\nFROM `gd_golden_today`\nWHERE `updatetime` = 1472190233\nAND `type` = ''Au(T+N1)''', 1472195688),
(274, 1, 'SELECT COUNT(*) AS `numrows`\nFROM `gd_golden_today`\nWHERE `updatetime` = 1472190063\nAND `type` = ''Au100g''', 1472195688),
(275, 1, 'SELECT COUNT(*) AS `numrows`\nFROM `gd_golden_today`\nWHERE `updatetime` = 1472190224\nAND `type` = ''iAu99.99''', 1472195688),
(276, 1, 'SELECT COUNT(*) AS `numrows`\nFROM `gd_golden_today`\nWHERE `updatetime` = 1472145654\nAND `type` = ''iAu100g''', 1472195688),
(277, 1, 'SELECT COUNT(*) AS `numrows`\nFROM `gd_golden_today`\nWHERE `updatetime` = 1472125226\nAND `type` = ''iAu99.5''', 1472195688),
(278, 1, 'SELECT COUNT(*) AS `numrows`\nFROM `gd_golden_today`\nWHERE `updatetime` = 1472190237\nAND `type` = ''Au(T+D)''', 1472195718),
(279, 1, 'SELECT COUNT(*) AS `numrows`\nFROM `gd_golden_today`\nWHERE `updatetime` = 1472190233\nAND `type` = ''Au99.99''', 1472195718),
(280, 1, 'SELECT COUNT(*) AS `numrows`\nFROM `gd_golden_today`\nWHERE `updatetime` = 1472190237\nAND `type` = ''mAu(T+D)''', 1472195718),
(281, 1, 'SELECT COUNT(*) AS `numrows`\nFROM `gd_golden_today`\nWHERE `updatetime` = 1472190232\nAND `type` = ''Au(T+N2)''', 1472195718),
(282, 1, 'SELECT COUNT(*) AS `numrows`\nFROM `gd_golden_today`\nWHERE `updatetime` = 1472190158\nAND `type` = ''Au99.95''', 1472195718),
(283, 1, 'SELECT COUNT(*) AS `numrows`\nFROM `gd_golden_today`\nWHERE `updatetime` = 1472189752\nAND `type` = ''Pt99.95''', 1472195718),
(284, 1, 'SELECT COUNT(*) AS `numrows`\nFROM `gd_golden_today`\nWHERE `updatetime` = 1472190233\nAND `type` = ''Au(T+N1)''', 1472195718),
(285, 1, 'SELECT COUNT(*) AS `numrows`\nFROM `gd_golden_today`\nWHERE `updatetime` = 1472190063\nAND `type` = ''Au100g''', 1472195718),
(286, 1, 'SELECT COUNT(*) AS `numrows`\nFROM `gd_golden_today`\nWHERE `updatetime` = 1472190224\nAND `type` = ''iAu99.99''', 1472195718),
(287, 1, 'SELECT COUNT(*) AS `numrows`\nFROM `gd_golden_today`\nWHERE `updatetime` = 1472145654\nAND `type` = ''iAu100g''', 1472195718),
(288, 1, 'SELECT COUNT(*) AS `numrows`\nFROM `gd_golden_today`\nWHERE `updatetime` = 1472125226\nAND `type` = ''iAu99.5''', 1472195718),
(289, 1, 'SELECT COUNT(*) AS `numrows`\nFROM `gd_golden_today`\nWHERE `updatetime` = 1472190237\nAND `type` = ''Au(T+D)''', 1472195748),
(290, 1, 'SELECT COUNT(*) AS `numrows`\nFROM `gd_golden_today`\nWHERE `updatetime` = 1472190233\nAND `type` = ''Au99.99''', 1472195748),
(291, 1, 'SELECT COUNT(*) AS `numrows`\nFROM `gd_golden_today`\nWHERE `updatetime` = 1472190237\nAND `type` = ''mAu(T+D)''', 1472195748),
(292, 1, 'SELECT COUNT(*) AS `numrows`\nFROM `gd_golden_today`\nWHERE `updatetime` = 1472190232\nAND `type` = ''Au(T+N2)''', 1472195748),
(293, 1, 'SELECT COUNT(*) AS `numrows`\nFROM `gd_golden_today`\nWHERE `updatetime` = 1472190158\nAND `type` = ''Au99.95''', 1472195748),
(294, 1, 'SELECT COUNT(*) AS `numrows`\nFROM `gd_golden_today`\nWHERE `updatetime` = 1472189752\nAND `type` = ''Pt99.95''', 1472195748),
(295, 1, 'SELECT COUNT(*) AS `numrows`\nFROM `gd_golden_today`\nWHERE `updatetime` = 1472190233\nAND `type` = ''Au(T+N1)''', 1472195748),
(296, 1, 'SELECT COUNT(*) AS `numrows`\nFROM `gd_golden_today`\nWHERE `updatetime` = 1472190063\nAND `type` = ''Au100g''', 1472195748),
(297, 1, 'SELECT COUNT(*) AS `numrows`\nFROM `gd_golden_today`\nWHERE `updatetime` = 1472190224\nAND `type` = ''iAu99.99''', 1472195748),
(298, 1, 'SELECT COUNT(*) AS `numrows`\nFROM `gd_golden_today`\nWHERE `updatetime` = 1472145654\nAND `type` = ''iAu100g''', 1472195748),
(299, 1, 'SELECT COUNT(*) AS `numrows`\nFROM `gd_golden_today`\nWHERE `updatetime` = 1472125226\nAND `type` = ''iAu99.5''', 1472195748),
(300, 1, 'SELECT COUNT(*) AS `numrows`\nFROM `gd_golden_today`\nWHERE `updatetime` = 1472125226\nAND `type` = ''iAu99.5''', 1472195946),
(301, 1, 'SELECT COUNT(*) AS `numrows`\nFROM `gd_golden_today`\nWHERE `updatetime` = 1472192789\nAND `type` = ''Au(T+D)''', 1472196023),
(302, 1, 'SELECT COUNT(*) AS `numrows`\nFROM `gd_golden_today`\nWHERE `updatetime` = 1472192741\nAND `type` = ''Au99.99''', 1472196023),
(303, 1, 'SELECT COUNT(*) AS `numrows`\nFROM `gd_golden_today`\nWHERE `updatetime` = 1472192788\nAND `type` = ''mAu(T+D)''', 1472196023),
(304, 1, 'SELECT COUNT(*) AS `numrows`\nFROM `gd_golden_today`\nWHERE `updatetime` = 1472192704\nAND `type` = ''Au99.95''', 1472196023),
(305, 1, 'SELECT COUNT(*) AS `numrows`\nFROM `gd_golden_today`\nWHERE `updatetime` = 1472192621\nAND `type` = ''Au(T+N2)''', 1472196023),
(306, 1, 'SELECT COUNT(*) AS `numrows`\nFROM `gd_golden_today`\nWHERE `updatetime` = 1472192469\nAND `type` = ''Pt99.95''', 1472196023),
(307, 1, 'SELECT COUNT(*) AS `numrows`\nFROM `gd_golden_today`\nWHERE `updatetime` = 1472192736\nAND `type` = ''Au(T+N1)''', 1472196023),
(308, 1, 'SELECT COUNT(*) AS `numrows`\nFROM `gd_golden_today`\nWHERE `updatetime` = 1472192784\nAND `type` = ''Au100g''', 1472196023),
(309, 1, 'SELECT COUNT(*) AS `numrows`\nFROM `gd_golden_today`\nWHERE `updatetime` = 1472192723\nAND `type` = ''iAu100g''', 1472196023),
(310, 1, 'SELECT COUNT(*) AS `numrows`\nFROM `gd_golden_today`\nWHERE `updatetime` = 1472192776\nAND `type` = ''iAu99.99''', 1472196023),
(311, 1, 'SELECT COUNT(*) AS `numrows`\nFROM `gd_golden_today`\nWHERE `updatetime` = 1472125226\nAND `type` = ''iAu99.5''', 1472196023),
(312, 1, 'SELECT COUNT(*) AS `numrows`\nFROM `gd_golden_today`\nWHERE `updatetime` = 1472192789\nAND `type` = ''Au(T+D)''', 1472196186),
(313, 1, 'SELECT COUNT(*) AS `numrows`\nFROM `gd_golden_today`\nWHERE `updatetime` = 1472192741\nAND `type` = ''Au99.99''', 1472196186),
(314, 1, 'SELECT COUNT(*) AS `numrows`\nFROM `gd_golden_today`\nWHERE `updatetime` = 1472192788\nAND `type` = ''mAu(T+D)''', 1472196186),
(315, 1, 'SELECT COUNT(*) AS `numrows`\nFROM `gd_golden_today`\nWHERE `updatetime` = 1472192704\nAND `type` = ''Au99.95''', 1472196186),
(316, 1, 'SELECT COUNT(*) AS `numrows`\nFROM `gd_golden_today`\nWHERE `updatetime` = 1472192621\nAND `type` = ''Au(T+N2)''', 1472196186),
(317, 1, 'SELECT COUNT(*) AS `numrows`\nFROM `gd_golden_today`\nWHERE `updatetime` = 1472192469\nAND `type` = ''Pt99.95''', 1472196186),
(318, 1, 'SELECT COUNT(*) AS `numrows`\nFROM `gd_golden_today`\nWHERE `updatetime` = 1472192736\nAND `type` = ''Au(T+N1)''', 1472196186),
(319, 1, 'SELECT COUNT(*) AS `numrows`\nFROM `gd_golden_today`\nWHERE `updatetime` = 1472192784\nAND `type` = ''Au100g''', 1472196186),
(320, 1, 'SELECT COUNT(*) AS `numrows`\nFROM `gd_golden_today`\nWHERE `updatetime` = 1472192723\nAND `type` = ''iAu100g''', 1472196186),
(321, 1, 'SELECT COUNT(*) AS `numrows`\nFROM `gd_golden_today`\nWHERE `updatetime` = 1472192776\nAND `type` = ''iAu99.99''', 1472196186),
(322, 1, 'SELECT COUNT(*) AS `numrows`\nFROM `gd_golden_today`\nWHERE `updatetime` = 1472125226\nAND `type` = ''iAu99.5''', 1472196186),
(323, 1, 'SELECT COUNT(*) AS `numrows`\nFROM `gd_golden_today`\nWHERE `updatetime` = 1472192789\nAND `type` = ''Au(T+D)''', 1472196512),
(324, 1, 'SELECT COUNT(*) AS `numrows`\nFROM `gd_golden_today`\nWHERE `updatetime` = 1472192741\nAND `type` = ''Au99.99''', 1472196512),
(325, 1, 'SELECT COUNT(*) AS `numrows`\nFROM `gd_golden_today`\nWHERE `updatetime` = 1472192788\nAND `type` = ''mAu(T+D)''', 1472196512),
(326, 1, 'SELECT COUNT(*) AS `numrows`\nFROM `gd_golden_today`\nWHERE `updatetime` = 1472192704\nAND `type` = ''Au99.95''', 1472196512),
(327, 1, 'SELECT COUNT(*) AS `numrows`\nFROM `gd_golden_today`\nWHERE `updatetime` = 1472192621\nAND `type` = ''Au(T+N2)''', 1472196512),
(328, 1, 'SELECT COUNT(*) AS `numrows`\nFROM `gd_golden_today`\nWHERE `updatetime` = 1472192469\nAND `type` = ''Pt99.95''', 1472196512),
(329, 1, 'SELECT COUNT(*) AS `numrows`\nFROM `gd_golden_today`\nWHERE `updatetime` = 1472192736\nAND `type` = ''Au(T+N1)''', 1472196512),
(330, 1, 'SELECT COUNT(*) AS `numrows`\nFROM `gd_golden_today`\nWHERE `updatetime` = 1472192784\nAND `type` = ''Au100g''', 1472196512),
(331, 1, 'SELECT COUNT(*) AS `numrows`\nFROM `gd_golden_today`\nWHERE `updatetime` = 1472192723\nAND `type` = ''iAu100g''', 1472196512),
(332, 1, 'SELECT COUNT(*) AS `numrows`\nFROM `gd_golden_today`\nWHERE `updatetime` = 1472192776\nAND `type` = ''iAu99.99''', 1472196512),
(333, 1, 'SELECT COUNT(*) AS `numrows`\nFROM `gd_golden_today`\nWHERE `updatetime` = 1472125226\nAND `type` = ''iAu99.5''', 1472196512),
(334, 4, '1608272541144202|1', 1472278195),
(335, 4, 'active_period|1608272541144202', 1472278195),
(336, 4, '1608272541144202|1', 1472278325),
(337, 4, '1608272541144202|UPDATE `gd_project_investing` SET `worker_id` = ''4'', `lasttime` = 1472278325\nWHERE `project_sn` = ''1608272541144202''', 1472278325),
(338, 4, 'active_period|1608272541144202', 1472278325),
(339, 4, '1608272541144202|1', 1472278417),
(340, 4, '1608272541144202|UPDATE `gd_project_investing` SET `start` = ''2016-08-27'', `end` = ''2017-08-26'', `worker_id` = ''4'', `lasttime` = 1472278417\nWHERE `project_sn` = ''1608272541144202''', 1472278417),
(341, 4, 'active_period|1608272541144202', 1472278417),
(342, 3, '1608252211011343|1', 1472289668),
(343, 3, '1608252211011343|UPDATE `gd_project_investing` SET `start` = ''2016-08-25'', `end` = ''2017-08-24'', `worker_id` = ''3'', `lasttime` = 1472289668\nWHERE `project_sn` = ''1608252211011343''', 1472289668),
(344, 3, 'active_period|1608252211011343', 1472289668),
(345, 3, 'SD20155454564511|1', 1472384841),
(346, 3, 'SD20155454564511|UPDATE `gd_project_investing` SET `start` = ''2016-08-01'', `end` = ''2016-08-31'', `worker_id` = ''3'', `lasttime` = 1472384841\nWHERE `project_sn` = ''SD20155454564511''', 1472384841),
(347, 3, 'active_period|SD20155454564511', 1472384841),
(348, 3, '1608229881435008|1', 1472386688),
(349, 3, '1608229881435008|UPDATE `gd_project_investing` SET `start` = ''2016-08-22'', `end` = ''2017-02-21'', `worker_id` = ''3'', `lasttime` = 1472386688\nWHERE `project_sn` = ''1608229881435008''', 1472386688),
(350, 3, 'active_period|1608229881435008', 1472386688),
(351, 3, '1608222511510103|1', 1472386760),
(352, 3, '1608222511510103|UPDATE `gd_project_investing` SET `start` = ''2016-08-22'', `end` = ''2017-08-21'', `worker_id` = ''3'', `lasttime` = 1472386760\nWHERE `project_sn` = ''1608222511510103''', 1472386760),
(353, 3, 'active_period|1608222511510103', 1472386760),
(354, 3, '1608183471764952|1', 1472387499),
(355, 3, '1608183471764952|UPDATE `gd_project_investing` SET `start` = ''2016-08-18'', `end` = ''2016-11-17'', `worker_id` = ''3'', `lasttime` = 1472387499\nWHERE `project_sn` = ''1608183471764952''', 1472387499),
(356, 3, 'active_period|1608183471764952', 1472387499),
(357, 3, '1608186671184447|1', 1472387579),
(358, 3, '1608186671184447|UPDATE `gd_project_investing` SET `start` = ''2016-08-18'', `end` = ''2016-11-17'', `worker_id` = ''3'', `lasttime` = 1472387579\nWHERE `project_sn` = ''1608186671184447''', 1472387579),
(359, 3, 'active_period|1608186671184447', 1472387579),
(360, 7, 'in_stock|Array', 1472388632);

-- --------------------------------------------------------

--
-- 表的结构 `gd_worker_attempt`
--

CREATE TABLE `gd_worker_attempt` (
  `id` int(11) UNSIGNED NOT NULL,
  `ip_address` varchar(15) NOT NULL,
  `login` varchar(100) NOT NULL,
  `time` int(11) UNSIGNED DEFAULT NULL
) ENGINE=InnoDB DEFAULT CHARSET=utf8;

-- --------------------------------------------------------

--
-- 表的结构 `gd_worker_group`
--

CREATE TABLE `gd_worker_group` (
  `id` mediumint(8) UNSIGNED NOT NULL,
  `code` varchar(20) NOT NULL,
  `title` varchar(100) NOT NULL,
  `is_system` tinyint(4) NOT NULL DEFAULT '0',
  `permission` text,
  `status` tinyint(4) NOT NULL DEFAULT '1'
) ENGINE=InnoDB DEFAULT CHARSET=utf8;

--
-- 转存表中的数据 `gd_worker_group`
--

INSERT INTO `gd_worker_group` (`id`, `code`, `title`, `is_system`, `permission`, `status`) VALUES
(1, 'admin', '管理组', 1, '', 1),
(2, 'member', '业务员', 0, '2997,2999,3001,3003,2998,3000,3002', 1),
(3, 'manager', '经理', 0, '1,2,3,5,6,7,8,9,10,11,22,23,24,25,26,27,30,33,35,48,49,50,51,52,55,59,63,67,68,70,78,80,84,85,94,96,98,100,101,102,105,106,107,108,109,110,112', 1),
(4, 'warehouser', '库管', 0, '1,2,3,55,61,65,70,82,87,98,100,101,105,107,108,111', 1),
(5, 'appraiser', '鉴定人', 0, '74,73,70,1,3,2', 1),
(6, 'booker', '登记人', 0, '1,2,3,52,55,57,70,72,93,98,100,101,103', 1);

-- --------------------------------------------------------

--
-- 表的结构 `gd_worker_notify`
--

CREATE TABLE `gd_worker_notify` (
  `notify_id` int(11) NOT NULL,
  `sender_id` int(11) NOT NULL DEFAULT '0',
  `receiver_id` int(11) NOT NULL,
  `mode` enum('announcement',' summary') COLLATE utf8_unicode_ci NOT NULL DEFAULT 'announcement',
  `title` int(11) NOT NULL,
  `content` text COLLATE utf8_unicode_ci NOT NULL,
  `status` tinyint(4) NOT NULL DEFAULT '1',
  `is_read` tinyint(1) NOT NULL DEFAULT '0',
  `addtime` int(11) NOT NULL DEFAULT '0'
) ENGINE=InnoDB DEFAULT CHARSET=utf8 COLLATE=utf8_unicode_ci;

-- --------------------------------------------------------

--
-- 表的结构 `gd_worker_rel`
--

CREATE TABLE `gd_worker_rel` (
  `id` int(11) UNSIGNED NOT NULL,
  `worker_id` int(11) UNSIGNED NOT NULL,
  `group_id` mediumint(8) UNSIGNED NOT NULL
) ENGINE=InnoDB DEFAULT CHARSET=utf8;

--
-- 转存表中的数据 `gd_worker_rel`
--

INSERT INTO `gd_worker_rel` (`id`, `worker_id`, `group_id`) VALUES
(20, 1, 1),
(5, 3, 3),
(7, 4, 3),
(9, 5, 6),
(11, 6, 6),
(13, 7, 4),
(15, 8, 4),
(17, 9, 5),
(19, 10, 5),
(22, 11, 3),
(23, 11, 5),
(24, 11, 6),
(21, 12, 2);

--
-- Indexes for dumped tables
--

--
-- Indexes for table `gd_article`
--
ALTER TABLE `gd_article`
  ADD PRIMARY KEY (`article_id`);

--
-- Indexes for table `gd_article_category`
--
ALTER TABLE `gd_article_category`
  ADD PRIMARY KEY (`category_id`);

--
-- Indexes for table `gd_customer`
--
ALTER TABLE `gd_customer`
  ADD PRIMARY KEY (`customer_id`);

--
-- Indexes for table `gd_customer_apply`
--
ALTER TABLE `gd_customer_apply`
  ADD PRIMARY KEY (`apply_id`);

--
-- Indexes for table `gd_customer_group`
--
ALTER TABLE `gd_customer_group`
  ADD PRIMARY KEY (`group_id`);

--
-- Indexes for table `gd_customer_history`
--
ALTER TABLE `gd_customer_history`
  ADD PRIMARY KEY (`history_id`);

--
-- Indexes for table `gd_customer_stock`
--
ALTER TABLE `gd_customer_stock`
  ADD PRIMARY KEY (`stock_id`);

--
-- Indexes for table `gd_golden_price`
--
ALTER TABLE `gd_golden_price`
  ADD PRIMARY KEY (`id`);

--
-- Indexes for table `gd_golden_today`
--
ALTER TABLE `gd_golden_today`
  ADD KEY `date` (`date`),
  ADD KEY `updatetime` (`updatetime`);

--
-- Indexes for table `gd_node`
--
ALTER TABLE `gd_node`
  ADD PRIMARY KEY (`node_id`);

--
-- Indexes for table `gd_project_apply`
--
ALTER TABLE `gd_project_apply`
  ADD PRIMARY KEY (`apply_id`);

--
-- Indexes for table `gd_project_investing`
--
ALTER TABLE `gd_project_investing`
  ADD PRIMARY KEY (`project_id`);

--
-- Indexes for table `gd_project_investing_history`
--
ALTER TABLE `gd_project_investing_history`
  ADD PRIMARY KEY (`history_id`);

--
-- Indexes for table `gd_project_investing_status`
--
ALTER TABLE `gd_project_investing_status`
  ADD PRIMARY KEY (`status_id`);

--
-- Indexes for table `gd_project_recycling`
--
ALTER TABLE `gd_project_recycling`
  ADD PRIMARY KEY (`project_id`);

--
-- Indexes for table `gd_project_recycling_file`
--
ALTER TABLE `gd_project_recycling_file`
  ADD PRIMARY KEY (`file_id`);

--
-- Indexes for table `gd_project_recycling_history`
--
ALTER TABLE `gd_project_recycling_history`
  ADD PRIMARY KEY (`history_id`);

--
-- Indexes for table `gd_project_recycling_status`
--
ALTER TABLE `gd_project_recycling_status`
  ADD PRIMARY KEY (`status_id`);

--
-- Indexes for table `gd_project_stock`
--
ALTER TABLE `gd_project_stock`
  ADD PRIMARY KEY (`stock_id`);

--
-- Indexes for table `gd_project_trash`
--
ALTER TABLE `gd_project_trash`
  ADD PRIMARY KEY (`trash_id`);

--
-- Indexes for table `gd_sessions`
--
ALTER TABLE `gd_sessions`
  ADD KEY `ci_sessions_timestamp` (`timestamp`);

--
-- Indexes for table `gd_setting`
--
ALTER TABLE `gd_setting`
  ADD PRIMARY KEY (`setting_id`,`code`),
  ADD KEY `option_name` (`code`),
  ADD KEY `auto_load` (`initial`);

--
-- Indexes for table `gd_worker`
--
ALTER TABLE `gd_worker`
  ADD PRIMARY KEY (`id`);

--
-- Indexes for table `gd_worker_activity`
--
ALTER TABLE `gd_worker_activity`
  ADD PRIMARY KEY (`activity_id`);

--
-- Indexes for table `gd_worker_attempt`
--
ALTER TABLE `gd_worker_attempt`
  ADD PRIMARY KEY (`id`);

--
-- Indexes for table `gd_worker_group`
--
ALTER TABLE `gd_worker_group`
  ADD PRIMARY KEY (`id`);

--
-- Indexes for table `gd_worker_notify`
--
ALTER TABLE `gd_worker_notify`
  ADD PRIMARY KEY (`notify_id`);

--
-- Indexes for table `gd_worker_rel`
--
ALTER TABLE `gd_worker_rel`
  ADD PRIMARY KEY (`id`),
  ADD UNIQUE KEY `uc_users_groups` (`worker_id`,`group_id`),
  ADD KEY `fk_users_groups_users1_idx` (`worker_id`),
  ADD KEY `fk_users_groups_groups1_idx` (`group_id`);

--
-- 在导出的表使用AUTO_INCREMENT
--

--
-- 使用表AUTO_INCREMENT `gd_article`
--
ALTER TABLE `gd_article`
  MODIFY `article_id` int(11) NOT NULL AUTO_INCREMENT, AUTO_INCREMENT=4;
--
-- 使用表AUTO_INCREMENT `gd_article_category`
--
ALTER TABLE `gd_article_category`
  MODIFY `category_id` int(11) NOT NULL AUTO_INCREMENT, AUTO_INCREMENT=4;
--
-- 使用表AUTO_INCREMENT `gd_customer`
--
ALTER TABLE `gd_customer`
  MODIFY `customer_id` int(11) NOT NULL AUTO_INCREMENT, AUTO_INCREMENT=6;
--
-- 使用表AUTO_INCREMENT `gd_customer_apply`
--
ALTER TABLE `gd_customer_apply`
  MODIFY `apply_id` int(11) NOT NULL AUTO_INCREMENT, AUTO_INCREMENT=3;
--
-- 使用表AUTO_INCREMENT `gd_customer_group`
--
ALTER TABLE `gd_customer_group`
  MODIFY `group_id` int(11) NOT NULL AUTO_INCREMENT, AUTO_INCREMENT=5;
--
-- 使用表AUTO_INCREMENT `gd_customer_history`
--
ALTER TABLE `gd_customer_history`
  MODIFY `history_id` int(11) NOT NULL AUTO_INCREMENT, AUTO_INCREMENT=6;
--
-- 使用表AUTO_INCREMENT `gd_customer_stock`
--
ALTER TABLE `gd_customer_stock`
  MODIFY `stock_id` int(11) NOT NULL AUTO_INCREMENT, AUTO_INCREMENT=4;
--
-- 使用表AUTO_INCREMENT `gd_golden_price`
--
ALTER TABLE `gd_golden_price`
  MODIFY `id` int(11) NOT NULL AUTO_INCREMENT, AUTO_INCREMENT=29;
--
-- 使用表AUTO_INCREMENT `gd_node`
--
ALTER TABLE `gd_node`
  MODIFY `node_id` int(11) NOT NULL AUTO_INCREMENT, AUTO_INCREMENT=113;
--
-- 使用表AUTO_INCREMENT `gd_project_apply`
--
ALTER TABLE `gd_project_apply`
  MODIFY `apply_id` int(11) NOT NULL AUTO_INCREMENT;
--
-- 使用表AUTO_INCREMENT `gd_project_investing`
--
ALTER TABLE `gd_project_investing`
  MODIFY `project_id` int(11) NOT NULL AUTO_INCREMENT, AUTO_INCREMENT=16;
--
-- 使用表AUTO_INCREMENT `gd_project_investing_history`
--
ALTER TABLE `gd_project_investing_history`
  MODIFY `history_id` int(11) NOT NULL AUTO_INCREMENT, AUTO_INCREMENT=59;
--
-- 使用表AUTO_INCREMENT `gd_project_investing_status`
--
ALTER TABLE `gd_project_investing_status`
  MODIFY `status_id` int(11) NOT NULL AUTO_INCREMENT, AUTO_INCREMENT=9;
--
-- 使用表AUTO_INCREMENT `gd_project_recycling`
--
ALTER TABLE `gd_project_recycling`
  MODIFY `project_id` int(11) NOT NULL AUTO_INCREMENT, AUTO_INCREMENT=8;
--
-- 使用表AUTO_INCREMENT `gd_project_recycling_file`
--
ALTER TABLE `gd_project_recycling_file`
  MODIFY `file_id` int(11) NOT NULL AUTO_INCREMENT, AUTO_INCREMENT=42;
--
-- 使用表AUTO_INCREMENT `gd_project_recycling_history`
--
ALTER TABLE `gd_project_recycling_history`
  MODIFY `history_id` int(11) NOT NULL AUTO_INCREMENT, AUTO_INCREMENT=25;
--
-- 使用表AUTO_INCREMENT `gd_project_recycling_status`
--
ALTER TABLE `gd_project_recycling_status`
  MODIFY `status_id` int(11) NOT NULL AUTO_INCREMENT, AUTO_INCREMENT=9;
--
-- 使用表AUTO_INCREMENT `gd_project_stock`
--
ALTER TABLE `gd_project_stock`
  MODIFY `stock_id` int(11) NOT NULL AUTO_INCREMENT, AUTO_INCREMENT=5;
--
-- 使用表AUTO_INCREMENT `gd_project_trash`
--
ALTER TABLE `gd_project_trash`
  MODIFY `trash_id` int(11) NOT NULL AUTO_INCREMENT;
--
-- 使用表AUTO_INCREMENT `gd_setting`
--
ALTER TABLE `gd_setting`
  MODIFY `setting_id` int(11) UNSIGNED NOT NULL AUTO_INCREMENT, AUTO_INCREMENT=33;
--
-- 使用表AUTO_INCREMENT `gd_worker`
--
ALTER TABLE `gd_worker`
  MODIFY `id` int(11) UNSIGNED NOT NULL AUTO_INCREMENT, AUTO_INCREMENT=13;
--
-- 使用表AUTO_INCREMENT `gd_worker_activity`
--
ALTER TABLE `gd_worker_activity`
  MODIFY `activity_id` int(11) NOT NULL AUTO_INCREMENT, AUTO_INCREMENT=361;
--
-- 使用表AUTO_INCREMENT `gd_worker_attempt`
--
ALTER TABLE `gd_worker_attempt`
  MODIFY `id` int(11) UNSIGNED NOT NULL AUTO_INCREMENT;
--
-- 使用表AUTO_INCREMENT `gd_worker_group`
--
ALTER TABLE `gd_worker_group`
  MODIFY `id` mediumint(8) UNSIGNED NOT NULL AUTO_INCREMENT, AUTO_INCREMENT=7;
--
-- 使用表AUTO_INCREMENT `gd_worker_notify`
--
ALTER TABLE `gd_worker_notify`
  MODIFY `notify_id` int(11) NOT NULL AUTO_INCREMENT;
--
-- 使用表AUTO_INCREMENT `gd_worker_rel`
--
ALTER TABLE `gd_worker_rel`
  MODIFY `id` int(11) UNSIGNED NOT NULL AUTO_INCREMENT, AUTO_INCREMENT=25;
--
-- 限制导出的表
--

--
-- 限制表 `gd_worker_rel`
--
ALTER TABLE `gd_worker_rel`
  ADD CONSTRAINT `fk_users_groups_groups1` FOREIGN KEY (`group_id`) REFERENCES `gd_worker_group` (`id`) ON DELETE CASCADE ON UPDATE NO ACTION,
  ADD CONSTRAINT `fk_users_groups_users1` FOREIGN KEY (`worker_id`) REFERENCES `gd_worker` (`id`) ON DELETE CASCADE ON UPDATE NO ACTION;

/*!40101 SET CHARACTER_SET_CLIENT=@OLD_CHARACTER_SET_CLIENT */;
/*!40101 SET CHARACTER_SET_RESULTS=@OLD_CHARACTER_SET_RESULTS */;
/*!40101 SET COLLATION_CONNECTION=@OLD_COLLATION_CONNECTION */;
