-- phpMyAdmin SQL Dump
-- version phpStudy 2014
-- http://www.phpmyadmin.net
--
-- ä¸»æœº: localhost
-- ç”Ÿæˆæ—¥æœŸ: 2016 å¹?09 æœ?23 æ—?01:43
-- æœåŠ¡å™¨ç‰ˆæœ¬: 5.5.47
-- PHP ç‰ˆæœ¬: 5.5.30

SET SQL_MODE="NO_AUTO_VALUE_ON_ZERO";
SET time_zone = "+00:00";


/*!40101 SET @OLD_CHARACTER_SET_CLIENT=@@CHARACTER_SET_CLIENT */;
/*!40101 SET @OLD_CHARACTER_SET_RESULTS=@@CHARACTER_SET_RESULTS */;
/*!40101 SET @OLD_COLLATION_CONNECTION=@@COLLATION_CONNECTION */;
/*!40101 SET NAMES utf8 */;

--
-- æ•°æ®åº“: `golden`
--

-- --------------------------------------------------------

--
-- è¡¨çš„ç»“æ„ `gd_article`
--

CREATE TABLE IF NOT EXISTS `gd_article` (
  `article_id` int(11) NOT NULL AUTO_INCREMENT,
  `category_id` int(11) NOT NULL DEFAULT '0',
  `title` varchar(128) COLLATE utf8_unicode_ci DEFAULT NULL,
  `text` text COLLATE utf8_unicode_ci,
  `is_top` tinyint(4) NOT NULL DEFAULT '0',
  `status` tinyint(4) NOT NULL DEFAULT '1',
  `author_id` int(11) NOT NULL DEFAULT '0',
  `addtime` int(11) NOT NULL,
  PRIMARY KEY (`article_id`)
) ENGINE=InnoDB  DEFAULT CHARSET=utf8 COLLATE=utf8_unicode_ci AUTO_INCREMENT=4 ;

--
-- è½¬å­˜è¡¨ä¸­çš„æ•°æ® `gd_article`
--

INSERT INTO `gd_article` (`article_id`, `category_id`, `title`, `text`, `is_top`, `status`, `author_id`, `addtime`) VALUES
(1, 1, 'è¿™æ˜¯ä¸€ç¯‡æµ‹è¯•æ–‡ç« ', '&lt;p&gt;è¿™æ˜¯æµ‹è¯•å†…å®¹&lt;/p&gt;&lt;ol class=&quot; list-paddingleft-2&quot; style=&quot;list-style-type: decimal;&quot;&gt;&lt;li&gt;&lt;p&gt;æµ‹è¯•1&lt;/p&gt;&lt;/li&gt;&lt;li&gt;&lt;p&gt;æµ‹è¯•2&lt;/p&gt;&lt;/li&gt;&lt;li&gt;&lt;p&gt;æµ‹è¯•3&lt;br/&gt;&lt;/p&gt;&lt;/li&gt;&lt;/ol&gt;', 0, 1, 1, 1471337030),
(2, 2, 'é’±ç”Ÿé‡‘ç›¸å…³åè®®', '&lt;p&gt;é’±ç”Ÿé‡‘ç›¸å…³åè®®&lt;/p&gt;&lt;ul class=&quot; list-paddingleft-2&quot; style=&quot;list-style-type: disc;&quot;&gt;&lt;li&gt;&lt;p&gt;ç¬¬ä¸€æ¡&lt;/p&gt;&lt;/li&gt;&lt;li&gt;&lt;p&gt;ç¬¬äºŒæ¡&lt;/p&gt;&lt;/li&gt;&lt;li&gt;&lt;p&gt;ç¬¬ä¸‰æ¡&lt;/p&gt;&lt;/li&gt;&lt;li&gt;&lt;p&gt;ç¬¬å››æ¡&lt;/p&gt;&lt;/li&gt;&lt;li&gt;&lt;p&gt;ç¬¬äº”æ¡&lt;br/&gt;&lt;/p&gt;&lt;/li&gt;&lt;/ul&gt;', 0, 1, 1, 1471337324),
(3, 2, 'é‡‘ç”Ÿé‡‘åè®®', '&lt;p&gt;é‡‘ç”Ÿé‡‘åè®®&lt;/p&gt;&lt;ol class=&quot; list-paddingleft-2&quot; style=&quot;list-style-type: decimal;&quot;&gt;&lt;li&gt;&lt;p&gt;åè®®å†…å®¹1&lt;/p&gt;&lt;/li&gt;&lt;li&gt;&lt;p&gt;åè®®å†…å®¹2&lt;/p&gt;&lt;/li&gt;&lt;li&gt;&lt;p&gt;ã€‚ã€‚ã€‚&lt;br/&gt;&lt;/p&gt;&lt;/li&gt;&lt;/ol&gt;', 0, 1, 1, 1471422878);

-- --------------------------------------------------------

--
-- è¡¨çš„ç»“æ„ `gd_article_category`
--

CREATE TABLE IF NOT EXISTS `gd_article_category` (
  `category_id` int(11) NOT NULL AUTO_INCREMENT,
  `code` varchar(32) COLLATE utf8_unicode_ci NOT NULL,
  `title` varchar(128) COLLATE utf8_unicode_ci DEFAULT NULL,
  `is_admin` tinyint(4) NOT NULL DEFAULT '0',
  `status` tinyint(4) NOT NULL DEFAULT '1',
  `worker_id` int(11) NOT NULL DEFAULT '0',
  `addtime` int(11) NOT NULL DEFAULT '0',
  PRIMARY KEY (`category_id`)
) ENGINE=InnoDB  DEFAULT CHARSET=utf8 COLLATE=utf8_unicode_ci AUTO_INCREMENT=4 ;

--
-- è½¬å­˜è¡¨ä¸­çš„æ•°æ® `gd_article_category`
--

INSERT INTO `gd_article_category` (`category_id`, `code`, `title`, `is_admin`, `status`, `worker_id`, `addtime`) VALUES
(1, 'daily', 'æ¯æ—¥é‡‘è¯„', 0, 1, 1, 1470088332),
(2, 'privacy', 'æ¡æ¬¾åè®®', 0, 1, 1, 1470088332),
(3, 'news', 'æ–°é—»', 0, 1, 1, 1471174877);

-- --------------------------------------------------------

--
-- è¡¨çš„ç»“æ„ `gd_cron_job`
--

CREATE TABLE IF NOT EXISTS `gd_cron_job` (
  `job_id` int(11) NOT NULL AUTO_INCREMENT,
  `method` varchar(64) COLLATE utf8_unicode_ci NOT NULL,
  `args` varchar(128) COLLATE utf8_unicode_ci DEFAULT NULL,
  `status` tinyint(4) NOT NULL DEFAULT '1',
  `addtime` int(11) NOT NULL,
  PRIMARY KEY (`job_id`)
) ENGINE=InnoDB  DEFAULT CHARSET=utf8 COLLATE=utf8_unicode_ci AUTO_INCREMENT=4 ;

--
-- è½¬å­˜è¡¨ä¸­çš„æ•°æ® `gd_cron_job`
--

INSERT INTO `gd_cron_job` (`job_id`, `method`, `args`, `status`, `addtime`) VALUES
(1, 'today_price', NULL, 1, 1473003003),
(2, 'push_growing', NULL, 1, 1473211232),
(3, 'growing', NULL, 1, 1473211232);

-- --------------------------------------------------------

--
-- è¡¨çš„ç»“æ„ `gd_cron_log`
--

CREATE TABLE IF NOT EXISTS `gd_cron_log` (
  `log_time` int(11) NOT NULL,
  `date` date NOT NULL,
  `time` time NOT NULL,
  `action` varchar(128) COLLATE utf8_unicode_ci NOT NULL,
  `text` text COLLATE utf8_unicode_ci NOT NULL
) ENGINE=InnoDB DEFAULT CHARSET=utf8 COLLATE=utf8_unicode_ci;

-- --------------------------------------------------------

--
-- è¡¨çš„ç»“æ„ `gd_cron_schedule`
--

CREATE TABLE IF NOT EXISTS `gd_cron_schedule` (
  `schedule_id` int(10) unsigned NOT NULL AUTO_INCREMENT,
  `job_code` varchar(255) NOT NULL DEFAULT '0',
  `status` enum('pending','running','success','missed','error') NOT NULL DEFAULT 'pending',
  `messages` text,
  `created_at` datetime NOT NULL DEFAULT '0000-00-00 00:00:00',
  `scheduled_at` datetime NOT NULL DEFAULT '0000-00-00 00:00:00',
  `executed_at` datetime NOT NULL DEFAULT '0000-00-00 00:00:00',
  `finished_at` datetime NOT NULL DEFAULT '0000-00-00 00:00:00',
  PRIMARY KEY (`schedule_id`),
  KEY `task_name` (`job_code`),
  KEY `scheduled_at` (`scheduled_at`,`status`)
) ENGINE=MyISAM DEFAULT CHARSET=utf8 AUTO_INCREMENT=1 ;

-- --------------------------------------------------------

--
-- è¡¨çš„ç»“æ„ `gd_customer`
--

CREATE TABLE IF NOT EXISTS `gd_customer` (
  `customer_id` int(11) NOT NULL AUTO_INCREMENT,
  `realname` varchar(32) COLLATE utf8_unicode_ci NOT NULL,
  `avatar` varchar(128) COLLATE utf8_unicode_ci DEFAULT NULL,
  `phone` varchar(16) COLLATE utf8_unicode_ci NOT NULL,
  `idnumber` char(18) COLLATE utf8_unicode_ci NOT NULL,
  `wechat` varchar(64) COLLATE utf8_unicode_ci NOT NULL,
  `qq` char(12) COLLATE utf8_unicode_ci DEFAULT NULL,
  `email` varchar(96) COLLATE utf8_unicode_ci DEFAULT NULL,
  `address` varchar(256) COLLATE utf8_unicode_ci DEFAULT NULL,
  `group_id` tinyint(4) NOT NULL DEFAULT '1',
  `status` tinyint(1) NOT NULL DEFAULT '1',
  `referrer_id` varchar(32) COLLATE utf8_unicode_ci NOT NULL,
  `company_id` int(11) NOT NULL DEFAULT '0',
  `card_number` char(16) COLLATE utf8_unicode_ci NOT NULL,
  `note` text COLLATE utf8_unicode_ci,
  `worker_id` int(11) NOT NULL DEFAULT '0',
  `addtime` int(11) NOT NULL DEFAULT '0',
  `lasttime` int(11) NOT NULL DEFAULT '0',
  PRIMARY KEY (`customer_id`)
) ENGINE=InnoDB  DEFAULT CHARSET=utf8 COLLATE=utf8_unicode_ci AUTO_INCREMENT=11 ;

--
-- è½¬å­˜è¡¨ä¸­çš„æ•°æ® `gd_customer`
--

INSERT INTO `gd_customer` (`customer_id`, `realname`, `avatar`, `phone`, `idnumber`, `wechat`, `qq`, `email`, `address`, `group_id`, `status`, `referrer_id`, `company_id`, `card_number`, `note`, `worker_id`, `addtime`, `lasttime`) VALUES
(2, 'æç™¾åº¦', NULL, '18850911766', '321245198905080904', '', NULL, NULL, NULL, 1, 1, '2', 0, '', NULL, 5, 1472552472, 1472552472),
(3, 'åˆ˜äº¬ä¸œ', NULL, '18959506595', '321324199008080808', '', NULL, NULL, NULL, 1, 1, '2', 0, '', NULL, 5, 1472559583, 1472559583),
(4, 'é©¬æ™“äº‘', NULL, '18850219878', '321324195406050508', '', NULL, NULL, NULL, 1, 1, '2', 0, '', NULL, 5, 1472604934, 1472604934),
(5, 'é©¬è…¾è®¯', NULL, '18959596565', '321254198808050604', '', NULL, NULL, NULL, 1, 1, '12', 0, '', NULL, 5, 1472605860, 1472605860),
(6, 'ä½™åä¸º', NULL, '18959596767', '321254198908050604', '', NULL, NULL, NULL, 1, 1, '12', 0, '', NULL, 5, 1472605860, 1472605860),
(7, 'é›·å°ç±³', NULL, '13113213313', '214748364732125419', 'leixiaomi', '324456532', 'a@a.c', '', 1, 1, '2', 1, '312355435436554', 'sadasdasd', 3, 1472645815, 1474426508),
(8, 'ä¹”è‹¹æœ', NULL, '18808800990', '325225197008078888', 'qiaopingguo', '32323454435', NULL, NULL, 2, 1, '12', 0, '', 'ä¹”å¸®ä¸»', 3, 1472646256, 1472646256),
(9, 'æ²ˆä¸‡ä¸‰', NULL, '13813800138', '138139199810039997', 'shenwansan', '64568789797', 'a@b.cc', NULL, 2, 1, '12', 0, '1234354354634', 'asdsadasds', 3, 1472707274, 1472707274),
(10, 'èµµå…¬æ˜', NULL, '13606660888', '123321196606066666', 'zhaogongming', '', NULL, NULL, 3, 1, '12', 0, '', 'asdsad', 1, 1473059868, 1473059868);

-- --------------------------------------------------------

--
-- è¡¨çš„ç»“æ„ `gd_customer_apply`
--

CREATE TABLE IF NOT EXISTS `gd_customer_apply` (
  `apply_id` int(11) NOT NULL AUTO_INCREMENT,
  `customer_id` int(11) NOT NULL,
  `phone` varchar(32) COLLATE utf8_unicode_ci DEFAULT NULL,
  `weight` decimal(11,2) NOT NULL DEFAULT '0.00',
  `fee` decimal(8,2) NOT NULL DEFAULT '0.00',
  `mode` enum('taking','order','renew') COLLATE utf8_unicode_ci NOT NULL DEFAULT 'taking',
  `file` text COLLATE utf8_unicode_ci,
  `data` text COLLATE utf8_unicode_ci,
  `note` text COLLATE utf8_unicode_ci,
  `status` tinyint(1) NOT NULL DEFAULT '1',
  `worker_id` int(11) NOT NULL DEFAULT '0',
  `addtime` int(11) NOT NULL DEFAULT '0',
  `locker_id` int(11) NOT NULL DEFAULT '0',
  `ip` char(15) COLLATE utf8_unicode_ci DEFAULT NULL,
  PRIMARY KEY (`apply_id`)
) ENGINE=InnoDB  DEFAULT CHARSET=utf8 COLLATE=utf8_unicode_ci AUTO_INCREMENT=10 ;

--
-- è½¬å­˜è¡¨ä¸­çš„æ•°æ® `gd_customer_apply`
--

INSERT INTO `gd_customer_apply` (`apply_id`, `customer_id`, `phone`, `weight`, `fee`, `mode`, `file`, `data`, `note`, `status`, `worker_id`, `addtime`, `locker_id`, `ip`) VALUES
(4, 7, '13113213313', '11.00', '11.00', 'taking', NULL, NULL, 'sadasdsadsa', 1, 3, 1474518833, 0, '127.0.0.1'),
(5, 7, '13113213313', '12.00', '12.00', 'order', NULL, NULL, 'asdsadsadsadsa', 0, 3, 1474522640, 0, '127.0.0.1'),
(7, 9, '13813800138', '23.00', '0.00', 'renew', NULL, '{"customer_id":"9","referrer_id":"12","company_id":"1","price":"283.25","weight":23,"month":12,"profit":"0.0800","payment":"gold","transferrer":"7","start":"2016-09-22","end":"2017-09-21","note":"23423423","status_id":"2","worker_id":"3"}', '23423423', 0, 3, 1474525392, 0, '127.0.0.1'),
(8, 9, '13813800138', '50.00', '5.00', 'taking', '[{"name":"29155021142d12.txt","path":"public\\/uploads\\/2016\\/09\\/2222383024105f.txt"}]', '', 'asdsadsadsa', 0, 3, 1474555334, 0, '127.0.0.1'),
(9, 9, '13813800138', '10.00', '10.00', 'order', NULL, '', 'dasdsadas', 1, 3, 1474558474, 0, '127.0.0.1');

-- --------------------------------------------------------

--
-- è¡¨çš„ç»“æ„ `gd_customer_card`
--

CREATE TABLE IF NOT EXISTS `gd_customer_card` (
  `card_number` char(16) COLLATE utf8_unicode_ci NOT NULL,
  `card_serial` char(8) COLLATE utf8_unicode_ci NOT NULL,
  `status` tinyint(4) NOT NULL
) ENGINE=InnoDB DEFAULT CHARSET=utf8 COLLATE=utf8_unicode_ci;

--
-- è½¬å­˜è¡¨ä¸­çš„æ•°æ® `gd_customer_card`
--

INSERT INTO `gd_customer_card` (`card_number`, `card_serial`, `status`) VALUES
('312355435436554', '9C8914DB', 1),
('1234354354634', '3B8814DB', 1);

-- --------------------------------------------------------

--
-- è¡¨çš„ç»“æ„ `gd_customer_group`
--

CREATE TABLE IF NOT EXISTS `gd_customer_group` (
  `group_id` int(11) NOT NULL AUTO_INCREMENT,
  `title` varchar(32) COLLATE utf8_unicode_ci NOT NULL,
  `code` char(16) COLLATE utf8_unicode_ci NOT NULL,
  `icon` varchar(128) COLLATE utf8_unicode_ci DEFAULT NULL,
  `rule` text COLLATE utf8_unicode_ci,
  `note` varchar(128) COLLATE utf8_unicode_ci DEFAULT NULL,
  `status` tinyint(1) NOT NULL DEFAULT '0',
  `worker_id` int(11) NOT NULL DEFAULT '0',
  `addtime` int(11) NOT NULL DEFAULT '0',
  `lasttime` int(11) NOT NULL DEFAULT '0',
  PRIMARY KEY (`group_id`)
) ENGINE=InnoDB  DEFAULT CHARSET=utf8 COLLATE=utf8_unicode_ci AUTO_INCREMENT=5 ;

--
-- è½¬å­˜è¡¨ä¸­çš„æ•°æ® `gd_customer_group`
--

INSERT INTO `gd_customer_group` (`group_id`, `title`, `code`, `icon`, `rule`, `note`, `status`, `worker_id`, `addtime`, `lasttime`) VALUES
(1, 'é“œç‰Œ', 'bronze', NULL, NULL, 'é“œç‰Œå®¢æˆ·', 1, 1, 1472583692, 1472583692),
(2, 'é“¶ç‰Œ', 'silver', NULL, NULL, 'é“¶ç‰Œå®¢æˆ·', 1, 1, 1472589632, 1472589632),
(3, 'é‡‘ç‰Œ', ' gold', NULL, NULL, 'é‡‘ç‰Œå®¢æˆ·', 1, 1, 1472589963, 1472589963),
(4, 'é’»çŸ³', 'diamond', NULL, NULL, 'é’»çŸ³å®¢æˆ·', 1, 1, 1472589995, 1472589995);

-- --------------------------------------------------------

--
-- è¡¨çš„ç»“æ„ `gd_customer_history`
--

CREATE TABLE IF NOT EXISTS `gd_customer_history` (
  `history_id` int(11) NOT NULL AUTO_INCREMENT,
  `customer_id` int(11) NOT NULL,
  `note` text COLLATE utf8_unicode_ci NOT NULL,
  `worker_id` int(11) NOT NULL DEFAULT '0',
  `addtime` int(11) NOT NULL DEFAULT '0',
  PRIMARY KEY (`history_id`)
) ENGINE=InnoDB  DEFAULT CHARSET=utf8 COLLATE=utf8_unicode_ci AUTO_INCREMENT=19 ;

--
-- è½¬å­˜è¡¨ä¸­çš„æ•°æ® `gd_customer_history`
--

INSERT INTO `gd_customer_history` (`history_id`, `customer_id`, `note`, `worker_id`, `addtime`) VALUES
(1, 7, 'ç”³è¯·æé‡‘ï¼š10.00å…‹', 3, 1474421535),
(2, 7, 'ç”³è¯·æé‡‘ï¼š10.00å…‹', 3, 1474423697),
(3, 7, 'å–æ¶ˆæé‡‘ï¼š10.00å…‹<br>sadsadasdasda', 3, 1474423718),
(4, 7, 'ç”³è¯·æé‡‘ï¼š10.00å…‹', 3, 1474423921),
(5, 7, 'å–æ¶ˆæé‡‘ï¼š10.00å…‹<br>asdsadsafdfasdsa', 3, 1474423936),
(6, 7, 'taking 10.00å…‹', 3, 1474504824),
(7, 7, 'å–æ¶ˆæé‡‘ç”³è¯· 10.00 å…‹ï¼Œå–æ¶ˆåŸå› ï¼šwqewqeqweqw ', 3, 1474508856),
(8, 7, 'order 20.00å…‹', 3, 1474512031),
(9, 7, 'taking 11.00å…‹', 3, 1474518203),
(10, 7, 'å–æ¶ˆæé‡‘ç”³è¯· 20.00 å…‹ï¼Œå–æ¶ˆåŸå› ï¼šdsadasdsadsadasdasdsa ', 3, 1474518298),
(11, 7, 'å–æ¶ˆæé‡‘ç”³è¯· 11.00 å…‹ï¼Œå–æ¶ˆåŸå› ï¼š123123333123 ', 3, 1474518802),
(12, 7, 'taking 11.00å…‹', 3, 1474518833),
(13, 7, 'order 12.00å…‹', 3, 1474522640),
(14, 9, 'renew 19.00å…‹', 3, 1474524942),
(15, 9, 'å–æ¶ˆç»­å­˜ç”³è¯· 19.00 å…‹ï¼Œå–æ¶ˆåŸå› ï¼š7987897779879 ', 3, 1474525368),
(16, 9, 'renew 23.00å…‹', 3, 1474525392),
(17, 9, 'taking 50.00å…‹', 3, 1474555334),
(18, 9, 'order 10.00å…‹', 3, 1474558474);

-- --------------------------------------------------------

--
-- è¡¨çš„ç»“æ„ `gd_customer_stock`
--

CREATE TABLE IF NOT EXISTS `gd_customer_stock` (
  `stock_id` int(11) NOT NULL AUTO_INCREMENT,
  `customer_id` int(11) NOT NULL,
  `mode` enum('frozen','in','out','profit','free') COLLATE utf8_unicode_ci NOT NULL DEFAULT 'profit',
  `frozen` enum('0','checking','taking','renew','order') COLLATE utf8_unicode_ci NOT NULL DEFAULT '0',
  `project_sn` char(18) COLLATE utf8_unicode_ci NOT NULL,
  `weight` decimal(13,2) NOT NULL DEFAULT '0.00',
  `fee` decimal(13,2) NOT NULL DEFAULT '0.00',
  `file` text COLLATE utf8_unicode_ci,
  `notify` tinyint(1) NOT NULL DEFAULT '1',
  `note` text COLLATE utf8_unicode_ci,
  `worker_id` int(11) NOT NULL DEFAULT '0',
  `status` tinyint(1) NOT NULL DEFAULT '1',
  `addtime` int(11) NOT NULL DEFAULT '0',
  PRIMARY KEY (`stock_id`)
) ENGINE=InnoDB  DEFAULT CHARSET=utf8 COLLATE=utf8_unicode_ci AUTO_INCREMENT=19 ;

--
-- è½¬å­˜è¡¨ä¸­çš„æ•°æ® `gd_customer_stock`
--

INSERT INTO `gd_customer_stock` (`stock_id`, `customer_id`, `mode`, `frozen`, `project_sn`, `weight`, `fee`, `file`, `notify`, `note`, `worker_id`, `status`, `addtime`) VALUES
(1, 9, 'in', 'checking', 'GR1609129651614635', '118.00', '0.00', NULL, 1, 'asdsasadasdsadsa', 3, 1, 1474380239),
(2, 9, 'profit', 'checking', 'GR1609129651614635', '1.00', '0.00', NULL, 1, 'é¡¹ç›®æå‰ç»ˆæ­¢æ‰€å¾—é‡‘æ¯', 3, 1, 1474380239),
(3, 7, 'in', 'checking', 'GR1609129871653602', '98.00', '0.00', NULL, 1, 'asdsadsafafsadsadsa', 3, 1, 1474380914),
(4, 7, 'profit', 'checking', 'GR1609129871653602', '1.00', '0.00', NULL, 1, 'é¡¹ç›®æå‰ç»ˆæ­¢æ‰€å¾—é‡‘æ¯', 3, 1, 1474380914),
(7, 7, 'free', '0', '', '1.23', '0.00', NULL, 1, 'sadsadsadssss', 3, 1, 1474433515),
(9, 7, 'frozen', 'taking', '', '11.00', '11.00', NULL, 1, '', 3, 1, 1474518833),
(14, 9, 'out', '0', '', '-50.00', '5.00', '[{"name":"29155021142d12.txt","path":"public\\/uploads\\/2016\\/09\\/2222383024105f.txt"}]', 1, 'sadsadsadsa', 7, 1, 1474557257),
(15, 7, 'out', '0', '', '-12.00', '12.00', NULL, 1, 'sadsads', 7, 1, 1474558353),
(16, 9, 'frozen', 'order', '', '10.00', '10.00', NULL, 1, '', 3, 1, 1474558474),
(17, 9, 'out', '0', '', '-23.00', '0.00', NULL, 0, 'å®¢æˆ·ç»­å­˜ 23.00 å…‹ ï¼Œé¡¹ç›® GR1609236100142111', 7, 1, 1474564871),
(18, 9, 'frozen', 'checking', 'GR1609236100142111', '23.00', '0.00', NULL, 1, 'å®¢æˆ·ç»­å­˜ 23.00 å…‹ ï¼Œé¡¹ç›® GR1609236100142111', 7, 1, 1474564871);

-- --------------------------------------------------------

--
-- è¡¨çš„ç»“æ„ `gd_golden_price`
--

CREATE TABLE IF NOT EXISTS `gd_golden_price` (
  `id` int(11) NOT NULL AUTO_INCREMENT,
  `date` date NOT NULL,
  `type` varchar(32) COLLATE utf8_unicode_ci DEFAULT NULL,
  `typename` varchar(32) COLLATE utf8_unicode_ci DEFAULT NULL,
  `price` decimal(8,2) NOT NULL DEFAULT '0.00',
  `addtime` int(11) NOT NULL DEFAULT '0',
  PRIMARY KEY (`id`)
) ENGINE=InnoDB  DEFAULT CHARSET=utf8 COLLATE=utf8_unicode_ci AUTO_INCREMENT=36 ;

--
-- è½¬å­˜è¡¨ä¸­çš„æ•°æ® `gd_golden_price`
--

INSERT INTO `gd_golden_price` (`id`, `date`, `type`, `typename`, `price`, `addtime`) VALUES
(1, '2016-08-25', 'Au99.99', 'æ²ªé‡‘99', '284.89', 1472186901),
(2, '2016-08-22', 'Au99.99', ' æ²ªé‡‘99', '286.36', 1471234567),
(3, '2016-08-23', 'Au99.99', ' æ²ªé‡‘99', '286.82', 1471234567),
(4, '2016-08-24', 'Au99.99', ' æ²ªé‡‘99', '286.70', 1471234567),
(6, '2016-08-19', 'Au99.99', ' æ²ªé‡‘99', '288.20', 1471234567),
(7, '2016-08-18', 'Au99.99', ' æ²ªé‡‘99', '288.87', 1471234567),
(8, '2016-08-17', 'Au99.99', ' æ²ªé‡‘99', '286.79', 1471234567),
(9, '2016-08-16', 'Au99.99', ' æ²ªé‡‘99', '287.98', 1471234567),
(10, '2016-08-15', 'Au99.99', ' æ²ªé‡‘99', '287.35', 1471234567),
(11, '2016-08-12', 'Au99.99', ' æ²ªé‡‘99', '286.80', 1471234567),
(12, '2016-08-11', 'Au99.99', ' æ²ªé‡‘99', '287.84', 1471234567),
(13, '2016-08-10', 'Au99.99', ' æ²ªé‡‘99', '289.80', 1471234567),
(14, '2016-08-09', 'Au99.99', ' æ²ªé‡‘99', '289.00', 1471234567),
(15, '2016-08-08', 'Au99.99', ' æ²ªé‡‘99', '286.42', 1471234567),
(16, '2016-08-05', 'Au99.99', ' æ²ªé‡‘99', '292.12', 1471234567),
(17, '2016-08-04', 'Au99.99', ' æ²ªé‡‘99', '289.05', 1471234567),
(18, '2016-08-03', 'Au99.99', ' æ²ªé‡‘99', '291.90', 1471234567),
(19, '2016-08-02', 'Au99.99', ' æ²ªé‡‘99', '290.10', 1471234567),
(20, '2016-08-01', 'Au99.99', ' æ²ªé‡‘99', '288.17', 1471234567),
(21, '2016-07-29', 'Au99.99', ' æ²ªé‡‘99', '285.83', 1471234567),
(22, '2016-07-28', 'Au99.99', ' æ²ªé‡‘99', '287.71', 1471234567),
(23, '2016-07-27', 'Au99.99', ' æ²ªé‡‘99', '283.63', 1471234567),
(24, '2016-08-26', 'Au99.99', 'æ²ªé‡‘99', '284.89', 1472260847),
(25, '2016-08-27', 'Au99.99', 'æ²ªé‡‘99', '284.89', 1472399839),
(26, '2016-08-28', 'Au99.99', 'æ²ªé‡‘99', '284.89', 1472400119),
(27, '2016-08-29', 'Au99.99', 'æ²ªé‡‘99', '283.50', 1472518017),
(28, '2016-08-30', 'Au99.99', 'æ²ªé‡‘99', '283.99', 1472573192),
(29, '2016-08-31', 'Au99.99', 'æ²ªé‡‘99', '283.19', 1472690403),
(30, '2016-09-01', 'Au99.99', 'æ²ªé‡‘99', '281.49', 1472747309),
(31, '2016-09-04', 'Au99.99', 'æ²ªé‡‘99', '282.46', 1473047202),
(32, '2016-09-05', 'Au99.99', 'æ²ªé‡‘99', '285.33', 1473122091),
(33, '2016-09-06', 'Au99.99', 'æ²ªé‡‘99', '286.30', 1473208513),
(34, '2016-09-07', 'Au99.99', 'æ²ªé‡‘99', '289.37', 1473297213),
(35, '2016-09-08', 'Au99.99', 'æ²ªé‡‘99', '289.20', 1473382443);

-- --------------------------------------------------------

--
-- è¡¨çš„ç»“æ„ `gd_golden_today`
--

CREATE TABLE IF NOT EXISTS `gd_golden_today` (
  `date` date DEFAULT NULL,
  `type` varchar(32) COLLATE utf8_unicode_ci NOT NULL,
  `typename` varchar(32) COLLATE utf8_unicode_ci NOT NULL,
  `price` decimal(8,2) NOT NULL DEFAULT '0.00',
  `opening` decimal(8,2) NOT NULL DEFAULT '0.00',
  `maxprice` decimal(8,2) NOT NULL DEFAULT '0.00',
  `minprice` decimal(8,2) NOT NULL DEFAULT '0.00',
  `change` decimal(6,2) NOT NULL DEFAULT '0.00',
  `lastclosing` decimal(8,2) NOT NULL DEFAULT '0.00',
  `tradeamount` decimal(15,4) NOT NULL DEFAULT '0.0000',
  `updatetime` int(11) NOT NULL DEFAULT '0',
  `addtime` int(11) NOT NULL,
  KEY `date` (`date`),
  KEY `updatetime` (`updatetime`)
) ENGINE=InnoDB DEFAULT CHARSET=utf8 COLLATE=utf8_unicode_ci;

--
-- è½¬å­˜è¡¨ä¸­çš„æ•°æ® `gd_golden_today`
--

INSERT INTO `gd_golden_today` (`date`, `type`, `typename`, `price`, `opening`, `maxprice`, `minprice`, `change`, `lastclosing`, `tradeamount`, `updatetime`, `addtime`) VALUES
('2016-09-08', 'Au(T+D)', 'é»„é‡‘å»¶æœŸ', '288.69', '289.25', '289.55', '287.50', '-0.21', '289.29', '24888.0000', 1473272967, 1473297213),
('2016-09-08', 'mAu(T+D)', 'è¿·ä½ é»„é‡‘å»¶æœŸ', '288.81', '289.68', '289.70', '288.00', '-0.24', '289.51', '1942.8000', 1473272958, 1473297213),
('2016-09-08', 'Au99.99', 'æ²ªé‡‘99', '288.95', '289.48', '289.50', '288.20', '-0.15', '289.37', '108.4800', 1473272919, 1473297213),
('2016-09-08', 'Au99.95', 'æ²ªé‡‘95', '289.30', '289.50', '289.50', '289.30', '0.02', '289.24', '42.0000', 1473272661, 1473297213),
('2016-09-08', 'Au100g', 'æ²ªé‡‘100G', '288.00', '288.50', '289.39', '288.00', '-0.51', '289.47', '8.2000', 1473268911, 1473297213),
('2016-09-08', 'Au(T+N1)', 'å»¶æœŸå•é‡‘', '292.40', '292.45', '292.45', '291.20', '0.05', '292.25', '5.8000', 1473272966, 1473297213),
('2016-09-08', 'Au(T+N2)', 'å»¶æœŸåŒé‡‘', '290.15', '289.70', '290.20', '289.05', '-0.50', '291.60', '4.6000', 1473272960, 1473297213),
('2016-09-07', 'iAu100g', 'IAU100G', '0.00', '0.00', '0.00', '0.00', '0.00', '261.18', '0.0000', 1473260449, 1473297213),
('2016-09-07', 'iAu99.5', 'IAU99.5', '0.00', '0.00', '0.00', '0.00', '0.00', '237.80', '0.0000', 1473248351, 1473297213),
('2016-09-08', 'iAu99.99', 'IAU99.99', '0.00', '0.00', '0.00', '0.00', '0.00', '287.99', '0.0000', 1473272958, 1473297213),
('2016-09-08', 'Pt99.95', 'æ²ªé“‚95', '0.00', '0.00', '0.00', '0.00', '0.00', '251.00', '0.0000', 1473272894, 1473297213),
('2016-09-08', 'Au(T+D)', 'é»„é‡‘å»¶æœŸ', '288.90', '289.25', '289.55', '287.50', '-0.13', '289.29', '29230.0000', 1473298961, 1473299653),
('2016-09-08', 'mAu(T+D)', 'è¿·ä½ é»„é‡‘å»¶æœŸ', '289.00', '289.68', '289.70', '288.00', '-0.18', '289.51', '2214.8000', 1473298956, 1473299653),
('2016-09-08', 'Au99.99', 'æ²ªé‡‘99', '289.17', '289.48', '289.50', '288.20', '-0.07', '289.37', '318.0800', 1473298959, 1473299653),
('2016-09-08', 'Au99.95', 'æ²ªé‡‘95', '289.00', '289.50', '289.50', '289.00', '-0.08', '289.24', '58.0000', 1473298960, 1473299653),
('2016-09-08', 'Au(T+N1)', 'å»¶æœŸå•é‡‘', '291.85', '292.45', '292.45', '291.20', '-0.14', '292.25', '25.8000', 1473298961, 1473299653),
('2016-09-08', 'Au(T+N2)', 'å»¶æœŸåŒé‡‘', '290.30', '289.70', '290.30', '289.05', '-0.45', '291.60', '24.6000', 1473298957, 1473299653),
('2016-09-08', 'Au100g', 'æ²ªé‡‘100G', '289.00', '288.50', '289.39', '288.00', '-0.16', '289.47', '12.4000', 1473298917, 1473299653),
('2016-09-08', 'Pt99.95', 'æ²ªé“‚95', '248.50', '248.50', '248.50', '248.50', '-1.00', '251.00', '2.0000', 1473297157, 1473299653),
('2016-09-08', 'iAu99.99', 'IAU99.99', '0.00', '0.00', '0.00', '0.00', '0.00', '287.99', '0.0000', 1473298912, 1473299653),
('2016-09-08', 'Au(T+D)', 'é»„é‡‘å»¶æœŸ', '288.95', '289.25', '289.55', '287.50', '-0.12', '289.29', '34262.0000', 1473302529, 1473303275),
('2016-09-08', 'mAu(T+D)', 'è¿·ä½ é»„é‡‘å»¶æœŸ', '289.15', '289.68', '289.70', '288.00', '-0.12', '289.51', '2315.2000', 1473302529, 1473303275),
('2016-09-08', 'Au99.99', 'æ²ªé‡‘99', '289.35', '289.48', '289.50', '288.20', '-0.01', '289.37', '1667.9000', 1473302522, 1473303275),
('2016-09-08', 'Au99.95', 'æ²ªé‡‘95', '289.00', '289.50', '289.50', '288.90', '-0.08', '289.24', '440.0000', 1473302522, 1473303275),
('2016-09-08', 'Au(T+N2)', 'å»¶æœŸåŒé‡‘', '289.10', '289.70', '290.65', '289.05', '-0.86', '291.60', '73.0000', 1473301512, 1473303275),
('2016-09-08', 'Au(T+N1)', 'å»¶æœŸå•é‡‘', '292.35', '292.45', '292.45', '291.20', '0.03', '292.25', '42.6000', 1473302527, 1473303275),
('2016-09-08', 'Au100g', 'æ²ªé‡‘100G', '289.00', '288.50', '289.39', '288.00', '-0.16', '289.47', '18.0000', 1473302474, 1473303275),
('2016-09-08', 'Pt99.95', 'æ²ªé“‚95', '248.25', '248.50', '248.50', '248.25', '-1.10', '251.00', '12.0000', 1473301836, 1473303275),
('2016-09-08', 'iAu99.99', 'IAU99.99', '0.00', '0.00', '0.00', '0.00', '0.00', '287.99', '0.0000', 1473302496, 1473303275),
('2016-09-08', 'Au(T+D)', 'é»„é‡‘å»¶æœŸ', '288.90', '289.25', '289.55', '287.50', '-0.13', '289.29', '36326.0000', 1473305355, 1473306879),
('2016-09-08', 'Au99.99', 'æ²ªé‡‘99', '289.23', '289.48', '289.50', '288.20', '-0.05', '289.37', '3602.8200', 1473305361, 1473306879),
('2016-09-08', 'mAu(T+D)', 'è¿·ä½ é»„é‡‘å»¶æœŸ', '289.15', '289.68', '289.70', '288.00', '-0.12', '289.51', '2522.0000', 1473305366, 1473306879),
('2016-09-08', 'Au99.95', 'æ²ªé‡‘95', '289.00', '289.50', '289.50', '288.90', '-0.08', '289.24', '778.0000', 1473305359, 1473306879),
('2016-09-08', 'Au(T+N2)', 'å»¶æœŸåŒé‡‘', '289.10', '289.70', '290.65', '289.05', '-0.86', '291.60', '73.0000', 1473305367, 1473306879),
('2016-09-08', 'Au(T+N1)', 'å»¶æœŸå•é‡‘', '292.35', '292.45', '292.45', '291.20', '0.03', '292.25', '43.2000', 1473305355, 1473306879),
('2016-09-08', 'Pt99.95', 'æ²ªé“‚95', '248.00', '248.50', '248.50', '248.00', '-1.20', '251.00', '20.0000', 1473305349, 1473306879),
('2016-09-08', 'Au100g', 'æ²ªé‡‘100G', '288.56', '288.50', '289.39', '288.00', '-0.31', '289.47', '19.6000', 1473305355, 1473306879),
('2016-09-08', 'iAu99.99', 'IAU99.99', '0.00', '0.00', '0.00', '0.00', '0.00', '287.99', '0.0000', 1473305368, 1473306879),
('2016-09-08', 'Au(T+D)', 'é»„é‡‘å»¶æœŸ', '289.05', '289.25', '289.55', '287.50', '-0.08', '289.29', '37180.0000', 1473313390, 1473314154),
('2016-09-08', 'Au99.99', 'æ²ªé‡‘99', '289.35', '289.48', '289.50', '288.20', '-0.01', '289.37', '4497.2200', 1473313382, 1473314154),
('2016-09-08', 'mAu(T+D)', 'è¿·ä½ é»„é‡‘å»¶æœŸ', '289.16', '289.68', '289.70', '288.00', '-0.12', '289.51', '2596.8000', 1473313388, 1473314154),
('2016-09-08', 'Au99.95', 'æ²ªé‡‘95', '288.80', '289.50', '289.50', '288.80', '-0.15', '289.24', '796.0000', 1473313146, 1473314154),
('2016-09-08', 'Au(T+N2)', 'å»¶æœŸåŒé‡‘', '289.10', '289.70', '290.65', '289.05', '-0.86', '291.60', '73.0000', 1473313362, 1473314154),
('2016-09-08', 'Au(T+N1)', 'å»¶æœŸå•é‡‘', '292.35', '292.45', '292.45', '291.20', '0.03', '292.25', '43.2000', 1473313298, 1473314154),
('2016-09-08', 'Au100g', 'æ²ªé‡‘100G', '289.28', '288.50', '289.39', '288.00', '-0.07', '289.47', '20.6000', 1473313380, 1473314154),
('2016-09-08', 'Pt99.95', 'æ²ªé“‚95', '248.00', '248.50', '248.50', '248.00', '-1.20', '251.00', '20.0000', 1473312731, 1473314154),
('2016-09-08', 'iAu99.99', 'IAU99.99', '289.20', '289.20', '289.20', '289.20', '0.42', '287.99', '0.0200', 1473312570, 1473314154),
('2016-09-08', 'Au(T+D)', 'é»„é‡‘å»¶æœŸ', '289.05', '289.25', '289.55', '287.50', '-0.08', '289.29', '37180.0000', 1473313420, 1473316032),
('2016-09-08', 'Au99.99', 'æ²ªé‡‘99', '289.34', '289.48', '289.50', '288.20', '-0.01', '289.37', '4500.6200', 1473313416, 1473316032),
('2016-09-08', 'mAu(T+D)', 'è¿·ä½ é»„é‡‘å»¶æœŸ', '289.16', '289.68', '289.70', '288.00', '-0.12', '289.51', '2598.2000', 1473313418, 1473316032),
('2016-09-08', 'Au99.95', 'æ²ªé‡‘95', '288.80', '289.50', '289.50', '288.80', '-0.15', '289.24', '796.0000', 1473313415, 1473316032),
('2016-09-08', 'Au(T+D)', 'é»„é‡‘å»¶æœŸ', '289.10', '289.25', '289.55', '287.50', '-0.07', '289.29', '43490.0000', 1473316994, 1473317881),
('2016-09-08', 'Au(T+N2)', 'å»¶æœŸåŒé‡‘', '290.30', '289.70', '290.65', '289.05', '-0.45', '291.60', '16073.0000', 1473316926, 1473317881),
('2016-09-08', 'Au(T+N1)', 'å»¶æœŸå•é‡‘', '292.10', '292.45', '292.45', '291.20', '-0.05', '292.25', '12043.6000', 1473316926, 1473317881),
('2016-09-08', 'Au99.99', 'æ²ªé‡‘99', '289.33', '289.48', '289.50', '288.20', '-0.01', '289.37', '9337.6600', 1473316993, 1473317881),
('2016-09-08', 'mAu(T+D)', 'è¿·ä½ é»„é‡‘å»¶æœŸ', '289.18', '289.68', '289.70', '288.00', '-0.11', '289.51', '2887.0000', 1473316971, 1473317881),
('2016-09-08', 'Au99.95', 'æ²ªé‡‘95', '289.05', '289.50', '289.50', '288.80', '-0.07', '289.24', '1090.0000', 1473316875, 1473317881),
('2016-09-08', 'Au100g', 'æ²ªé‡‘100G', '289.30', '288.50', '289.40', '288.00', '-0.06', '289.47', '37.8000', 1473316893, 1473317881),
('2016-09-08', 'Pt99.95', 'æ²ªé“‚95', '248.00', '248.50', '248.50', '248.00', '-1.20', '251.00', '20.0000', 1473314519, 1473317881),
('2016-09-08', 'iAu99.99', 'IAU99.99', '289.20', '289.20', '289.20', '289.20', '0.42', '287.99', '0.0200', 1473313648, 1473317881),
('2016-09-08', 'Au(T+D)', 'é»„é‡‘å»¶æœŸ', '289.10', '289.25', '289.55', '287.50', '-0.07', '289.29', '43570.0000', 1473317023, 1473319683),
('2016-09-08', 'Au99.99', 'æ²ªé‡‘99', '289.35', '289.48', '289.50', '288.20', '-0.01', '289.37', '9437.6600', 1473317000, 1473319683),
('2016-09-08', 'mAu(T+D)', 'è¿·ä½ é»„é‡‘å»¶æœŸ', '289.18', '289.68', '289.70', '288.00', '-0.11', '289.51', '2887.0000', 1473317017, 1473319683),
('2016-09-08', 'Au99.95', 'æ²ªé‡‘95', '289.05', '289.50', '289.50', '288.80', '-0.07', '289.24', '1090.0000', 1473317010, 1473319683),
('2016-09-08', 'Au(T+D)', 'é»„é‡‘å»¶æœŸ', '289.09', '289.25', '289.55', '287.50', '-0.07', '289.29', '47666.0000', 1473319767, 1473321520),
('2016-09-08', 'Au(T+N2)', 'å»¶æœŸåŒé‡‘', '290.30', '289.70', '290.65', '289.05', '-0.45', '291.60', '16073.0000', 1473319739, 1473321520),
('2016-09-08', 'Au99.99', 'æ²ªé‡‘99', '289.20', '289.48', '289.50', '288.20', '-0.06', '289.37', '13585.8400', 1473319769, 1473321520),
('2016-09-08', 'Au(T+N1)', 'å»¶æœŸå•é‡‘', '292.35', '292.45', '292.45', '291.20', '0.03', '292.25', '12048.0000', 1473319739, 1473321520),
('2016-09-08', 'mAu(T+D)', 'è¿·ä½ é»„é‡‘å»¶æœŸ', '289.23', '289.68', '289.70', '288.00', '-0.10', '289.51', '3509.0000', 1473319763, 1473321520),
('2016-09-08', 'Au99.95', 'æ²ªé‡‘95', '289.10', '289.50', '289.50', '288.80', '-0.05', '289.24', '1228.0000', 1473319769, 1473321520),
('2016-09-08', 'Au100g', 'æ²ªé‡‘100G', '289.00', '288.50', '289.40', '288.00', '-0.16', '289.47', '40.6000', 1473319769, 1473321520),
('2016-09-08', 'Pt99.95', 'æ²ªé“‚95', '248.75', '248.50', '248.75', '248.00', '-0.90', '251.00', '32.0000', 1473319769, 1473321520),
('2016-09-08', 'iAu99.99', 'IAU99.99', '289.20', '289.20', '289.20', '289.20', '0.42', '287.99', '0.0200', 1473319769, 1473321520),
('2016-09-08', 'iAu100g', 'IAU100G', '0.00', '0.00', '0.00', '0.00', '0.00', '261.18', '0.0000', 1473319769, 1473321520),
('2016-09-08', 'iAu99.5', 'IAU99.5', '0.00', '0.00', '0.00', '0.00', '0.00', '237.80', '0.0000', 1473319769, 1473321520),
('2016-09-08', 'Au(T+D)', 'é»„é‡‘å»¶æœŸ', '288.52', '288.65', '289.25', '288.10', '-0.19', '289.08', '13624.0000', 1473342405, 1473343839),
('2016-09-08', 'mAu(T+D)', 'è¿·ä½ é»„é‡‘å»¶æœŸ', '288.62', '289.26', '289.40', '288.20', '-0.21', '289.23', '1200.6000', 1473342405, 1473343839),
('2016-09-08', 'Au99.95', 'æ²ªé‡‘95', '289.00', '289.10', '289.46', '289.00', '-0.03', '289.10', '80.0000', 1473342342, 1473343839),
('2016-09-08', 'Au99.99', 'æ²ªé‡‘99', '288.98', '289.69', '289.69', '288.50', '-0.08', '289.20', '8.4400', 1473342364, 1473343839),
('2016-09-08', 'Au100g', 'æ²ªé‡‘100G', '289.00', '289.00', '289.00', '289.00', '0.00', '289.00', '0.4000', 1473342222, 1473343839),
('2016-09-08', 'Au(T+N2)', 'å»¶æœŸåŒé‡‘', '289.90', '289.90', '289.90', '289.90', '-0.14', '290.30', '0.2000', 1473342404, 1473343839),
('2016-09-08', 'Pt99.95', 'æ²ªé“‚95', '0.00', '0.00', '0.00', '0.00', '0.00', '248.33', '0.0000', 1473341727, 1473343839),
('2016-09-08', 'iAu100g', 'IAU100G', '0.00', '0.00', '0.00', '0.00', '0.00', '261.18', '0.0000', 1473341491, 1473343839),
('2016-09-08', 'iAu99.5', 'IAU99.5', '0.00', '0.00', '0.00', '0.00', '0.00', '237.80', '0.0000', 1473334755, 1473343839),
('2016-09-08', 'iAu99.99', 'IAU99.99', '0.00', '0.00', '0.00', '0.00', '0.00', '289.20', '0.0000', 1473342405, 1473343839),
('2016-09-08', 'Au(T+N1)', 'å»¶æœŸå•é‡‘', '0.00', '0.00', '0.00', '0.00', '0.00', '292.35', '0.0000', 1473342362, 1473343839),
('2016-09-08', 'Au(T+D)', 'é»„é‡‘å»¶æœŸ', '288.56', '288.65', '289.25', '288.10', '-0.18', '289.08', '13612.0000', 1473342372, 1473345642),
('2016-09-08', 'mAu(T+D)', 'è¿·ä½ é»„é‡‘å»¶æœŸ', '288.61', '289.26', '289.40', '288.20', '-0.21', '289.23', '1199.0000', 1473342372, 1473345642),
('2016-09-08', 'Au(T+N2)', 'å»¶æœŸåŒé‡‘', '289.90', '289.90', '289.90', '289.90', '-0.14', '290.30', '0.2000', 1473342372, 1473345642),
('2016-09-08', 'iAu99.99', 'IAU99.99', '0.00', '0.00', '0.00', '0.00', '0.00', '289.20', '0.0000', 1473342371, 1473345642),
('2016-09-08', 'Au(T+D)', 'é»„é‡‘å»¶æœŸ', '288.60', '288.65', '289.25', '288.10', '-0.17', '289.08', '16310.0000', 1473346003, 1473347444),
('2016-09-08', 'mAu(T+D)', 'è¿·ä½ é»„é‡‘å»¶æœŸ', '288.70', '289.26', '289.40', '288.20', '-0.18', '289.23', '1472.0000', 1473346003, 1473347444),
('2016-09-08', 'Au99.95', 'æ²ªé‡‘95', '289.00', '289.10', '289.46', '289.00', '-0.03', '289.10', '80.0000', 1473344872, 1473347444),
('2016-09-08', 'Au99.99', 'æ²ªé‡‘99', '288.80', '289.69', '289.69', '288.22', '-0.14', '289.20', '16.8000', 1473346001, 1473347444),
('2016-09-08', 'Au100g', 'æ²ªé‡‘100G', '289.00', '289.00', '289.00', '289.00', '0.00', '289.00', '1.2000', 1473345916, 1473347444),
('2016-09-08', 'Au(T+N1)', 'å»¶æœŸå•é‡‘', '292.00', '291.60', '292.00', '291.60', '-0.12', '292.35', '1.0000', 1473345987, 1473347444),
('2016-09-08', 'Au(T+N2)', 'å»¶æœŸåŒé‡‘', '289.90', '289.90', '289.90', '289.90', '-0.14', '290.30', '0.2000', 1473345940, 1473347444),
('2016-09-08', 'iAu100g', 'IAU100G', '0.00', '0.00', '0.00', '0.00', '0.00', '261.18', '0.0000', 1473345683, 1473347444),
('2016-09-08', 'iAu99.99', 'IAU99.99', '0.00', '0.00', '0.00', '0.00', '0.00', '289.20', '0.0000', 1473345988, 1473347444),
('2016-09-09', 'Au(T+D)', 'é»„é‡‘å»¶æœŸ', '287.76', '288.65', '289.25', '287.33', '-0.46', '289.08', '28404.0000', 1473359369, 1473382443),
('2016-09-09', 'mAu(T+D)', 'è¿·ä½ é»„é‡‘å»¶æœŸ', '287.86', '289.26', '289.40', '287.60', '-0.47', '289.23', '2905.2000', 1473359367, 1473382443),
('2016-09-09', 'Au99.99', 'æ²ªé‡‘99', '288.50', '289.69', '289.69', '287.51', '-0.24', '289.20', '201.5800', 1473359298, 1473382443),
('2016-09-09', 'Au99.95', 'æ²ªé‡‘95', '288.20', '289.10', '289.46', '288.20', '-0.31', '289.10', '98.0000', 1473359324, 1473382443),
('2016-09-09', 'Au(T+N1)', 'å»¶æœŸå•é‡‘', '291.00', '291.60', '292.00', '291.00', '-0.46', '292.35', '22.0000', 1473359357, 1473382443),
('2016-09-09', 'Au100g', 'æ²ªé‡‘100G', '288.00', '289.00', '289.00', '288.00', '-0.35', '289.00', '2.8000', 1473357523, 1473382443),
('2016-09-09', 'Au(T+N2)', 'å»¶æœŸåŒé‡‘', '289.00', '289.90', '289.90', '289.00', '-0.45', '290.30', '1.2000', 1473359357, 1473382443),
('2016-09-08', 'iAu100g', 'IAU100G', '0.00', '0.00', '0.00', '0.00', '0.00', '261.18', '0.0000', 1473349659, 1473382443),
('2016-09-09', 'iAu99.99', 'IAU99.99', '0.00', '0.00', '0.00', '0.00', '0.00', '289.20', '0.0000', 1473359367, 1473382443),
('2016-09-09', 'Pt99.95', 'æ²ªé“‚95', '0.00', '0.00', '0.00', '0.00', '0.00', '248.33', '0.0000', 1473359280, 1473382443),
('2016-09-09', 'Au(T+D)', 'é»„é‡‘å»¶æœŸ', '287.69', '288.65', '289.25', '287.33', '-0.48', '289.08', '36474.0000', 1473386176, 1473386955),
('2016-09-09', 'mAu(T+D)', 'è¿·ä½ é»„é‡‘å»¶æœŸ', '287.95', '289.26', '289.40', '287.60', '-0.44', '289.23', '3283.4000', 1473386175, 1473386955),
('2016-09-09', 'Au99.99', 'æ²ªé‡‘99', '287.95', '289.69', '289.69', '287.51', '-0.43', '289.20', '911.5800', 1473386176, 1473386955),
('2016-09-09', 'Au99.95', 'æ²ªé‡‘95', '287.70', '289.10', '289.46', '287.65', '-0.48', '289.10', '204.0000', 1473386163, 1473386955),
('2016-09-09', 'Au(T+N2)', 'å»¶æœŸåŒé‡‘', '289.00', '289.90', '289.90', '287.60', '-0.45', '290.30', '113.4000', 1473386095, 1473386955),
('2016-09-09', 'Au(T+N1)', 'å»¶æœŸå•é‡‘', '290.50', '291.60', '292.00', '290.50', '-0.63', '292.35', '98.2000', 1473386098, 1473386955),
('2016-09-09', 'Pt99.95', 'æ²ªé“‚95', '247.75', '247.75', '247.75', '247.75', '-0.23', '248.33', '10.0000', 1473385139, 1473386955),
('2016-09-09', 'Au100g', 'æ²ªé‡‘100G', '288.66', '289.00', '289.00', '287.65', '-0.12', '289.00', '6.8000', 1473386143, 1473386955),
('2016-09-09', 'iAu99.99', 'IAU99.99', '287.01', '287.01', '287.01', '287.01', '-0.76', '289.20', '0.0200', 1473386176, 1473386955),
('2016-09-09', 'iAu100g', 'IAU100G', '0.00', '0.00', '0.00', '0.00', '0.00', '261.18', '0.0000', 1473383673, 1473386955),
('2016-09-09', 'Au(T+D)', 'é»„é‡‘å»¶æœŸ', '287.92', '288.65', '289.25', '287.33', '-0.40', '289.08', '40474.0000', 1473389804, 1473393562),
('2016-09-09', 'Au(T+N1)', 'å»¶æœŸå•é‡‘', '291.00', '291.60', '292.00', '290.50', '-0.46', '292.35', '12098.4000', 1473389751, 1473393562),
('2016-09-09', 'Au(T+N2)', 'å»¶æœŸåŒé‡‘', '289.80', '289.90', '289.90', '287.60', '-0.17', '290.30', '8134.0000', 1473389796, 1473393562),
('2016-09-09', 'mAu(T+D)', 'è¿·ä½ é»„é‡‘å»¶æœŸ', '288.10', '289.26', '289.40', '287.60', '-0.39', '289.23', '3766.0000', 1473389805, 1473393562),
('2016-09-09', 'Au99.99', 'æ²ªé‡‘99', '288.01', '289.69', '289.69', '287.51', '-0.41', '289.20', '3152.9000', 1473389789, 1473393562),
('2016-09-09', 'Au99.95', 'æ²ªé‡‘95', '287.89', '289.10', '289.46', '287.65', '-0.42', '289.10', '726.0000', 1473389753, 1473393562),
('2016-09-09', 'Au100g', 'æ²ªé‡‘100G', '288.20', '289.00', '289.00', '287.65', '-0.28', '289.00', '10.0000', 1473389699, 1473393562),
('2016-09-09', 'Pt99.95', 'æ²ªé“‚95', '247.75', '247.75', '247.75', '247.75', '-0.23', '248.33', '10.0000', 1473388605, 1473393562),
('2016-09-09', 'iAu99.99', 'IAU99.99', '287.01', '287.01', '287.01', '287.01', '-0.76', '289.20', '0.1000', 1473389801, 1473393562),
('2016-09-09', 'Au(T+D)', 'é»„é‡‘å»¶æœŸ', '287.87', '288.65', '289.25', '287.33', '-0.42', '289.08', '41186.0000', 1473391762, 1473394463),
('2016-09-09', 'Au(T+N1)', 'å»¶æœŸå•é‡‘', '290.55', '291.60', '292.00', '290.50', '-0.62', '292.35', '12100.2000', 1473391734, 1473394463),
('2016-09-09', 'Au(T+N2)', 'å»¶æœŸåŒé‡‘', '289.80', '289.90', '289.90', '287.60', '-0.17', '290.30', '8134.0000', 1473391735, 1473394463),
('2016-09-09', 'Au99.99', 'æ²ªé‡‘99', '288.08', '289.69', '289.69', '287.51', '-0.39', '289.20', '4169.6600', 1473391751, 1473394463),
('2016-09-09', 'mAu(T+D)', 'è¿·ä½ é»„é‡‘å»¶æœŸ', '288.10', '289.26', '289.40', '287.60', '-0.39', '289.23', '3900.6000', 1473391763, 1473394463),
('2016-09-09', 'Au99.95', 'æ²ªé‡‘95', '287.80', '289.10', '289.46', '287.65', '-0.45', '289.10', '804.0000', 1473391734, 1473394463),
('2016-09-09', 'Au100g', 'æ²ªé‡‘100G', '288.54', '289.00', '289.00', '287.65', '-0.16', '289.00', '11.0000', 1473391269, 1473394463),
('2016-09-09', 'Pt99.95', 'æ²ªé“‚95', '247.75', '247.75', '247.75', '247.75', '-0.23', '248.33', '10.0000', 1473391753, 1473394463),
('2016-09-09', 'iAu99.99', 'IAU99.99', '288.20', '287.01', '288.20', '287.01', '-0.35', '289.20', '0.1400', 1473391747, 1473394463),
('2016-09-09', 'Au(T+D)', 'é»„é‡‘å»¶æœŸ', '287.70', '288.65', '289.25', '287.33', '-0.48', '289.08', '43828.0000', 1473400695, 1473401732),
('2016-09-09', 'Au(T+N1)', 'å»¶æœŸå•é‡‘', '290.65', '291.60', '292.00', '290.50', '-0.58', '292.35', '12120.2000', 1473400546, 1473401732),
('2016-09-09', 'Au(T+N2)', 'å»¶æœŸåŒé‡‘', '289.10', '289.90', '289.90', '287.60', '-0.41', '290.30', '8154.0000', 1473400592, 1473401732),
('2016-09-09', 'Au99.99', 'æ²ªé‡‘99', '287.90', '289.69', '289.69', '287.51', '-0.45', '289.20', '6229.7000', 1473400700, 1473401732),
('2016-09-09', 'mAu(T+D)', 'è¿·ä½ é»„é‡‘å»¶æœŸ', '287.90', '289.26', '289.40', '287.60', '-0.46', '289.23', '4019.4000', 1473400699, 1473401732),
('2016-09-09', 'Au99.95', 'æ²ªé‡‘95', '287.65', '289.10', '289.46', '287.60', '-0.50', '289.10', '884.0000', 1473400698, 1473401732),
('2016-09-09', 'Au100g', 'æ²ªé‡‘100G', '288.45', '289.00', '289.00', '287.65', '-0.19', '289.00', '14.0000', 1473400656, 1473401732),
('2016-09-09', 'Pt99.95', 'æ²ªé“‚95', '247.75', '247.75', '247.75', '247.75', '-0.23', '248.33', '10.0000', 1473400070, 1473401732),
('2016-09-09', 'iAu99.99', 'IAU99.99', '288.10', '287.01', '288.20', '287.01', '-0.38', '289.20', '0.2200', 1473400672, 1473401732),
('2016-09-09', 'Au(T+D)', 'é»„é‡‘å»¶æœŸ', '287.45', '288.65', '289.25', '287.30', '-0.56', '289.08', '49926.0000', 1473404296, 1473405336),
('2016-09-09', 'Au(T+N1)', 'å»¶æœŸå•é‡‘', '290.50', '291.60', '292.00', '290.50', '-0.63', '292.35', '12137.6000', 1473404293, 1473405336),
('2016-09-09', 'Au99.99', 'æ²ªé‡‘99', '287.66', '289.69', '289.69', '287.51', '-0.53', '289.20', '11909.4800', 1473404293, 1473405336),
('2016-09-09', 'Au(T+N2)', 'å»¶æœŸåŒé‡‘', '289.00', '289.90', '289.90', '287.60', '-0.45', '290.30', '8170.0000', 1473404293, 1473405336),
('2016-09-09', 'mAu(T+D)', 'è¿·ä½ é»„é‡‘å»¶æœŸ', '287.66', '289.26', '289.40', '287.54', '-0.54', '289.23', '4508.8000', 1473404297, 1473405336),
('2016-09-09', 'Au99.95', 'æ²ªé‡‘95', '287.45', '289.10', '289.46', '287.40', '-0.57', '289.10', '1222.0000', 1473404214, 1473405336),
('2016-09-09', 'Au100g', 'æ²ªé‡‘100G', '287.80', '289.00', '289.00', '287.65', '-0.42', '289.00', '23.2000', 1473404272, 1473405336),
('2016-09-09', 'Pt99.95', 'æ²ªé“‚95', '247.75', '247.75', '247.75', '247.75', '-0.23', '248.33', '10.0000', 1473402960, 1473405336),
('2016-09-09', 'iAu99.99', 'IAU99.99', '287.00', '287.01', '288.20', '287.00', '-0.76', '289.20', '0.7200', 1473404289, 1473405336),
('2016-09-09', 'Au(T+D)', 'é»„é‡‘å»¶æœŸ', '287.58', '288.65', '289.25', '287.30', '-0.52', '289.08', '52014.0000', 1473406168, 1473409139),
('2016-09-09', 'Au(T+N1)', 'å»¶æœŸå•é‡‘', '290.85', '291.60', '292.00', '290.50', '-0.51', '292.35', '16137.6000', 1473406129, 1473409139),
('2016-09-09', 'Au99.99', 'æ²ªé‡‘99', '287.70', '289.69', '289.69', '287.51', '-0.52', '289.20', '14542.9400', 1473406168, 1473409139),
('2016-09-09', 'Au(T+N2)', 'å»¶æœŸåŒé‡‘', '288.50', '289.90', '289.90', '287.60', '-0.62', '290.30', '12207.4000', 1473406129, 1473409139),
('2016-09-09', 'mAu(T+D)', 'è¿·ä½ é»„é‡‘å»¶æœŸ', '287.65', '289.26', '289.40', '287.54', '-0.55', '289.23', '4795.4000', 1473406168, 1473409139),
('2016-09-09', 'Au99.95', 'æ²ªé‡‘95', '287.48', '289.10', '289.46', '287.30', '-0.56', '289.10', '1372.0000', 1473406168, 1473409139),
('2016-09-09', 'Au100g', 'æ²ªé‡‘100G', '287.52', '289.00', '289.00', '287.52', '-0.51', '289.00', '27.2000', 1473406168, 1473409139),
('2016-09-09', 'Pt99.95', 'æ²ªé“‚95', '246.50', '247.75', '247.75', '246.50', '-0.74', '248.33', '12.0000', 1473406168, 1473409139),
('2016-09-09', 'iAu99.99', 'IAU99.99', '287.00', '287.01', '288.20', '287.00', '-0.76', '289.20', '0.7200', 1473406168, 1473409139),
('2016-09-09', 'iAu100g', 'IAU100G', '0.00', '0.00', '0.00', '0.00', '0.00', '261.18', '0.0000', 1473406168, 1473409139),
('2016-09-09', 'iAu99.5', 'IAU99.5', '0.00', '0.00', '0.00', '0.00', '0.00', '237.80', '0.0000', 1473406168, 1473409139),
(NULL, 'Au(T+D)', 'é»„é‡‘å»¶æœŸ', '282.74', '0.00', '282.84', '281.70', '-1.84', '284.58', '0.0000', 1474249202, 1474249654),
(NULL, 'Au99.99', 'æ²ªé‡‘99', '283.00', '0.00', '285.10', '282.20', '-1.95', '284.95', '0.0000', 1474249203, 1474249654),
('2016-09-19', 'Au(T+D)', 'é»„é‡‘å»¶æœŸ', '282.68', '0.00', '282.84', '281.70', '-1.90', '284.58', '0.0000', 1474249628, 1474249943),
('2016-09-19', 'Au99.99', 'æ²ªé‡‘99', '282.90', '0.00', '285.10', '282.20', '-2.05', '284.95', '0.0000', 1474249630, 1474249943),
('2016-09-19', 'Au(T+D)', 'é»„é‡‘å»¶æœŸ', '282.70', '0.00', '282.84', '281.70', '-1.88', '284.58', '0.0000', 1474249809, 1474250148),
('2016-09-19', 'Au99.99', 'æ²ªé‡‘99', '282.88', '0.00', '285.10', '282.20', '-2.07', '284.95', '0.0000', 1474249809, 1474250148),
('2016-09-19', 'Au(T+D)', 'é»„é‡‘å»¶æœŸ', '282.74', '0.00', '282.84', '281.70', '-1.84', '284.58', '0.0000', 1474250231, 1474250881),
('2016-09-19', 'Au99.99', 'æ²ªé‡‘99', '282.93', '0.00', '285.10', '282.20', '-2.02', '284.95', '0.0000', 1474250230, 1474250881),
('2016-09-19', 'Au(T+D)', 'é»„é‡‘å»¶æœŸ', '282.70', '0.00', '282.84', '281.70', '-1.88', '284.58', '0.0000', 1474250390, 1474251182),
('2016-09-19', 'Au99.99', 'æ²ªé‡‘99', '282.93', '0.00', '285.10', '282.20', '-2.02', '284.95', '0.0000', 1474250386, 1474251182),
('2016-09-19', 'Au(T+D)', 'é»„é‡‘å»¶æœŸ', '282.73', '0.00', '282.84', '281.70', '-1.85', '284.58', '0.0000', 1474250944, 1474251482),
('2016-09-19', 'Au99.99', 'æ²ªé‡‘99', '282.90', '0.00', '285.10', '282.20', '-2.05', '284.95', '0.0000', 1474250901, 1474251482),
('2016-09-19', 'Au(T+D)', 'é»„é‡‘å»¶æœŸ', '282.73', '0.00', '282.84', '281.70', '-1.85', '284.58', '0.0000', 1474251569, 1474252082),
('2016-09-19', 'Au99.99', 'æ²ªé‡‘99', '282.93', '0.00', '285.10', '282.20', '-2.02', '284.95', '0.0000', 1474251562, 1474252082),
('2016-09-19', 'Au(T+D)', 'é»„é‡‘å»¶æœŸ', '282.73', '0.00', '282.84', '281.70', '-1.85', '284.58', '0.0000', 1474251985, 1474252382),
('2016-09-19', 'Au99.99', 'æ²ªé‡‘99', '282.89', '0.00', '285.10', '282.20', '-2.06', '284.95', '0.0000', 1474251989, 1474252382),
('2016-09-19', 'Au(T+D)', 'é»„é‡‘å»¶æœŸ', '283.27', '0.00', '283.40', '281.70', '-1.31', '284.58', '0.0000', 1474253373, 1474253650),
('2016-09-19', 'Au99.99', 'æ²ªé‡‘99', '283.48', '0.00', '285.10', '282.20', '-1.47', '284.95', '0.0000', 1474253374, 1474253650),
('2016-09-19', 'Au(T+D)', 'é»„é‡‘å»¶æœŸ', '283.18', '0.00', '283.42', '281.70', '-1.40', '284.58', '0.0000', 1474253970, 1474254251),
('2016-09-19', 'Au99.99', 'æ²ªé‡‘99', '283.34', '0.00', '285.10', '282.20', '-1.61', '284.95', '0.0000', 1474253971, 1474254251),
('2016-09-19', 'Au(T+D)', 'é»„é‡‘å»¶æœŸ', '283.20', '0.00', '283.42', '281.70', '-1.38', '284.58', '0.0000', 1474253792, 1474254551),
('2016-09-19', 'Au99.99', 'æ²ªé‡‘99', '283.40', '0.00', '285.10', '282.20', '-1.55', '284.95', '0.0000', 1474253772, 1474254551),
('2016-09-19', 'Au(T+D)', 'é»„é‡‘å»¶æœŸ', '283.19', '0.00', '283.42', '281.70', '-1.39', '284.58', '0.0000', 1474254574, 1474254851),
('2016-09-19', 'Au99.99', 'æ²ªé‡‘99', '283.34', '0.00', '285.10', '282.20', '-1.61', '284.95', '0.0000', 1474254563, 1474254851),
('2016-09-19', 'Au(T+D)', 'é»„é‡‘å»¶æœŸ', '283.10', '0.00', '283.42', '281.70', '-1.48', '284.58', '0.0000', 1474255170, 1474255451),
('2016-09-19', 'Au99.99', 'æ²ªé‡‘99', '283.25', '0.00', '285.10', '282.20', '-1.70', '284.95', '0.0000', 1474255168, 1474255451);

-- --------------------------------------------------------

--
-- è¡¨çš„ç»“æ„ `gd_node`
--

CREATE TABLE IF NOT EXISTS `gd_node` (
  `node_id` int(11) NOT NULL AUTO_INCREMENT,
  `mode` enum('auth','menu') NOT NULL DEFAULT 'auth',
  `parent_id` int(11) NOT NULL DEFAULT '0',
  `level` tinyint(4) NOT NULL DEFAULT '1',
  `name` varchar(32) DEFAULT NULL,
  `title` text,
  `path` varchar(96) DEFAULT NULL,
  `status` tinyint(1) NOT NULL DEFAULT '1',
  `auth` tinyint(1) NOT NULL DEFAULT '0',
  `sort` smallint(6) NOT NULL DEFAULT '0',
  `note` text,
  PRIMARY KEY (`node_id`)
) ENGINE=InnoDB  DEFAULT CHARSET=utf8 AUTO_INCREMENT=131 ;

--
-- è½¬å­˜è¡¨ä¸­çš„æ•°æ® `gd_node`
--

INSERT INTO `gd_node` (`node_id`, `mode`, `parent_id`, `level`, `name`, `title`, `path`, `status`, `auth`, `sort`, `note`) VALUES
(1, 'auth', 0, 1, 'tool', 'å°å·¥å…·', 'tool', 1, 1, 0, NULL),
(2, 'auth', 1, 1, 'API', 'é€šç”¨æ¥å£', 'tool/api', 1, 0, 0, ''),
(3, 'auth', 2, 1, 'golden_price', 'è·å–é»„é‡‘ä»·æ ¼', 'tool/api/price', 1, 0, 0, ''),
(4, 'auth', 0, 1, 'auth', 'ç”¨æˆ·æ¨¡å—', '', 1, 1, 0, ''),
(5, 'auth', 4, 1, 'worker', 'å‘˜å·¥ç®¡ç†', 'auth/worker', 1, 1, 0, ''),
(6, 'auth', 5, 1, 'list', 'å‘˜å·¥åˆ—è¡¨é¡µ', 'auth/worker/list', 1, 1, 0, ''),
(7, 'auth', 5, 1, 'check_username', 'éªŒè¯ç”¨æˆ·åæœ‰æ•ˆ', 'auth/worker/check_username', 1, 1, 0, ''),
(8, 'auth', 5, 1, 'save', 'æ·»åŠ ç¼–è¾‘å‘˜å·¥', 'auth/worker/save', 1, 1, 0, ''),
(9, 'auth', 5, 1, 'get_info', 'è·å–å‘˜å·¥ä¿¡æ¯', 'auth/worker/get_info', 1, 1, 0, ''),
(10, 'auth', 5, 1, 'activate', 'å¯ç”¨å‘˜å·¥', 'auth/worker/activate', 1, 1, 0, ''),
(11, 'auth', 5, 1, 'deactivate', 'ç¦ç”¨å‘˜å·¥', 'auth/worker/deactivate', 1, 1, 0, ''),
(12, 'auth', 4, 1, 'role', 'è§’è‰²æ¨¡å—', 'auth/role', 1, 1, 0, ''),
(13, 'auth', 12, 1, 'index', 'è§’è‰²åˆ—è¡¨', 'auth/role/index', 1, 1, 0, ''),
(14, 'auth', 12, 1, 'check_code', 'éªŒè¯è§’è‰²æ ‡è¯†', 'auth/role/check_code', 1, 1, 0, ''),
(15, 'auth', 12, 1, 'save', 'æ·»åŠ ç¼–è¾‘è§’è‰²', 'auth/role/save', 1, 1, 0, ''),
(16, 'auth', 12, 1, 'get_info', 'è·å–è§’è‰²ä¿¡æ¯', 'auth/role/get_info', 1, 1, 0, ''),
(17, 'auth', 4, 1, 'permission', 'æƒé™æ¨¡å—', 'auth/permission', 1, 1, 0, ''),
(18, 'auth', 17, 1, 'index', 'æƒé™èŠ‚ç‚¹æ ‘', 'auth/permission/index', 1, 1, 0, ''),
(19, 'auth', 17, 1, 'save', 'æ·»åŠ ç¼–è¾‘æƒé™èŠ‚ç‚¹', 'auth/permission/save', 1, 1, 0, ''),
(20, 'auth', 17, 1, 'delete', 'åˆ é™¤èŠ‚ç‚¹', 'auth/permission/delete', 1, 1, 0, ''),
(21, 'auth', 17, 1, 'get_info', 'è·å–èŠ‚ç‚¹ä¿¡æ¯', 'auth/permission/get_info', 1, 1, 0, ''),
(22, 'auth', 4, 1, 'profile', 'ä¸ªäººèµ„æ–™', 'auth/profile', 1, 0, 0, ''),
(23, 'auth', 22, 1, 'index', 'ä¸ªäººèµ„æ–™é¡µé¢', 'auth/profile/index', 1, 0, 0, ''),
(24, 'auth', 22, 1, 'check_oldpwd', 'éªŒè¯æ—§å¯†ç ', 'auth/profile/check_oldpwd', 1, 0, 0, ''),
(25, 'auth', 22, 1, 'password', 'é‡ç½®å¯†ç ', 'auth/profile/password', 1, 0, 0, ''),
(26, 'auth', 22, 1, 'save', 'ç¼–è¾‘ä¸ªäººèµ„æ–™', 'auth/profile/save', 1, 0, 0, ''),
(27, 'auth', 22, 1, 'avatar', 'ä¸Šä¼ å¤´åƒ', 'auth/profile/avatar', 1, 0, 0, ''),
(28, 'auth', 0, 1, 'setting', 'å‚æ•°è®¾ç½®', 'setting', 1, 1, 0, ''),
(29, 'auth', 28, 1, 'system', 'å¹³å°å‚æ•°', 'setting/system', 1, 1, 0, ''),
(30, 'auth', 29, 1, 'index', 'è¯»å–å¹³å°å‚æ•°', 'setting/system/index', 1, 1, 0, ''),
(31, 'auth', 29, 1, 'save', 'ç¼–è¾‘å‚æ•°', 'setting/system/save', 1, 1, 0, ''),
(32, 'auth', 28, 1, 'project', 'ä¸šåŠ¡å‚æ•°', 'setting/project', 1, 1, 0, ''),
(33, 'auth', 32, 1, 'index', 'è¯»å–ä¸šåŠ¡å‚æ•°', 'setting/project/index', 1, 1, 0, ''),
(34, 'auth', 32, 1, 'save', 'ç¼–è¾‘å‚æ•°', 'setting/project/save', 1, 1, 0, ''),
(35, 'auth', 32, 1, 'status_list', 'è¯»å–é¡¹ç›®çŠ¶æ€åˆ—è¡¨', 'setting/project/status_list', 1, 1, 0, ''),
(36, 'auth', 32, 1, 'save_status', 'ç¼–è¾‘é¡¹ç›®çŠ¶æ€', 'setting/project/save_status', 1, 1, 0, ''),
(37, 'auth', 32, 1, 'check_status', 'éªŒè¯é¡¹ç›®çŠ¶æ€æ ‡è¯†', 'setting/project/check_status', 1, 1, 0, ''),
(38, 'auth', 32, 1, 'get_status', 'è·å–é¡¹ç›®çŠ¶æ€ä¿¡æ¯', 'setting/project/get_status', 1, 1, 0, ''),
(39, 'auth', 28, 1, 'api', 'æ¥å£å‚æ•°', 'setting/api', 1, 1, 0, ''),
(40, 'auth', 39, 1, 'inde', 'è¯»å–æ¥å£å‚æ•°', 'setting/api/index', 1, 1, 0, ''),
(41, 'auth', 39, 1, 'save', 'ç¼–è¾‘å‚æ•°', 'setting/api/save', 1, 1, 0, ''),
(42, 'auth', 0, 1, 'article', 'æ–‡ç« ç®¡ç†', 'article', 1, 1, 0, ''),
(43, 'auth', 42, 1, 'category', 'æ–‡ç« åˆ†ç±»', 'article/category', 1, 1, 0, ''),
(44, 'auth', 43, 1, 'index', 'è¯»å–æ–‡ç« åˆ†ç±»åˆ—è¡¨', 'article/category/index', 1, 1, 0, ''),
(45, 'auth', 43, 1, 'save', 'æ·»åŠ ç¼–è¾‘æ–‡ç« åˆ†ç±»', 'article/category/save', 1, 1, 0, ''),
(46, 'auth', 43, 1, 'get_info', 'è·å–æ–‡ç« åˆ†ç±»ä¿¡æ¯', 'article/category/get_info', 1, 1, 0, ''),
(47, 'auth', 43, 1, 'check_code', 'éªŒè¯æ–‡ç« åˆ†ç±»æ ‡è¯†', 'article/category/check_code', 1, 1, 0, ''),
(48, 'auth', 42, 1, 'article', 'æ–‡ç« ç®¡ç†', 'article/article', 1, 1, 0, ''),
(49, 'auth', 48, 1, 'index', 'è¯»å–æ‰€æœ‰æ–‡ç« ', 'article/article/index', 1, 1, 0, ''),
(50, 'auth', 48, 1, 'form', 'åŠ è½½æ–‡ç« ç¼–è¾‘è¡¨å•', 'article/article/form', 1, 1, 0, ''),
(51, 'auth', 48, 1, 'save', 'æ·»åŠ ç¼–è¾‘æ–‡ç« ', 'article/article/save', 1, 1, 0, ''),
(52, 'auth', 48, 1, 'detail', 'æŸ¥çœ‹æ–‡ç« å†…å®¹', 'article/article/detail', 1, 0, 0, ''),
(53, 'auth', 0, 1, 'project', 'é¡¹ç›®ç®¡ç†', 'project', 1, 1, 0, ''),
(54, 'auth', 53, 1, 'investing', 'é’±ç”Ÿé‡‘', 'project/investing', 1, 1, 0, ''),
(55, 'auth', 54, 1, 'index', 'è¯»å–é’±ç”Ÿé‡‘é¡¹ç›®åˆ—è¡¨', 'project/investing/index', 1, 1, 0, ''),
(57, 'auth', 54, 1, 'applied', 'æ·»åŠ é¡¹ç›®', 'project/investing/booked', 1, 1, 0, ''),
(59, 'auth', 54, 1, 'checked', 'æ ¸å®é¡¹ç›®ä¿¡æ¯', 'project/investing/checked', 1, 1, 0, ''),
(61, 'auth', 54, 1, 'confirmed', 'åº“ç®¡ç¡®è®¤', 'project/investing/confirmed', 1, 1, 0, ''),
(62, 'auth', 54, 1, 'privacy', 'æ‰“å°åè®®', 'project/investing/privacy', 1, 1, 0, ''),
(63, 'auth', 54, 1, 'applied', 'ç”³è¯·å–é‡‘', 'project/investing/applied', 1, 1, 0, ''),
(64, 'auth', 54, 1, 'reset_locker', 'é‡Šæ”¾è¡¨å•é”', 'project/investing/reset_locker', 1, 0, 0, ''),
(65, 'auth', 54, 1, 'detail', 'é¡¹ç›®è¯¦æƒ…', 'project/investing/detail', 1, 1, 0, ''),
(67, 'auth', 54, 1, 'refused', 'é©³å›é¡¹ç›®', 'project/investing/refused', 1, 1, 0, ''),
(68, 'auth', 54, 1, 'trashed', 'åºŸå¼ƒé¡¹ç›®', 'project/investing/trashed', 1, 1, 0, ''),
(69, 'auth', 53, 1, 'recycling', 'é‡‘ç”Ÿé‡‘', 'project/recycling', 1, 1, 0, ''),
(70, 'auth', 69, 1, 'index', 'è¯»å–é¡¹ç›®åˆ—è¡¨', 'project/recycling/index', 1, 1, 0, ''),
(72, 'auth', 69, 1, 'booked', 'ç™»è®°é¡¹ç›®', 'project/recycling/booked', 1, 1, 0, ''),
(78, 'auth', 69, 1, 'checked', 'æ ¸å®é¡¹ç›®èµ„æ–™', 'project/recycling/checked', 1, 1, 0, ''),
(80, 'auth', 69, 3, 'terminated', 'ç»ˆæ­¢é¡¹ç›®', 'project/recycling/terminated', 1, 1, 0, ''),
(81, 'auth', 69, 3, 'reset_locker', 'é‡Šæ”¾è¡¨å•é”', 'project/recycling/reset_locker', 1, 0, 0, ''),
(82, 'auth', 69, 1, 'detail', 'é¡¹ç›®è¯¦æƒ…', 'project/recycling/detail', 1, 1, 0, ''),
(83, 'auth', 69, 1, 'privacy', 'æ‰“å°åè®®', 'project/recycling/privacy', 1, 1, 0, ''),
(84, 'auth', 69, 1, 'refused', 'æ‹’ç»ç”³è¯·', 'project/recycling/refused', 1, 1, 0, ''),
(85, 'auth', 69, 1, 'trashed', 'åºŸå¼ƒé¡¹ç›®', 'project/recycling/trashed', 1, 1, 0, ''),
(87, 'auth', 69, 1, 'confirmed', 'åº“ç®¡ç¡®è®¤', 'project/recycling/confirmed', 1, 1, 0, ''),
(88, 'auth', 0, 1, 'dashboard', 'é¦–é¡µ', '', 1, 0, 0, NULL),
(89, 'auth', 88, 1, 'home', 'æ§åˆ¶é¢æ¿', 'home/index', 1, 0, 0, NULL),
(90, 'auth', 0, 1, 'error', 'é”™è¯¯æç¤º', '', 1, 0, 0, NULL),
(91, 'auth', 90, 1, 'permission', 'æ— æ­¤æˆæƒ', 'error/permission', 1, 0, 0, NULL),
(92, 'auth', 90, 1, 'permission', 'æ— æ­¤æˆæƒ', 'error/permission/index', 1, 0, 0, NULL),
(93, 'auth', 54, 1, 'update', 'ç¼–è¾‘é¡¹ç›®', 'project/investing/update', 1, 1, 0, ''),
(94, 'auth', 54, 1, 'terminated', 'ç»ˆæ­¢é¡¹ç›®', 'project/investing/terminated', 1, 1, 0, ''),
(95, 'auth', 88, 1, 'home', 'å‘å¸ƒé€šçŸ¥', 'home/notification', 1, 0, 0, NULL),
(96, 'auth', 54, 1, 'cancle', 'å–æ¶ˆç”³è¯·æé‡‘', 'project/investing/cancle', 1, 1, 0, ''),
(98, 'auth', 1, 1, 'filemanager', 'æ–‡ä»¶ç®¡ç†', 'tool/filemanager', 1, 0, 0, ''),
(100, 'auth', 98, 1, 'upload', 'ä¸Šä¼ æ–‡ä»¶', 'tool/filemanager/upload', 1, 0, 0, ''),
(101, 'auth', 98, 1, 'download', 'ä¸‹è½½æ–‡ä»¶', 'tool/filemanager/download', 1, 0, 0, ''),
(102, 'auth', 5, 1, 'autocomplete', 'è‡ªåŠ¨åŒ¹é…', 'auth/worker/autocomplete', 1, 0, 0, ''),
(103, 'auth', 69, 1, 'update', 'ç¼–è¾‘é¡¹ç›®', 'project/recycling/update', 1, 1, 0, ''),
(104, 'auth', 53, 1, 'customer', 'å®¢æˆ·ç®¡ç†', 'project/customer', 1, 1, 0, ''),
(105, 'auth', 104, 1, 'index', 'æŸ¥çœ‹å®¢æˆ·åˆ—è¡¨', 'project/customer/index', 1, 1, 0, ''),
(106, 'auth', 104, 1, 'update', 'æ›´æ–°å®¢æˆ·èµ„æ–™', 'project/customer/update', 1, 1, 0, ''),
(107, 'auth', 104, 1, 'projects', 'æŸ¥çœ‹å®¢æˆ·é¡¹ç›®æ˜ç»†', 'project/customer/projects', 1, 1, 0, ''),
(108, 'auth', 104, 1, 'autocomplete', 'è‡ªåŠ¨åŒ¹é…å®¢æˆ·èµ„æ–™', 'project/customer/autocomplete', 1, 0, 0, ''),
(109, 'auth', 104, 1, 'taking', 'å®¢æˆ·ç”³è¯·æé‡‘', 'project/customer/taking', 1, 1, 0, ''),
(110, 'auth', 104, 1, 'order', 'é—¨åº—æ¶ˆè´¹ç”³è¯·', 'project/customer/order', 1, 1, 0, ''),
(111, 'auth', 104, 1, 'taken', 'ç¡®è®¤ç”³è¯·æé‡‘æˆ–æ¶ˆè´¹', 'project/customer/taken', 1, 1, 0, ''),
(112, 'auth', 104, 1, 'cancle', 'å–æ¶ˆå®¢æˆ·æé‡‘ç”³è¯·', 'project/customer/cancle', 1, 1, 0, ''),
(113, 'auth', 53, 1, 'trash', 'å›æ”¶ç«™', 'project/trash', 1, 1, 0, ''),
(114, 'auth', 113, 1, 'index', 'è¯»å–å›æ”¶ç«™åˆ—è¡¨', 'project/trash/index', 1, 1, 0, ''),
(115, 'auth', 113, 1, 'restore', 'è¿˜åŸ', 'project/trash/restore', 1, 1, 0, ''),
(116, 'auth', 113, 1, 'remove', 'åˆ é™¤', 'project/trash/remove', 1, 1, 0, ''),
(117, 'auth', 53, 1, 'stock', 'åº“å­˜ç®¡ç†', 'project/stock', 1, 1, 0, ''),
(118, 'auth', 117, 1, 'inde', 'è¯»å–åº“å­˜åˆ—è¡¨', 'project/stock/index', 1, 1, 0, ''),
(119, 'auth', 117, 1, 'taken', 'å¤„ç†æé‡‘ç”³è¯·', 'project/stock/taken', 1, 1, 0, ''),
(120, 'auth', 117, 1, 'detail', 'è¯¦ç»†ä¿¡æ¯', 'project/stock/detail', 1, 1, 0, ''),
(121, 'auth', 117, 3, 'terminated', 'ç»ˆæ­¢é¡¹ç›®', 'project/stock/terminated', 1, 1, 0, ''),
(122, 'auth', 117, 3, 'order', 'æ¶ˆè´¹æŠµæ‰£', 'project/stock/order', 1, 1, 0, ''),
(123, 'auth', 117, 3, 'renew', 'å¯ç”¨é‡‘ç»­å­˜', 'project/stock/renew', 1, 1, 0, ''),
(124, 'auth', 104, 1, 'bind', 'ç»‘å®šé‡‘å¡', 'project/customer/bind', 1, 1, 0, ''),
(125, 'auth', 104, 1, 'unbind', 'å–æ¶ˆå®¢æˆ·é‡‘å¡ç»‘å®š', 'project/customer/unbind', 1, 1, 0, ''),
(126, 'auth', 104, 1, 'check_card', 'éªŒè¯è¾“å…¥çš„å¡å·', 'project/customer/check_card', 1, 1, 0, ''),
(127, 'auth', 104, 1, 'renew', 'å®¢æˆ·ç»­å­˜é»„é‡‘', 'project/customer/renew', 1, 1, 0, ''),
(128, 'auth', 104, 1, 'free', 'èµ é€å®¢æˆ·é»„é‡‘', 'project/customer/free', 1, 1, 0, '');

-- --------------------------------------------------------

--
-- è¡¨çš„ç»“æ„ `gd_project_file`
--

CREATE TABLE IF NOT EXISTS `gd_project_file` (
  `file_id` int(11) NOT NULL AUTO_INCREMENT,
  `project_sn` char(18) COLLATE utf8_unicode_ci NOT NULL DEFAULT '0',
  `mode` enum('investing','recycling') COLLATE utf8_unicode_ci NOT NULL DEFAULT 'recycling',
  `dir` enum('photo','invoice','report','privacy') COLLATE utf8_unicode_ci NOT NULL DEFAULT 'photo',
  `file` text COLLATE utf8_unicode_ci NOT NULL,
  `status` tinyint(1) NOT NULL DEFAULT '1',
  `worker_id` int(11) NOT NULL DEFAULT '0',
  `addtime` int(11) NOT NULL DEFAULT '0',
  PRIMARY KEY (`file_id`)
) ENGINE=InnoDB  DEFAULT CHARSET=utf8 COLLATE=utf8_unicode_ci AUTO_INCREMENT=5 ;

--
-- è½¬å­˜è¡¨ä¸­çš„æ•°æ® `gd_project_file`
--

INSERT INTO `gd_project_file` (`file_id`, `project_sn`, `mode`, `dir`, `file`, `status`, `worker_id`, `addtime`) VALUES
(1, 'GR1609129871653602', 'recycling', 'photo', '[{"name":"avatar4.png","path":"public\\/uploads\\/2016\\/09\\/12163550b5af5b.png"}]', 1, 5, 1473669362),
(2, 'GR1609129871653602', 'recycling', 'report', '[{"name":"29155021142d12.txt","path":"public\\/uploads\\/2016\\/09\\/12163553baeeef.txt"}]', 1, 5, 1473669362),
(3, 'GR1609129871653602', 'recycling', 'privacy', '[{"name":"29155000ed424f.txt","path":"public\\/uploads\\/2016\\/09\\/12163557925f74.txt"}]', 1, 5, 1473669362),
(4, 'GM1609126411664755', 'investing', 'privacy', '[{"name":"29155021142d12.txt","path":"public\\/uploads\\/2016\\/09\\/121647512f5653.txt"}]', 1, 5, 1473670075);

-- --------------------------------------------------------

--
-- è¡¨çš„ç»“æ„ `gd_project_investing`
--

CREATE TABLE IF NOT EXISTS `gd_project_investing` (
  `project_id` int(11) NOT NULL AUTO_INCREMENT,
  `project_sn` char(18) COLLATE utf8_unicode_ci NOT NULL,
  `status_id` tinyint(4) NOT NULL DEFAULT '0',
  `customer_id` int(11) NOT NULL DEFAULT '0',
  `referrer_id` int(11) DEFAULT '0',
  `company_id` int(11) NOT NULL DEFAULT '0',
  `price` decimal(6,2) NOT NULL DEFAULT '0.00',
  `weight` decimal(11,2) NOT NULL DEFAULT '0.00',
  `amount` decimal(11,2) NOT NULL DEFAULT '0.00',
  `month` tinyint(4) NOT NULL DEFAULT '1',
  `profit` decimal(5,2) NOT NULL DEFAULT '0.00',
  `payment` enum('cash','gold') COLLATE utf8_unicode_ci NOT NULL DEFAULT 'gold',
  `start` date DEFAULT NULL,
  `end` date DEFAULT NULL,
  `note` text COLLATE utf8_unicode_ci,
  `is_del` tinyint(1) NOT NULL DEFAULT '0',
  `transferrer` int(11) NOT NULL DEFAULT '0',
  `worker_id` int(11) NOT NULL DEFAULT '0',
  `addtime` int(11) NOT NULL DEFAULT '0',
  `lasttime` int(11) NOT NULL DEFAULT '0',
  `locker_id` int(11) NOT NULL DEFAULT '0',
  PRIMARY KEY (`project_id`)
) ENGINE=InnoDB  DEFAULT CHARSET=utf8 COLLATE=utf8_unicode_ci AUTO_INCREMENT=2 ;

--
-- è½¬å­˜è¡¨ä¸­çš„æ•°æ® `gd_project_investing`
--

INSERT INTO `gd_project_investing` (`project_id`, `project_sn`, `status_id`, `customer_id`, `referrer_id`, `company_id`, `price`, `weight`, `amount`, `month`, `profit`, `payment`, `start`, `end`, `note`, `is_del`, `transferrer`, `worker_id`, `addtime`, `lasttime`, `locker_id`) VALUES
(1, 'GM1609126411664755', 4, 2, 2, 1, '287.70', '10.00', '2877.00', 12, '0.08', 'gold', '2016-09-12', '2017-09-11', 'åº“å­˜å·²ç¡®è®¤æ ‡è®°ï¼Œè‡ªåŠ¨æ¨è¿›åˆ°æ­£åœ¨å¢å€¼', 0, 3, 7, 1473670075, 1474424237, 0);

-- --------------------------------------------------------

--
-- è¡¨çš„ç»“æ„ `gd_project_investing_history`
--

CREATE TABLE IF NOT EXISTS `gd_project_investing_history` (
  `history_id` int(11) NOT NULL AUTO_INCREMENT,
  `project_id` int(11) NOT NULL DEFAULT '0',
  `status_id` int(11) NOT NULL DEFAULT '0',
  `note` text COLLATE utf8_unicode_ci NOT NULL,
  `request` text COLLATE utf8_unicode_ci,
  `worker_id` int(11) NOT NULL DEFAULT '0',
  `addtime` int(11) NOT NULL DEFAULT '0',
  `ip` char(15) COLLATE utf8_unicode_ci DEFAULT NULL,
  PRIMARY KEY (`history_id`)
) ENGINE=InnoDB  DEFAULT CHARSET=utf8 COLLATE=utf8_unicode_ci AUTO_INCREMENT=5 ;

--
-- è½¬å­˜è¡¨ä¸­çš„æ•°æ® `gd_project_investing_history`
--

INSERT INTO `gd_project_investing_history` (`history_id`, `project_id`, `status_id`, `note`, `request`, `worker_id`, `addtime`, `ip`) VALUES
(1, 1, 1, '87898797', '', 5, 1473670075, '127.0.0.1'),
(2, 1, 2, 'æ’’æ—¦æ’’æ—¦æ’’', 'array (\n  ''amount'' =&gt; ''2877.00'',\n  ''_amount'' =&gt; ''2877.00'',\n  ''phone'' =&gt; ''18850911766'',\n  ''_phone'' =&gt; ''18850911766'',\n)', 3, 1474353732, '127.0.0.1'),
(3, 1, 3, 'sadsadadsa', 'array (\n  ''weight'' =&gt; ''10.00'',\n  ''_weight'' =&gt; ''10.00'',\n  ''phone'' =&gt; ''18850911766'',\n  ''_phone'' =&gt; ''18850911766'',\n)', 7, 1474424237, '127.0.0.1'),
(4, 1, 4, 'åº“å­˜å·²ç¡®è®¤æ ‡è®°ï¼Œè‡ªåŠ¨æ¨è¿›åˆ°æ­£åœ¨å¢å€¼', '', 7, 1474424237, '127.0.0.1');

-- --------------------------------------------------------

--
-- è¡¨çš„ç»“æ„ `gd_project_investing_status`
--

CREATE TABLE IF NOT EXISTS `gd_project_investing_status` (
  `status_id` int(11) NOT NULL AUTO_INCREMENT,
  `title` varchar(64) COLLATE utf8_unicode_ci NOT NULL,
  `code` varchar(32) COLLATE utf8_unicode_ci NOT NULL,
  `list_label` varchar(256) COLLATE utf8_unicode_ci DEFAULT NULL,
  `note` varchar(128) COLLATE utf8_unicode_ci NOT NULL,
  `status` tinyint(1) NOT NULL DEFAULT '1',
  PRIMARY KEY (`status_id`)
) ENGINE=InnoDB  DEFAULT CHARSET=utf8 COLLATE=utf8_unicode_ci AUTO_INCREMENT=7 ;

--
-- è½¬å­˜è¡¨ä¸­çš„æ•°æ® `gd_project_investing_status`
--

INSERT INTO `gd_project_investing_status` (`status_id`, `title`, `code`, `list_label`, `note`, `status`) VALUES
(1, 'å·²ç™»è®°', 'booked', NULL, 'ç™»è®°å®¢æˆ·ä¹°é‡‘ä¿¡æ¯', 1),
(2, 'å·²æ ¸å®', 'checked', NULL, 'ä¸Šçº§ä¸»ç®¡æ ¸å¯¹å®¢æˆ·ä¿¡æ¯ã€é»„é‡‘ä¹°å…¥ä¿¡æ¯', 1),
(3, 'å·²ç¡®è®¤', 'confirmed', NULL, 'åº“ç®¡ç¡®è®¤å¹¶æ ‡è®°', 1),
(4, 'ç”Ÿé‡‘ä¸­', 'growing', NULL, 'ç”Ÿé‡‘å¢å€¼', 1),
(5, 'å·²é©³å›', 'refused', NULL, 'å®¢æˆ·ä¿¡æ¯ç­‰é—®é¢˜é€ æˆ', 1),
(6, 'å·²ç»ˆæ­¢', 'terminated', NULL, 'æå‰ç»ˆæ­¢é¡¹ç›®', 1);

-- --------------------------------------------------------

--
-- è¡¨çš„ç»“æ„ `gd_project_period`
--

CREATE TABLE IF NOT EXISTS `gd_project_period` (
  `period_id` int(11) NOT NULL AUTO_INCREMENT,
  `title` varchar(128) COLLATE utf8_unicode_ci NOT NULL,
  `month` tinyint(4) NOT NULL DEFAULT '1',
  `profit` decimal(5,2) NOT NULL DEFAULT '0.00',
  `status` tinyint(1) NOT NULL DEFAULT '1',
  `default` tinyint(4) NOT NULL DEFAULT '0',
  `note` text COLLATE utf8_unicode_ci,
  PRIMARY KEY (`period_id`)
) ENGINE=InnoDB  DEFAULT CHARSET=utf8 COLLATE=utf8_unicode_ci AUTO_INCREMENT=4 ;

--
-- è½¬å­˜è¡¨ä¸­çš„æ•°æ® `gd_project_period`
--

INSERT INTO `gd_project_period` (`period_id`, `title`, `month`, `profit`, `status`, `default`, `note`) VALUES
(1, '3ä¸ªæœˆ å¹´åŒ–6%', 3, '6.00', 1, 0, ''),
(2, '6ä¸ªæœˆ å¹´åŒ–7%', 6, '7.00', 1, 0, ''),
(3, '1å¹´ å¹´åŒ–8%', 12, '8.00', 1, 1, '');

-- --------------------------------------------------------

--
-- è¡¨çš„ç»“æ„ `gd_project_recycling`
--

CREATE TABLE IF NOT EXISTS `gd_project_recycling` (
  `project_id` int(11) NOT NULL AUTO_INCREMENT,
  `project_sn` char(18) COLLATE utf8_unicode_ci NOT NULL,
  `status_id` tinyint(4) NOT NULL DEFAULT '0',
  `customer_id` int(11) NOT NULL DEFAULT '0',
  `referrer_id` int(11) NOT NULL DEFAULT '0',
  `company_id` int(11) NOT NULL DEFAULT '0',
  `price` decimal(6,2) NOT NULL DEFAULT '0.00',
  `origin_weight` decimal(9,2) NOT NULL DEFAULT '0.00',
  `weight` decimal(9,2) NOT NULL DEFAULT '0.00',
  `number` tinyint(4) NOT NULL DEFAULT '0',
  `type` enum('ornaments','goldbar','renew','other') COLLATE utf8_unicode_ci DEFAULT 'ornaments',
  `month` tinyint(4) NOT NULL DEFAULT '1',
  `profit` decimal(7,4) NOT NULL DEFAULT '0.0000',
  `payment` enum('cash','gold') COLLATE utf8_unicode_ci NOT NULL DEFAULT 'gold',
  `appraiser_id` int(11) NOT NULL DEFAULT '0',
  `loss` decimal(5,2) NOT NULL DEFAULT '0.00',
  `start` date DEFAULT NULL,
  `end` date DEFAULT NULL,
  `note` text COLLATE utf8_unicode_ci,
  `is_del` tinyint(1) NOT NULL DEFAULT '0',
  `worker_id` int(11) NOT NULL DEFAULT '0',
  `transferrer` varchar(256) COLLATE utf8_unicode_ci DEFAULT NULL,
  `addtime` int(11) NOT NULL DEFAULT '0',
  `lasttime` int(11) NOT NULL DEFAULT '0',
  `locker_id` int(11) NOT NULL DEFAULT '0',
  PRIMARY KEY (`project_id`)
) ENGINE=InnoDB  DEFAULT CHARSET=utf8 COLLATE=utf8_unicode_ci AUTO_INCREMENT=9 ;

--
-- è½¬å­˜è¡¨ä¸­çš„æ•°æ® `gd_project_recycling`
--

INSERT INTO `gd_project_recycling` (`project_id`, `project_sn`, `status_id`, `customer_id`, `referrer_id`, `company_id`, `price`, `origin_weight`, `weight`, `number`, `type`, `month`, `profit`, `payment`, `appraiser_id`, `loss`, `start`, `end`, `note`, `is_del`, `worker_id`, `transferrer`, `addtime`, `lasttime`, `locker_id`) VALUES
(1, 'GR1609129871653602', 6, 7, 2, 1, '287.70', '100.00', '98.00', 1, 'ornaments', 12, '0.0800', 'gold', 9, '2.00', '2016-09-12', '2017-09-11', 'asdsadsafafsadsadsa', 0, 3, '3', 1473669362, 1474380914, 0),
(2, 'GR1609129651614635', 6, 9, 12, 1, '287.70', '120.00', '118.00', 3, 'ornaments', 12, '0.0800', 'gold', 9, '1.67', '2016-09-12', '2017-09-11', 'asdsasadasdsadsa', 0, 3, '3', 1473669995, 1474380239, 0),
(3, 'GR1609216850071630', 4, 7, 2, 1, '283.25', '19.00', '19.00', 1, 'renew', 12, '0.0800', 'gold', 0, '0.00', NULL, NULL, 'åº“å­˜å·²ç¡®è®¤æ ‡è®°ï¼Œè‡ªåŠ¨æ¨è¿›åˆ°æ­£åœ¨å¢å€¼', 0, 7, '3', 1474388190, 1474424148, 0),
(4, 'GR1609212131243225', 1, 4, 2, 1, '283.25', '100.00', '99.88', 2, 'ornaments', 12, '0.0800', 'gold', 9, '0.12', NULL, NULL, 'ewqqwq', 0, 3, '3', 1474432345, 1474432345, 0),
(8, 'GR1609236100142111', 4, 9, 12, 1, '283.25', '23.00', '23.00', 1, 'renew', 12, '0.0800', 'gold', 0, '0.00', '2016-09-22', '2017-09-21', '23423423', 0, 3, '3', 1474564871, 1474564871, 0);

-- --------------------------------------------------------

--
-- è¡¨çš„ç»“æ„ `gd_project_recycling_history`
--

CREATE TABLE IF NOT EXISTS `gd_project_recycling_history` (
  `history_id` int(11) NOT NULL AUTO_INCREMENT,
  `project_id` int(11) NOT NULL DEFAULT '0',
  `status_id` int(11) NOT NULL DEFAULT '0',
  `note` text COLLATE utf8_unicode_ci NOT NULL,
  `request` text COLLATE utf8_unicode_ci,
  `worker_id` int(11) NOT NULL DEFAULT '0',
  `addtime` int(11) NOT NULL DEFAULT '0',
  `ip` char(15) COLLATE utf8_unicode_ci DEFAULT NULL,
  PRIMARY KEY (`history_id`)
) ENGINE=InnoDB  DEFAULT CHARSET=utf8 COLLATE=utf8_unicode_ci AUTO_INCREMENT=24 ;

--
-- è½¬å­˜è¡¨ä¸­çš„æ•°æ® `gd_project_recycling_history`
--

INSERT INTO `gd_project_recycling_history` (`history_id`, `project_id`, `status_id`, `note`, `request`, `worker_id`, `addtime`, `ip`) VALUES
(1, 1, 1, 'asdasdsa', '', 5, 1473669362, '127.0.0.1'),
(2, 2, 1, 'fdsfdsfsdfsd', '', 5, 1473669995, '127.0.0.1'),
(3, 2, 2, 'asdsadsa', 'array (\n  ''weight'' =&gt; ''118.00'',\n  ''_weight'' =&gt; ''118.00'',\n  ''phone'' =&gt; ''13813800138'',\n  ''_phone'' =&gt; ''13813800138'',\n)', 3, 1473822157, '127.0.0.1'),
(4, 1, 2, 'asdsadsa', 'array (\n  ''weight'' =&gt; ''98.00'',\n  ''_weight'' =&gt; ''98.00'',\n  ''phone'' =&gt; ''13113213313'',\n  ''_phone'' =&gt; ''13113213313'',\n)', 3, 1473822177, '127.0.0.1'),
(5, 1, 3, 'å…¥åº“å°å­˜', 'array (\n  ''weight'' =&gt; ''98.00'',\n  ''_weight'' =&gt; ''98.00'',\n  ''phone'' =&gt; ''13113213313'',\n  ''_phone'' =&gt; ''13113213313'',\n)', 7, 1473822264, '127.0.0.1'),
(6, 1, 4, 'åº“å­˜å·²ç¡®è®¤æ ‡è®°ï¼Œè‡ªåŠ¨æ¨è¿›åˆ°æ­£åœ¨å¢å€¼', '', 7, 1473822264, '127.0.0.1'),
(7, 2, 3, 'å…¥åº“å°å­˜', 'array (\n  ''weight'' =&gt; ''118.00'',\n  ''_weight'' =&gt; ''118.00'',\n  ''phone'' =&gt; ''13813800138'',\n  ''_phone'' =&gt; ''13813800138'',\n)', 7, 1473822287, '127.0.0.1'),
(8, 2, 4, 'åº“å­˜å·²ç¡®è®¤æ ‡è®°ï¼Œè‡ªåŠ¨æ¨è¿›åˆ°æ­£åœ¨å¢å€¼', '', 7, 1473822287, '127.0.0.1'),
(9, 2, 6, 'asdsasadasdsadsa', '', 3, 1474380239, '127.0.0.1'),
(10, 1, 6, 'asdsadsafafsadsadsa', '', 3, 1474380914, '127.0.0.1'),
(11, 3, 2, 'sadsada', '', 3, 1474388190, '127.0.0.1'),
(12, 3, 3, 'asdsadsadsadsa', 'array (\n  ''weight'' =&gt; ''19.00'',\n  ''_weight'' =&gt; ''19.00'',\n  ''phone'' =&gt; ''13113213313'',\n  ''_phone'' =&gt; ''13113213313'',\n)', 7, 1474424148, '127.0.0.1'),
(13, 3, 4, 'åº“å­˜å·²ç¡®è®¤æ ‡è®°ï¼Œè‡ªåŠ¨æ¨è¿›åˆ°æ­£åœ¨å¢å€¼', '', 7, 1474424148, '127.0.0.1'),
(14, 4, 1, 'ewqqwq', '', 3, 1474432345, '127.0.0.1'),
(21, 8, 2, '23423423', '', 3, 1474564871, '127.0.0.1'),
(22, 8, 3, 'é¡¹ç›®GR1609236100142111 è‡ªåŠ¨è¿›å…¥åˆ°ç¡®è®¤çŠ¶æ€', '', 7, 1474564871, '127.0.0.1'),
(23, 8, 4, 'é¡¹ç›®GR1609236100142111 è‡ªåŠ¨è¿›å…¥åˆ°å¢å€¼çŠ¶æ€', '', 7, 1474564871, '127.0.0.1');

-- --------------------------------------------------------

--
-- è¡¨çš„ç»“æ„ `gd_project_recycling_status`
--

CREATE TABLE IF NOT EXISTS `gd_project_recycling_status` (
  `status_id` int(11) NOT NULL AUTO_INCREMENT,
  `title` varchar(64) COLLATE utf8_unicode_ci NOT NULL,
  `code` varchar(32) COLLATE utf8_unicode_ci NOT NULL,
  `list_label` varchar(256) COLLATE utf8_unicode_ci DEFAULT NULL,
  `note` varchar(128) COLLATE utf8_unicode_ci NOT NULL,
  `status` tinyint(1) NOT NULL DEFAULT '1',
  PRIMARY KEY (`status_id`)
) ENGINE=InnoDB  DEFAULT CHARSET=utf8 COLLATE=utf8_unicode_ci AUTO_INCREMENT=7 ;

--
-- è½¬å­˜è¡¨ä¸­çš„æ•°æ® `gd_project_recycling_status`
--

INSERT INTO `gd_project_recycling_status` (`status_id`, `title`, `code`, `list_label`, `note`, `status`) VALUES
(1, 'å·²ç™»è®°', 'booked', NULL, 'ç™»è®°å®¢æˆ·å­˜é‡‘ä¿¡æ¯ï¼Œå«é‰´å®šç»“æœåŠå®¢æˆ·åŒæ„ä¹¦', 1),
(2, 'å·²æ ¸å®', 'checked', NULL, 'ä¸Šçº§ä¸»ç®¡æ ¸å¯¹å®¢æˆ·ã€ç‰©å“åŠé‰´å®šç»“æœ', 1),
(3, 'å·²ç¡®è®¤', 'confirmed', NULL, 'åº“ç®¡ç¡®è®¤å¹¶æ ‡è®°', 1),
(4, 'å¢å€¼ä¸­', 'growing', NULL, 'è¡ç”Ÿæ”¶ç›Šé»„é‡‘', 1),
(5, 'å·²é©³å›', 'refused', NULL, 'å®¢æˆ·ä¿¡æ¯æˆ–é»„é‡‘ç‰©å“ç­‰é—®é¢˜é€ æˆ', 1),
(6, 'å·²ç»ˆæ­¢', 'terminated', NULL, 'æå‰ç»ˆæ­¢é¡¹ç›®', 1);

-- --------------------------------------------------------

--
-- è¡¨çš„ç»“æ„ `gd_project_stock`
--

CREATE TABLE IF NOT EXISTS `gd_project_stock` (
  `stock_id` int(11) NOT NULL AUTO_INCREMENT,
  `project_sn` char(18) COLLATE utf8_unicode_ci DEFAULT '0',
  `customer_id` int(11) NOT NULL DEFAULT '0',
  `referrer_id` int(11) NOT NULL DEFAULT '0',
  `company_id` int(11) NOT NULL DEFAULT '0',
  `title` varchar(64) COLLATE utf8_unicode_ci NOT NULL,
  `mode` enum('investing','recycling','stock') COLLATE utf8_unicode_ci NOT NULL DEFAULT 'investing',
  `info` text COLLATE utf8_unicode_ci,
  `weight` decimal(13,2) NOT NULL DEFAULT '0.00',
  `profit` decimal(7,4) NOT NULL DEFAULT '0.0000',
  `month` tinyint(4) NOT NULL DEFAULT '1',
  `start` date DEFAULT NULL,
  `end` date DEFAULT NULL,
  `last_profit` date DEFAULT NULL,
  `note` text COLLATE utf8_unicode_ci,
  `status` tinyint(4) NOT NULL,
  `worker_id` int(11) NOT NULL,
  `addtime` int(11) NOT NULL,
  `lasttime` int(11) NOT NULL DEFAULT '0',
  PRIMARY KEY (`stock_id`)
) ENGINE=InnoDB  DEFAULT CHARSET=utf8 COLLATE=utf8_unicode_ci AUTO_INCREMENT=6 ;

--
-- è½¬å­˜è¡¨ä¸­çš„æ•°æ® `gd_project_stock`
--

INSERT INTO `gd_project_stock` (`stock_id`, `project_sn`, `customer_id`, `referrer_id`, `company_id`, `title`, `mode`, `info`, `weight`, `profit`, `month`, `start`, `end`, `last_profit`, `note`, `status`, `worker_id`, `addtime`, `lasttime`) VALUES
(1, 'GR1609129871653602', 7, 2, 1, 'é¡¹ç›®GR1609129871653602å­˜é‡‘98.00å…‹', 'recycling', 'a:14:{s:10:"project_id";s:1:"1";s:8:"realname";s:9:"é›·å°ç±³";s:5:"phone";s:11:"13113213313";s:8:"idnumber";s:18:"321254197708053454";s:6:"wechat";s:9:"leixiaomi";s:5:"price";s:6:"287.70";s:4:"type";s:6:"é‡‘é¥°";s:6:"number";s:1:"1";s:13:"origin_weight";s:6:"100.00";s:6:"weight";s:5:"98.00";s:4:"loss";s:5:"2.00%";s:9:"appraiser";s:10:"é‰´å®šäººA";s:8:"referrer";s:9:"æœ±æ™¯ä¿®";s:7:"payment";s:4:"gold";}', '98.00', '0.0800', 12, '2016-09-12', '2016-09-14', NULL, 'å…¥åº“å°å­˜', 0, 7, 1473822264, 1473822264),
(2, 'GR1609129651614635', 9, 12, 1, 'é¡¹ç›®GR1609129651614635å­˜é‡‘118.00å…‹', 'recycling', 'a:14:{s:10:"project_id";s:1:"2";s:8:"realname";s:9:"æ²ˆä¸‡ä¸‰";s:5:"phone";s:11:"13813800138";s:8:"idnumber";s:18:"138139199810039997";s:6:"wechat";s:10:"shenwansan";s:5:"price";s:6:"287.70";s:4:"type";s:6:"é‡‘é¥°";s:6:"number";s:1:"3";s:13:"origin_weight";s:6:"120.00";s:6:"weight";s:6:"118.00";s:4:"loss";s:5:"1.67%";s:9:"appraiser";s:10:"é‰´å®šäººA";s:8:"referrer";s:10:"æœ±æ™¯ä¿®2";s:7:"payment";s:4:"gold";}', '118.00', '0.0800', 12, '2016-09-12', '2017-09-11', NULL, 'å…¥åº“å°å­˜', 0, 7, 1473822287, 1473822287),
(3, 'GR1609216850071630', 7, 2, 1, 'é¡¹ç›®GR1609216850071630å­˜é‡‘19.00å…‹', 'recycling', 'a:14:{s:10:"project_id";s:1:"3";s:8:"realname";s:9:"é›·å°ç±³";s:5:"phone";s:11:"13113213313";s:8:"idnumber";s:10:"2147483647";s:6:"wechat";s:9:"leixiaomi";s:5:"price";s:6:"283.25";s:4:"type";s:9:"ç»­å­˜é‡‘";s:6:"number";s:1:"1";s:13:"origin_weight";s:5:"19.00";s:6:"weight";s:5:"19.00";s:4:"loss";s:5:"0.00%";s:9:"appraiser";s:13:"åº“ç®¡æµ‹è¯•A";s:8:"referrer";s:9:"æœ±æ™¯ä¿®";s:7:"payment";s:4:"gold";}', '19.00', '0.0800', 12, NULL, NULL, NULL, 'asdsadsadsadsa', 1, 7, 1474424148, 1474424148),
(4, 'GM1609126411664755', 2, 2, 1, 'é¡¹ç›®GM1609126411664755å­˜é‡‘10.00å…‹', 'investing', 'a:10:{s:10:"project_id";s:1:"1";s:8:"realname";s:9:"æç™¾åº¦";s:5:"phone";s:11:"18850911766";s:8:"idnumber";s:18:"321245198905080904";s:6:"wechat";s:0:"";s:5:"price";s:6:"287.70";s:6:"amount";s:7:"2877.00";s:6:"weight";s:5:"10.00";s:8:"referrer";s:9:"æœ±æ™¯ä¿®";s:7:"payment";s:4:"gold";}', '10.00', '0.0800', 12, '2016-09-12', '2017-09-11', NULL, 'sadsadadsa', 1, 7, 1474424237, 1474424237),
(5, 'GR1609236100142111', 9, 12, 1, 'é¡¹ç›® GR1609236100142111 ç»­å­˜é»„é‡‘23.00å…‹', 'recycling', 'a:14:{s:10:"project_id";i:8;s:8:"realname";s:9:"æ²ˆä¸‡ä¸‰";s:5:"phone";s:11:"13813800138";s:8:"idnumber";s:18:"138139199810039997";s:6:"wechat";s:10:"shenwansan";s:5:"price";d:283.25;s:4:"type";s:9:"ç»­å­˜é‡‘";s:6:"number";i:1;s:13:"origin_weight";d:23;s:6:"weight";d:23;s:4:"loss";s:2:"0%";s:9:"appraiser";s:0:"";s:8:"referrer";s:9:"é™ˆå«å¥";s:7:"payment";s:4:"gold";}', '23.00', '0.0800', 12, '2016-09-22', '2017-09-21', NULL, '23423423', 1, 7, 1474564871, 1474564871);

-- --------------------------------------------------------

--
-- è¡¨çš„ç»“æ„ `gd_project_track`
--

CREATE TABLE IF NOT EXISTS `gd_project_track` (
  `track_id` int(11) NOT NULL AUTO_INCREMENT,
  `project_sn` char(18) COLLATE utf8_unicode_ci NOT NULL,
  `mode` enum('investing','recycling') COLLATE utf8_unicode_ci NOT NULL DEFAULT 'recycling',
  `content` text COLLATE utf8_unicode_ci,
  `file` text COLLATE utf8_unicode_ci,
  `worker_id` int(11) NOT NULL,
  `addtime` int(11) NOT NULL,
  PRIMARY KEY (`track_id`)
) ENGINE=InnoDB DEFAULT CHARSET=utf8 COLLATE=utf8_unicode_ci AUTO_INCREMENT=1 ;

-- --------------------------------------------------------

--
-- è¡¨çš„ç»“æ„ `gd_project_trash`
--

CREATE TABLE IF NOT EXISTS `gd_project_trash` (
  `trash_id` int(11) NOT NULL AUTO_INCREMENT,
  `project_id` int(11) NOT NULL,
  `project_sn` char(18) COLLATE utf8_unicode_ci NOT NULL,
  `mode` enum('investing','recycling') COLLATE utf8_unicode_ci NOT NULL DEFAULT 'recycling',
  `customer` varchar(256) COLLATE utf8_unicode_ci DEFAULT NULL,
  `gold` text COLLATE utf8_unicode_ci,
  `note` text COLLATE utf8_unicode_ci,
  `worker_id` int(11) NOT NULL DEFAULT '0',
  `addtime` int(11) NOT NULL DEFAULT '0',
  `ip` char(15) COLLATE utf8_unicode_ci DEFAULT NULL,
  PRIMARY KEY (`trash_id`)
) ENGINE=InnoDB DEFAULT CHARSET=utf8 COLLATE=utf8_unicode_ci AUTO_INCREMENT=1 ;

-- --------------------------------------------------------

--
-- è¡¨çš„ç»“æ„ `gd_sessions`
--

CREATE TABLE IF NOT EXISTS `gd_sessions` (
  `sess_id` varchar(40) COLLATE utf8_unicode_ci NOT NULL,
  `ip_address` varchar(45) COLLATE utf8_unicode_ci NOT NULL,
  `timestamp` int(10) unsigned NOT NULL DEFAULT '0',
  `data` text COLLATE utf8_unicode_ci NOT NULL,
  KEY `ci_sessions_timestamp` (`timestamp`)
) ENGINE=InnoDB DEFAULT CHARSET=utf8 COLLATE=utf8_unicode_ci;

--
-- è½¬å­˜è¡¨ä¸­çš„æ•°æ® `gd_sessions`
--

INSERT INTO `gd_sessions` (`sess_id`, `ip_address`, `timestamp`, `data`) VALUES
('fae07183f1cd4053743f7a475a68e2fc4f1d00fd', '127.0.0.1', 1474555320, 'identity|s:5:"C5000";username|s:5:"C5000";email|s:11:"kuguan@bb.c";user_id|s:1:"7";old_last_login|s:10:"1474525865";__ci_last_regenerate|i:1474552975;'),
('c81ac756e1b9da2ecc2051a9712c11d0677a76d4', '127.0.0.1', 1474554901, '__ci_last_regenerate|i:1474553687;captcha|s:4:"Qsxa";identity|s:5:"C1000";username|s:5:"C1000";email|s:5:"a@a.c";user_id|s:1:"3";old_last_login|s:10:"1474504747";csrfkey|s:8:"a2OPsRHY";__ci_vars|a:2:{s:7:"csrfkey";s:3:"new";s:9:"csrfvalue";s:3:"new";}csrfvalue|s:20:"clBvuZnkrgxDa93qpfmM";'),
('697901195147579201e63cc38e22fe2e27217b2e', '127.0.0.1', 1474555334, '__ci_last_regenerate|i:1474554905;captcha|s:4:"Qsxa";identity|s:5:"C1000";username|s:5:"C1000";email|s:5:"a@a.c";user_id|s:1:"3";old_last_login|s:10:"1474504747";success|s:35:"å·²ç”³è¯·æé‡‘ï¼å®¢æˆ·: æ²ˆä¸‡ä¸‰";__ci_vars|a:1:{s:7:"success";s:3:"new";}'),
('2f9cd1d34a6741bcb39e5dc1b1233efc8e1b519d', '127.0.0.1', 1474558336, '__ci_last_regenerate|i:1474555334;captcha|s:4:"Qsxa";identity|s:5:"C1000";username|s:5:"C1000";email|s:5:"a@a.c";user_id|s:1:"3";old_last_login|s:10:"1474504747";'),
('9bc4a44dca66f8e78a0cac87ca4874e6a7e0a68a', '127.0.0.1', 1474556590, 'identity|s:5:"C5000";username|s:5:"C5000";email|s:11:"kuguan@bb.c";user_id|s:1:"7";old_last_login|s:10:"1474525865";__ci_last_regenerate|i:1474555346;'),
('b49e61515c4fe170ede0fb394bae37320a885582', '127.0.0.1', 1474557257, 'identity|s:5:"C5000";username|s:5:"C5000";email|s:11:"kuguan@bb.c";user_id|s:1:"7";old_last_login|s:10:"1474525865";__ci_last_regenerate|i:1474556680;csrfkey|s:8:"F3qgTH8Y";__ci_vars|a:3:{s:7:"csrfkey";s:3:"old";s:9:"csrfvalue";s:3:"old";s:7:"success";s:3:"new";}csrfvalue|s:20:"UFijDVkGPz2ItLpeOh49";success|s:49:"ç”³è¯·æé‡‘å·²å‡ºåº“ï¼å®¢æˆ· æ²ˆä¸‡ä¸‰:50.00å…‹";'),
('af9788405397e86183ec5762805e5098bb5f616c', '127.0.0.1', 1474557955, 'identity|s:5:"C5000";username|s:5:"C5000";email|s:11:"kuguan@bb.c";user_id|s:1:"7";old_last_login|s:10:"1474525865";__ci_last_regenerate|i:1474557259;'),
('9c89fb283ad8204f1b813b781b2f124357ad743a', '127.0.0.1', 1474566092, '__ci_last_regenerate|i:1474557877;captcha|s:4:"HxbN";identity|s:10:"admin-root";username|s:10:"admin-root";email|s:15:"admin@admin.com";user_id|s:1:"1";old_last_login|s:10:"1474430273";'),
('e323d06d12a479ab94c8ea19c4c9486e3d98f798', '127.0.0.1', 1474558353, 'identity|s:5:"C5000";username|s:5:"C5000";email|s:11:"kuguan@bb.c";user_id|s:1:"7";old_last_login|s:10:"1474525865";__ci_last_regenerate|i:1474558059;success|s:49:"æ¶ˆè´¹æŠµæ‰£å·²ç¡®è®¤ï¼å®¢æˆ· é›·å°ç±³:12.00å…‹";__ci_vars|a:1:{s:7:"success";s:3:"new";}'),
('6ee268f8882fe6b5a79ba76af4c8095854503624', '127.0.0.1', 1474566091, 'identity|s:5:"C5000";username|s:5:"C5000";email|s:11:"kuguan@bb.c";user_id|s:1:"7";old_last_login|s:10:"1474525865";__ci_last_regenerate|i:1474558412;'),
('dca8722eb5f7450de85ef52cfa02274ddf582811', '127.0.0.1', 1474561405, '__ci_last_regenerate|i:1474558552;captcha|s:4:"DviT";identity|s:5:"C5000";username|s:5:"C5000";email|s:11:"kuguan@bb.c";user_id|s:1:"7";old_last_login|s:10:"1474552975";csrfkey|s:8:"JwfaQOIW";__ci_vars|a:2:{s:7:"csrfkey";s:3:"new";s:9:"csrfvalue";s:3:"new";}csrfvalue|s:20:"SWYQi7udwhltH9aK6BXC";'),
('70d617d956a43279cd24d7faf5d53a40cd5258a7', '127.0.0.1', 1474562250, '__ci_last_regenerate|i:1474561409;captcha|s:4:"DviT";identity|s:5:"C5000";username|s:5:"C5000";email|s:11:"kuguan@bb.c";user_id|s:1:"7";old_last_login|s:10:"1474552975";csrfkey|s:8:"U5CGgVaR";__ci_vars|a:2:{s:7:"csrfkey";s:3:"old";s:9:"csrfvalue";s:3:"old";}csrfvalue|s:20:"qyIRiVlTpo8mk17XAsD5";'),
('4618562c122ca0d87d36bef2717fb7f1afcde6ee', '127.0.0.1', 1474562714, '__ci_last_regenerate|i:1474562352;captcha|s:4:"DviT";identity|s:5:"C5000";username|s:5:"C5000";email|s:11:"kuguan@bb.c";user_id|s:1:"7";old_last_login|s:10:"1474552975";'),
('d6b39ad4ae287ffab4eb547fb841bac3dbc4f0de', '127.0.0.1', 1474563391, '__ci_last_regenerate|i:1474562744;captcha|s:4:"DviT";identity|s:5:"C5000";username|s:5:"C5000";email|s:11:"kuguan@bb.c";user_id|s:1:"7";old_last_login|s:10:"1474552975";csrfkey|s:8:"GOKcWhZF";__ci_vars|a:2:{s:7:"csrfkey";s:3:"new";s:9:"csrfvalue";s:3:"new";}csrfvalue|s:20:"V9poxOPB3yGRQAdMYFDh";'),
('dd95155a8b4cabbe5ed08f47bd4919628c073149', '127.0.0.1', 1474563962, '__ci_last_regenerate|i:1474563395;captcha|s:4:"DviT";identity|s:5:"C5000";username|s:5:"C5000";email|s:11:"kuguan@bb.c";user_id|s:1:"7";old_last_login|s:10:"1474552975";'),
('86af9b884436db9055b8e1f8283ca8572ec13203', '127.0.0.1', 1474564279, '__ci_last_regenerate|i:1474563999;captcha|s:4:"DviT";identity|s:5:"C5000";username|s:5:"C5000";email|s:11:"kuguan@bb.c";user_id|s:1:"7";old_last_login|s:10:"1474552975";csrfkey|s:8:"QAUg67Tf";__ci_vars|a:2:{s:7:"csrfkey";s:3:"new";s:9:"csrfvalue";s:3:"new";}csrfvalue|s:20:"fxh2bagZlzFWpJImVvuy";'),
('a363c62dad08ace6449356f72ca2de5069faddff', '127.0.0.1', 1474564715, '__ci_last_regenerate|i:1474564342;captcha|s:4:"DviT";identity|s:5:"C5000";username|s:5:"C5000";email|s:11:"kuguan@bb.c";user_id|s:1:"7";old_last_login|s:10:"1474552975";csrfkey|s:8:"bDmqxvfz";__ci_vars|a:2:{s:7:"csrfkey";s:3:"old";s:9:"csrfvalue";s:3:"old";}csrfvalue|s:20:"0gpPt2Yxs9I4nlOCoNjX";'),
('d73c1afdb5bfc8059206ed0621634e7281255da0', '127.0.0.1', 1474565232, '__ci_last_regenerate|i:1474564755;captcha|s:4:"DviT";identity|s:5:"C5000";username|s:5:"C5000";email|s:11:"kuguan@bb.c";user_id|s:1:"7";old_last_login|s:10:"1474552975";csrfkey|s:8:"JQRSkjPw";__ci_vars|a:2:{s:7:"csrfkey";s:3:"old";s:9:"csrfvalue";s:3:"old";}csrfvalue|s:20:"pUCOGsRjnhA5fHXr7yc9";'),
('10d059c841e0d1292997b4004b4e5c268ac13637', '127.0.0.1', 1474565567, '__ci_last_regenerate|i:1474565235;captcha|s:4:"DviT";identity|s:5:"C5000";username|s:5:"C5000";email|s:11:"kuguan@bb.c";user_id|s:1:"7";old_last_login|s:10:"1474552975";csrfkey|s:8:"yL1PnetJ";__ci_vars|a:2:{s:7:"csrfkey";s:3:"new";s:9:"csrfvalue";s:3:"new";}csrfvalue|s:20:"qVsJZFHnolGPNviSKEgd";'),
('44422d29e6dca9cd3abd18df5c247433ab373e0f', '127.0.0.1', 1474566089, '__ci_last_regenerate|i:1474565607;captcha|s:4:"DviT";identity|s:5:"C5000";username|s:5:"C5000";email|s:11:"kuguan@bb.c";user_id|s:1:"7";old_last_login|s:10:"1474552975";csrfkey|s:8:"tm1Gun09";__ci_vars|a:2:{s:7:"csrfkey";s:3:"old";s:9:"csrfvalue";s:3:"old";}csrfvalue|s:20:"TFlGKNwyYvLD0EoSVZuO";');

-- --------------------------------------------------------

--
-- è¡¨çš„ç»“æ„ `gd_setting`
--

CREATE TABLE IF NOT EXISTS `gd_setting` (
  `setting_id` int(11) unsigned NOT NULL AUTO_INCREMENT,
  `code` varchar(64) NOT NULL DEFAULT '',
  `value` text,
  `serialized` tinyint(1) NOT NULL DEFAULT '0',
  `group` varchar(64) NOT NULL DEFAULT 'config',
  `initial` tinyint(1) NOT NULL DEFAULT '1',
  PRIMARY KEY (`setting_id`,`code`),
  KEY `option_name` (`code`),
  KEY `auto_load` (`initial`)
) ENGINE=InnoDB  DEFAULT CHARSET=utf8 AUTO_INCREMENT=46 ;

--
-- è½¬å­˜è¡¨ä¸­çš„æ•°æ® `gd_setting`
--

INSERT INTO `gd_setting` (`setting_id`, `code`, `value`, `serialized`, `group`, `initial`) VALUES
(4, 'site_name', 'é»„é‡‘ç å¤´', 0, 'site', 1),
(5, 'site_keywords', 'é»„é‡‘äº¤æ˜“ é‡‘ç”Ÿé‡‘ ', 0, 'site', 1),
(6, 'site_description', 'å€¼å¾—ä¿¡èµ–çš„ç§äººçš„é‡‘åº“', 0, 'site', 1),
(7, 'site_email', 'gold@xinyan.com', 0, 'site', 1),
(8, 'golden_price', 'a:2:{s:6:"apikey";s:16:"101ae9aa1007ce6d";s:6:"apiurl";s:34:"http://api.jisuapi.com/gold/shgold";}', 1, 'api', 1),
(9, 'investing_privacy', '2', 0, 'project', 1),
(10, 'investing_initial', '1', 0, 'project', 1),
(11, 'recycling_privacy', '3', 0, 'project', 1),
(12, 'recycling_initial', '1', 0, 'project', 1),
(13, 'warning_end', '7', 0, 'project', 1),
(14, 'investing_checked', '2', 0, 'project', 1),
(15, 'investing_confirmed', '3', 0, 'project', 1),
(18, 'investing_refused', '5', 0, 'project', 1),
(19, 'investing_terminated', '6', 0, 'project', 1),
(25, 'recycling_checked', '2', 0, 'project', 1),
(26, 'recycling_confirmed', '3', 0, 'project', 1),
(30, 'recycling_refused', '5', 0, 'project', 1),
(31, 'recycling_terminated', '6', 0, 'project', 1),
(32, 'order_percent', '30', 0, 'project', 1),
(33, 'recycling_growing', '4', 0, 'project', 1),
(34, 'gold_growing', 'season', 0, 'project', 1),
(35, 'growing_mode', 't0', 0, 'project', 1),
(36, 'investing_growing', '4', 0, 'project', 1),
(37, 'terminated_trash', '1', 0, 'project', 1),
(38, 'site_title', 'é»„é‡‘ç å¤´ é»„é‡‘çº¿ä¸‹äº¤æ˜“å¹³å°', 0, 'site', 1),
(39, 'cron_interval', '3600', 0, 'site', 1),
(40, 'cron_encrypt', 'xy-zhujingxiu-4610', 0, 'site', 1),
(41, 'default_avatar', 'public/images/avatar/avatar.png', 0, 'site', 1),
(42, 'hexun_url', 'http://data.gold.hexun.com/outData/AuSH.ashx', 0, 'api', 1),
(43, 'hexun_intval', '180', 0, 'api', 1),
(44, 'recycling_renew', '2', 0, 'project', 1),
(45, 'min_weight', '10', 0, 'project', 1);

-- --------------------------------------------------------

--
-- è¡¨çš„ç»“æ„ `gd_worker`
--

CREATE TABLE IF NOT EXISTS `gd_worker` (
  `id` int(11) unsigned NOT NULL AUTO_INCREMENT,
  `username` varchar(32) DEFAULT NULL,
  `code` char(6) DEFAULT NULL,
  `realname` varchar(32) NOT NULL,
  `avatar` varchar(256) DEFAULT NULL,
  `password` varchar(255) NOT NULL,
  `salt` varchar(255) DEFAULT NULL,
  `email` varchar(100) NOT NULL,
  `remember_code` varchar(40) DEFAULT NULL,
  `addtime` int(11) NOT NULL DEFAULT '0',
  `last_login` int(11) DEFAULT '0',
  `last_ip` char(15) NOT NULL,
  `status` tinyint(1) DEFAULT '1',
  `phone` varchar(20) DEFAULT NULL,
  `wechat` varchar(64) DEFAULT NULL,
  `qq` char(12) DEFAULT NULL,
  `company_id` tinyint(4) NOT NULL DEFAULT '0',
  PRIMARY KEY (`id`)
) ENGINE=InnoDB  DEFAULT CHARSET=utf8 AUTO_INCREMENT=227 ;

--
-- è½¬å­˜è¡¨ä¸­çš„æ•°æ® `gd_worker`
--

INSERT INTO `gd_worker` (`id`, `username`, `code`, `realname`, `avatar`, `password`, `salt`, `email`, `remember_code`, `addtime`, `last_login`, `last_ip`, `status`, `phone`, `wechat`, `qq`, `company_id`) VALUES
(1, 'admin-root', NULL, 'ç®¡ç†å‘˜', 'public/images/avatar/121034209220f1.jpg', '$2a$07$SeBknntpZror9uyftVopmu61qg0ms8Qv1yV6FG.kQOSM.9QhmTo36', '', 'admin@admin.com', NULL, 1469999823, 1474557888, '127.0.0.1', 1, '', NULL, NULL, 1),
(2, 'C0000', NULL, 'æœ±æ™¯ä¿®', NULL, '$2y$08$QQOBCnHUhFTH/CjeWztJGOOfAz2xuqSki7P2qn5/WojZQvXc10NAK', NULL, 'zhujingxiu@hotmail.com', NULL, 1470736567, 1470736771, '127.0.0.1', 1, '18850911766', NULL, NULL, 1),
(3, 'C1000', NULL, 'ç»ç†æµ‹è¯•', 'public/images/avatar/avatar2.png', '$2y$08$iBQ3xwkr5PWd/apGKaePh.S3GYcgo5.3HLTh48mc1OyIRUansdkUS', NULL, 'a@a.c', NULL, 1471598448, 1474553102, '127.0.0.1', 1, '13913901390', 'qweweqweq', '', 1),
(4, 'C2000', NULL, 'ç»ç†æµ‹è¯•B', 'public/images/avatar/user1-128x128.jpg', '$2y$08$1gGt5kfd2/S0WGDZNt6PMu8bj1WBhiww4AgNx4TJSRrJaiQ7jV4gu', NULL, 'a@a.cc', NULL, 1471598720, 1473435360, '127.0.0.1', 1, '', NULL, NULL, 1),
(5, 'C3000', NULL, 'ç™»è®°æµ‹è¯•A', 'public/images/avatar/avatar1.png', '$2y$08$YHzCZKpn3DYoZWYfE4UD4.7KSke2QaVc5Ou04ljhRNZn5sDqc7QF2', NULL, 'b@a.cc', NULL, 1471598889, 1473738292, '127.0.0.1', 1, '', NULL, NULL, 1),
(6, 'C4000', NULL, 'å½•å•æµ‹è¯•B', 'public/images/avatar/user3-128x128.jpg', '$2y$08$7JByOlb/P/L.c8P.mqeMX.N7qSiLGBWyx3YWA44wUDkAMY0rGKtQS', NULL, 'ludan@b.cc', NULL, 1471598958, 1473299074, '127.0.0.1', 1, '', NULL, NULL, 1),
(7, 'C5000', NULL, 'åº“ç®¡æµ‹è¯•A', 'public/images/avatar/user4-128x128.jpg', '$2y$08$SuuFWJ0sZL2z.SZDLaTX3Od/bkVZ04Ax1fc1SmDtoVf8X0XjuRuJO', NULL, 'kuguan@bb.c', NULL, 1471599005, 1474558560, '127.0.0.1', 1, '', NULL, NULL, 1),
(8, 'C6000', NULL, 'åº“ç®¡æµ‹è¯•B', 'public/images/avatar/user5-128x128.jpg', '$2y$08$18MwNqHD5QKE/M2xcF4NXuLScN67KrGQfBCfXPEEEM/W5PNC/5/5G', NULL, 'kuguan@a.cc', NULL, 1471599054, 1473152537, '127.0.0.1', 1, '', NULL, NULL, 1),
(9, 'C7000', NULL, 'é‰´å®šäººA', 'public/images/avatar/user8-128x128.jpg', '$2y$08$GqumJcWGIEa25v1OB3i5M.k8Vgxg99kuKXpGsUs5ZzQiUIp.Qer5G', NULL, 'jianding@g.cc', NULL, 1471599152, 0, '127.0.0.1', 1, '', NULL, NULL, 1),
(10, 'S0896', 'S0896', 'æ–¹é›ªé™', NULL, '$2y$08$iBQ3xwkr5PWd/apGKaePh.S3GYcgo5.3HLTh48mc1OyIRUansdkUS', NULL, '', NULL, 1474442551, 1474451250, '127.0.0.1', 1, '13305946318', NULL, NULL, 1),
(11, 'C0892', 'C0892', 'è”¡å‡¤è¾‰', NULL, '$2y$08$aiuvf3uvmkynVczv.92QVOdSWDgsEqFpN/pt5sxwISowfqtlV3Fg2', NULL, '', NULL, 1474442551, 0, '127.0.0.1', 1, '13305941363', NULL, NULL, 1),
(12, 'C0898', 'C0898', 'é™ˆå«å¥', NULL, '$2y$08$9lkra/ZvslU0Gjw0nK9gA.3H21PmWkWz52Z6wgXJqZbub3tCNekVa', NULL, '', NULL, 1474442551, 0, '127.0.0.1', 1, '15080457686', NULL, NULL, 1),
(13, 'C0888', 'C0888', 'æ—å¿—é¾™', NULL, '$2y$08$yXs73HxICO7Y.Hs4DFPSzeqZYw1r.75VvHfz.xkKJJ06AVQKZ.3Ju', NULL, '', NULL, 1474442551, 0, '127.0.0.1', 1, '13305942502', NULL, NULL, 1),
(14, 'C0891', 'C0891', 'éƒ‘é›¯', NULL, '$2y$08$ZwgAzHOYOzTxRGScxWvtjOxdQsZ8hsOehZqB/sgkmrNW5fzrD6ptO', NULL, '', NULL, 1474442551, 0, '127.0.0.1', 1, '13305946108', NULL, NULL, 1),
(15, 'C0880', 'C0880', 'å´å¥é£', NULL, '$2y$08$s5dLtqy8ZikflPoCc0x4NeGmbHEk0lnDhDKSq8o6APckkAoxW.JKi', NULL, '', NULL, 1474442551, 0, '127.0.0.1', 1, '13305942150', NULL, NULL, 1),
(16, 'C0886', 'C0886', 'å¼ ç³', NULL, '$2y$08$SbK4FJvRcZpCoGasEvg2POEWphWJxWvabHSAvqgqkVXUgaDd6IqSK', NULL, '', NULL, 1474442551, 0, '127.0.0.1', 1, '13305945811', NULL, NULL, 1),
(17, 'S0895', 'S0895', 'è®¸ä¿Šè´¤', NULL, '$2y$08$jYCH8TkBqQEX8D0FO7droefQUBvOghj0y8qXXEGhAW5MRbIGqMHAW', NULL, '', NULL, 1474442551, 0, '127.0.0.1', 1, '13305940231', NULL, NULL, 1),
(18, 'C0889', 'C0889', 'é‚±è¾‰è¾‰', NULL, '$2y$08$V2ZW7rhyUkefHRzClZ2Vyu/2NgxUrdwJ0dN3U5p4G0URqU0B7IaQe', NULL, '', NULL, 1474442551, 0, '127.0.0.1', 1, '13305941913', NULL, NULL, 1),
(19, 'S0888', 'S0888', 'é™ˆæ…•ç²', NULL, '$2y$08$TOANg5Fmok8byPc8sNlbvud5S8af2xE1Irm0ezWqk.dByO7rkIc0K', NULL, '', NULL, 1474442551, 0, '127.0.0.1', 1, '13305945775', NULL, NULL, 1),
(20, 'C0881', 'C0881', 'é™ˆå›½ä»', NULL, '$2y$08$zsUhiNxYgX8T9T7EKFPZoeaUBgrAd9RC65OVe5ENuXotu5VL2IkZC', NULL, '', NULL, 1474442551, 0, '127.0.0.1', 1, '13305942095', NULL, NULL, 1),
(21, 'C0885', 'C0885', 'é™ˆå›½ä»™', NULL, '$2y$08$/mAyKjeQ5dESB4p1zpGkauRiVTHKKJ07KPBgD0j3.FwL1AksSCc5e', NULL, '', NULL, 1474442551, 0, '127.0.0.1', 1, '13305942113', NULL, NULL, 1),
(22, 'C0890', 'C0890', 'ä¸¥èŠ³', NULL, '$2y$08$nYZNWqTf8I9fD8O4f8QIt.42NgsZsuTA8vPJSOJ/sZGQC3gmCCWpe', NULL, '', NULL, 1474442551, 0, '127.0.0.1', 1, '18905941255', NULL, NULL, 1),
(23, 'C0893', 'C0893', 'é»„å»ºæ°', NULL, '$2y$08$D/iYQVmmuAQ0671Jo9CzueL4dXzWiTKN2DPgln4WolKoLcw3QJ61W', NULL, '', NULL, 1474442551, 0, '127.0.0.1', 1, '13305943039', NULL, NULL, 1),
(24, 'S0899', 'S0899', 'äºæ¬£', NULL, '$2y$08$ThrTC5wRIoZMUQYgk0MOTOSGe0q1jwAd/y2eSSczEMMIXBVncDPnG', NULL, '', NULL, 1474442551, 0, '127.0.0.1', 1, '13305942013', NULL, NULL, 1),
(25, 'S0890', 'S0890', 'æ—ä¼Ÿ', NULL, '$2y$08$1jhn2M41d15Nt7v8HZr7OO4ap7Jlo93CAQq4pSFq7LmOwWsF.IvZ2', NULL, '', NULL, 1474442551, 0, '127.0.0.1', 1, '13305940132', NULL, NULL, 1),
(26, 'S0889', 'S0889', 'æ—å¿—å¿ ', NULL, '$2y$08$slVyJY2Omz9yhfdxZ8ArC.0rFbihUTlDGvy4XdvU9/YZvlTE78Y.W', NULL, '', NULL, 1474442551, 0, '127.0.0.1', 1, '13305940256', NULL, NULL, 1),
(27, 'S0880', 'S0880', 'æ—æ·‘ç', NULL, '$2y$08$tLIsL1oJPvtz2jv/K1iXjuhqN0h.hLpeT2mpjVjyGRu3jfanJ0QVu', NULL, '', NULL, 1474442551, 0, '127.0.0.1', 1, '13305948093', NULL, NULL, 1),
(28, 'S0883', 'S0883', 'è’‹å»ºå±±', NULL, '$2y$08$6Ic7/jPnoZ2NOwSWnDJf5e7jNDYjdThUn3lJTxekAhdczWQe4Q8ne', NULL, '', NULL, 1474442551, 0, '127.0.0.1', 1, '18756799811', NULL, NULL, 1),
(29, 'S0885', 'S0885', 'è‹æ™“ç‡•', NULL, '$2y$08$qZinRjABWGE7MegvAqsZGegitZzCpY7R20rqZzSdAspEKrVUOJV1W', NULL, '', NULL, 1474442551, 0, '127.0.0.1', 1, '13305948352', NULL, NULL, 1),
(30, 'S0882', 'S0882', 'å´ç§€èŠ³', NULL, '$2y$08$zw2kR1KpZN2J.dyagdRoEuY2oD83mkw3SIGNQyqnKD.h2WgUmk5q2', NULL, '', NULL, 1474442551, 0, '127.0.0.1', 1, '13305946167', NULL, NULL, 1),
(31, 'S0887', 'S0887', 'é™ˆç§€è´', NULL, '$2y$08$Tiw9AfIiTQJBqSsVX2cvSO3bqYqXdEJUiDFcbjaEZsw63Op/Nk9.i', NULL, '', NULL, 1474442551, 0, '127.0.0.1', 1, '13305948130', NULL, NULL, 1),
(32, 'C0808', 'C0808', 'æ—å›½æ˜¥', NULL, '$2y$08$ZttV5Rd5i5dDcqa8H9ueuu0x98HWEF58wHrWENpUn9D9m1wlsROae', NULL, '', NULL, 1474442551, 0, '127.0.0.1', 1, '13515646484', NULL, NULL, 1),
(33, 'C0866', 'C0866', 'é»„ç¾å®‡', NULL, '$2y$08$lS58nOZHfgAAFoPYUU594u8jMVY./PxT44Y3neZg5ApKJtfYEUuh.', NULL, '', NULL, 1474442551, 0, '127.0.0.1', 1, '15654646486', NULL, NULL, 1),
(34, 'S0875', 'S0875', 'éƒ‘èµ›è', NULL, '$2y$08$w6boZN6oLb78Rc0IfAvXIeS8da4t3cFfhBEw8PP1jP2kulEuqOPPy', NULL, '', NULL, 1474442551, 0, '127.0.0.1', 1, '13305943583', NULL, NULL, 1),
(35, 'S0876', 'S0876', 'æ–¹ç‰è…¾', NULL, '$2y$08$MZy54dC4W5L44X.D.QoQaeQ5rd/h1DV6e/CdbTo1qDTfcl6io.TuO', NULL, '', NULL, 1474442552, 0, '127.0.0.1', 1, '15659398909', NULL, NULL, 1),
(36, 'S0873', 'S0873', 'é™ˆç´ è¾‰', NULL, '$2y$08$ruqHKRD2W1GUe/gMZNtlx.4mlcIVV.WY0oAXKtUVCYHUqA.kY1I7y', NULL, '', NULL, 1474442552, 0, '127.0.0.1', 1, '17759820207', NULL, NULL, 1),
(37, 'S0872', 'S0872', 'é¾šé’°è‹±', NULL, '$2y$08$7aJeUf2NGUfBHSkZ3naMJ.mLccpGT.fkaIbs9uscsGyBeT6m0TOmG', NULL, '', NULL, 1474442552, 0, '127.0.0.1', 1, '13305948010', NULL, NULL, 1),
(38, 'S0892', 'S0892', 'ä½•æ˜æ', NULL, '$2y$08$NBBUrspn9AUeEWiPbReYh.0RWmRUPT2h.WoNigDIRMLzR3YrUfXei', NULL, '', NULL, 1474442552, 0, '127.0.0.1', 1, '13959508689', NULL, NULL, 1),
(39, 'S1269', 'S1269', 'é»„ä»å¯Œ', NULL, '$2y$08$S1LVmU.hjY1Q1RTL2FS0M.63BofVBdgRJUXeu7SNAspYcpfGq.FIG', NULL, '', NULL, 1474442552, 0, '127.0.0.1', 1, '13305941600', NULL, NULL, 1),
(40, 'S1226', 'S1226', 'æé›ª', NULL, '$2y$08$qmboJFve2pXKtZb5S639HuKiNmx084ydV2JctQMk.ltubR/rAr3Wm', NULL, '', NULL, 1474442552, 0, '127.0.0.1', 1, '13850282988', NULL, NULL, 1),
(41, 'S1111', 'S1111', 'æ¨å¹¿', NULL, '$2y$08$qhS2nmlXdq/gknc6zeYMQOtvMEcfMZxcXTFKPCpsnuwYqgv.IjecC', NULL, '', NULL, 1474442552, 0, '127.0.0.1', 1, '13611111111', NULL, NULL, 1),
(42, 'C1111', 'C1111', 'æ¨å¹¿1', NULL, '$2y$08$N4qygr9hBCGIJSH5c1hPE.JvDVcNM3YGgYZPpX1qlwbuIYgOloZuG', NULL, '', NULL, 1474442552, 0, '127.0.0.1', 1, '13658685858', NULL, NULL, 1),
(43, 'S0860', 'S0860', 'æé™', NULL, '$2y$08$JndQob3Rf4phNqE6IHSyuOW9Z9P4di4uy7SL16a2GlU10f/bXQiLe', NULL, '', NULL, 1474442552, 0, '127.0.0.1', 1, '13305948135', NULL, NULL, 1),
(44, 'S0865', 'S0865', 'é‚¹ä¸½æ¦œ', NULL, '$2y$08$IeXkI0o0EA4MWdWppB5Zpe8opqaMmeHT8bTdi/m06T03iTiXzutQK', NULL, '', NULL, 1474442552, 0, '127.0.0.1', 1, '13305943283', NULL, NULL, 1),
(45, 'S0870', 'S0870', 'æ—ä¸½é’¦', NULL, '$2y$08$ny8TacNFHr2PWIhCLhFKMeKvue7Dz3FCor2rik/zUJLOd8NUsKsJm', NULL, '', NULL, 1474442552, 0, '127.0.0.1', 1, '13305940213', NULL, NULL, 1),
(46, 'S0869', 'S0869', 'é»„ä¿Šæ¶µ', NULL, '$2y$08$VImfbHuA7zh7XEV0Bsl0mOYkIYE.5xEY0MNlFcAvKsSy4rzvXTYiG', NULL, '', NULL, 1474442552, 0, '127.0.0.1', 1, '13110555385', NULL, NULL, 1),
(47, 'C0895', 'C0895', 'ç¯çƒä¸“ç”¨', NULL, '$2y$08$wusHXZYVrnKs3PQYYMmhnuUcxh8UKlzqrmhvoq4celgzKtnYgmQvi', NULL, '', NULL, 1474442552, 0, '127.0.0.1', 1, '13325465656', NULL, NULL, 1),
(48, 'S0855', 'S0855', 'æ¨å»ºèŠ±', NULL, '$2y$08$V21Gp1IwaiW9Aq3yUUNHfO2qxZ8IzRYneUMktheaFloX1gY2JGthO', NULL, '', NULL, 1474442552, 0, '127.0.0.1', 1, '13607501383', NULL, NULL, 1),
(49, 'S0858', 'S0858', 'é™†ç¢§å©·', NULL, '$2y$08$qRlEzsIyvEOauTsMXJxnIe2BrhmRZ5WP2YokzEInfsRIbA1bH3bvq', NULL, '', NULL, 1474442552, 0, '127.0.0.1', 1, '13850204249', NULL, NULL, 1),
(50, 'S0859', 'S0859', 'æè…¾è¾¾', NULL, '$2y$08$.Ws9EI2/GjEMYhjdLI7eDeTJaUk/6STMiAe49wALIaFfd3IHlVE9m', NULL, '', NULL, 1474442552, 0, '127.0.0.1', 1, '13860901122', NULL, NULL, 1),
(51, 'S0861', 'S0861', 'æ¨ä¸–ç¾', NULL, '$2y$08$uCprag5wgyzJSK51Ru2k7Oy6UJOC4sepAheuAIGUcEje/8BplMa2.', NULL, '', NULL, 1474442552, 0, '127.0.0.1', 1, '13313805758', NULL, NULL, 1),
(52, 'S0863', 'S0863', 'èµµå¿†æ¶µ', NULL, '$2y$08$/7ZzdozaBM5xNqGImP/iV.n5yusRybwm.CMh4VZF4PraIvvMCULMK', NULL, '', NULL, 1474442552, 0, '127.0.0.1', 1, '13850264966', NULL, NULL, 1),
(53, 'S1200', 'S1200', 'åˆ˜æ´‹', NULL, '$2y$08$C5PTHI.5JmJRiVhW4xuBDOCA5Vupz4kf2Twum2abUgpw96GVpao3W', NULL, '', NULL, 1474442552, 0, '127.0.0.1', 1, '13204745298', NULL, NULL, 1),
(54, 'S1201', 'S1201', 'ææº', NULL, '$2y$08$c/UJOqUVX43kVWzZxTjF7u8DAvVQApzORIpe5Oqi02ILGcaNjjjG6', NULL, '', NULL, 1474442552, 0, '127.0.0.1', 1, '15847457606', NULL, NULL, 1),
(55, 'S1202', 'S1202', 'æç²', NULL, '$2y$08$ixdPvYCaZJ4bRr/WjX7k5e28bfTcl1CI.atML2Dvl9wUmiRUaww1G', NULL, '', NULL, 1474442552, 0, '127.0.0.1', 1, '15598164333', NULL, NULL, 1),
(56, 'S1203', 'S1203', 'éƒ­ä½³ä¸½', NULL, '$2y$08$e34sdsiC21jGF5Ikdk7DNuJLeJiw0w4SlZ5OpVHKlD5bEFc7.5EaC', NULL, '', NULL, 1474442552, 0, '127.0.0.1', 1, '18247404272', NULL, NULL, 1),
(57, 'S1205', 'S1205', 'åˆ˜æ™“ç‡•', NULL, '$2y$08$GV3JdTBK4Pa9K6NFxmyvWOqrdIbNr0RgGW7lxDl.jWus6rwWKlId6', NULL, '', NULL, 1474442552, 0, '127.0.0.1', 1, '13234726381', NULL, NULL, 1),
(58, 'S1206', 'S1206', 'èµµç´ èŠ³', NULL, '$2y$08$sYmLdJneQdzt53VzG8Gp9.RT5IvOWHqA.xWvAdHW42w/3q7EllIJi', NULL, '', NULL, 1474442552, 0, '127.0.0.1', 1, '13947440499', NULL, NULL, 1),
(59, 'S1207', 'S1207', 'å¼ ä¿ŠèŠ³', NULL, '$2y$08$hH3Wq34UmgeukwU0pg3AquHa4KwbI620TKsqrmd7YSog.e6dGCwMS', NULL, '', NULL, 1474442552, 0, '127.0.0.1', 1, '13614842996', NULL, NULL, 1),
(60, 'S1208', 'S1208', 'æåˆ©éœ', NULL, '$2y$08$tnU9hp3mRtOUXvznXQtIruJ3LHF4O/jYd0Q7hKf0huCjaC3q5sOcK', NULL, '', NULL, 1474442552, 0, '127.0.0.1', 1, '15764892288', NULL, NULL, 1),
(61, 'S1209', 'S1209', 'éƒ‡ç‘›', NULL, '$2y$08$ZbiZQOHla8Pw/V5f3KfbzuLVYvryg8ZxUnZHrECZNtE45we2yykDq', NULL, '', NULL, 1474442552, 0, '127.0.0.1', 1, '13847464619', NULL, NULL, 1),
(62, 'S1210', 'S1210', 'å´”æ™“å¨Ÿ', NULL, '$2y$08$9mk7rgMS.pZWX4afISeKrut5ZKNElca0e/kjSxqnq3rvmnjwIhlVm', NULL, '', NULL, 1474442552, 0, '127.0.0.1', 1, '15384745523', NULL, NULL, 1),
(63, 'S1211', 'S1211', 'éƒ­æ²™æ²™', NULL, '$2y$08$/aWA1fQbNg0L/HqLEWU.3ebvKjWmH6mGMtDbirSm07c/wbTpxjDua', NULL, '', NULL, 1474442552, 0, '127.0.0.1', 1, '18748401116', NULL, NULL, 1),
(64, 'S1212', 'S1212', 'å¢æ—èŠ³', NULL, '$2y$08$gvD6wwzUbSYbCYNzWK4Kl.PObGY4TDZ4Kg2DTOnfhMBAxjB5a0xye', NULL, '', NULL, 1474442552, 0, '127.0.0.1', 1, '15904849094', NULL, NULL, 1),
(65, 'S1213', 'S1213', 'èµµåˆ©å¼º', NULL, '$2y$08$CkwW7clrVgKp/diAfVrUk.ywL/2/EmMuRtY04rveEO6I5LmnXER1O', NULL, '', NULL, 1474442552, 0, '127.0.0.1', 1, '13847418030', NULL, NULL, 1),
(66, 'S1215', 'S1215', 'æé™', NULL, '$2y$08$.qJgE2AW6r4qvecLm/ackOOxNnAXRnTvVCGJrjy5yKOgTONAD906y', NULL, '', NULL, 1474442552, 0, '127.0.0.1', 1, '18947410660', NULL, NULL, 1),
(67, 'S1216', 'S1216', 'ç‹å½¦å›', NULL, '$2y$08$36ddsjnJbuO8J1kou.MLN..4zLyulL4d5uCLU9dyUAM3FWPAgG.jq', NULL, '', NULL, 1474442552, 0, '127.0.0.1', 1, '18647471512', NULL, NULL, 1),
(68, 'S1217', 'S1217', 'è´¾æ™“æ™´', NULL, '$2y$08$sXLQpSMhokMiHjiaKioUD.Qw2mJwZC05EGyMXG1PgX486GXlN8RQO', NULL, '', NULL, 1474442552, 0, '127.0.0.1', 1, '13150821742', NULL, NULL, 1),
(69, 'S1218', 'S1218', 'å†€è¿é’', NULL, '$2y$08$hfN.0OblbiLKjvv0fAcRgulQ2SqbSMePRVUTpaU9cIBGyu4tWmOFK', NULL, '', NULL, 1474442552, 0, '127.0.0.1', 1, '15247484422', NULL, NULL, 1),
(70, 'S1219', 'S1219', 'å­™ç‘æ•', NULL, '$2y$08$3y3/lgugUBR0GYiKdc904.NREZ2G1356zADjgSVcmXadot6/UjQCq', NULL, '', NULL, 1474442552, 0, '127.0.0.1', 1, '15849404018', NULL, NULL, 1),
(71, 'S1220', 'S1220', 'ç”°é›¨', NULL, '$2y$08$NqhELIr0Fmfi5UDQ.fjCuOWTzlHlvBOS2UoZORD.piD9x2fuFSthW', NULL, '', NULL, 1474442552, 0, '127.0.0.1', 1, '18947411271', NULL, NULL, 1),
(72, 'S1221', 'S1221', 'ææ—', NULL, '$2y$08$6wEZayQb9HldQbaK7W2YR.Sgb.wYojgm6Tim1swA8r2jQb.5gP936', NULL, '', NULL, 1474442552, 0, '127.0.0.1', 1, '13500644095', NULL, NULL, 1),
(73, 'S1222', 'S1222', 'å¸¸æŒ¯å', NULL, '$2y$08$iVcxrjr2ddfPyGd5Ceo79uCOIR8EvacinhQ.YlmrgIIYunVXHAMqC', NULL, '', NULL, 1474442552, 0, '127.0.0.1', 1, '13337146990', NULL, NULL, 1),
(74, 'S1223', 'S1223', 'åˆ˜å©·', NULL, '$2y$08$U1Eba.Qedfm7swWa7aY9he2PbCuEjzR66LEFPeLtFkffQZL6KyV.a', NULL, '', NULL, 1474442552, 0, '127.0.0.1', 1, '15124761160', NULL, NULL, 1),
(75, 'S1225', 'S1225', 'å¼ æ™”', NULL, '$2y$08$sbTThqAJLpgGZfIe7GeynOoF7FNjtMigdMhgOhjuhn0yYJih3MLKu', NULL, '', NULL, 1474442552, 0, '127.0.0.1', 1, '15114749519', NULL, NULL, 1),
(76, 'S1227', 'S1227', 'èµµæ•', NULL, '$2y$08$PIoRKfMrQ32ibpFgBJsZuee6GI.ocQ3x8pPfrbm4OhULFdjgcU.By', NULL, '', NULL, 1474442552, 0, '127.0.0.1', 1, '13789643488', NULL, NULL, 1),
(77, 'S1230', 'S1230', 'éƒä¿Šè²', NULL, '$2y$08$7zU21rUQWVLRcbpta/g1AOTbED3BFue.TPJrFDB3taPvLQQ5EYEl2', NULL, '', NULL, 1474442552, 0, '127.0.0.1', 1, '15647480030', NULL, NULL, 1),
(78, 'S1100', 'S1100', 'æç›', NULL, '$2y$08$3SpSljw591Zsb5ogp6.V3ebkfQQhc1V4IMa5a7bsiw4KA0sGCxEz2', NULL, '', NULL, 1474442552, 0, '127.0.0.1', 1, '15384745565', NULL, NULL, 1),
(79, 'S1101', 'S1101', 'éƒæ–Œ', NULL, '$2y$08$2sQrVVdeyKE4GsmTGY3axOli4Zdv0ut9Pl.guLDsJP0oBgNlv67fu', NULL, '', NULL, 1474442552, 0, '127.0.0.1', 1, '15704716060', NULL, NULL, 1),
(80, 'S1102', 'S1102', 'æ¨æ—', NULL, '$2y$08$q0S8WaJ1qhJdjUNJmQdahOYRcgZ4Wg0bP1cTwoIgzYbcEWsRJUosS', NULL, '', NULL, 1474442552, 0, '127.0.0.1', 1, '18548126416', NULL, NULL, 1),
(81, 'S1103', 'S1103', 'é™ˆéœ‡', NULL, '$2y$08$98joiDJ60oJ3E5cHceVXz.vhRLdSOafSIV4N4Qn0/oRuG0mM0HXA.', NULL, '', NULL, 1474442552, 0, '127.0.0.1', 1, '15947703046', NULL, NULL, 1),
(82, 'S1105', 'S1105', 'è‹é”¦å', NULL, '$2y$08$9WMNOjyuaxlgNXhWDDh2Muv1NiqfV5tLlbUH3ZxN90Ps7Ds3C2zye', NULL, '', NULL, 1474442552, 0, '127.0.0.1', 1, '15847784537', NULL, NULL, 1),
(83, 'S1106', 'S1106', 'æ›¹å»ºæ­¦', NULL, '$2y$08$IrRovwi4ZprKPSjLZgHvAuau3pxnRtf1316HnQrMkSJp9SEHaDH82', NULL, '', NULL, 1474442552, 0, '127.0.0.1', 1, '15848488813', NULL, NULL, 1),
(84, 'S1107', 'S1107', 'éƒ­æŒ¯å…´', NULL, '$2y$08$w5oivl9.iLDotnxGdJ3QWeEfsveyuxioNzomIZagHqLwQpTu7gx9u', NULL, '', NULL, 1474442552, 0, '127.0.0.1', 1, '18698404550', NULL, NULL, 1),
(85, 'S1108', 'S1108', 'å¼ æ˜“', NULL, '$2y$08$9kG7VJMZYS04nyehm9R3Q.TaCfFh3uZjtlO0Hxyp3TnW.MndOPN0e', NULL, '', NULL, 1474442553, 0, '127.0.0.1', 1, '18504842014', NULL, NULL, 1),
(86, 'S1109', 'S1109', 'ç™½ç‰ç‘›', NULL, '$2y$08$QYc3ctB6Yfa/7wQUtlHbEO.NHvoslxb7Y8EOXprVT9SOTEGAVOvnq', NULL, '', NULL, 1474442553, 0, '127.0.0.1', 1, '13150834827', NULL, NULL, 1),
(87, 'S1110', 'S1110', 'æ¨ä¸½å¨œ', NULL, '$2y$08$k/HbhGt29nRbU2DhP7a/d.Wwc6NnqqCceK33aSED27PWAhBzpukCu', NULL, '', NULL, 1474442553, 0, '127.0.0.1', 1, '18548181124', NULL, NULL, 1),
(88, 'S1112', 'S1112', 'èµµè‰³éœ', NULL, '$2y$08$soDbkyBlQT3v1yjuqrKwauNnqKkaL.xgOwd5FxzI8D7evWKtB9f0G', NULL, '', NULL, 1474442553, 0, '127.0.0.1', 1, '15848460836', NULL, NULL, 1),
(89, 'S1113', 'S1113', 'å¼ çº¢éœ', NULL, '$2y$08$6VsHUFAJZym96aqfQPukyuD4iZUlUaMiu8YV0GTLWgXnD.W1EIVli', NULL, '', NULL, 1474442553, 0, '127.0.0.1', 1, '18647405605', NULL, NULL, 1),
(90, 'S1115', 'S1115', 'æœ±è', NULL, '$2y$08$//Qr2NEYXHxvYEnrvZWwAuk6Bvlw61b3jVPZ7asY8YPuyb5mWnqgW', NULL, '', NULL, 1474442553, 0, '127.0.0.1', 1, '14747461917', NULL, NULL, 1),
(91, 'S1116', 'S1116', 'å¼ è£', NULL, '$2y$08$F3ZsJ4FDOmOl5vwGegjnRelJVG0mcUUzWNF4hCFoZQkNNrwNiSiuu', NULL, '', NULL, 1474442553, 0, '127.0.0.1', 1, '15754852687', NULL, NULL, 1),
(92, 'S1118', 'S1118', 'åº·å®', NULL, '$2y$08$1ksMPEh2hFA9DBOup7YHO.6W8aiidLzHQeYSCBcJiZnATJyI.h3qW', NULL, '', NULL, 1474442553, 0, '127.0.0.1', 1, '18647482288', NULL, NULL, 1),
(93, 'S1117', 'S1117', 'ä»˜å«æ•', NULL, '$2y$08$iykQZuS47KMiixxlXi0w8uAHiKn.ePbvHxBbsAOcKGXOopzYTBSxm', NULL, '', NULL, 1474442553, 0, '127.0.0.1', 1, '18847417866', NULL, NULL, 1),
(94, 'S1119', 'S1119', 'åˆ˜æˆåˆš', NULL, '$2y$08$GaRBuow7PP9Fdv5GG0APXu4xQk6VmAwFfnZwUmvFHpxC8Io91FlJu', NULL, '', NULL, 1474442553, 0, '127.0.0.1', 1, '18748111754', NULL, NULL, 1),
(95, 'S1120', 'S1120', 'éŸ©æ–°å®‡', NULL, '$2y$08$koSC2QZjz28jFdXHPFBAH.MYcQPzA3JZMZRnQI93RkjZefsj6AxMe', NULL, '', NULL, 1474442553, 0, '127.0.0.1', 1, '14784740401', NULL, NULL, 1),
(96, 'S1121', 'S1121', 'ç‹è‰³æ¸…', NULL, '$2y$08$MPphaoYwFO3eAnIbCORDjuAoYKjGbfqSgDQvTpbS3qc8gEepiAOZO', NULL, '', NULL, 1474442553, 0, '127.0.0.1', 1, '18748414581', NULL, NULL, 1),
(97, 'S1122', 'S1122', 'åˆ˜ç’', NULL, '$2y$08$/45erPrqKy5W4eYWwxELPOHFCN3ZAFCYthOe5fs5WGAwwmsTvjZB2', NULL, '', NULL, 1474442553, 0, '127.0.0.1', 1, '15384745561', NULL, NULL, 1),
(98, 'S1123', 'S1123', 'åˆ˜ç”²å†›', NULL, '$2y$08$wChg97NbPBswjwwQMcvx4eCrY6jj6kCc6nBq3AxTtwrjXwgU54MjS', NULL, '', NULL, 1474442553, 0, '127.0.0.1', 1, '15148085324', NULL, NULL, 1),
(99, 'S1125', 'S1125', 'æ¨æ–‡è‹±', NULL, '$2y$08$XWRtcg/PEc..pdtDL0ufreIlxQqwEpdNi/4/D2EPCmIVVSFE5s4ve', NULL, '', NULL, 1474442553, 0, '127.0.0.1', 1, '18647420424', NULL, NULL, 1),
(100, 'S1126', 'S1126', 'å´”ä¹è‹±', NULL, '$2y$08$.1Njqm/UYX78dqIKRLPohubNQHsI2kOVUxpcpz2Qi.E0JhSlcV6NK', NULL, '', NULL, 1474442553, 0, '127.0.0.1', 1, '15164798997', NULL, NULL, 1),
(101, 'S1127', 'S1127', 'è¤šæ–‡é™', NULL, '$2y$08$1jsBh3SSidjglP40rbChQOfixgqdToD56u/QLfnHUTieJUovzm5FC', NULL, '', NULL, 1474442553, 0, '127.0.0.1', 1, '15947685830', NULL, NULL, 1),
(102, 'S1128', 'S1128', 'å¼ æ•', NULL, '$2y$08$9FDY.m/icfibp9WsKLI..egSX7th8lIogVe6VbzU7wh.adzPlYeK2', NULL, '', NULL, 1474442553, 0, '127.0.0.1', 1, '13704746941', NULL, NULL, 1),
(103, 'S1129', 'S1129', 'éƒ­æ–‡å¿ ', NULL, '$2y$08$alWr5kxTxcWL8XLKNoIfruUkmbzf2qED9LYMe2Iv4n9WFQ6YF.gAy', NULL, '', NULL, 1474442553, 0, '127.0.0.1', 1, '13084747683', NULL, NULL, 1),
(104, 'S1130', 'S1130', 'å¼ æ™“å®‡', NULL, '$2y$08$rMpZR.5vT2rWWdx2I9mJSu5e6FHajwpCxR6hk.3gLOqnLcNGQvhtW', NULL, '', NULL, 1474442553, 0, '127.0.0.1', 1, '13500645678', NULL, NULL, 1),
(105, 'S1131', 'S1131', 'æä½³å’Œ', NULL, '$2y$08$5FYkk3KcikgXH8BGiTIcj.RD2pyA5Ftyem9JXobmXGqV6tuE01ooq', NULL, '', NULL, 1474442553, 0, '127.0.0.1', 1, '15384745533', NULL, NULL, 1),
(106, 'S1132', 'S1132', 'ç‹æ™¶æ™¶', NULL, '$2y$08$l2BonoR/bd2HOZGX/KFDJug3giaoCW7fpfLZnNjra3VFW9e92rSa.', NULL, '', NULL, 1474442553, 0, '127.0.0.1', 1, '15014743936', NULL, NULL, 1),
(107, 'S1133', 'S1133', 'é©¬æ³½å®‡', NULL, '$2y$08$aqVJL50lhQ1lvYlnbQjuHucsD1bflKdF46wT2vlhK5BxIWS8TTUGu', NULL, '', NULL, 1474442553, 0, '127.0.0.1', 1, '18547105066', NULL, NULL, 1),
(108, 'S1135', 'S1135', 'éƒ­è£è£', NULL, '$2y$08$6f6jA7T.VLVuSwJhgRgNNeGiTkdc4G/JC41TtsScEAUdGAqvNqIiq', NULL, '', NULL, 1474442553, 0, '127.0.0.1', 1, '15849416766', NULL, NULL, 1),
(109, 'S1136', 'S1136', 'å¼ ä¸½ä¸', NULL, '$2y$08$jJAhK5agxWomDdqMGSC58.LZNhBrT50bB/A8Wtj3W5CBhnaO.aGYe', NULL, '', NULL, 1474442553, 0, '127.0.0.1', 1, '15847418393', NULL, NULL, 1),
(110, 'S1137', 'S1137', 'éƒè‰³', NULL, '$2y$08$Wy1ow2jHCJpavJzLUWOCju8dbSamwS9axxTDcuRkgggLSJytp06Ce', NULL, '', NULL, 1474442553, 0, '127.0.0.1', 1, '18504741106', NULL, NULL, 1),
(111, 'S1138', 'S1138', 'å¼ æ™“é¾™', NULL, '$2y$08$brmaVUBYyHAcf/VsQts3ae3TRqOzFZ9xzqxB4KnSayWxDagYh9P9.', NULL, '', NULL, 1474442553, 0, '127.0.0.1', 1, '13948593907', NULL, NULL, 1),
(112, 'S1139', 'S1139', 'é»„ä¸œå‡', NULL, '$2y$08$MFE678h4np5sHF2tmQdNy.8pQWkbzDWv2RjSrJBpVuG3OG6wqUH76', NULL, '', NULL, 1474442553, 0, '127.0.0.1', 1, '15354838618', NULL, NULL, 1),
(113, 'S1140', 'S1140', 'æ›¹å¿—æ…§', NULL, '$2y$08$4cKuS2ehWDNULnhic/bYmu1vXaOTDomhUQ5LATpEsZWVClOn4fGEK', NULL, '', NULL, 1474442553, 0, '127.0.0.1', 1, '15124733417', NULL, NULL, 1),
(114, 'S1141', 'S1141', 'å¼ é‘«', NULL, '$2y$08$Y45d7R0AUNuxrtcVHt1tzeLMXVOlUkACXyHQgR70jlj18bVlniWFm', NULL, '', NULL, 1474442553, 0, '127.0.0.1', 1, '18047428520', NULL, NULL, 1),
(115, 'S1142', 'S1142', 'æ¨ä¿Šå', NULL, '$2y$08$fb6wwx5KOalXpevWdlUNsudMPqdq64oB9LeR4.Su8JEbVxK5zATcG', NULL, '', NULL, 1474442553, 0, '127.0.0.1', 1, '15555523592', NULL, NULL, 1),
(116, 'S1143', 'S1143', 'é›·ä¹å…ƒ', NULL, '$2y$08$qDXLPh6CPStYvQc9gxGLWu9tBe/VOBsgdwXY2M.Wy6SXuWampIEfO', NULL, '', NULL, 1474442553, 0, '127.0.0.1', 1, '13214748420', NULL, NULL, 1),
(117, 'S1145', 'S1145', 'èƒ¥å…°å¼º', NULL, '$2y$08$g9tyGhrBb0dprQMgZTd71eUMk13bRCJ1nnTUuvI8r58Ry93Kb.wba', NULL, '', NULL, 1474442553, 0, '127.0.0.1', 1, '15849417619', NULL, NULL, 1),
(118, 'S1146', 'S1146', 'æ± ç¿ äº‘', NULL, '$2y$08$1SUEkc5sPAXw79oxFZ7Ygeb27HikLT62ZiIteMqviaCml0iPUGT0S', NULL, '', NULL, 1474442553, 0, '127.0.0.1', 1, '15847443854', NULL, NULL, 1),
(119, 'S1148', 'S1148', 'è–›å¼º', NULL, '$2y$08$euc/7OLeRRWwsnVOj4j7s..mcK9Bpd8533BndU307D/SlPHn0U4jy', NULL, '', NULL, 1474442553, 0, '127.0.0.1', 1, '18604742452', NULL, NULL, 1),
(120, 'S0812', 'S0812', 'æ–¹èŠ¹éœ', NULL, '$2y$08$zKo.azvy/Mzh9t/aexdI4O6zuEDZ5LvmT7gq9JLfbtwxeSSzcR/rC', NULL, '', NULL, 1474442553, 0, '127.0.0.1', 1, '13799640511', NULL, NULL, 1),
(121, 'S0871', 'S0871', 'æ—å‡Œ', NULL, '$2y$08$oFdUBzv7Ptvz7VYRGN9uau6VYhPKRnKS9egN0GKlvk/QFkdW20EAy', NULL, '', NULL, 1474442553, 0, '127.0.0.1', 1, '15928758720', NULL, NULL, 1),
(122, 'S1229', 'S1229', 'é«˜è•¾', NULL, '$2y$08$j2d1aV76rFm0wTiw89tiQeQTJ3GZaW0DPxtqZdXJSQu3sE5CT8p2G', NULL, '', NULL, 1474442553, 0, '127.0.0.1', 1, '18647471334', NULL, NULL, 1),
(123, 'S1231', 'S1231', 'å¾ç¾å‡¤', NULL, '$2y$08$O7MkhwI8C9sEThgpyfihIO4OJDch5dxXUR.LPBQW1mEoz8ZS71i0e', NULL, '', NULL, 1474442553, 0, '127.0.0.1', 1, '15904889053', NULL, NULL, 1),
(124, 'S1232', 'S1232', 'æ­¦è‹±è‹±', NULL, '$2y$08$SASmtxvWpJK4ztOoKWKBS.jmNMVgs/1gwg5.r88u7E.tfChnvdwqe', NULL, '', NULL, 1474442553, 0, '127.0.0.1', 1, '13171300725', NULL, NULL, 1),
(125, 'S1233', 'S1233', 'ç‹å®‡', NULL, '$2y$08$zyJZX0lfygXdVR/FJJuHlu0lLpxdOkjqyuTgIAiAq3q9wo9cK38C.', NULL, '', NULL, 1474442553, 0, '127.0.0.1', 1, '18647479992', NULL, NULL, 1),
(126, 'S1235', 'S1235', 'ä½•é¾™', NULL, '$2y$08$QNDgW1QrLrEvrw5URQQUGeNxQf17G5Uork4pn0yJOQhzZIJ9siSRe', NULL, '', NULL, 1474442553, 0, '127.0.0.1', 1, '13488515043', NULL, NULL, 1),
(127, 'S1236', 'S1236', 'å¼ æ™“éœ', NULL, '$2y$08$6sub2j12YUv9GGoUn0FnheKt5TPtXKNi.oRN9O.DNwIlSeuUTAR2u', NULL, '', NULL, 1474442553, 0, '127.0.0.1', 1, '15384745518', NULL, NULL, 1),
(128, 'S1237', 'S1237', 'å´”é›ªè‹±', NULL, '$2y$08$4vKdvTFTRROCC.OT18UNBuDMTl/R5st41c8I/V/vzl5c9gbfEyKK6', NULL, '', NULL, 1474442553, 0, '127.0.0.1', 1, '15004743559', NULL, NULL, 1),
(129, 'S1240', 'S1240', 'éƒ­æ ‘æ¸…', NULL, '$2y$08$ie0yIfa6oW5DJyJgaXHkfeeBmBd5VvkU2qi1nvVwQP.OJlyYBSbAy', NULL, '', NULL, 1474442553, 0, '127.0.0.1', 1, '15754740006', NULL, NULL, 1),
(130, 'C0830', 'C0830', 'æœ±ä¸–å®—', NULL, '$2y$08$N23Ryx/DGG6m/FEaZt92fONDNlc1ZYrtvbDYIUaLv.NazkFIBt56K', NULL, '', NULL, 1474442553, 0, '127.0.0.1', 1, '18105947698', NULL, NULL, 1),
(131, 'C0825', 'C0825', 'é™ˆå…‰å’Œ', NULL, '$2y$08$Dt9C4ArHDYmj4k1s4jrtBevGzPuIMt08lFBpapO8FD6HGpwmjU4ou', NULL, '', NULL, 1474442553, 0, '127.0.0.1', 1, '15305946051', NULL, NULL, 1),
(132, 'C0836', 'C0836', 'æå†°', NULL, '$2y$08$vTITtGv0KIBGaYwgpcRk7OBSaxaDKbwttfBrQ6Orpt0Q52Qeg.YbO', NULL, '', NULL, 1474442553, 0, '127.0.0.1', 1, '13915980413', NULL, NULL, 1),
(133, 'C0829', 'C0829', 'æ—å»ºæ¸…', NULL, '$2y$08$TYv8WNiY6gnz7Csfds2pievwVkFvcQpu/3X9lhXPkdn.IOyzxg4xu', NULL, '', NULL, 1474442553, 0, '127.0.0.1', 1, '18850986248', NULL, NULL, 1),
(134, 'S1241', 'S1241', 'å§šæ·‘æ•', NULL, '$2y$08$LQ80Lpr2XE2149wB/FSDUeY1M53XlCN6iphrGW4qAI.IMBHkCfk.q', NULL, '', NULL, 1474442553, 0, '127.0.0.1', 1, '13848441913', NULL, NULL, 1),
(135, 'S1245', 'S1245', 'æå³°', NULL, '$2y$08$rttWuuYwJxSDaYRlNnyqW.moGXWXNfXerqcV0n8EdIAj2awhhMUxC', NULL, '', NULL, 1474442553, 0, '127.0.0.1', 1, '18847400465', NULL, NULL, 1),
(136, 'S0822', 'S0822', 'é»„ç»§å…ƒ', NULL, '$2y$08$vQpGVrJNpP0JEy40Yze3WOdTe5fq53kLjrkpc3XvnsKpY6.0lUxI.', NULL, '', NULL, 1474442554, 0, '127.0.0.1', 1, '13599011941', NULL, NULL, 1),
(137, 'S1239', 'S1239', 'è”¡è€¸å', NULL, '$2y$08$9opXHiag4jQlYFKSenwi8Oefwm2U73UjstizpJkb/xVVYmh1UC3l6', NULL, '', NULL, 1474442554, 0, '127.0.0.1', 1, '13704746903', NULL, NULL, 1),
(138, 'S1266', 'S1266', 'æ®µç¼˜', NULL, '$2y$08$Iq2XWVV86fnRG82bmvBbo.s9VQtIpgXR5FPrmXtdswNwyzcFzhPJK', NULL, '', NULL, 1474442554, 0, '127.0.0.1', 1, '13644749949', NULL, NULL, 1),
(139, 'S0819', 'S0819', 'æ›¾ç§€èŠ³', NULL, '$2y$08$iQao2Sor3dmKuJxfsRos3.WDb9VNWH97j3PSF8bavsiA2n3ZCszx6', NULL, '', NULL, 1474442554, 0, '127.0.0.1', 1, '13559382925', NULL, NULL, 1),
(140, 'S1255', 'S1255', 'æ¨å¾·è¾‰', NULL, '$2y$08$BhbEOQUGC/26vN7p0euvs.8rwT.jWiM20DyvqEkxJv8tM2l5eiZAy', NULL, '', NULL, 1474442554, 0, '127.0.0.1', 1, '18504740006', NULL, NULL, 1),
(141, 'S1242', 'S1242', 'èµµåˆ©æƒ ', NULL, '$2y$08$IrzqSWQGDABmOv8ObMk6KuSRborbQRXbiMKNykdBMor0iatUIMBRq', NULL, '', NULL, 1474442554, 0, '127.0.0.1', 1, '15848474242', NULL, NULL, 1),
(142, 'S1243', 'S1243', 'ææ–‡æˆ', NULL, '$2y$08$o2mdLBgUm6WeuH9fTG41b.YfZQiEftil0cNSU85ukesATG3Yg.3y.', NULL, '', NULL, 1474442554, 0, '127.0.0.1', 1, '15849456658', NULL, NULL, 1),
(143, 'S1246', 'S1246', 'é©¬æ˜¥æ™–', NULL, '$2y$08$TPzPp0733ks.RvAcz1nKLOA6Bm6v5tCYVvG2hgA5sgwqskZpezIbK', NULL, '', NULL, 1474442554, 0, '127.0.0.1', 1, '15384745511', NULL, NULL, 1),
(144, 'S1250', 'S1250', 'å¼ ä¿Šä¸½', NULL, '$2y$08$QAP1ej3kEXnOKDjz8DhA2eEVzvr8TSoy8YFNqv1RzatTJSmA5CsMW', NULL, '', NULL, 1474442554, 0, '127.0.0.1', 1, '18604740080', NULL, NULL, 1),
(145, 'S1251', 'S1251', 'éƒ­é€¢é›¨', NULL, '$2y$08$ButcLNecEDKWDuuEVkZCy.n3pFKeYdqvUQjuch7fTpzp0nRN0X8lO', NULL, '', NULL, 1474442554, 0, '127.0.0.1', 1, '15147470661', NULL, NULL, 1),
(146, 'S0818', 'S0818', 'å¼ èµ›å', NULL, '$2y$08$qOQ48pTL2oVKsWPu0mRkX.gjNxrIwCZFGg93twecAnsCEL.LqSiYa', NULL, '', NULL, 1474442554, 0, '127.0.0.1', 1, '15375940376', NULL, NULL, 1),
(147, 'S0810', 'S0810', 'éƒ‘å¥‹ä¸œ', NULL, '$2y$08$2EPODA2BVZnOEkP.557fJ.v95m6neiMzyEVsYevOHIi/oPeoY1c2W', NULL, '', NULL, 1474442554, 0, '127.0.0.1', 1, '13799699407', NULL, NULL, 1),
(148, 'S0811', 'S0811', 'é»„æ˜å¾·', NULL, '$2y$08$ngLXe8J.K1beWsWUkTu3vOVNWhVL3sZDgwGNveA1Z3wx.SSt62wja', NULL, '', NULL, 1474442554, 0, '127.0.0.1', 1, '13859895157', NULL, NULL, 1),
(149, 'S1252', 'S1252', 'å­™å‡Œæµ©', NULL, '$2y$08$xp66smvI5Q.M48gPSTsnOOdyNj1fhEyTYunQ0AstK33X/Yd/bXvgO', NULL, '', NULL, 1474442554, 0, '127.0.0.1', 1, '13394885551', NULL, NULL, 1),
(150, 'S1256', 'S1256', 'å¼“æ ‘ç¹', NULL, '$2y$08$JMSQNJ4yyvcXlh/8RP89LOZwGdOQuglXIEHcBYWDio0EGv02psNFG', NULL, '', NULL, 1474442554, 0, '127.0.0.1', 1, '15384745522', NULL, NULL, 1),
(151, 'S0836', 'S0836', 'ä½•å»ºæ­', NULL, '$2y$08$FT90ZEQHNdRHi75KPstfjuyaP1aMy6viygGVIv1fHGpi16LwXzAtO', NULL, '', NULL, 1474442554, 0, '127.0.0.1', 1, '18259174143', NULL, NULL, 1),
(152, 'S0815', 'S0815', 'è”¡å³°é“¶', NULL, '$2y$08$fJWW4.irKIwgggMl8l46/eNxBzpdwMtNziB57DI02K0DK5Vn6sTnG', NULL, '', NULL, 1474442554, 0, '127.0.0.1', 1, '13860935400', NULL, NULL, 1),
(153, 'S0838', 'S0838', 'å´æ–‡å', NULL, '$2y$08$at8Bb2ekxgmbtYxlFPKY0.0324YDwFMxD.XkUtxfd.KHgxvkuIiT.', NULL, '', NULL, 1474442554, 0, '127.0.0.1', 1, '13358524225', NULL, NULL, 1),
(154, 'S0830', 'S0830', 'é™ˆå®çˆ±', NULL, '$2y$08$wrWCkTax309nJgzQqieGk.020iGN9hxbbZNnICaznReb636wQhKTy', NULL, '', NULL, 1474442554, 0, '127.0.0.1', 1, '18850951198', NULL, NULL, 1),
(155, 'S0839', 'S0839', 'é™ˆæ´ªå¦‚', NULL, '$2y$08$mz9leYUcCk8CSoVJBNpQ/.nhNuUBldLn9p1CV1ebQ5yPaoAGp3VNm', NULL, '', NULL, 1474442554, 0, '127.0.0.1', 1, '13959577690', NULL, NULL, 1),
(156, 'S0829', 'S0829', 'æ›¾æ€éœ', NULL, '$2y$08$8rf2KDGiE5PU9w/6NVbTYu.8wv96fCXJUoLNjIo93zicRSkWoxDWS', NULL, '', NULL, 1474442554, 0, '127.0.0.1', 1, '15060300513', NULL, NULL, 1),
(157, 'S0868', 'S0868', 'æ¨ç‘å', NULL, '$2y$08$ztsDYsX4MG4gjBcBdrt.5.MvTBKTb9Gyu.B5AGDbfG1lcgKmb923q', NULL, '', NULL, 1474442554, 0, '127.0.0.1', 1, '15260930586', NULL, NULL, 1),
(158, 'S0813', 'S0813', 'æ—æ¦•', NULL, '$2y$08$NPrXzR9HhMTWuQ.e9XJqmegSl3C6QgeRAsP7znUlhMv6VX3TlpwWO', NULL, '', NULL, 1474442554, 0, '127.0.0.1', 1, '18965569056', NULL, NULL, 1),
(159, 'S0826', 'S0826', 'é™ˆå…‰è€€', NULL, '$2y$08$uCIwh3Edjx/PjuBAVjVvHOrHfx6RAYQ3LjZ/KaV2ACYQs5vIHWmAe', NULL, '', NULL, 1474442554, 0, '127.0.0.1', 1, '18750091652', NULL, NULL, 1),
(160, 'S0831', 'S0831', 'æ—å»ºæ¸…', NULL, '$2y$08$bi/ROSDDGgcZKjDk0qaTT../oBJUa8u342PMF3ixNNupDx0jqzRZi', NULL, '', NULL, 1474442554, 0, '127.0.0.1', 1, '13706067813', NULL, NULL, 1),
(161, 'NM104', 'NM104', 'èµµæ˜ä¹‰', NULL, '$2y$08$eDHM5jnt8FxaxIQqO47sD.QMT1pdKO0ZEOVjNp0yrf7DmKIu.z/LO', NULL, '', NULL, 1474442554, 0, '127.0.0.1', 1, '13674754527', NULL, NULL, 1),
(162, 'NM113', 'NM113', 'æœ±é‡‘å‡¤', NULL, '$2y$08$1HnuAI4ixU8y4OuZ0RZrGuM8E6PC.o/ANj7LcCFtiMMQeTU8x4gFe', NULL, '', NULL, 1474442554, 0, '127.0.0.1', 1, '15247102260', NULL, NULL, 1),
(163, 'NM112', 'NM112', 'æ½˜æœˆé²œ', NULL, '$2y$08$VhDgauKGzmicfzVp0LW45u.2a4QkeqVbxmgkJNAUZHHxrQbzLbl3W', NULL, '', NULL, 1474442554, 0, '127.0.0.1', 1, '13087111166', NULL, NULL, 1),
(164, 'NM115', 'NM115', 'å¼ å°å¼º', NULL, '$2y$08$1ITU3VI92rAm/JrNYAqwM.Y7OUIFapRTygR7uqJimUUuABdfiq.zC', NULL, '', NULL, 1474442554, 0, '127.0.0.1', 1, '18241111138', NULL, NULL, 1),
(165, 'NM211', 'NM211', 'æå›½è‹±', NULL, '$2y$08$6HnAIHQV5Uu6tLDUUVVOqu/KO22KAeFJJL9b0j2yVkNgmTQfzIrqC', NULL, '', NULL, 1474442554, 0, '127.0.0.1', 1, '15034956657', NULL, NULL, 1),
(166, 'NM209', 'NM209', 'éº»æ™“å©·', NULL, '$2y$08$0aUUKCISSiDzJ3SRI.Hx1.lwir5r/nbVv8M4SBEfuN3z.WdnNPWXK', NULL, '', NULL, 1474442554, 0, '127.0.0.1', 1, '13847183022', NULL, NULL, 1),
(167, 'NM2010', 'NM2010', 'è‘£èŒ—', NULL, '$2y$08$thiGs7wxHI6HIoGnEvwFQesZcJnIhJxPKstrM973o.wYpKQHuV1Kq', NULL, '', NULL, 1474442554, 0, '127.0.0.1', 1, '15149740985', NULL, NULL, 1),
(168, 'NM216', 'NM216', 'å¼ åˆ©å†›', NULL, '$2y$08$KaXJgd0iLrOaA7cGhRRiv.MMpe5K6YuNdUcZ7cybIwjd4NzU/gh3q', NULL, '', NULL, 1474442554, 0, '127.0.0.1', 1, '14747888504', NULL, NULL, 1),
(169, 'NM208', 'NM208', 'èµµå¹³å°', NULL, '$2y$08$YpCvTDT586q8IHeZX4muzuMuy0mlkZTVQPgVIW6nib3RpUguQyUvS', NULL, '', NULL, 1474442554, 0, '127.0.0.1', 1, '15949470045', NULL, NULL, 1),
(170, 'NM210', 'NM210', 'è‘£èŠ³', NULL, '$2y$08$wW3jHUQ5ewBP.Ev39jFLM.hMYrg4WShI3NVME5cSOPEIQnkhUjYhK', NULL, '', NULL, 1474442554, 0, '127.0.0.1', 1, '15149740985', NULL, NULL, 1),
(171, 'NM206', 'NM206', 'é»„å¥å«', NULL, '$2y$08$KRgEz9WYP94p4XQTYr0kOuzZIs2MBkT0qd89ox9Sqjk8KKp3T8Laa', NULL, '', NULL, 1474442554, 0, '127.0.0.1', 1, '15849196251', NULL, NULL, 1),
(172, 'NM203', 'NM203', 'åŒ…æ™¨æ˜', NULL, '$2y$08$AuhFqUchhLPHi4EUpTD4VuUSGUyuPAfSGSbWnuddlIBsPhMr3.rOq', NULL, '', NULL, 1474442554, 0, '127.0.0.1', 1, '15247132201', NULL, NULL, 1),
(173, 'NM301', 'NM301', 'ç‹ä¸½', NULL, '$2y$08$iqy8N.u.JJF/swi1w1syduQOLTKYrcWQicOKzHB51xBi4UocAkw8S', NULL, '', NULL, 1474442554, 0, '127.0.0.1', 1, '13847178848', NULL, NULL, 1),
(174, 'NM205', 'NM205', 'ææ³¢', NULL, '$2y$08$bs753BlcdgMMNnk8A1lGTu80Hf3fEG28yo2or2pK0Bw9nuMr8dDW6', NULL, '', NULL, 1474442554, 0, '127.0.0.1', 1, '15947717813', NULL, NULL, 1),
(175, 'NM207', 'NM207', 'åˆ˜ç´ ç', NULL, '$2y$08$i6YWsUlJ.cXJrOApPN7/dOhfVvsyXvj8X3YlbY9umHkh1fp8tgunu', NULL, '', NULL, 1474442554, 0, '127.0.0.1', 1, '13674842196', NULL, NULL, 1),
(176, 'NM202', 'NM202', 'çª¦æ˜éœ', NULL, '$2y$08$V03.9EcDejgKh9JOVIqyzOIgGWac2fIA0m9M3qm3MRCoqMX5QGGb2', NULL, '', NULL, 1474442554, 0, '127.0.0.1', 1, '18604888619', NULL, NULL, 1),
(177, 'NM204', 'NM204', 'éƒä¸‰åš', NULL, '$2y$08$236uZ7qE/REDwFNclBfn1uulCPitJl3u.d16mY8jQlSZOO04kCyqG', NULL, '', NULL, 1474442554, 0, '127.0.0.1', 1, '18847124399', NULL, NULL, 1),
(178, 'S0820', 'S0820', 'è”¡ç§€è‹±', NULL, '$2y$08$xFbxPiHFV/K83YdUFLC2qeJXiVuwIDgx9TlihDXFdELmK.vlRKTVG', NULL, '', NULL, 1474442554, 0, '127.0.0.1', 1, '15080147398', NULL, NULL, 1),
(179, 'NM001', 'NM001', 'è‘£æ€€å†›', NULL, '$2y$08$.tGzKUQQ5jNcJt9N7bQ86OfUAfxIcHZjk8OxI4lUAOH4DaXp2G7Fi', NULL, '', NULL, 1474442554, 0, '127.0.0.1', 1, '13327109212', NULL, NULL, 1),
(180, 'NM002', 'NM002', 'é™ˆé‡‘å', NULL, '$2y$08$lbcQSQJ6JkvFDlE7jYxIbOrnKU7Eyh.QvJCrBjpiW08CFoxM8sTY.', NULL, '', NULL, 1474442554, 0, '127.0.0.1', 1, '15304792727', NULL, NULL, 1),
(181, 'NM114', 'NM114', 'é©¬æµ·åˆš', NULL, '$2y$08$uJIKN5S8777eCNaOmbd12eU3FL7vatwm2vWITr./S46K4kaKY98/6', NULL, '', NULL, 1474442554, 0, '127.0.0.1', 1, '13384711135', NULL, NULL, 1),
(182, 'S0835', 'S0835', 'éƒ‘ç†æ”¿', NULL, '$2y$08$M5d7ULy5qguAdVNdpXQ73.pXBdAguF..zmKAShT8eV0V3Rw3D0/Qi', NULL, '', NULL, 1474442554, 0, '127.0.0.1', 1, '18750072321', NULL, NULL, 1),
(183, 'S0845', 'S0845', 'é»„è‚–è‚–', NULL, '$2y$08$CzUvaavHTKytQ8Tn1CjZLujzgEqVbaGffO8TzORNsS0EHyoo/8lTO', NULL, '', NULL, 1474442554, 0, '127.0.0.1', 1, '15959190032', NULL, NULL, 1),
(184, 'NM118', 'NM118', 'æ½˜å…¶ä¹', NULL, '$2y$08$UhFDO8fhLZVeioWm1cVoIOT04hXEfQ0Segg4Y5wZZSxIVqTRHIAuK', NULL, '', NULL, 1474442554, 0, '127.0.0.1', 1, '15047143060', NULL, NULL, 1),
(185, 'C0810', 'C0810', 'æ¨é¹­', NULL, '$2y$08$vm9N6ffzcW4zr8MLTCiq4uaE0BdHbIF9taRqAUwvwi7b1IYdawJ8G', NULL, '', NULL, 1474442554, 0, '127.0.0.1', 1, '18159426920', NULL, NULL, 1),
(186, 'S0840', 'S0840', 'ç¿ç²', NULL, '$2y$08$ik8YQiB51l3pjbSAO6F4o.J/aPB8N.IkiQ0Y4ZBQ2Cc6.1Q.sNnje', NULL, '', NULL, 1474442554, 0, '127.0.0.1', 1, '18650320184', NULL, NULL, 1),
(187, 's0832', 's0832', 'æ½˜æ™“æ™¨', NULL, '$2y$08$s8PUwstdAEt2.DvHH/zmkO4/omV4etubdfm8wgwC/hB1yTXg1iZ3y', NULL, '', NULL, 1474442554, 0, '127.0.0.1', 1, '13850267585', NULL, NULL, 1),
(188, 'NM116', 'NM116', 'æ›¹é›…ç’', NULL, '$2y$08$SlZH3DS2j/GRxZLYonmY2up5aTUzwhTgVQwEoweSJKOw4DK.RZUDa', NULL, '', NULL, 1474442555, 0, '127.0.0.1', 1, '18748175818', NULL, NULL, 1),
(189, 'NM117', 'NM117', 'éƒ‘é›…è', NULL, '$2y$08$hiBB9hiE5UnmXDF8.CkrH.uIHuAzismrIufFUspKIV0ZKTkBbRvhS', NULL, '', NULL, 1474442555, 0, '127.0.0.1', 1, '13451318151', NULL, NULL, 1),
(190, 's0848', 's0848', 'è”¡å‰‘é£', NULL, '$2y$08$0hcrpdYCpE6Ju7Ae2EXnue3gr9qQK6mH.O0PILlAB7kwzj95rTGmy', NULL, '', NULL, 1474442555, 0, '127.0.0.1', 1, '13666037753', NULL, NULL, 1),
(191, 's0809', 's0809', 'æ—å‘çº¢', NULL, '$2y$08$n7NPMKYMqYHpsKVJ7zg5l.ox5c2LGGUyl/RSh9imAbuiBM62wm0c6', NULL, '', NULL, 1474442555, 0, '127.0.0.1', 1, '13799688269', NULL, NULL, 1),
(192, 's0821', 's0821', 'é»„çˆ±æ­¦', NULL, '$2y$08$4usQvtsgBSILJSLvqr2I4eK7MFVTLFWbcQP7j8mekL2l22G.i.HVq', NULL, '', NULL, 1474442555, 0, '127.0.0.1', 1, '13607522072', NULL, NULL, 1),
(193, 's0833', 's0833', 'æ—å‰‘æ³¢', NULL, '$2y$08$lnd456ByKNugB.9vreE9/uhNX75W6qgQm90dFoklLFqcRbs041s1S', NULL, '', NULL, 1474442555, 0, '127.0.0.1', 1, '13860979899', NULL, NULL, 1),
(194, 's0846', 's0846', 'æ—é›ªæ¢…', NULL, '$2y$08$/WAW/3/BjvWOZH8TwvAiQuIYNN9Yrf5fZ5XGlx9K6t74ZBd50/JCS', NULL, '', NULL, 1474442555, 0, '127.0.0.1', 1, '13626929711', NULL, NULL, 1),
(195, 'C0809', 'C0809', 'é™ˆå½©éœ', NULL, '$2y$08$yNrR6NF8FI58dfV1RpOppOGNgKDnryZWbBz1chIo9TlX7ABZpw382', NULL, '', NULL, 1474442555, 0, '127.0.0.1', 1, '18005948060', NULL, NULL, 1),
(196, 'NM212', 'NM212', 'æå¨œ', NULL, '$2y$08$cXvqHg6kdbXbMd8lMNgU4uup9lYyQyExM7SEx2SJv3TX7/cBA7J/.', NULL, '', NULL, 1474442555, 0, '127.0.0.1', 1, '15849109275', NULL, NULL, 1),
(197, 'NM213', 'NM213', 'å•å°é¾™', NULL, '$2y$08$iZVqzi3xaZkVrbPYESlSQeWNNexXz5ejPR0yBehNgzPL9DsVwpPeu', NULL, '', NULL, 1474442555, 0, '127.0.0.1', 1, '13074738830', NULL, NULL, 1),
(198, 'NM214', 'NM214', 'äºé™', NULL, '$2y$08$dFntYTP18uTOj7WpRw0M5eHumoAzA2Cr6bvnfXadAO2tIlsVm9NSO', NULL, '', NULL, 1474442555, 0, '127.0.0.1', 1, '18947104858', NULL, NULL, 1),
(199, 'NM215', 'NM215', 'æ¨é›ªæ•', NULL, '$2y$08$FzRWk0ld.GA3bPHmVRjib.EmJ7GpThjQWsJxcyIAKb45Mbe3gJ2Q6', NULL, '', NULL, 1474442555, 0, '127.0.0.1', 1, '13384892392', NULL, NULL, 1),
(200, 'NM217', 'NM217', 'å§œé›ªå¨‡', NULL, '$2y$08$gqOm0yeObtWagzXZht2rY.mlvHCBPleEQlcqp4ag9N6FN6fAdz.Qy', NULL, '', NULL, 1474442555, 0, '127.0.0.1', 1, '15326091152', NULL, NULL, 1),
(201, 'NM218', 'NM218', 'ç‹åˆ©æ•', NULL, '$2y$08$7pkHC5U9m04.2jf7On/CW.7Bq.vNyCEJu.2GYwONgouQM0yGfhq8a', NULL, '', NULL, 1474442555, 0, '127.0.0.1', 1, '15754865150', NULL, NULL, 1),
(202, 'S0862', 'S0862', 'å¾ä¸½å©·', NULL, '$2y$08$uVtzstWw7ob1erRCsaMxSefEAcwHJFo.zeyC6rbqQaYFmZ/8Zxg/.', NULL, '', NULL, 1474442555, 0, '127.0.0.1', 1, '18720933092', NULL, NULL, 1),
(203, 'S1087', 'S1087', 'æ—å®', NULL, '$2y$08$WPz4jKcRDgkgzRBtoraztujrTgEJvqdsIxtnVVYJGOfq8IhaorENe', NULL, '', NULL, 1474442555, 0, '127.0.0.1', 1, '15080177750', NULL, NULL, 1),
(204, 'S0816', 'S0816', 'ä¸¥ç³ç³', NULL, '$2y$08$o4bo2a7XUNoDETwCkPVSW.UkY2Q9pKVvNLfSgFDvrw3/pTEEzQKEG', NULL, '', NULL, 1474442555, 0, '127.0.0.1', 1, '13607527966', NULL, NULL, 1),
(205, 'S0842', 'S0842', 'å¼ ç‡•èŠ±', NULL, '$2y$08$RHGlg3WjO.BOMC72kfUhreF0cRBHTxiLQLc4N6CL.z6eX.BdLnOeK', NULL, '', NULL, 1474442555, 0, '127.0.0.1', 1, '13194444457', NULL, NULL, 1),
(206, 'S0867', 'S0867', 'æ—å»ºèª', NULL, '$2y$08$/bNNk/mTBZUkB9aGFFOLQ.CBl/b9KjCvrR2y6Sp7OJAUT6S2AdSvO', NULL, '', NULL, 1474442555, 0, '127.0.0.1', 1, '13799662162', NULL, NULL, 1),
(207, 'NM201', 'NM201', 'ç‹çˆ±', NULL, '$2y$08$FJiE1yumXQV3YoYl4ylqduHvxEhen.4lVWIx3TW68mEy4PVPAJEGm', NULL, '', NULL, 1474442555, 0, '127.0.0.1', 1, '18047182554', NULL, NULL, 1),
(208, 'NM111', 'NM111', 'é™ˆå›½é›¯', NULL, '$2y$08$tBwDks0ECnX7j4GmsVNcHupgw5HKFgbATrly9/78j1EC.v.gsWA1i', NULL, '', NULL, 1474442555, 0, '127.0.0.1', 1, '15847757050', NULL, NULL, 1),
(209, 'NM219', 'NM219', 'è°­å›½å¼º', NULL, '$2y$08$noCoVZEBDKlxr0tsvjgXQeu6isuTi3Rs/9qUJ3Qcy2mTRGvtJZRl2', NULL, '', NULL, 1474442555, 0, '127.0.0.1', 1, '13029504100', NULL, NULL, 1),
(210, 'S0968', 'S0968', 'å´å¿—æ–Œ', NULL, '$2y$08$fXpzk6InziFgYg3Dla2fJO30Sq.wAN2y78wG9s3cKjiLNEjSxoZYu', NULL, '', NULL, 1474442555, 0, '127.0.0.1', 1, '13905947375', NULL, NULL, 1),
(211, 'S0827', 'S0827', 'é™ˆä¼Ÿæ­£', NULL, '$2y$08$D3UW3SpyfL7nB7lGahmHO.9I5Q9vvzlK3tYXsOFHxI1I3iU73LiyK', NULL, '', NULL, 1474442555, 0, '127.0.0.1', 1, '18705043621', NULL, NULL, 1),
(212, 'S0841', 'S0841', 'æ—æ™¨éœ', NULL, '$2y$08$H.w7okBNnbOzSpv0DGyuY.dGrDVQOzR8VdT1Rvy2gxtqL/tJ9NqGu', NULL, '', NULL, 1474442555, 0, '127.0.0.1', 1, '18350267909', NULL, NULL, 1),
(213, 'S0828', 'S0828', 'é‚±é™¶æ¥ ', NULL, '$2y$08$iFvVfDL6W3O3FSUe7XLZVuAbb62OArd9HKj2AybD2N1i8lrZm00HO', NULL, '', NULL, 1474442555, 0, '127.0.0.1', 1, '13850241323', NULL, NULL, 1),
(214, 'S0837', 'S0837', 'éƒ‘å¿—æ•', NULL, '$2y$08$QnJLprv5qvjZuIzix8IqAubKVb2uuH5s5AciMu5SIardCDpH9mw6O', NULL, '', NULL, 1474442555, 0, '127.0.0.1', 1, '13615993226', NULL, NULL, 1),
(215, 'S0853', 'S0853', 'é™ˆæ–‡æ–Œ', NULL, '$2y$08$c7YPAnxqWYbWu239AsFQ8eslKcmGgFFXJxyzSpPLH2862Ioxj5DIS', NULL, '', NULL, 1474442555, 0, '127.0.0.1', 1, '15260828778', NULL, NULL, 1),
(216, 'NM220', 'NM220', 'èƒ¡æ…§å¨Ÿ', NULL, '$2y$08$pHGM4KAg2thnB.Go5d70P.LQX/IXPYWmgHArgH8a.oZfs3gX50lyC', NULL, '', NULL, 1474442555, 0, '127.0.0.1', 1, '18698408728', NULL, NULL, 1),
(217, 'NM302', 'NM302', 'æ¸©æµ·æ´‹', NULL, '$2y$08$KeZ/Y3577bvMZsUpncZ2PuG76eHOKBwJLyT1LP3Q2OLzit7Dnqioi', NULL, '', NULL, 1474442555, 0, '127.0.0.1', 1, '15124707079', NULL, NULL, 1),
(218, 'NM303', 'NM303', 'èµµå»ºæ–‡', NULL, '$2y$08$XH6u329R9wLoIRlaWpB02uABwpnvvkvD/wJL7UriDagSKTpQFIO2i', NULL, '', NULL, 1474442555, 0, '127.0.0.1', 1, '15248103931', NULL, NULL, 1),
(219, 'NM304', 'NM304', 'æ®µç½—å¨œ', NULL, '$2y$08$pyxKoMHxKR5JnrVys/eKTeaiKRP/fkoQoHXRy4hd6AB38tfqa88s2', NULL, '', NULL, 1474442555, 0, '127.0.0.1', 1, '17704889892', NULL, NULL, 1),
(220, 'NM305', 'NM305', 'ç®ç®', NULL, '$2y$08$ceJ5x3N1kfQgIq4BZtOMluCFK98Eot.R3uDkNqk4t6NEd/FQzifdC', NULL, '', NULL, 1474442555, 0, '127.0.0.1', 1, '18847137170', NULL, NULL, 1),
(221, 'S0843', 'S0843', 'å•ç¢§çº¢', NULL, '$2y$08$HOZxo.5GJxtH5MXdNBZ5ROc.0DyFwwD7vEuuhPsVnsXDShuSaCk56', NULL, '', NULL, 1474442555, 0, '127.0.0.1', 1, '13959593312', NULL, NULL, 1),
(222, 'NM119', 'NM119', 'æ¨æ»¢', NULL, '$2y$08$MeFZwZ5LOgBK/1W.59cuOOUV.d/oudOXmnxUMoymodqhGsnmBXbCW', NULL, '', NULL, 1474442555, 0, '127.0.0.1', 1, '13488517038', NULL, NULL, 1),
(223, 'S0897', 'S0897', 'äºæ¢…', NULL, '$2y$08$5QCO7chXZRcWD2nlmi3jz.3JzvHMlDAj/KfVt8sKVJJ4dMpdRl75u', NULL, '', NULL, 1474442555, 0, '127.0.0.1', 1, '15255293278', NULL, NULL, 1),
(224, 'S0847', 'S0847', 'æ—æ¢…é’¦', NULL, '$2y$08$vHIfrhziefEr/3XMi5/aCum2F6YcXJOVB9F0mxhkyNVqlYzVw7uQC', NULL, '', NULL, 1474442555, 0, '127.0.0.1', 1, '13599863241', NULL, NULL, 1),
(225, 'S0998', 'S0998', 'æœ±å†·å†·', NULL, '$2y$08$Av27limkxUbLzsZolEuAHOy8V4ZkX9tQueqlt/bTQhcRQQQ05zoFO', NULL, '', NULL, 1474442555, 0, '127.0.0.1', 1, '15080357426', NULL, NULL, 1),
(226, 'HJMT8', 'HJMT8', 'æœ±æ™¯ä¿®', NULL, '$2y$08$fAMixznNM45CRXM.Lf2/aOGpZfh30NvnYz4CdHO6fhD43VNHITax6', NULL, '', NULL, 1474442555, 0, '127.0.0.1', 1, '18850911766', NULL, NULL, 1);

-- --------------------------------------------------------

--
-- è¡¨çš„ç»“æ„ `gd_worker_activity`
--

CREATE TABLE IF NOT EXISTS `gd_worker_activity` (
  `activity_id` int(11) NOT NULL AUTO_INCREMENT,
  `worker_id` int(11) NOT NULL DEFAULT '0',
  `content` varchar(256) COLLATE utf8_unicode_ci DEFAULT NULL,
  `addtime` int(11) NOT NULL,
  `ip` char(15) COLLATE utf8_unicode_ci DEFAULT NULL,
  PRIMARY KEY (`activity_id`)
) ENGINE=InnoDB  DEFAULT CHARSET=utf8 COLLATE=utf8_unicode_ci AUTO_INCREMENT=6 ;

--
-- è½¬å­˜è¡¨ä¸­çš„æ•°æ® `gd_worker_activity`
--

INSERT INTO `gd_worker_activity` (`activity_id`, `worker_id`, `content`, `addtime`, `ip`) VALUES
(1, 3, '63189|-6628214672811|2016-09-08|12|0.0800', 1473327189, NULL),
(2, 3, '63916|1473327347|2016-09-08|12|0.0800', 1473327916, NULL),
(3, 3, '63993|0|2016-09-08|12|0.0800', 1473327993, NULL),
(4, 3, 'array (\n  ''datetime'' => ''2016-09-09 22:37:15'',\n  ''receivers'' => ''4,11,10'',\n)', 1473431835, NULL),
(5, 3, 'array (\n  ''datetime'' => ''2016-09-09 22:40:40'',\n  ''receivers'' => ''4,7'',\n)', 1473432040, NULL);

-- --------------------------------------------------------

--
-- è¡¨çš„ç»“æ„ `gd_worker_attempt`
--

CREATE TABLE IF NOT EXISTS `gd_worker_attempt` (
  `id` int(11) unsigned NOT NULL AUTO_INCREMENT,
  `ip_address` varchar(15) NOT NULL,
  `login` varchar(100) NOT NULL,
  `time` int(11) unsigned DEFAULT NULL,
  PRIMARY KEY (`id`)
) ENGINE=InnoDB  DEFAULT CHARSET=utf8 AUTO_INCREMENT=2 ;

-- --------------------------------------------------------

--
-- è¡¨çš„ç»“æ„ `gd_worker_company`
--

CREATE TABLE IF NOT EXISTS `gd_worker_company` (
  `company_id` int(11) NOT NULL AUTO_INCREMENT,
  `title` varchar(128) COLLATE utf8_unicode_ci NOT NULL,
  `alias` varchar(32) COLLATE utf8_unicode_ci DEFAULT NULL,
  `status` tinyint(4) NOT NULL DEFAULT '1',
  `addtime` int(11) NOT NULL,
  PRIMARY KEY (`company_id`)
) ENGINE=InnoDB  DEFAULT CHARSET=utf8 COLLATE=utf8_unicode_ci AUTO_INCREMENT=3 ;

--
-- è½¬å­˜è¡¨ä¸­çš„æ•°æ® `gd_worker_company`
--

INSERT INTO `gd_worker_company` (`company_id`, `title`, `alias`, `status`, `addtime`) VALUES
(1, 'è†ç”°æ€»å…¬å¸', 'è†ç”°', 1, 1472518963),
(2, 'æ³‰å·åˆ†å…¬å¸', 'æ³‰å·', 1, 1473652666);

-- --------------------------------------------------------

--
-- è¡¨çš„ç»“æ„ `gd_worker_group`
--

CREATE TABLE IF NOT EXISTS `gd_worker_group` (
  `id` mediumint(8) unsigned NOT NULL AUTO_INCREMENT,
  `code` varchar(20) NOT NULL,
  `title` varchar(100) NOT NULL,
  `is_system` tinyint(4) NOT NULL DEFAULT '0',
  `permission` text,
  `status` tinyint(4) NOT NULL DEFAULT '1',
  PRIMARY KEY (`id`)
) ENGINE=InnoDB  DEFAULT CHARSET=utf8 AUTO_INCREMENT=7 ;

--
-- è½¬å­˜è¡¨ä¸­çš„æ•°æ® `gd_worker_group`
--

INSERT INTO `gd_worker_group` (`id`, `code`, `title`, `is_system`, `permission`, `status`) VALUES
(1, 'admin', 'ç®¡ç†ç»„', 1, '', 1),
(2, 'member', 'ä¸šåŠ¡å‘˜', 0, '2997,2999,3001,3003,2998,3000,3002', 1),
(3, 'manager', 'ç»ç†', 0, '1,2,3,5,6,7,8,9,10,11,22,23,24,25,26,27,30,33,35,48,49,50,51,52,54,55,57,59,61,62,63,64,65,67,68,69,70,72,78,80,81,82,83,84,85,87,93,94,96,98,100,101,102,103,105,106,107,108,109,110,112,113,114,115,116,118,120,121,124,125,126,127,128', 1),
(4, 'warehouser', 'åº“ç®¡', 0, '1,2,3,55,61,65,70,82,87,98,100,101,105,107,108,111,117,118,119,120,121,122,123', 1),
(5, 'appraiser', 'é‰´å®šäºº', 0, '74,73,70,1,3,2', 1),
(6, 'booker', 'ç™»è®°äºº', 0, '1,2,3,52,55,57,70,72,93,98,100,101,103', 1);

-- --------------------------------------------------------

--
-- è¡¨çš„ç»“æ„ `gd_worker_notify`
--

CREATE TABLE IF NOT EXISTS `gd_worker_notify` (
  `notify_id` int(11) NOT NULL AUTO_INCREMENT,
  `sender_id` int(11) NOT NULL DEFAULT '0',
  `receiver_id` int(11) NOT NULL,
  `mode` enum('announcement','summary') COLLATE utf8_unicode_ci NOT NULL DEFAULT 'announcement',
  `title` varchar(128) COLLATE utf8_unicode_ci NOT NULL,
  `content` text COLLATE utf8_unicode_ci NOT NULL,
  `status` tinyint(4) NOT NULL DEFAULT '1',
  `is_read` tinyint(1) NOT NULL DEFAULT '0',
  `addtime` int(11) NOT NULL DEFAULT '0',
  PRIMARY KEY (`notify_id`)
) ENGINE=InnoDB  DEFAULT CHARSET=utf8 COLLATE=utf8_unicode_ci AUTO_INCREMENT=9 ;

--
-- è½¬å­˜è¡¨ä¸­çš„æ•°æ® `gd_worker_notify`
--

INSERT INTO `gd_worker_notify` (`notify_id`, `sender_id`, `receiver_id`, `mode`, `title`, `content`, `status`, `is_read`, `addtime`) VALUES
(4, 3, 4, 'announcement', '0', '&lt;p&gt;sadsadsadsadsadsadsa&lt;br/&gt;&lt;/p&gt;', 1, 0, 1473431835),
(5, 3, 11, 'announcement', '0', '&lt;p&gt;sadsadsadsadsadsadsa&lt;br/&gt;&lt;/p&gt;', 1, 0, 1473431835),
(6, 3, 10, 'announcement', '0', '&lt;p&gt;sadsadsadsadsadsadsa&lt;br/&gt;&lt;/p&gt;', 1, 0, 1473431835),
(7, 3, 4, 'announcement', '0', '&lt;p&gt;dsfdsfdsfsfds&lt;br/&gt;&lt;/p&gt;', 1, 0, 1473432040),
(8, 3, 7, 'announcement', '0', '&lt;p&gt;dsfdsfdsfsfds&lt;br/&gt;&lt;/p&gt;', 1, 0, 1473432040);

-- --------------------------------------------------------

--
-- è¡¨çš„ç»“æ„ `gd_worker_rel`
--

CREATE TABLE IF NOT EXISTS `gd_worker_rel` (
  `id` int(11) unsigned NOT NULL AUTO_INCREMENT,
  `worker_id` int(11) unsigned NOT NULL,
  `group_id` mediumint(8) unsigned NOT NULL,
  PRIMARY KEY (`id`),
  UNIQUE KEY `uc_users_groups` (`worker_id`,`group_id`),
  KEY `fk_users_groups_users1_idx` (`worker_id`),
  KEY `fk_users_groups_groups1_idx` (`group_id`)
) ENGINE=InnoDB  DEFAULT CHARSET=utf8 AUTO_INCREMENT=467 ;

--
-- è½¬å­˜è¡¨ä¸­çš„æ•°æ® `gd_worker_rel`
--

INSERT INTO `gd_worker_rel` (`id`, `worker_id`, `group_id`) VALUES
(20, 1, 1),
(25, 2, 2),
(5, 3, 3),
(28, 4, 3),
(9, 5, 6),
(26, 6, 6),
(13, 7, 4),
(29, 8, 4),
(17, 9, 5),
(248, 10, 2),
(249, 11, 2),
(250, 12, 2),
(251, 13, 2),
(252, 14, 2),
(253, 15, 2),
(254, 16, 2),
(255, 17, 2),
(256, 18, 2),
(257, 19, 2),
(258, 20, 2),
(259, 21, 2),
(260, 22, 2),
(261, 23, 2),
(262, 24, 2),
(263, 25, 2),
(264, 26, 2),
(265, 27, 2),
(266, 28, 2),
(267, 29, 2),
(268, 30, 2),
(269, 31, 2),
(466, 32, 1),
(271, 33, 2),
(272, 34, 2),
(273, 35, 2),
(274, 36, 2),
(275, 37, 2),
(276, 38, 2),
(277, 39, 2),
(278, 40, 2),
(279, 41, 2),
(280, 42, 2),
(281, 43, 2),
(282, 44, 2),
(283, 45, 2),
(284, 46, 2),
(285, 47, 2),
(286, 48, 2),
(287, 49, 2),
(288, 50, 2),
(289, 51, 2),
(290, 52, 2),
(291, 53, 2),
(292, 54, 2),
(293, 55, 2),
(294, 56, 2),
(295, 57, 2),
(296, 58, 2),
(297, 59, 2),
(298, 60, 2),
(299, 61, 2),
(300, 62, 2),
(301, 63, 2),
(302, 64, 2),
(303, 65, 2),
(304, 66, 2),
(305, 67, 2),
(306, 68, 2),
(307, 69, 2),
(308, 70, 2),
(309, 71, 2),
(310, 72, 2),
(311, 73, 2),
(312, 74, 2),
(313, 75, 2),
(314, 76, 2),
(315, 77, 2),
(316, 78, 2),
(317, 79, 2),
(318, 80, 2),
(319, 81, 2),
(320, 82, 2),
(321, 83, 2),
(322, 84, 2),
(323, 85, 2),
(324, 86, 2),
(325, 87, 2),
(326, 88, 2),
(327, 89, 2),
(328, 90, 2),
(329, 91, 2),
(330, 92, 2),
(331, 93, 2),
(332, 94, 2),
(333, 95, 2),
(334, 96, 2),
(335, 97, 2),
(336, 98, 2),
(337, 99, 2),
(338, 100, 2),
(339, 101, 2),
(340, 102, 2),
(341, 103, 2),
(342, 104, 2),
(343, 105, 2),
(344, 106, 2),
(345, 107, 2),
(346, 108, 2),
(347, 109, 2),
(348, 110, 2),
(349, 111, 2),
(350, 112, 2),
(351, 113, 2),
(352, 114, 2),
(353, 115, 2),
(354, 116, 2),
(355, 117, 2),
(356, 118, 2),
(357, 119, 2),
(358, 120, 2),
(359, 121, 2),
(360, 122, 2),
(361, 123, 2),
(362, 124, 2),
(363, 125, 2),
(364, 126, 2),
(365, 127, 2),
(366, 128, 2),
(367, 129, 2),
(368, 130, 2),
(369, 131, 2),
(370, 132, 2),
(371, 133, 2),
(372, 134, 2),
(373, 135, 2),
(374, 136, 2),
(375, 137, 2),
(376, 138, 2),
(377, 139, 2),
(378, 140, 2),
(379, 141, 2),
(380, 142, 2),
(381, 143, 2),
(382, 144, 2),
(383, 145, 2),
(384, 146, 2),
(385, 147, 2),
(386, 148, 2),
(387, 149, 2),
(388, 150, 2),
(389, 151, 2),
(390, 152, 2),
(391, 153, 2),
(392, 154, 2),
(393, 155, 2),
(394, 156, 2),
(395, 157, 2),
(396, 158, 2),
(397, 159, 2),
(398, 160, 2),
(399, 161, 2),
(400, 162, 2),
(401, 163, 2),
(402, 164, 2),
(403, 165, 2),
(404, 166, 2),
(405, 167, 2),
(406, 168, 2),
(407, 169, 2),
(408, 170, 2),
(409, 171, 2),
(410, 172, 2),
(411, 173, 2),
(412, 174, 2),
(413, 175, 2),
(414, 176, 2),
(415, 177, 2),
(416, 178, 2),
(417, 179, 2),
(418, 180, 2),
(419, 181, 2),
(420, 182, 2),
(421, 183, 2),
(422, 184, 2),
(423, 185, 2),
(424, 186, 2),
(425, 187, 2),
(426, 188, 2),
(427, 189, 2),
(428, 190, 2),
(429, 191, 2),
(430, 192, 2),
(431, 193, 2),
(432, 194, 2),
(433, 195, 2),
(434, 196, 2),
(435, 197, 2),
(436, 198, 2),
(437, 199, 2),
(438, 200, 2),
(439, 201, 2),
(440, 202, 2),
(441, 203, 2),
(442, 204, 2),
(443, 205, 2),
(444, 206, 2),
(445, 207, 2),
(446, 208, 2),
(447, 209, 2),
(448, 210, 2),
(449, 211, 2),
(450, 212, 2),
(451, 213, 2),
(452, 214, 2),
(453, 215, 2),
(454, 216, 2),
(455, 217, 2),
(456, 218, 2),
(457, 219, 2),
(458, 220, 2),
(459, 221, 2),
(460, 222, 2),
(461, 223, 2),
(462, 224, 2),
(463, 225, 2),
(464, 226, 2);

--
-- é™åˆ¶å¯¼å‡ºçš„è¡¨
--

--
-- é™åˆ¶è¡¨ `gd_worker_rel`
--
ALTER TABLE `gd_worker_rel`
  ADD CONSTRAINT `fk_users_groups_groups1` FOREIGN KEY (`group_id`) REFERENCES `gd_worker_group` (`id`) ON DELETE CASCADE ON UPDATE NO ACTION,
  ADD CONSTRAINT `fk_users_groups_users1` FOREIGN KEY (`worker_id`) REFERENCES `gd_worker` (`id`) ON DELETE CASCADE ON UPDATE NO ACTION;

/*!40101 SET CHARACTER_SET_CLIENT=@OLD_CHARACTER_SET_CLIENT */;
/*!40101 SET CHARACTER_SET_RESULTS=@OLD_CHARACTER_SET_RESULTS */;
/*!40101 SET COLLATION_CONNECTION=@OLD_COLLATION_CONNECTION */;
