-- phpMyAdmin SQL Dump
-- version phpStudy 2014
-- http://www.phpmyadmin.net
--
-- ä¸»æœº: localhost
-- ç”Ÿæˆæ—¥æœŸ: 2016 å¹?09 æœ?02 æ—?00:55
-- æœåŠ¡å™¨ç‰ˆæœ¬: 5.5.47
-- PHP ç‰ˆæœ¬: 5.5.30

SET SQL_MODE="NO_AUTO_VALUE_ON_ZERO";
SET time_zone = "+00:00";


/*!40101 SET @OLD_CHARACTER_SET_CLIENT=@@CHARACTER_SET_CLIENT */;
/*!40101 SET @OLD_CHARACTER_SET_RESULTS=@@CHARACTER_SET_RESULTS */;
/*!40101 SET @OLD_COLLATION_CONNECTION=@@COLLATION_CONNECTION */;
/*!40101 SET NAMES utf8 */;

--
-- æ•°æ®åº“: `golden`
--

-- --------------------------------------------------------

--
-- è¡¨çš„ç»“æ„ `gd_article`
--

CREATE TABLE IF NOT EXISTS `gd_article` (
  `article_id` int(11) NOT NULL AUTO_INCREMENT,
  `category_id` int(11) NOT NULL DEFAULT '0',
  `title` varchar(128) COLLATE utf8_unicode_ci DEFAULT NULL,
  `text` text COLLATE utf8_unicode_ci,
  `is_top` tinyint(4) NOT NULL DEFAULT '0',
  `status` tinyint(4) NOT NULL DEFAULT '1',
  `author_id` int(11) NOT NULL DEFAULT '0',
  `addtime` int(11) NOT NULL,
  PRIMARY KEY (`article_id`)
) ENGINE=InnoDB  DEFAULT CHARSET=utf8 COLLATE=utf8_unicode_ci AUTO_INCREMENT=4 ;

--
-- è½¬å­˜è¡¨ä¸­çš„æ•°æ® `gd_article`
--

INSERT INTO `gd_article` (`article_id`, `category_id`, `title`, `text`, `is_top`, `status`, `author_id`, `addtime`) VALUES
(1, 1, 'è¿™æ˜¯ä¸€ç¯‡æµ‹è¯•æ–‡ç« ', '&lt;p&gt;è¿™æ˜¯æµ‹è¯•å†…å®¹&lt;/p&gt;&lt;ol class=&quot; list-paddingleft-2&quot; style=&quot;list-style-type: decimal;&quot;&gt;&lt;li&gt;&lt;p&gt;æµ‹è¯•1&lt;/p&gt;&lt;/li&gt;&lt;li&gt;&lt;p&gt;æµ‹è¯•2&lt;/p&gt;&lt;/li&gt;&lt;li&gt;&lt;p&gt;æµ‹è¯•3&lt;br/&gt;&lt;/p&gt;&lt;/li&gt;&lt;/ol&gt;', 0, 1, 1, 1471337030),
(2, 2, 'é’±ç”Ÿé‡‘ç›¸å…³åè®®', '&lt;p&gt;é’±ç”Ÿé‡‘ç›¸å…³åè®®&lt;/p&gt;&lt;ul class=&quot; list-paddingleft-2&quot; style=&quot;list-style-type: disc;&quot;&gt;&lt;li&gt;&lt;p&gt;ç¬¬ä¸€æ¡&lt;/p&gt;&lt;/li&gt;&lt;li&gt;&lt;p&gt;ç¬¬äºŒæ¡&lt;/p&gt;&lt;/li&gt;&lt;li&gt;&lt;p&gt;ç¬¬ä¸‰æ¡&lt;/p&gt;&lt;/li&gt;&lt;li&gt;&lt;p&gt;ç¬¬å››æ¡&lt;/p&gt;&lt;/li&gt;&lt;li&gt;&lt;p&gt;ç¬¬äº”æ¡&lt;br/&gt;&lt;/p&gt;&lt;/li&gt;&lt;/ul&gt;', 0, 1, 1, 1471337324),
(3, 2, 'é‡‘ç”Ÿé‡‘åè®®', '&lt;p&gt;é‡‘ç”Ÿé‡‘åè®®&lt;/p&gt;&lt;ol class=&quot; list-paddingleft-2&quot; style=&quot;list-style-type: decimal;&quot;&gt;&lt;li&gt;&lt;p&gt;åè®®å†…å®¹1&lt;/p&gt;&lt;/li&gt;&lt;li&gt;&lt;p&gt;åè®®å†…å®¹2&lt;/p&gt;&lt;/li&gt;&lt;li&gt;&lt;p&gt;ã€‚ã€‚ã€‚&lt;br/&gt;&lt;/p&gt;&lt;/li&gt;&lt;/ol&gt;', 0, 1, 1, 1471422878);

-- --------------------------------------------------------

--
-- è¡¨çš„ç»“æ„ `gd_article_category`
--

CREATE TABLE IF NOT EXISTS `gd_article_category` (
  `category_id` int(11) NOT NULL AUTO_INCREMENT,
  `code` varchar(32) COLLATE utf8_unicode_ci NOT NULL,
  `title` varchar(128) COLLATE utf8_unicode_ci DEFAULT NULL,
  `is_admin` tinyint(4) NOT NULL DEFAULT '0',
  `status` tinyint(4) NOT NULL DEFAULT '1',
  `worker_id` int(11) NOT NULL DEFAULT '0',
  `addtime` int(11) NOT NULL DEFAULT '0',
  PRIMARY KEY (`category_id`)
) ENGINE=InnoDB  DEFAULT CHARSET=utf8 COLLATE=utf8_unicode_ci AUTO_INCREMENT=4 ;

--
-- è½¬å­˜è¡¨ä¸­çš„æ•°æ® `gd_article_category`
--

INSERT INTO `gd_article_category` (`category_id`, `code`, `title`, `is_admin`, `status`, `worker_id`, `addtime`) VALUES
(1, 'daily', 'æ¯æ—¥é‡‘è¯„', 0, 1, 1, 1470088332),
(2, 'privacy', 'æ¡æ¬¾åè®®', 0, 1, 1, 1470088332),
(3, 'news', 'æ–°é—»', 0, 1, 1, 1471174877);

-- --------------------------------------------------------

--
-- è¡¨çš„ç»“æ„ `gd_cron_schedule`
--

CREATE TABLE IF NOT EXISTS `gd_cron_schedule` (
  `schedule_id` int(10) unsigned NOT NULL AUTO_INCREMENT,
  `job_code` varchar(255) NOT NULL DEFAULT '0',
  `status` enum('pending','running','success','missed','error') NOT NULL DEFAULT 'pending',
  `messages` text,
  `created_at` datetime NOT NULL DEFAULT '0000-00-00 00:00:00',
  `scheduled_at` datetime NOT NULL DEFAULT '0000-00-00 00:00:00',
  `executed_at` datetime NOT NULL DEFAULT '0000-00-00 00:00:00',
  `finished_at` datetime NOT NULL DEFAULT '0000-00-00 00:00:00',
  PRIMARY KEY (`schedule_id`),
  KEY `task_name` (`job_code`),
  KEY `scheduled_at` (`scheduled_at`,`status`)
) ENGINE=MyISAM DEFAULT CHARSET=utf8 AUTO_INCREMENT=1 ;

-- --------------------------------------------------------

--
-- è¡¨çš„ç»“æ„ `gd_customer`
--

CREATE TABLE IF NOT EXISTS `gd_customer` (
  `customer_id` int(11) NOT NULL AUTO_INCREMENT,
  `realname` varchar(32) COLLATE utf8_unicode_ci NOT NULL,
  `avatar` varchar(128) COLLATE utf8_unicode_ci DEFAULT NULL,
  `phone` varchar(16) COLLATE utf8_unicode_ci NOT NULL,
  `idnumber` char(18) COLLATE utf8_unicode_ci NOT NULL,
  `wechat` varchar(64) COLLATE utf8_unicode_ci NOT NULL,
  `qq` char(12) COLLATE utf8_unicode_ci DEFAULT NULL,
  `group_id` tinyint(4) NOT NULL DEFAULT '1',
  `status` tinyint(1) NOT NULL DEFAULT '1',
  `referrer_id` varchar(32) COLLATE utf8_unicode_ci NOT NULL,
  `note` text COLLATE utf8_unicode_ci,
  `worker_id` int(11) NOT NULL DEFAULT '0',
  `addtime` int(11) NOT NULL DEFAULT '0',
  `lasttime` int(11) NOT NULL DEFAULT '0',
  PRIMARY KEY (`customer_id`)
) ENGINE=InnoDB  DEFAULT CHARSET=utf8 COLLATE=utf8_unicode_ci AUTO_INCREMENT=10 ;

--
-- è½¬å­˜è¡¨ä¸­çš„æ•°æ® `gd_customer`
--

INSERT INTO `gd_customer` (`customer_id`, `realname`, `avatar`, `phone`, `idnumber`, `wechat`, `qq`, `group_id`, `status`, `referrer_id`, `note`, `worker_id`, `addtime`, `lasttime`) VALUES
(2, 'æç™¾åº¦', NULL, '18850911766', '321245198905080904', '', NULL, 1, 1, '2', NULL, 5, 1472552472, 1472552472),
(3, 'åˆ˜äº¬ä¸œ', NULL, '18959506595', '321324199008080808', '', NULL, 1, 1, '2', NULL, 5, 1472559583, 1472559583),
(4, 'é©¬æ™“äº‘', NULL, '18850219878', '321324195406050508', '', NULL, 1, 1, '2', NULL, 5, 1472604934, 1472604934),
(5, 'é©¬è…¾è®¯', NULL, '18959596565', '321254198808050604', '', NULL, 1, 1, '12', NULL, 5, 1472605860, 1472605860),
(6, 'ä½™åä¸º', NULL, '18959596767', '321254198908050604', '', NULL, 1, 1, '12', NULL, 5, 1472605860, 1472605860),
(7, 'é›·å°ç±³', NULL, '13113213313', '321254197708053454', 'leixiaomi', '324456532', 1, 1, '', '', 3, 1472645815, 1472645866),
(8, 'ä¹”è‹¹æœ', NULL, '18808800990', '325225197008078888', 'qiaopingguo', '32323454435', 2, 1, '12', 'ä¹”å¸®ä¸»', 3, 1472646256, 1472646256),
(9, 'æ²ˆä¸‡ä¸‰', NULL, '13813800138', '138139199810039997', 'shenwansan', '', 2, 1, '12', 'asdsadasds', 3, 1472707274, 1472707274);

-- --------------------------------------------------------

--
-- è¡¨çš„ç»“æ„ `gd_customer_apply`
--

CREATE TABLE IF NOT EXISTS `gd_customer_apply` (
  `apply_id` int(11) NOT NULL AUTO_INCREMENT,
  `customer_id` int(11) NOT NULL,
  `phone` varchar(32) COLLATE utf8_unicode_ci DEFAULT NULL,
  `weight` decimal(11,2) NOT NULL DEFAULT '0.00',
  `mode` enum('appling','order') COLLATE utf8_unicode_ci NOT NULL DEFAULT 'appling',
  `note` text COLLATE utf8_unicode_ci,
  `status` tinyint(1) NOT NULL DEFAULT '1',
  `worker_id` int(11) NOT NULL DEFAULT '0',
  `addtime` int(11) NOT NULL DEFAULT '0',
  PRIMARY KEY (`apply_id`)
) ENGINE=InnoDB  DEFAULT CHARSET=utf8 COLLATE=utf8_unicode_ci AUTO_INCREMENT=5 ;

-- --------------------------------------------------------

--
-- è¡¨çš„ç»“æ„ `gd_customer_group`
--

CREATE TABLE IF NOT EXISTS `gd_customer_group` (
  `group_id` int(11) NOT NULL AUTO_INCREMENT,
  `title` varchar(32) COLLATE utf8_unicode_ci NOT NULL,
  `code` char(16) COLLATE utf8_unicode_ci NOT NULL,
  `icon` varchar(128) COLLATE utf8_unicode_ci DEFAULT NULL,
  `rule` text COLLATE utf8_unicode_ci,
  `note` varchar(128) COLLATE utf8_unicode_ci DEFAULT NULL,
  `status` tinyint(1) NOT NULL DEFAULT '0',
  `worker_id` int(11) NOT NULL DEFAULT '0',
  `addtime` int(11) NOT NULL DEFAULT '0',
  `lasttime` int(11) NOT NULL DEFAULT '0',
  PRIMARY KEY (`group_id`)
) ENGINE=InnoDB  DEFAULT CHARSET=utf8 COLLATE=utf8_unicode_ci AUTO_INCREMENT=5 ;

--
-- è½¬å­˜è¡¨ä¸­çš„æ•°æ® `gd_customer_group`
--

INSERT INTO `gd_customer_group` (`group_id`, `title`, `code`, `icon`, `rule`, `note`, `status`, `worker_id`, `addtime`, `lasttime`) VALUES
(1, 'é“œç‰Œ', 'bronze', NULL, NULL, 'é“œç‰Œå®¢æˆ·', 1, 1, 1472583692, 1472583692),
(2, 'é“¶ç‰Œ', 'silver', NULL, NULL, 'é“¶ç‰Œå®¢æˆ·', 1, 1, 1472589632, 1472589632),
(3, 'é‡‘ç‰Œ', ' gold', NULL, NULL, 'é‡‘ç‰Œå®¢æˆ·', 1, 1, 1472589963, 1472589963),
(4, 'é’»çŸ³', 'diamond', NULL, NULL, 'é’»çŸ³å®¢æˆ·', 1, 1, 1472589995, 1472589995);

-- --------------------------------------------------------

--
-- è¡¨çš„ç»“æ„ `gd_customer_history`
--

CREATE TABLE IF NOT EXISTS `gd_customer_history` (
  `history_id` int(11) NOT NULL AUTO_INCREMENT,
  `customer_id` int(11) NOT NULL,
  `note` text COLLATE utf8_unicode_ci NOT NULL,
  `worker_id` int(11) NOT NULL DEFAULT '0',
  `addtime` int(11) NOT NULL DEFAULT '0',
  PRIMARY KEY (`history_id`)
) ENGINE=InnoDB  DEFAULT CHARSET=utf8 COLLATE=utf8_unicode_ci AUTO_INCREMENT=6 ;

--
-- è½¬å­˜è¡¨ä¸­çš„æ•°æ® `gd_customer_history`
--

INSERT INTO `gd_customer_history` (`history_id`, `customer_id`, `note`, `worker_id`, `addtime`) VALUES
(1, 7, 'ç”³è¯·æé‡‘ï¼š15.00å…‹', 3, 1472655342),
(2, 7, 'å–æ¶ˆæé‡‘ï¼š15.00å…‹<br>sadsadasdsad', 3, 1472655831),
(3, 8, 'ç”³è¯·æé‡‘ï¼š12.00å…‹', 3, 1472655913),
(4, 7, 'ç”³è¯·æé‡‘ï¼š11.00å…‹', 3, 1472658219),
(5, 8, 'ç”³è¯·æé‡‘ï¼š10.00å…‹', 3, 1472658396);

-- --------------------------------------------------------

--
-- è¡¨çš„ç»“æ„ `gd_customer_stock`
--

CREATE TABLE IF NOT EXISTS `gd_customer_stock` (
  `stock_id` int(11) NOT NULL AUTO_INCREMENT,
  `customer_id` int(11) NOT NULL,
  `mode` enum('in','out','profit','free') COLLATE utf8_unicode_ci NOT NULL DEFAULT 'profit',
  `project_sn` char(18) COLLATE utf8_unicode_ci NOT NULL,
  `weight` decimal(13,2) NOT NULL DEFAULT '0.00',
  `file` text COLLATE utf8_unicode_ci,
  `notify` tinyint(1) NOT NULL DEFAULT '1',
  `note` text COLLATE utf8_unicode_ci,
  `worker_id` int(11) NOT NULL DEFAULT '0',
  `addtime` int(11) NOT NULL DEFAULT '0',
  PRIMARY KEY (`stock_id`)
) ENGINE=InnoDB  DEFAULT CHARSET=utf8 COLLATE=utf8_unicode_ci AUTO_INCREMENT=10 ;

--
-- è½¬å­˜è¡¨ä¸­çš„æ•°æ® `gd_customer_stock`
--

INSERT INTO `gd_customer_stock` (`stock_id`, `customer_id`, `mode`, `project_sn`, `weight`, `file`, `notify`, `note`, `worker_id`, `addtime`) VALUES
(4, 7, 'in', 'GR1608319242154447', '31.00', NULL, 1, '', 3, 1472653349),
(5, 8, 'in', 'GR1608315162053241', '20.00', NULL, 1, '', 3, 1472653784),
(7, 8, 'out', '', '-10.00', NULL, 1, 'é˜¿è¨å¾·æ’’çš„æ’’', 7, 1472658506),
(8, 3, 'in', 'GM1609011461040439', '15.00', NULL, 1, 'ä¸‹è‡ªæˆè¹Šæ”¿ç­–æ€§æ”¯æŒä¸‹è‡ªæˆè¹Š', 3, 1472706778),
(9, 6, 'in', 'GM1609016370915225', '10.00', NULL, 1, 'åˆ é™¤é¡¹ç›®', 3, 1472707008);

-- --------------------------------------------------------

--
-- è¡¨çš„ç»“æ„ `gd_golden_price`
--

CREATE TABLE IF NOT EXISTS `gd_golden_price` (
  `id` int(11) NOT NULL AUTO_INCREMENT,
  `date` date NOT NULL,
  `type` varchar(32) COLLATE utf8_unicode_ci DEFAULT NULL,
  `typename` varchar(32) COLLATE utf8_unicode_ci DEFAULT NULL,
  `price` decimal(8,2) NOT NULL DEFAULT '0.00',
  `addtime` int(11) NOT NULL DEFAULT '0',
  PRIMARY KEY (`id`)
) ENGINE=InnoDB  DEFAULT CHARSET=utf8 COLLATE=utf8_unicode_ci AUTO_INCREMENT=31 ;

--
-- è½¬å­˜è¡¨ä¸­çš„æ•°æ® `gd_golden_price`
--

INSERT INTO `gd_golden_price` (`id`, `date`, `type`, `typename`, `price`, `addtime`) VALUES
(1, '2016-08-25', 'Au99.99', 'æ²ªé‡‘99', '284.89', 1472186901),
(2, '2016-08-22', 'Au99.99', ' æ²ªé‡‘99', '286.36', 1471234567),
(3, '2016-08-23', 'Au99.99', ' æ²ªé‡‘99', '286.82', 1471234567),
(4, '2016-08-24', 'Au99.99', ' æ²ªé‡‘99', '286.70', 1471234567),
(6, '2016-08-19', 'Au99.99', ' æ²ªé‡‘99', '288.20', 1471234567),
(7, '2016-08-18', 'Au99.99', ' æ²ªé‡‘99', '288.87', 1471234567),
(8, '2016-08-17', 'Au99.99', ' æ²ªé‡‘99', '286.79', 1471234567),
(9, '2016-08-16', 'Au99.99', ' æ²ªé‡‘99', '287.98', 1471234567),
(10, '2016-08-15', 'Au99.99', ' æ²ªé‡‘99', '287.35', 1471234567),
(11, '2016-08-12', 'Au99.99', ' æ²ªé‡‘99', '286.80', 1471234567),
(12, '2016-08-11', 'Au99.99', ' æ²ªé‡‘99', '287.84', 1471234567),
(13, '2016-08-10', 'Au99.99', ' æ²ªé‡‘99', '289.80', 1471234567),
(14, '2016-08-09', 'Au99.99', ' æ²ªé‡‘99', '289.00', 1471234567),
(15, '2016-08-08', 'Au99.99', ' æ²ªé‡‘99', '286.42', 1471234567),
(16, '2016-08-05', 'Au99.99', ' æ²ªé‡‘99', '292.12', 1471234567),
(17, '2016-08-04', 'Au99.99', ' æ²ªé‡‘99', '289.05', 1471234567),
(18, '2016-08-03', 'Au99.99', ' æ²ªé‡‘99', '291.90', 1471234567),
(19, '2016-08-02', 'Au99.99', ' æ²ªé‡‘99', '290.10', 1471234567),
(20, '2016-08-01', 'Au99.99', ' æ²ªé‡‘99', '288.17', 1471234567),
(21, '2016-07-29', 'Au99.99', ' æ²ªé‡‘99', '285.83', 1471234567),
(22, '2016-07-28', 'Au99.99', ' æ²ªé‡‘99', '287.71', 1471234567),
(23, '2016-07-27', 'Au99.99', ' æ²ªé‡‘99', '283.63', 1471234567),
(24, '2016-08-26', 'Au99.99', 'æ²ªé‡‘99', '284.89', 1472260847),
(25, '2016-08-27', 'Au99.99', 'æ²ªé‡‘99', '284.89', 1472399839),
(26, '2016-08-28', 'Au99.99', 'æ²ªé‡‘99', '284.89', 1472400119),
(27, '2016-08-29', 'Au99.99', 'æ²ªé‡‘99', '283.50', 1472518017),
(28, '2016-08-30', 'Au99.99', 'æ²ªé‡‘99', '283.99', 1472573192),
(29, '2016-08-31', 'Au99.99', 'æ²ªé‡‘99', '283.19', 1472690403),
(30, '2016-09-01', 'Au99.99', 'æ²ªé‡‘99', '281.49', 1472747309);

-- --------------------------------------------------------

--
-- è¡¨çš„ç»“æ„ `gd_golden_today`
--

CREATE TABLE IF NOT EXISTS `gd_golden_today` (
  `date` date DEFAULT NULL,
  `type` varchar(32) COLLATE utf8_unicode_ci NOT NULL,
  `typename` varchar(32) COLLATE utf8_unicode_ci NOT NULL,
  `price` decimal(8,2) NOT NULL DEFAULT '0.00',
  `opening` decimal(8,2) NOT NULL DEFAULT '0.00',
  `maxprice` decimal(8,2) NOT NULL DEFAULT '0.00',
  `minprice` decimal(8,2) NOT NULL DEFAULT '0.00',
  `change` decimal(6,2) NOT NULL DEFAULT '0.00',
  `lastclosing` decimal(8,2) NOT NULL DEFAULT '0.00',
  `tradeamount` decimal(15,4) NOT NULL DEFAULT '0.0000',
  `updatetime` int(11) NOT NULL DEFAULT '0',
  `addtime` int(11) NOT NULL,
  KEY `date` (`date`),
  KEY `updatetime` (`updatetime`)
) ENGINE=InnoDB DEFAULT CHARSET=utf8 COLLATE=utf8_unicode_ci;

--
-- è½¬å­˜è¡¨ä¸­çš„æ•°æ® `gd_golden_today`
--

INSERT INTO `gd_golden_today` (`date`, `type`, `typename`, `price`, `opening`, `maxprice`, `minprice`, `change`, `lastclosing`, `tradeamount`, `updatetime`, `addtime`) VALUES
('2016-08-31', 'Au(T+D)', 'é»„é‡‘å»¶æœŸ', '283.09', '284.03', '284.27', '282.90', '-0.27', '283.87', '19194.0000', 1472581765, 1472604002),
('2016-08-31', 'mAu(T+D)', 'è¿·ä½ é»„é‡‘å»¶æœŸ', '283.10', '284.13', '284.50', '283.07', '-0.36', '284.12', '1493.8000', 1472581773, 1472604002),
('2016-08-31', 'Au(T+N2)', 'å»¶æœŸåŒé‡‘', '283.80', '284.00', '284.65', '283.80', '-0.32', '284.70', '132.6000', 1472581770, 1472604002),
('2016-08-31', 'Au(T+N1)', 'å»¶æœŸå•é‡‘', '285.60', '284.10', '289.95', '284.10', '-0.42', '286.80', '68.8000', 1472581766, 1472604002),
('2016-08-31', 'Au99.99', 'æ²ªé‡‘99', '283.35', '284.99', '284.99', '283.30', '-0.23', '283.99', '52.0800', 1472581766, 1472604002),
('2016-08-31', 'Au100g', 'æ²ªé‡‘100G', '283.60', '285.44', '285.44', '283.60', '-0.32', '284.51', '8.0000', 1472581513, 1472604002),
('2016-08-31', 'Pt99.95', 'æ²ªé“‚95', '244.00', '244.00', '244.00', '244.00', '-0.41', '245.00', '2.0000', 1472581573, 1472604002),
('2016-08-31', 'Au99.95', 'æ²ªé‡‘95', '0.00', '0.00', '0.00', '0.00', '0.00', '283.61', '0.0000', 1472581680, 1472604002),
('2016-08-31', 'iAu99.99', 'IAU99.99', '0.00', '0.00', '0.00', '0.00', '0.00', '284.69', '0.0000', 1472581765, 1472604002),
('2016-08-31', 'Au(T+D)', 'é»„é‡‘å»¶æœŸ', '282.80', '284.03', '284.27', '282.73', '-0.38', '283.87', '20876.0000', 1472605293, 1472605618),
('2016-08-31', 'mAu(T+D)', 'è¿·ä½ é»„é‡‘å»¶æœŸ', '282.95', '284.13', '284.50', '282.88', '-0.41', '284.12', '1773.8000', 1472605293, 1472605618),
('2016-08-31', 'Au(T+N2)', 'å»¶æœŸåŒé‡‘', '283.60', '284.00', '284.65', '283.55', '-0.39', '284.70', '133.2000', 1472605292, 1472605618),
('2016-08-31', 'Au(T+N1)', 'å»¶æœŸå•é‡‘', '285.60', '284.10', '289.95', '284.10', '-0.42', '286.80', '68.8000', 1472605262, 1472605618),
('2016-08-31', 'Au99.99', 'æ²ªé‡‘99', '283.15', '284.99', '284.99', '283.15', '-0.30', '283.99', '54.4200', 1472605276, 1472605618),
('2016-08-31', 'Au100g', 'æ²ªé‡‘100G', '283.20', '285.44', '285.44', '283.20', '-0.46', '284.51', '10.0000', 1472605279, 1472605618),
('2016-08-31', 'Au99.95', 'æ²ªé‡‘95', '0.00', '0.00', '0.00', '0.00', '0.00', '283.61', '0.0000', 1472605255, 1472605618),
('2016-08-31', 'iAu99.99', 'IAU99.99', '0.00', '0.00', '0.00', '0.00', '0.00', '284.69', '0.0000', 1472605288, 1472605618),
('2016-08-31', 'Au(T+D)', 'é»„é‡‘å»¶æœŸ', '283.00', '284.03', '284.27', '282.40', '-0.31', '283.87', '27098.0000', 1472606730, 1472609584),
('2016-08-31', 'mAu(T+D)', 'è¿·ä½ é»„é‡‘å»¶æœŸ', '283.20', '284.13', '284.50', '282.61', '-0.32', '284.12', '2153.4000', 1472606729, 1472609584),
('2016-08-31', 'Au(T+N2)', 'å»¶æœŸåŒé‡‘', '283.90', '284.00', '284.65', '283.25', '-0.28', '284.70', '211.0000', 1472606714, 1472609584),
('2016-08-31', 'Au99.99', 'æ²ªé‡‘99', '283.29', '284.99', '284.99', '282.70', '-0.25', '283.99', '201.6000', 1472606728, 1472609584),
('2016-08-31', 'Au(T+N1)', 'å»¶æœŸå•é‡‘', '285.60', '284.10', '289.95', '284.10', '-0.42', '286.80', '69.8000', 1472606725, 1472609584),
('2016-08-31', 'Au99.95', 'æ²ªé‡‘95', '282.60', '282.60', '282.60', '282.60', '-0.36', '283.61', '40.0000', 1472606647, 1472609584),
('2016-08-31', 'Au100g', 'æ²ªé‡‘100G', '283.55', '285.44', '285.44', '282.70', '-0.34', '284.51', '14.6000', 1472606720, 1472609584),
('2016-08-31', 'Pt99.95', 'æ²ªé“‚95', '242.00', '244.00', '244.00', '242.00', '-1.22', '245.00', '10.0000', 1472606682, 1472609584),
('2016-08-31', 'iAu99.99', 'IAU99.99', '283.50', '283.50', '283.50', '283.50', '-0.42', '284.69', '0.7000', 1472606731, 1472609584),
('2016-08-31', 'iAu100g', 'IAU100G', '0.00', '0.00', '0.00', '0.00', '0.00', '282.53', '0.0000', 1472605437, 1472609584),
('2016-08-31', 'Au(T+D)', 'é»„é‡‘å»¶æœŸ', '283.07', '284.03', '284.27', '282.40', '-0.28', '283.87', '41224.0000', 1472610329, 1472611556),
('2016-08-31', 'mAu(T+D)', 'è¿·ä½ é»„é‡‘å»¶æœŸ', '283.18', '284.13', '284.50', '282.61', '-0.33', '284.12', '4426.2000', 1472610333, 1472611556),
('2016-08-31', 'Au99.99', 'æ²ªé‡‘99', '283.20', '284.99', '284.99', '282.70', '-0.28', '283.99', '2809.2800', 1472610333, 1472611556),
('2016-08-31', 'Au(T+N2)', 'å»¶æœŸåŒé‡‘', '283.85', '284.00', '284.65', '283.25', '-0.30', '284.70', '237.8000', 1472610081, 1472611556),
('2016-08-31', 'Au(T+N1)', 'å»¶æœŸå•é‡‘', '285.60', '284.10', '289.95', '284.10', '-0.42', '286.80', '115.8000', 1472610248, 1472611556),
('2016-08-31', 'Au99.95', 'æ²ªé‡‘95', '283.00', '282.60', '283.00', '282.60', '-0.22', '283.61', '102.0000', 1472610237, 1472611556),
('2016-08-31', 'Pt99.95', 'æ²ªé“‚95', '242.25', '244.00', '244.00', '242.00', '-1.12', '245.00', '44.0000', 1472610325, 1472611556),
('2016-08-31', 'Au100g', 'æ²ªé‡‘100G', '283.65', '285.44', '285.44', '282.70', '-0.30', '284.51', '25.2000', 1472610319, 1472611556),
('2016-08-31', 'iAu99.99', 'IAU99.99', '283.50', '283.50', '283.50', '283.50', '-0.42', '284.69', '0.7000', 1472610310, 1472611556),
('2016-08-31', 'iAu100g', 'IAU100G', '0.00', '0.00', '0.00', '0.00', '0.00', '282.53', '0.0000', 1472607960, 1472611556),
('2016-08-31', 'Au(T+D)', 'é»„é‡‘å»¶æœŸ', '283.05', '284.03', '284.27', '282.40', '-0.29', '283.87', '44018.0000', 1472612526, 1472613081),
('2016-08-31', 'mAu(T+D)', 'è¿·ä½ é»„é‡‘å»¶æœŸ', '283.19', '284.13', '284.50', '282.61', '-0.33', '284.12', '4618.0000', 1472612526, 1472613081),
('2016-08-31', 'Au99.99', 'æ²ªé‡‘99', '283.15', '284.99', '284.99', '282.70', '-0.30', '283.99', '4053.8800', 1472612521, 1472613081),
('2016-08-31', 'Au(T+N2)', 'å»¶æœŸåŒé‡‘', '283.85', '284.00', '284.65', '283.25', '-0.30', '284.70', '237.8000', 1472612441, 1472613081),
('2016-08-31', 'Au99.95', 'æ²ªé‡‘95', '283.00', '282.60', '283.05', '282.60', '-0.22', '283.61', '172.0000', 1472612475, 1472613081),
('2016-08-31', 'Au(T+N1)', 'å»¶æœŸå•é‡‘', '285.50', '284.10', '289.95', '284.10', '-0.45', '286.80', '123.8000', 1472612451, 1472613081),
('2016-08-31', 'Pt99.95', 'æ²ªé“‚95', '242.50', '244.00', '244.00', '242.00', '-1.02', '245.00', '62.0000', 1472611667, 1472613081),
('2016-08-31', 'Au100g', 'æ²ªé‡‘100G', '283.50', '285.44', '285.44', '282.70', '-0.35', '284.51', '31.4000', 1472612441, 1472613081),
('2016-08-31', 'iAu99.99', 'IAU99.99', '283.50', '283.50', '283.50', '283.50', '-0.42', '284.69', '0.7000', 1472612519, 1472613081),
('2016-08-31', 'Au(T+D)', 'é»„é‡‘å»¶æœŸ', '282.99', '284.03', '284.27', '282.40', '-0.31', '283.87', '46554.0000', 1472613930, 1472617423),
('2016-08-31', 'mAu(T+D)', 'è¿·ä½ é»„é‡‘å»¶æœŸ', '283.16', '284.13', '284.50', '282.61', '-0.34', '284.12', '4726.0000', 1472613932, 1472617423),
('2016-08-31', 'Au99.99', 'æ²ªé‡‘99', '283.14', '284.99', '284.99', '282.70', '-0.30', '283.99', '4402.5000', 1472613927, 1472617423),
('2016-08-31', 'Au(T+N2)', 'å»¶æœŸåŒé‡‘', '283.85', '284.00', '284.65', '283.25', '-0.30', '284.70', '237.8000', 1472613932, 1472617423),
('2016-08-31', 'Au99.95', 'æ²ªé‡‘95', '283.00', '282.60', '283.05', '282.60', '-0.22', '283.61', '214.0000', 1472613882, 1472617423),
('2016-08-31', 'Au(T+N1)', 'å»¶æœŸå•é‡‘', '285.50', '284.10', '289.95', '284.10', '-0.45', '286.80', '123.8000', 1472613932, 1472617423),
('2016-08-31', 'Au100g', 'æ²ªé‡‘100G', '283.50', '285.44', '285.44', '282.70', '-0.35', '284.51', '33.6000', 1472613900, 1472617423),
('2016-08-31', 'iAu99.99', 'IAU99.99', '283.50', '283.50', '283.50', '283.50', '-0.42', '284.69', '0.7000', 1472613932, 1472617423),
('2016-08-31', 'iAu100g', 'IAU100G', '0.00', '0.00', '0.00', '0.00', '0.00', '282.53', '0.0000', 1472612552, 1472617423),
('2016-08-31', 'Au(T+D)', 'é»„é‡‘å»¶æœŸ', '283.00', '284.03', '284.27', '282.40', '-0.31', '283.87', '46782.0000', 1472614172, 1472618842),
('2016-08-31', 'mAu(T+D)', 'è¿·ä½ é»„é‡‘å»¶æœŸ', '283.08', '284.13', '284.50', '282.61', '-0.37', '284.12', '4734.4000', 1472614167, 1472618842),
('2016-08-31', 'Au99.99', 'æ²ªé‡‘99', '283.10', '284.99', '284.99', '282.70', '-0.31', '283.99', '4524.9000', 1472614171, 1472618842),
('2016-08-31', 'Au(T+N2)', 'å»¶æœŸåŒé‡‘', '283.85', '284.00', '284.65', '283.25', '-0.30', '284.70', '237.8000', 1472614173, 1472618842),
('2016-08-31', 'Au99.95', 'æ²ªé‡‘95', '283.00', '282.60', '283.05', '282.60', '-0.22', '283.61', '218.0000', 1472614141, 1472618842),
('2016-08-31', 'Au(T+N1)', 'å»¶æœŸå•é‡‘', '285.50', '284.10', '289.95', '284.10', '-0.45', '286.80', '123.8000', 1472614142, 1472618842),
('2016-08-31', 'Au100g', 'æ²ªé‡‘100G', '283.50', '285.44', '285.44', '282.70', '-0.35', '284.51', '33.6000', 1472614113, 1472618842),
('2016-08-31', 'iAu99.99', 'IAU99.99', '283.50', '283.50', '283.50', '283.50', '-0.42', '284.69', '0.7000', 1472614170, 1472618842),
('2016-08-31', 'Au(T+D)', 'é»„é‡‘å»¶æœŸ', '282.68', '284.03', '284.27', '282.40', '-0.42', '283.87', '53048.0000', 1472626988, 1472627771),
('2016-08-31', 'Au99.99', 'æ²ªé‡‘99', '282.85', '284.99', '284.99', '282.62', '-0.40', '283.99', '11995.3600', 1472626973, 1472627771),
('2016-08-31', 'mAu(T+D)', 'è¿·ä½ é»„é‡‘å»¶æœŸ', '282.85', '284.13', '284.50', '282.61', '-0.45', '284.12', '5738.6000', 1472626983, 1472627771),
('2016-08-31', 'Au(T+N2)', 'å»¶æœŸåŒé‡‘', '283.45', '284.00', '284.65', '283.25', '-0.44', '284.70', '4309.6000', 1472626948, 1472627771),
('2016-08-31', 'Au(T+N1)', 'å»¶æœŸå•é‡‘', '285.55', '284.10', '289.95', '284.10', '-0.44', '286.80', '4124.4000', 1472626975, 1472627771),
('2016-08-31', 'Au99.95', 'æ²ªé‡‘95', '282.60', '282.60', '283.05', '282.50', '-0.36', '283.61', '544.0000', 1472626984, 1472627771),
('2016-08-31', 'Pt99.95', 'æ²ªé“‚95', '241.75', '244.00', '244.00', '241.75', '-1.33', '245.00', '124.0000', 1472626654, 1472627771),
('2016-08-31', 'Au100g', 'æ²ªé‡‘100G', '283.00', '285.44', '285.44', '282.70', '-0.53', '284.51', '51.4000', 1472626974, 1472627771),
('2016-08-31', 'iAu99.99', 'IAU99.99', '283.50', '283.50', '283.50', '283.50', '-0.42', '284.69', '0.7000', 1472626954, 1472627771),
('2016-08-31', 'Au(T+D)', 'é»„é‡‘å»¶æœŸ', '282.62', '284.03', '284.27', '282.40', '-0.44', '283.87', '54838.0000', 1472628574, 1472631472),
('2016-08-31', 'Au99.99', 'æ²ªé‡‘99', '283.16', '284.99', '284.99', '282.62', '-0.29', '283.99', '17187.8400', 1472628573, 1472631472),
('2016-08-31', 'mAu(T+D)', 'è¿·ä½ é»„é‡‘å»¶æœŸ', '282.80', '284.13', '284.50', '282.61', '-0.46', '284.12', '6003.0000', 1472628573, 1472631472),
('2016-08-31', 'Au(T+N2)', 'å»¶æœŸåŒé‡‘', '283.60', '284.00', '284.65', '283.25', '-0.39', '284.70', '4317.8000', 1472628562, 1472631472),
('2016-08-31', 'Au(T+N1)', 'å»¶æœŸå•é‡‘', '285.55', '284.10', '289.95', '284.10', '-0.44', '286.80', '4124.4000', 1472628562, 1472631472),
('2016-08-31', 'Au99.95', 'æ²ªé‡‘95', '283.40', '282.60', '283.60', '282.50', '-0.07', '283.61', '662.0000', 1472628573, 1472631472),
('2016-08-31', 'Pt99.95', 'æ²ªé“‚95', '241.75', '244.00', '244.00', '241.75', '-1.33', '245.00', '124.0000', 1472628573, 1472631472),
('2016-08-31', 'Au100g', 'æ²ªé‡‘100G', '283.00', '285.44', '285.44', '282.70', '-0.53', '284.51', '62.0000', 1472628573, 1472631472),
('2016-08-31', 'iAu99.99', 'IAU99.99', '283.50', '283.50', '283.50', '283.50', '-0.42', '284.69', '0.7000', 1472628573, 1472631472),
('2016-08-31', 'iAu100g', 'IAU100G', '0.00', '0.00', '0.00', '0.00', '0.00', '282.53', '0.0000', 1472628573, 1472631472),
('2016-08-31', 'iAu99.5', 'IAU99.5', '0.00', '0.00', '0.00', '0.00', '0.00', '237.80', '0.0000', 1472628573, 1472631472),
('2016-08-31', 'Au(T+D)', 'é»„é‡‘å»¶æœŸ', '281.94', '282.80', '282.81', '281.20', '-0.24', '282.63', '23510.0000', 1472650268, 1472651472),
('2016-08-31', 'mAu(T+D)', 'è¿·ä½ é»„é‡‘å»¶æœŸ', '282.14', '283.08', '283.08', '281.30', '-0.23', '282.79', '1864.0000', 1472650264, 1472651472),
('2016-08-31', 'Au(T+N1)', 'å»¶æœŸå•é‡‘', '283.80', '284.00', '284.40', '283.10', '-0.60', '285.50', '55.4000', 1472650267, 1472651472),
('2016-08-31', 'Au99.99', 'æ²ªé‡‘99', '282.49', '282.52', '283.50', '281.51', '-0.25', '283.19', '33.0800', 1472650230, 1472651472),
('2016-08-31', 'Au99.95', 'æ²ªé‡‘95', '276.10', '276.10', '276.10', '276.10', '-2.37', '282.80', '10.0000', 1472650020, 1472651472),
('2016-08-31', 'Au100g', 'æ²ªé‡‘100G', '282.50', '282.38', '282.99', '282.22', '-0.12', '282.84', '1.6000', 1472650180, 1472651472),
('2016-08-31', 'Pt99.95', 'æ²ªé“‚95', '0.00', '0.00', '0.00', '0.00', '0.00', '241.92', '0.0000', 1472648969, 1472651472),
('2016-08-31', 'iAu100g', 'IAU100G', '0.00', '0.00', '0.00', '0.00', '0.00', '282.53', '0.0000', 1472649263, 1472651472),
('2016-08-31', 'iAu99.5', 'IAU99.5', '0.00', '0.00', '0.00', '0.00', '0.00', '237.80', '0.0000', 1472643615, 1472651472),
('2016-08-31', 'iAu99.99', 'IAU99.99', '0.00', '0.00', '0.00', '0.00', '0.00', '283.50', '0.0000', 1472650263, 1472651472),
('2016-08-31', 'Au(T+N2)', 'å»¶æœŸåŒé‡‘', '0.00', '0.00', '0.00', '0.00', '0.00', '283.55', '0.0000', 1472650235, 1472651472),
('2016-08-31', 'Au(T+D)', 'é»„é‡‘å»¶æœŸ', '282.40', '282.80', '282.81', '281.20', '-0.08', '282.63', '30904.0000', 1472652369, 1472653292),
('2016-08-31', 'mAu(T+D)', 'è¿·ä½ é»„é‡‘å»¶æœŸ', '282.54', '283.08', '283.08', '281.30', '-0.09', '282.79', '2433.8000', 1472652370, 1472653292),
('2016-08-31', 'Au(T+N1)', 'å»¶æœŸå•é‡‘', '285.90', '284.00', '286.50', '283.10', '0.14', '285.50', '57.2000', 1472652367, 1472653292),
('2016-08-31', 'Au99.99', 'æ²ªé‡‘99', '282.90', '282.52', '283.50', '281.51', '-0.10', '283.19', '54.5600', 1472652370, 1472653292),
('2016-08-31', 'Au99.95', 'æ²ªé‡‘95', '276.10', '276.10', '276.10', '276.10', '-2.37', '282.80', '10.0000', 1472652141, 1472653292),
('2016-08-31', 'Au(T+N2)', 'å»¶æœŸåŒé‡‘', '283.55', '283.00', '283.55', '283.00', '0.00', '283.55', '5.0000', 1472652370, 1472653292),
('2016-08-31', 'Au100g', 'æ²ªé‡‘100G', '282.50', '282.38', '282.99', '282.22', '-0.12', '282.84', '2.2000', 1472652344, 1472653292),
('2016-08-31', 'iAu100g', 'IAU100G', '0.00', '0.00', '0.00', '0.00', '0.00', '282.53', '0.0000', 1472652268, 1472653292),
('2016-08-31', 'iAu99.99', 'IAU99.99', '0.00', '0.00', '0.00', '0.00', '0.00', '283.50', '0.0000', 1472652347, 1472653292),
('2016-08-31', 'Pt99.95', 'æ²ªé“‚95', '0.00', '0.00', '0.00', '0.00', '0.00', '241.92', '0.0000', 1472651748, 1472653292),
('2016-08-31', 'Au(T+D)', 'é»„é‡‘å»¶æœŸ', '282.07', '282.80', '282.81', '281.20', '-0.20', '282.63', '36438.0000', 1472656027, 1472656892),
('2016-08-31', 'mAu(T+D)', 'è¿·ä½ é»„é‡‘å»¶æœŸ', '282.35', '283.08', '283.08', '281.30', '-0.16', '282.79', '2682.4000', 1472656025, 1472656892),
('2016-08-31', 'Au(T+N1)', 'å»¶æœŸå•é‡‘', '284.00', '284.00', '286.50', '283.10', '-0.53', '285.50', '59.2000', 1472656028, 1472656892),
('2016-08-31', 'Au99.99', 'æ²ªé‡‘99', '282.50', '282.52', '283.50', '281.51', '-0.24', '283.19', '56.6600', 1472655980, 1472656892),
('2016-08-31', 'Au(T+N2)', 'å»¶æœŸåŒé‡‘', '283.20', '283.00', '283.55', '283.00', '-0.12', '283.55', '12.2000', 1472656028, 1472656892),
('2016-08-31', 'Au99.95', 'æ²ªé‡‘95', '276.10', '276.10', '276.10', '276.10', '-2.37', '282.80', '10.0000', 1472655702, 1472656892),
('2016-08-31', 'Au100g', 'æ²ªé‡‘100G', '282.50', '282.38', '282.99', '282.22', '-0.12', '282.84', '4.4000', 1472655816, 1472656892),
('2016-08-31', 'iAu99.99', 'IAU99.99', '0.00', '0.00', '0.00', '0.00', '0.00', '283.50', '0.0000', 1472656020, 1472656892),
('2016-08-31', 'Pt99.95', 'æ²ªé“‚95', '0.00', '0.00', '0.00', '0.00', '0.00', '241.92', '0.0000', 1472652858, 1472656892),
('2016-08-31', 'Au(T+D)', 'é»„é‡‘å»¶æœŸ', '281.90', '282.80', '282.81', '281.20', '-0.26', '282.63', '37544.0000', 1472657467, 1472659009),
('2016-08-31', 'mAu(T+D)', 'è¿·ä½ é»„é‡‘å»¶æœŸ', '282.07', '283.08', '283.08', '281.30', '-0.25', '282.79', '2732.6000', 1472657468, 1472659009),
('2016-08-31', 'Au(T+N1)', 'å»¶æœŸå•é‡‘', '285.00', '284.00', '286.50', '283.10', '-0.18', '285.50', '59.4000', 1472657451, 1472659009),
('2016-08-31', 'Au99.99', 'æ²ªé‡‘99', '282.30', '282.52', '283.50', '281.51', '-0.31', '283.19', '58.6400', 1472657452, 1472659009),
('2016-08-31', 'Au(T+N2)', 'å»¶æœŸåŒé‡‘', '283.25', '283.00', '283.55', '283.00', '-0.11', '283.55', '12.4000', 1472657459, 1472659009),
('2016-08-31', 'Au99.95', 'æ²ªé‡‘95', '276.10', '276.10', '276.10', '276.10', '-2.37', '282.80', '10.0000', 1472657364, 1472659009),
('2016-08-31', 'Au100g', 'æ²ªé‡‘100G', '282.50', '282.38', '282.99', '282.22', '-0.12', '282.84', '5.4000', 1472657292, 1472659009),
('2016-08-31', 'iAu99.99', 'IAU99.99', '0.00', '0.00', '0.00', '0.00', '0.00', '283.50', '0.0000', 1472657441, 1472659009),
('2016-09-01', 'Au(T+D)', 'é»„é‡‘å»¶æœŸ', '282.01', '282.80', '282.81', '281.20', '-0.22', '282.63', '39822.0000', 1472668171, 1472690403),
('2016-09-01', 'mAu(T+D)', 'è¿·ä½ é»„é‡‘å»¶æœŸ', '282.05', '283.08', '283.08', '281.30', '-0.26', '282.79', '2924.8000', 1472668174, 1472690403),
('2016-09-01', 'Au99.99', 'æ²ªé‡‘99', '282.01', '282.52', '283.50', '281.51', '-0.42', '283.19', '69.5400', 1472668035, 1472690403),
('2016-09-01', 'Au(T+N1)', 'å»¶æœŸå•é‡‘', '284.40', '284.00', '286.50', '283.10', '-0.39', '285.50', '61.0000', 1472668164, 1472690403),
('2016-09-01', 'Au(T+N2)', 'å»¶æœŸåŒé‡‘', '283.25', '283.00', '283.55', '283.00', '-0.11', '283.55', '12.4000', 1472668165, 1472690403),
('2016-09-01', 'Au99.95', 'æ²ªé‡‘95', '276.10', '276.10', '276.10', '276.10', '-2.37', '282.80', '10.0000', 1472667598, 1472690403),
('2016-09-01', 'Au100g', 'æ²ªé‡‘100G', '282.80', '282.38', '282.99', '282.22', '-0.01', '282.84', '7.0000', 1472666863, 1472690403),
('2016-09-01', 'iAu100g', 'IAU100G', '0.00', '0.00', '0.00', '0.00', '0.00', '282.53', '0.0000', 1472660695, 1472690403),
('2016-09-01', 'iAu99.99', 'IAU99.99', '0.00', '0.00', '0.00', '0.00', '0.00', '283.50', '0.0000', 1472668171, 1472690403),
('2016-09-01', 'Pt99.95', 'æ²ªé“‚95', '0.00', '0.00', '0.00', '0.00', '0.00', '241.92', '0.0000', 1472668127, 1472690403),
('2016-09-01', 'Au(T+D)', 'é»„é‡‘å»¶æœŸ', '282.08', '282.80', '282.81', '281.20', '-0.19', '282.63', '42152.0000', 1472693318, 1472695035),
('2016-09-01', 'mAu(T+D)', 'è¿·ä½ é»„é‡‘å»¶æœŸ', '282.30', '283.08', '283.08', '281.30', '-0.17', '282.79', '3011.0000', 1472693317, 1472695035),
('2016-09-01', 'Au99.99', 'æ²ªé‡‘99', '282.23', '282.52', '283.50', '281.51', '-0.34', '283.19', '124.1000', 1472693317, 1472695035),
('2016-09-01', 'Au(T+N1)', 'å»¶æœŸå•é‡‘', '284.90', '284.00', '286.50', '283.10', '-0.21', '285.50', '61.4000', 1472693285, 1472695035),
('2016-09-01', 'Pt99.95', 'æ²ªé“‚95', '240.75', '240.75', '240.75', '240.75', '-0.48', '241.92', '20.0000', 1472693060, 1472695035),
('2016-09-01', 'Au(T+N2)', 'å»¶æœŸåŒé‡‘', '283.20', '283.00', '283.55', '283.00', '-0.12', '283.55', '17.2000', 1472692649, 1472695035),
('2016-09-01', 'Au100g', 'æ²ªé‡‘100G', '282.20', '282.38', '282.99', '282.20', '-0.23', '282.84', '14.6000', 1472693307, 1472695035),
('2016-09-01', 'Au99.95', 'æ²ªé‡‘95', '276.10', '276.10', '276.10', '276.10', '-2.37', '282.80', '10.0000', 1472693294, 1472695035),
('2016-09-01', 'iAu99.99', 'IAU99.99', '0.00', '0.00', '0.00', '0.00', '0.00', '283.50', '0.0000', 1472693318, 1472695035),
('2016-09-01', 'Au(T+D)', 'é»„é‡‘å»¶æœŸ', '282.23', '282.80', '282.81', '281.20', '-0.14', '282.63', '48796.0000', 1472694669, 1472695036),
('2016-09-01', 'mAu(T+D)', 'è¿·ä½ é»„é‡‘å»¶æœŸ', '282.34', '283.08', '283.08', '281.30', '-0.16', '282.79', '3348.0000', 1472694659, 1472695036),
('2016-09-01', 'Au99.99', 'æ²ªé‡‘99', '282.49', '282.52', '283.50', '281.51', '-0.25', '283.19', '1242.9800', 1472694668, 1472695036),
('2016-09-01', 'Au(T+N1)', 'å»¶æœŸå•é‡‘', '284.90', '284.00', '286.50', '283.10', '-0.21', '285.50', '61.4000', 1472694612, 1472695036),
('2016-09-01', 'Au99.95', 'æ²ªé‡‘95', '282.20', '276.10', '282.34', '276.10', '-0.21', '282.80', '42.0000', 1472694657, 1472695036),
('2016-09-01', 'Au(T+N2)', 'å»¶æœŸåŒé‡‘', '283.20', '283.00', '283.55', '283.00', '-0.12', '283.55', '37.0000', 1472694627, 1472695036),
('2016-09-01', 'Pt99.95', 'æ²ªé“‚95', '240.75', '240.75', '240.75', '240.75', '-0.48', '241.92', '20.0000', 1472693814, 1472695036),
('2016-09-01', 'Au100g', 'æ²ªé‡‘100G', '282.80', '282.38', '282.99', '282.20', '-0.01', '282.84', '18.4000', 1472694647, 1472695036),
('2016-09-01', 'iAu100g', 'IAU100G', '0.00', '0.00', '0.00', '0.00', '0.00', '282.53', '0.0000', 1472694258, 1472695036),
('2016-09-01', 'iAu99.99', 'IAU99.99', '0.00', '0.00', '0.00', '0.00', '0.00', '283.50', '0.0000', 1472694635, 1472695036),
('2016-09-01', 'Au(T+D)', 'é»„é‡‘å»¶æœŸ', '282.19', '282.80', '282.81', '281.20', '-0.16', '282.63', '54558.0000', 1472698298, 1472698896),
('2016-09-01', 'mAu(T+D)', 'è¿·ä½ é»„é‡‘å»¶æœŸ', '282.32', '283.08', '283.08', '281.30', '-0.17', '282.79', '3934.4000', 1472698295, 1472698896),
('2016-09-01', 'Au99.99', 'æ²ªé‡‘99', '282.35', '282.52', '283.50', '281.51', '-0.30', '283.19', '3622.6200', 1472698298, 1472698896),
('2016-09-01', 'Au99.95', 'æ²ªé‡‘95', '282.25', '276.10', '282.35', '276.10', '-0.19', '282.80', '802.0000', 1472698233, 1472698896),
('2016-09-01', 'Au(T+N1)', 'å»¶æœŸå•é‡‘', '285.00', '284.00', '286.50', '283.10', '-0.18', '285.50', '69.6000', 1472697917, 1472698896),
('2016-09-01', 'Pt99.95', 'æ²ªé“‚95', '240.50', '240.75', '240.75', '240.50', '-0.59', '241.92', '48.0000', 1472698179, 1472698896),
('2016-09-01', 'Au(T+N2)', 'å»¶æœŸåŒé‡‘', '283.30', '283.00', '283.55', '283.00', '-0.09', '283.55', '37.8000', 1472696286, 1472698896),
('2016-09-01', 'Au100g', 'æ²ªé‡‘100G', '282.50', '282.38', '282.99', '282.19', '-0.12', '282.84', '23.2000', 1472698288, 1472698896),
('2016-09-01', 'iAu99.99', 'IAU99.99', '0.00', '0.00', '0.00', '0.00', '0.00', '283.50', '0.0000', 1472698296, 1472698896),
('2016-09-01', 'Au(T+D)', 'é»„é‡‘å»¶æœŸ', '282.05', '282.80', '282.81', '281.20', '-0.21', '282.63', '59466.0000', 1472700544, 1472702770),
('2016-09-01', 'Au99.99', 'æ²ªé‡‘99', '282.25', '282.52', '283.50', '281.51', '-0.33', '283.19', '5399.9800', 1472700511, 1472702770),
('2016-09-01', 'mAu(T+D)', 'è¿·ä½ é»„é‡‘å»¶æœŸ', '282.25', '283.08', '283.08', '281.30', '-0.19', '282.79', '4388.2000', 1472700539, 1472702770),
('2016-09-01', 'Au99.95', 'æ²ªé‡‘95', '282.10', '276.10', '282.35', '276.10', '-0.25', '282.80', '886.0000', 1472700546, 1472702770),
('2016-09-01', 'Pt99.95', 'æ²ªé“‚95', '240.50', '240.75', '240.75', '240.50', '-0.59', '241.92', '72.0000', 1472700549, 1472702770),
('2016-09-01', 'Au(T+N1)', 'å»¶æœŸå•é‡‘', '285.00', '284.00', '286.50', '283.10', '-0.18', '285.50', '69.6000', 1472700545, 1472702770),
('2016-09-01', 'Au(T+N2)', 'å»¶æœŸåŒé‡‘', '283.30', '283.00', '283.55', '283.00', '-0.09', '283.55', '37.8000', 1472700545, 1472702770),
('2016-09-01', 'Au100g', 'æ²ªé‡‘100G', '282.25', '282.38', '282.99', '282.19', '-0.21', '282.84', '26.4000', 1472700545, 1472702770),
('2016-09-01', 'iAu99.99', 'IAU99.99', '0.00', '0.00', '0.00', '0.00', '0.00', '283.50', '0.0000', 1472700533, 1472702770),
('2016-09-01', 'Au(T+D)', 'é»„é‡‘å»¶æœŸ', '282.05', '282.80', '282.81', '281.20', '-0.21', '282.63', '59484.0000', 1472700572, 1472706370),
('2016-09-01', 'Au99.99', 'æ²ªé‡‘99', '282.25', '282.52', '283.50', '281.51', '-0.33', '283.19', '5410.2600', 1472700569, 1472706370),
('2016-09-01', 'mAu(T+D)', 'è¿·ä½ é»„é‡‘å»¶æœŸ', '282.20', '283.08', '283.08', '281.30', '-0.21', '282.79', '4388.8000', 1472700571, 1472706370),
('2016-09-01', 'Pt99.95', 'æ²ªé“‚95', '240.50', '240.75', '240.75', '240.50', '-0.59', '241.92', '72.0000', 1472700553, 1472706370),
('2016-09-01', 'Au(T+N1)', 'å»¶æœŸå•é‡‘', '285.00', '284.00', '286.50', '283.10', '-0.18', '285.50', '69.6000', 1472700572, 1472706370),
('2016-09-01', 'iAu99.99', 'IAU99.99', '0.00', '0.00', '0.00', '0.00', '0.00', '283.50', '0.0000', 1472700570, 1472706370),
('2016-09-01', 'Au(T+D)', 'é»„é‡‘å»¶æœŸ', '281.86', '282.80', '282.81', '281.20', '-0.27', '282.63', '62362.0000', 1472709177, 1472709786),
('2016-09-01', 'Au99.99', 'æ²ªé‡‘99', '282.02', '282.52', '283.50', '281.51', '-0.41', '283.19', '8332.3800', 1472709188, 1472709786),
('2016-09-01', 'mAu(T+D)', 'è¿·ä½ é»„é‡‘å»¶æœŸ', '282.00', '283.08', '283.08', '281.30', '-0.28', '282.79', '4580.4000', 1472709188, 1472709786),
('2016-09-01', 'Au99.95', 'æ²ªé‡‘95', '281.87', '276.10', '282.35', '276.10', '-0.33', '282.80', '920.0000', 1472709188, 1472709786),
('2016-09-01', 'Au(T+N1)', 'å»¶æœŸå•é‡‘', '284.65', '284.00', '286.50', '283.10', '-0.30', '285.50', '109.6000', 1472708836, 1472709786),
('2016-09-01', 'Au(T+N2)', 'å»¶æœŸåŒé‡‘', '283.10', '283.00', '283.55', '283.00', '-0.16', '283.55', '80.4000', 1472709167, 1472709786),
('2016-09-01', 'Pt99.95', 'æ²ªé“‚95', '240.50', '240.75', '240.75', '240.50', '-0.59', '241.92', '72.0000', 1472708206, 1472709786),
('2016-09-01', 'Au100g', 'æ²ªé‡‘100G', '282.19', '282.38', '282.99', '282.19', '-0.23', '282.84', '34.6000', 1472709176, 1472709786),
('2016-09-01', 'iAu100g', 'IAU100G', '0.00', '0.00', '0.00', '0.00', '0.00', '282.53', '0.0000', 1472707774, 1472709786),
('2016-09-01', 'iAu99.99', 'IAU99.99', '0.00', '0.00', '0.00', '0.00', '0.00', '283.50', '0.0000', 1472709180, 1472709786),
('2016-09-01', 'Au(T+D)', 'é»„é‡‘å»¶æœŸ', '281.95', '282.80', '282.81', '281.20', '-0.24', '282.63', '59924.0000', 1472707868, 1472712025),
('2016-09-01', 'Au99.99', 'æ²ªé‡‘99', '282.15', '282.52', '283.50', '281.51', '-0.37', '283.19', '5693.1600', 1472707868, 1472712025),
('2016-09-01', 'mAu(T+D)', 'è¿·ä½ é»„é‡‘å»¶æœŸ', '282.03', '283.08', '283.08', '281.30', '-0.27', '282.79', '4453.8000', 1472707866, 1472712025),
('2016-09-01', 'Au99.95', 'æ²ªé‡‘95', '282.10', '276.10', '282.35', '276.10', '-0.25', '282.80', '886.0000', 1472707841, 1472712025),
('2016-09-01', 'Pt99.95', 'æ²ªé“‚95', '240.50', '240.75', '240.75', '240.50', '-0.59', '241.92', '72.0000', 1472707793, 1472712025),
('2016-09-01', 'Au(T+N1)', 'å»¶æœŸå•é‡‘', '285.00', '284.00', '286.50', '283.10', '-0.18', '285.50', '69.6000', 1472707853, 1472712025),
('2016-09-01', 'Au(T+N2)', 'å»¶æœŸåŒé‡‘', '283.20', '283.00', '283.55', '283.00', '-0.12', '283.55', '38.0000', 1472707847, 1472712025),
('2016-09-01', 'Au100g', 'æ²ªé‡‘100G', '282.20', '282.38', '282.99', '282.19', '-0.23', '282.84', '31.0000', 1472707801, 1472712025),
('2016-09-01', 'iAu99.99', 'IAU99.99', '0.00', '0.00', '0.00', '0.00', '0.00', '283.50', '0.0000', 1472707864, 1472712025),
('2016-09-01', 'Au(T+D)', 'é»„é‡‘å»¶æœŸ', '281.80', '282.80', '282.81', '281.20', '-0.29', '282.63', '68812.0000', 1472712791, 1472713504),
('2016-09-01', 'Au99.99', 'æ²ªé‡‘99', '281.84', '282.52', '283.50', '281.51', '-0.48', '283.19', '13292.3400', 1472712766, 1472713504),
('2016-09-01', 'mAu(T+D)', 'è¿·ä½ é»„é‡‘å»¶æœŸ', '282.00', '283.08', '283.08', '281.30', '-0.28', '282.79', '4893.6000', 1472712789, 1472713504),
('2016-09-01', 'Au(T+N1)', 'å»¶æœŸå•é‡‘', '284.75', '284.00', '286.50', '283.10', '-0.26', '285.50', '4197.6000', 1472712735, 1472713504),
('2016-09-01', 'Au(T+N2)', 'å»¶æœŸåŒé‡‘', '282.80', '283.00', '283.55', '282.80', '-0.26', '283.55', '4102.4000', 1472712767, 1472713504),
('2016-09-01', 'Au99.95', 'æ²ªé‡‘95', '281.70', '276.10', '282.35', '276.10', '-0.39', '282.80', '1464.0000', 1472712782, 1472713504),
('2016-09-01', 'Pt99.95', 'æ²ªé“‚95', '240.25', '240.75', '240.75', '240.25', '-0.69', '241.92', '124.0000', 1472711972, 1472713504),
('2016-09-01', 'Au100g', 'æ²ªé‡‘100G', '281.70', '282.38', '282.99', '281.50', '-0.40', '282.84', '49.6000', 1472712586, 1472713504),
('2016-09-01', 'iAu99.99', 'IAU99.99', '0.00', '0.00', '0.00', '0.00', '0.00', '283.50', '0.0000', 1472712789, 1472713504),
('2016-09-01', 'Au(T+D)', 'é»„é‡‘å»¶æœŸ', '281.65', '282.80', '282.81', '281.20', '-0.35', '282.63', '66404.0000', 1472711470, 1472715232),
('2016-09-01', 'Au99.99', 'æ²ªé‡‘99', '281.85', '282.52', '283.50', '281.51', '-0.47', '283.19', '12628.7800', 1472711469, 1472715232),
('2016-09-01', 'mAu(T+D)', 'è¿·ä½ é»„é‡‘å»¶æœŸ', '281.75', '283.08', '283.08', '281.30', '-0.37', '282.79', '4831.8000', 1472711467, 1472715232),
('2016-09-01', 'Au99.95', 'æ²ªé‡‘95', '281.75', '276.10', '282.35', '276.10', '-0.37', '282.80', '1366.0000', 1472711462, 1472715232),
('2016-09-01', 'Au(T+N1)', 'å»¶æœŸå•é‡‘', '284.40', '284.00', '286.50', '283.10', '-0.39', '285.50', '197.6000', 1472711343, 1472715232),
('2016-09-01', 'Pt99.95', 'æ²ªé“‚95', '240.25', '240.75', '240.75', '240.25', '-0.69', '241.92', '124.0000', 1472710914, 1472715232),
('2016-09-01', 'Au(T+N2)', 'å»¶æœŸåŒé‡‘', '283.00', '283.00', '283.55', '283.00', '-0.19', '283.55', '102.4000', 1472711343, 1472715232),
('2016-09-01', 'Au100g', 'æ²ªé‡‘100G', '281.90', '282.38', '282.99', '281.50', '-0.33', '282.84', '47.2000', 1472711394, 1472715232),
('2016-09-01', 'iAu99.99', 'IAU99.99', '0.00', '0.00', '0.00', '0.00', '0.00', '283.50', '0.0000', 1472711456, 1472715232),
('2016-09-01', 'Au(T+D)', 'é»„é‡‘å»¶æœŸ', '281.40', '282.80', '282.81', '281.20', '-0.44', '282.63', '72962.0000', 1472714973, 1472717067),
('2016-09-01', 'Au99.99', 'æ²ªé‡‘99', '281.41', '282.52', '283.50', '281.41', '-0.63', '283.19', '16571.4600', 1472714972, 1472717067),
('2016-09-01', 'mAu(T+D)', 'è¿·ä½ é»„é‡‘å»¶æœŸ', '281.60', '283.08', '283.08', '281.30', '-0.42', '282.79', '5404.0000', 1472714969, 1472717067),
('2016-09-01', 'Au(T+N1)', 'å»¶æœŸå•é‡‘', '284.75', '284.00', '286.50', '283.10', '-0.26', '285.50', '4197.6000', 1472714913, 1472717067),
('2016-09-01', 'Au(T+N2)', 'å»¶æœŸåŒé‡‘', '282.80', '283.00', '283.55', '282.80', '-0.26', '283.55', '4102.6000', 1472714913, 1472717067),
('2016-09-01', 'Au99.95', 'æ²ªé‡‘95', '280.00', '276.10', '282.35', '276.10', '-0.99', '282.80', '1584.0000', 1472714972, 1472717067),
('2016-09-01', 'Pt99.95', 'æ²ªé“‚95', '240.25', '240.75', '240.75', '240.25', '-0.69', '241.92', '124.0000', 1472714972, 1472717067),
('2016-09-01', 'Au100g', 'æ²ªé‡‘100G', '281.90', '282.38', '282.99', '281.50', '-0.33', '282.84', '51.6000', 1472714972, 1472717067),
('2016-09-01', 'iAu100g', 'IAU100G', '0.00', '0.00', '0.00', '0.00', '0.00', '282.53', '0.0000', 1472714972, 1472717067),
('2016-09-01', 'iAu99.5', 'IAU99.5', '0.00', '0.00', '0.00', '0.00', '0.00', '237.80', '0.0000', 1472714972, 1472717067),
('2016-09-01', 'iAu99.99', 'IAU99.99', '0.00', '0.00', '0.00', '0.00', '0.00', '283.50', '0.0000', 1472714972, 1472717067),
('2016-09-01', 'Au(T+D)', 'é»„é‡‘å»¶æœŸ', '281.35', '281.53', '281.79', '280.30', '-0.02', '281.40', '20046.0000', 1472736761, 1472738824),
('2016-09-01', 'mAu(T+D)', 'è¿·ä½ é»„é‡‘å»¶æœŸ', '281.50', '281.51', '282.00', '280.61', '-0.03', '281.59', '1542.8000', 1472736758, 1472738824),
('2016-09-01', 'Au(T+N1)', 'å»¶æœŸå•é‡‘', '284.00', '283.50', '284.00', '282.15', '-0.25', '284.70', '61.4000', 1472736760, 1472738824),
('2016-09-01', 'Au99.99', 'æ²ªé‡‘99', '281.99', '281.45', '282.00', '280.86', '0.18', '281.49', '50.8000', 1472736756, 1472738824),
('2016-09-01', 'Au100g', 'æ²ªé‡‘100G', '281.30', '281.02', '281.30', '281.00', '-0.21', '281.90', '2.8000', 1472736719, 1472738824),
('2016-09-01', 'Au(T+N2)', 'å»¶æœŸåŒé‡‘', '281.80', '281.80', '281.80', '281.25', '-0.35', '282.80', '1.2000', 1472736749, 1472738824),
('2016-09-01', 'iAu100g', 'IAU100G', '0.00', '0.00', '0.00', '0.00', '0.00', '282.53', '0.0000', 1472734526, 1472738824),
('2016-09-01', 'iAu99.5', 'IAU99.5', '0.00', '0.00', '0.00', '0.00', '0.00', '237.80', '0.0000', 1472730011, 1472738824),
('2016-09-01', 'iAu99.99', 'IAU99.99', '0.00', '0.00', '0.00', '0.00', '0.00', '283.50', '0.0000', 1472736756, 1472738824),
('2016-09-01', 'Au99.95', 'æ²ªé‡‘95', '0.00', '0.00', '0.00', '0.00', '0.00', '280.41', '0.0000', 1472735294, 1472738824),
('2016-09-01', 'Pt99.95', 'æ²ªé“‚95', '0.00', '0.00', '0.00', '0.00', '0.00', '240.32', '0.0000', 1472736175, 1472738824),
('2016-09-01', 'Au(T+D)', 'é»„é‡‘å»¶æœŸ', '282.22', '281.53', '282.42', '280.30', '0.29', '281.40', '36028.0000', 1472740390, 1472741223),
('2016-09-01', 'mAu(T+D)', 'è¿·ä½ é»„é‡‘å»¶æœŸ', '282.39', '281.51', '282.70', '280.61', '0.28', '281.59', '2507.8000', 1472740390, 1472741223),
('2016-09-01', 'Au(T+N1)', 'å»¶æœŸå•é‡‘', '285.30', '283.50', '285.30', '282.15', '0.21', '284.70', '67.8000', 1472740389, 1472741223),
('2016-09-01', 'Au99.99', 'æ²ªé‡‘99', '282.29', '281.45', '282.40', '280.86', '0.28', '281.49', '65.1800', 1472740382, 1472741223),
('2016-09-01', 'Au100g', 'æ²ªé‡‘100G', '281.76', '281.02', '283.42', '281.00', '-0.05', '281.90', '4.4000', 1472740379, 1472741223),
('2016-09-01', 'Au(T+N2)', 'å»¶æœŸåŒé‡‘', '282.80', '281.80', '282.80', '281.25', '0.00', '282.80', '3.8000', 1472740387, 1472741223),
('2016-09-01', 'iAu99.99', 'IAU99.99', '0.00', '0.00', '0.00', '0.00', '0.00', '283.50', '0.0000', 1472740390, 1472741223),
('2016-09-01', 'Au99.95', 'æ²ªé‡‘95', '0.00', '0.00', '0.00', '0.00', '0.00', '280.41', '0.0000', 1472740249, 1472741223),
('2016-09-01', 'Pt99.95', 'æ²ªé“‚95', '0.00', '0.00', '0.00', '0.00', '0.00', '240.32', '0.0000', 1472738864, 1472741223),
('2016-09-01', 'Au(T+D)', 'é»„é‡‘å»¶æœŸ', '282.25', '281.53', '282.42', '280.30', '0.30', '281.40', '38390.0000', 1472741773, 1472743077),
('2016-09-01', 'mAu(T+D)', 'è¿·ä½ é»„é‡‘å»¶æœŸ', '282.37', '281.51', '282.70', '280.61', '0.28', '281.59', '2736.0000', 1472741772, 1472743077),
('2016-09-01', 'Au99.99', 'æ²ªé‡‘99', '282.20', '281.45', '282.40', '280.86', '0.25', '281.49', '71.9000', 1472741772, 1472743077),
('2016-09-01', 'Au(T+N1)', 'å»¶æœŸå•é‡‘', '285.30', '283.50', '285.30', '282.15', '0.21', '284.70', '68.6000', 1472741774, 1472743077),
('2016-09-01', 'Au100g', 'æ²ªé‡‘100G', '281.76', '281.02', '283.42', '281.00', '-0.05', '281.90', '4.4000', 1472741756, 1472743077),
('2016-09-01', 'Au(T+N2)', 'å»¶æœŸåŒé‡‘', '283.50', '281.80', '283.80', '281.25', '0.25', '282.80', '4.2000', 1472741745, 1472743077),
('2016-09-01', 'iAu100g', 'IAU100G', '0.00', '0.00', '0.00', '0.00', '0.00', '282.53', '0.0000', 1472740837, 1472743077),
('2016-09-01', 'iAu99.99', 'IAU99.99', '0.00', '0.00', '0.00', '0.00', '0.00', '283.50', '0.0000', 1472741764, 1472743077),
('2016-09-01', 'Au99.95', 'æ²ªé‡‘95', '0.00', '0.00', '0.00', '0.00', '0.00', '280.41', '0.0000', 1472741177, 1472743077),
('2016-09-01', 'Pt99.95', 'æ²ªé“‚95', '0.00', '0.00', '0.00', '0.00', '0.00', '240.32', '0.0000', 1472741337, 1472743077),
('2016-09-01', 'Au(T+D)', 'é»„é‡‘å»¶æœŸ', '282.28', '281.53', '282.57', '280.30', '0.31', '281.40', '42622.0000', 1472744021, 1472745502),
('2016-09-01', 'mAu(T+D)', 'è¿·ä½ é»„é‡‘å»¶æœŸ', '282.40', '281.51', '282.70', '280.61', '0.29', '281.59', '3074.2000', 1472744021, 1472745502),
('2016-09-01', 'Au99.99', 'æ²ªé‡‘99', '282.00', '281.45', '282.45', '280.86', '0.18', '281.49', '92.2600', 1472744008, 1472745502),
('2016-09-01', 'Au(T+N1)', 'å»¶æœŸå•é‡‘', '285.50', '283.50', '286.30', '282.15', '0.28', '284.70', '70.0000', 1472744016, 1472745502),
('2016-09-01', 'Au(T+N2)', 'å»¶æœŸåŒé‡‘', '283.80', '281.80', '283.80', '281.25', '0.35', '282.80', '7.4000', 1472744015, 1472745502),
('2016-09-01', 'Au100g', 'æ²ªé‡‘100G', '281.76', '281.02', '283.42', '281.00', '-0.05', '281.90', '4.4000', 1472743844, 1472745502),
('2016-09-01', 'iAu100g', 'IAU100G', '0.00', '0.00', '0.00', '0.00', '0.00', '282.53', '0.0000', 1472742003, 1472745502),
('2016-09-01', 'iAu99.99', 'IAU99.99', '0.00', '0.00', '0.00', '0.00', '0.00', '283.50', '0.0000', 1472744021, 1472745502),
('2016-09-01', 'Au(T+D)', 'é»„é‡‘å»¶æœŸ', '282.30', '281.53', '282.57', '280.30', '0.32', '281.40', '43204.0000', 1472745433, 1472747309),
('2016-09-01', 'mAu(T+D)', 'è¿·ä½ é»„é‡‘å»¶æœŸ', '282.43', '281.51', '282.70', '280.61', '0.30', '281.59', '3117.6000', 1472745419, 1472747309),
('2016-09-01', 'Au99.99', 'æ²ªé‡‘99', '282.40', '281.45', '282.45', '280.86', '0.32', '281.49', '98.2600', 1472745410, 1472747309),
('2016-09-01', 'Au(T+N1)', 'å»¶æœŸå•é‡‘', '285.40', '283.50', '286.30', '282.15', '0.25', '284.70', '70.2000', 1472745380, 1472747309),
('2016-09-01', 'Au(T+N2)', 'å»¶æœŸåŒé‡‘', '283.80', '281.80', '283.80', '281.25', '0.35', '282.80', '7.4000', 1472745254, 1472747309),
('2016-09-01', 'Au100g', 'æ²ªé‡‘100G', '281.76', '281.02', '283.42', '281.00', '-0.05', '281.90', '4.4000', 1472745244, 1472747309),
('2016-09-01', 'Au99.95', 'æ²ªé‡‘95', '0.00', '0.00', '0.00', '0.00', '0.00', '280.41', '0.0000', 1472744023, 1472747309),
('2016-09-01', 'iAu99.99', 'IAU99.99', '0.00', '0.00', '0.00', '0.00', '0.00', '283.50', '0.0000', 1472745381, 1472747309),
('2016-09-01', 'Pt99.95', 'æ²ªé“‚95', '0.00', '0.00', '0.00', '0.00', '0.00', '240.32', '0.0000', 1472744319, 1472747309);

-- --------------------------------------------------------

--
-- è¡¨çš„ç»“æ„ `gd_node`
--

CREATE TABLE IF NOT EXISTS `gd_node` (
  `node_id` int(11) NOT NULL AUTO_INCREMENT,
  `mode` enum('auth','menu') NOT NULL DEFAULT 'auth',
  `parent_id` int(11) NOT NULL DEFAULT '0',
  `level` tinyint(4) NOT NULL DEFAULT '1',
  `name` varchar(32) DEFAULT NULL,
  `title` text,
  `path` varchar(96) DEFAULT NULL,
  `status` tinyint(1) NOT NULL DEFAULT '1',
  `auth` tinyint(1) NOT NULL DEFAULT '0',
  `sort` smallint(6) NOT NULL DEFAULT '0',
  `note` text,
  PRIMARY KEY (`node_id`)
) ENGINE=InnoDB  DEFAULT CHARSET=utf8 AUTO_INCREMENT=120 ;

--
-- è½¬å­˜è¡¨ä¸­çš„æ•°æ® `gd_node`
--

INSERT INTO `gd_node` (`node_id`, `mode`, `parent_id`, `level`, `name`, `title`, `path`, `status`, `auth`, `sort`, `note`) VALUES
(1, 'auth', 0, 1, 'tool', 'å°å·¥å…·', 'tool', 1, 1, 0, NULL),
(2, 'auth', 1, 1, 'API', 'é€šç”¨æ¥å£', 'tool/api', 1, 0, 0, ''),
(3, 'auth', 2, 1, 'golden_price', 'è·å–é»„é‡‘ä»·æ ¼', 'tool/api/price', 1, 0, 0, ''),
(4, 'auth', 0, 1, 'auth', 'ç”¨æˆ·æ¨¡å—', '', 1, 1, 0, ''),
(5, 'auth', 4, 1, 'worker', 'å‘˜å·¥ç®¡ç†', 'auth/worker', 1, 1, 0, ''),
(6, 'auth', 5, 1, 'list', 'å‘˜å·¥åˆ—è¡¨é¡µ', 'auth/worker/list', 1, 1, 0, ''),
(7, 'auth', 5, 1, 'check_username', 'éªŒè¯ç”¨æˆ·åæœ‰æ•ˆ', 'auth/worker/check_username', 1, 1, 0, ''),
(8, 'auth', 5, 1, 'save', 'æ·»åŠ ç¼–è¾‘å‘˜å·¥', 'auth/worker/save', 1, 1, 0, ''),
(9, 'auth', 5, 1, 'get_info', 'è·å–å‘˜å·¥ä¿¡æ¯', 'auth/worker/get_info', 1, 1, 0, ''),
(10, 'auth', 5, 1, 'activate', 'å¯ç”¨å‘˜å·¥', 'auth/worker/activate', 1, 1, 0, ''),
(11, 'auth', 5, 1, 'deactivate', 'ç¦ç”¨å‘˜å·¥', 'auth/worker/deactivate', 1, 1, 0, ''),
(12, 'auth', 4, 1, 'role', 'è§’è‰²æ¨¡å—', 'auth/role', 1, 1, 0, ''),
(13, 'auth', 12, 1, 'index', 'è§’è‰²åˆ—è¡¨', 'auth/role/index', 1, 1, 0, ''),
(14, 'auth', 12, 1, 'check_code', 'éªŒè¯è§’è‰²æ ‡è¯†', 'auth/role/check_code', 1, 1, 0, ''),
(15, 'auth', 12, 1, 'save', 'æ·»åŠ ç¼–è¾‘è§’è‰²', 'auth/role/save', 1, 1, 0, ''),
(16, 'auth', 12, 1, 'get_info', 'è·å–è§’è‰²ä¿¡æ¯', 'auth/role/get_info', 1, 1, 0, ''),
(17, 'auth', 4, 1, 'permission', 'æƒé™æ¨¡å—', 'auth/permission', 1, 1, 0, ''),
(18, 'auth', 17, 1, 'index', 'æƒé™èŠ‚ç‚¹æ ‘', 'auth/permission/index', 1, 1, 0, ''),
(19, 'auth', 17, 1, 'save', 'æ·»åŠ ç¼–è¾‘æƒé™èŠ‚ç‚¹', 'auth/permission/save', 1, 1, 0, ''),
(20, 'auth', 17, 1, 'delete', 'åˆ é™¤èŠ‚ç‚¹', 'auth/permission/delete', 1, 1, 0, ''),
(21, 'auth', 17, 1, 'get_info', 'è·å–èŠ‚ç‚¹ä¿¡æ¯', 'auth/permission/get_info', 1, 1, 0, ''),
(22, 'auth', 4, 1, 'profile', 'ä¸ªäººèµ„æ–™', 'auth/profile', 1, 0, 0, ''),
(23, 'auth', 22, 1, 'index', 'ä¸ªäººèµ„æ–™é¡µé¢', 'auth/profile/index', 1, 0, 0, ''),
(24, 'auth', 22, 1, 'check_oldpwd', 'éªŒè¯æ—§å¯†ç ', 'auth/profile/check_oldpwd', 1, 0, 0, ''),
(25, 'auth', 22, 1, 'password', 'é‡ç½®å¯†ç ', 'auth/profile/password', 1, 0, 0, ''),
(26, 'auth', 22, 1, 'save', 'ç¼–è¾‘ä¸ªäººèµ„æ–™', 'auth/profile/save', 1, 0, 0, ''),
(27, 'auth', 22, 1, 'avatar', 'ä¸Šä¼ å¤´åƒ', 'auth/profile/avatar', 1, 0, 0, ''),
(28, 'auth', 0, 1, 'setting', 'å‚æ•°è®¾ç½®', 'setting', 1, 1, 0, ''),
(29, 'auth', 28, 1, 'system', 'å¹³å°å‚æ•°', 'setting/system', 1, 1, 0, ''),
(30, 'auth', 29, 1, 'index', 'è¯»å–å¹³å°å‚æ•°', 'setting/system/index', 1, 1, 0, ''),
(31, 'auth', 29, 1, 'save', 'ç¼–è¾‘å‚æ•°', 'setting/system/save', 1, 1, 0, ''),
(32, 'auth', 28, 1, 'project', 'ä¸šåŠ¡å‚æ•°', 'setting/project', 1, 1, 0, ''),
(33, 'auth', 32, 1, 'index', 'è¯»å–ä¸šåŠ¡å‚æ•°', 'setting/project/index', 1, 1, 0, ''),
(34, 'auth', 32, 1, 'save', 'ç¼–è¾‘å‚æ•°', 'setting/project/save', 1, 1, 0, ''),
(35, 'auth', 32, 1, 'status_list', 'è¯»å–é¡¹ç›®çŠ¶æ€åˆ—è¡¨', 'setting/project/status_list', 1, 1, 0, ''),
(36, 'auth', 32, 1, 'save_status', 'ç¼–è¾‘é¡¹ç›®çŠ¶æ€', 'setting/project/save_status', 1, 1, 0, ''),
(37, 'auth', 32, 1, 'check_status', 'éªŒè¯é¡¹ç›®çŠ¶æ€æ ‡è¯†', 'setting/project/check_status', 1, 1, 0, ''),
(38, 'auth', 32, 1, 'get_status', 'è·å–é¡¹ç›®çŠ¶æ€ä¿¡æ¯', 'setting/project/get_status', 1, 1, 0, ''),
(39, 'auth', 28, 1, 'api', 'æ¥å£å‚æ•°', 'setting/api', 1, 1, 0, ''),
(40, 'auth', 39, 1, 'inde', 'è¯»å–æ¥å£å‚æ•°', 'setting/api/index', 1, 1, 0, ''),
(41, 'auth', 39, 1, 'save', 'ç¼–è¾‘å‚æ•°', 'setting/api/save', 1, 1, 0, ''),
(42, 'auth', 0, 1, 'article', 'æ–‡ç« ç®¡ç†', 'article', 1, 1, 0, ''),
(43, 'auth', 42, 1, 'category', 'æ–‡ç« åˆ†ç±»', 'article/category', 1, 1, 0, ''),
(44, 'auth', 43, 1, 'index', 'è¯»å–æ–‡ç« åˆ†ç±»åˆ—è¡¨', 'article/category/index', 1, 1, 0, ''),
(45, 'auth', 43, 1, 'save', 'æ·»åŠ ç¼–è¾‘æ–‡ç« åˆ†ç±»', 'article/category/save', 1, 1, 0, ''),
(46, 'auth', 43, 1, 'get_info', 'è·å–æ–‡ç« åˆ†ç±»ä¿¡æ¯', 'article/category/get_info', 1, 1, 0, ''),
(47, 'auth', 43, 1, 'check_code', 'éªŒè¯æ–‡ç« åˆ†ç±»æ ‡è¯†', 'article/category/check_code', 1, 1, 0, ''),
(48, 'auth', 42, 1, 'article', 'æ–‡ç« ç®¡ç†', 'article/article', 1, 1, 0, ''),
(49, 'auth', 48, 1, 'index', 'è¯»å–æ‰€æœ‰æ–‡ç« ', 'article/article/index', 1, 1, 0, ''),
(50, 'auth', 48, 1, 'form', 'åŠ è½½æ–‡ç« ç¼–è¾‘è¡¨å•', 'article/article/form', 1, 1, 0, ''),
(51, 'auth', 48, 1, 'save', 'æ·»åŠ ç¼–è¾‘æ–‡ç« ', 'article/article/save', 1, 1, 0, ''),
(52, 'auth', 48, 1, 'detail', 'æŸ¥çœ‹æ–‡ç« å†…å®¹', 'article/article/detail', 1, 0, 0, ''),
(53, 'auth', 0, 1, 'project', 'é¡¹ç›®ç®¡ç†', 'project', 1, 1, 0, ''),
(54, 'auth', 53, 1, 'investing', 'é’±ç”Ÿé‡‘', 'project/investing', 1, 1, 0, ''),
(55, 'auth', 54, 1, 'index', 'è¯»å–é’±ç”Ÿé‡‘é¡¹ç›®åˆ—è¡¨', 'project/investing/index', 1, 1, 0, ''),
(57, 'auth', 54, 1, 'applied', 'æ·»åŠ é¡¹ç›®', 'project/investing/booked', 1, 1, 0, ''),
(59, 'auth', 54, 1, 'checked', 'æ ¸å®é¡¹ç›®ä¿¡æ¯', 'project/investing/checked', 1, 1, 0, ''),
(61, 'auth', 54, 1, 'confirmed', 'åº“ç®¡ç¡®è®¤', 'project/investing/confirmed', 1, 1, 0, ''),
(63, 'auth', 54, 1, 'applied', 'ç”³è¯·å–é‡‘', 'project/investing/applied', 1, 1, 0, ''),
(65, 'auth', 54, 1, 'taken', 'ç¡®è®¤æé‡‘', 'project/investing/taken', 1, 1, 0, ''),
(67, 'auth', 54, 1, 'refused', 'é©³å›é¡¹ç›®', 'project/investing/refused', 1, 1, 0, ''),
(68, 'auth', 54, 1, 'trashed', 'åºŸå¼ƒé¡¹ç›®', 'project/investing/trashed', 1, 1, 0, ''),
(69, 'auth', 53, 1, 'recycling', 'é‡‘ç”Ÿé‡‘', 'project/recycling', 1, 1, 0, ''),
(70, 'auth', 69, 1, 'index', 'è¯»å–é¡¹ç›®åˆ—è¡¨', 'project/recycling/index', 1, 1, 0, ''),
(72, 'auth', 69, 1, 'booked', 'ç™»è®°é¡¹ç›®', 'project/recycling/booked', 1, 1, 0, ''),
(78, 'auth', 69, 1, 'checked', 'æ ¸å®é¡¹ç›®ä¿¡æ¯', 'project/recycling/checked', 1, 1, 0, ''),
(80, 'auth', 69, 3, 'terminated', 'ç»ˆæ­¢é¡¹ç›®', 'project/recycling/terminated', 1, 1, 0, ''),
(82, 'auth', 69, 1, 'taken', 'ç¡®è®¤æé‡‘', 'project/recycling/taken', 1, 1, 0, ''),
(84, 'auth', 69, 1, 'refused', 'æ‹’ç»ç”³è¯·', 'project/recycling/refused', 1, 1, 0, ''),
(85, 'auth', 69, 1, 'trashed', 'åºŸå¼ƒé¡¹ç›®', 'project/recycling/trashed', 1, 1, 0, ''),
(87, 'auth', 69, 1, 'confirmed', 'åº“ç®¡ç¡®è®¤', 'project/recycling/confirmed', 1, 1, 0, ''),
(88, 'auth', 0, 1, 'dashboard', 'é¦–é¡µ', '', 1, 0, 0, NULL),
(89, 'auth', 88, 1, 'home', 'æ§åˆ¶é¢æ¿', 'home/index', 1, 0, 0, NULL),
(90, 'auth', 0, 1, 'error', 'é”™è¯¯æç¤º', '', 1, 0, 0, NULL),
(91, 'auth', 90, 1, 'permission', 'æ— æ­¤æˆæƒ', 'error/permission', 1, 0, 0, NULL),
(92, 'auth', 90, 1, 'permission', 'æ— æ­¤æˆæƒ', 'error/permission/index', 1, 0, 0, NULL),
(93, 'auth', 54, 1, 'update', 'ç¼–è¾‘é¡¹ç›®', 'project/investing/update', 1, 1, 0, ''),
(94, 'auth', 54, 1, 'terminated', 'ç»ˆæ­¢é¡¹ç›®', 'project/investing/terminated', 1, 1, 0, ''),
(96, 'auth', 54, 1, 'cancle', 'å–æ¶ˆç”³è¯·æé‡‘', 'project/investing/cancle', 1, 1, 0, ''),
(98, 'auth', 1, 1, 'filemanager', 'æ–‡ä»¶ç®¡ç†', 'tool/filemanager', 1, 0, 0, ''),
(100, 'auth', 98, 1, 'upload', 'ä¸Šä¼ æ–‡ä»¶', 'tool/filemanager/upload', 1, 0, 0, ''),
(101, 'auth', 98, 1, 'upload', 'ä¸Šä¼ æ–‡ä»¶', 'tool/filemanager/upload', 1, 0, 0, ''),
(102, 'auth', 5, 1, 'autocomplete', 'è‡ªåŠ¨åŒ¹é…', 'auth/worker/autocomplete', 1, 0, 0, ''),
(103, 'auth', 69, 1, 'update', 'ç¼–è¾‘é¡¹ç›®', 'project/recycling/update', 1, 1, 0, ''),
(104, 'auth', 53, 1, 'customer', 'å®¢æˆ·ç®¡ç†', 'project/customer', 1, 1, 0, ''),
(105, 'auth', 104, 1, 'index', 'æŸ¥çœ‹å®¢æˆ·åˆ—è¡¨', 'project/customer/index', 1, 1, 0, ''),
(106, 'auth', 104, 1, 'update', 'æ›´æ–°å®¢æˆ·èµ„æ–™', 'project/customer/update', 1, 1, 0, ''),
(107, 'auth', 104, 1, 'project', 'æŸ¥çœ‹å®¢æˆ·é¡¹ç›®æ˜ç»†', 'project/customer/project', 1, 1, 0, ''),
(108, 'auth', 104, 1, 'autocomplete', 'è‡ªåŠ¨åŒ¹é…å®¢æˆ·èµ„æ–™', 'project/customer/autocomplete', 1, 0, 0, ''),
(109, 'auth', 104, 1, 'applied', 'å®¢æˆ·æé‡‘', 'project/customer/applied', 1, 1, 0, ''),
(110, 'auth', 104, 1, 'order', 'é—¨åº—æ¶ˆè´¹ç”³è¯·', 'project/customer/order', 1, 1, 0, ''),
(111, 'auth', 104, 1, 'taken', 'ç¡®è®¤ç”³è¯·æé‡‘æˆ–æ¶ˆè´¹', 'project/customer/taken', 1, 1, 0, ''),
(112, 'auth', 104, 1, 'cancle', 'å–æ¶ˆå®¢æˆ·æé‡‘ç”³è¯·', 'project/customer/cancle', 1, 1, 0, ''),
(113, 'auth', 53, 1, 'trash', 'å›æ”¶ç«™', 'project/trash', 1, 1, 0, ''),
(114, 'auth', 113, 1, 'index', 'è¯»å–å›æ”¶ç«™åˆ—è¡¨', 'project/trash/index', 1, 1, 0, ''),
(115, 'auth', 113, 1, 'restore', 'è¿˜åŸ', 'project/trash/restore', 1, 1, 0, ''),
(116, 'auth', 113, 1, 'remove', 'åˆ é™¤', 'project/trash/remove', 1, 1, 0, ''),
(117, 'auth', 53, 1, 'stock', 'åº“å­˜ç®¡ç†', 'project/stock', 1, 1, 0, ''),
(118, 'auth', 117, 1, 'inde', 'è¯»å–åº“å­˜åˆ—è¡¨', 'project/stock/index', 1, 1, 0, ''),
(119, 'auth', 117, 1, 'storage', 'æ·»åŠ é»„é‡‘å…¥åº“è®°å½•', 'project/stock/storage', 1, 1, 0, '');

-- --------------------------------------------------------

--
-- è¡¨çš„ç»“æ„ `gd_project_file`
--

CREATE TABLE IF NOT EXISTS `gd_project_file` (
  `file_id` int(11) NOT NULL AUTO_INCREMENT,
  `project_sn` char(18) COLLATE utf8_unicode_ci NOT NULL DEFAULT '0',
  `mode` enum('investing','recycling') COLLATE utf8_unicode_ci NOT NULL DEFAULT 'recycling',
  `dir` enum('photo','invoice','report','privacy') COLLATE utf8_unicode_ci NOT NULL DEFAULT 'photo',
  `file` text COLLATE utf8_unicode_ci NOT NULL,
  `status` tinyint(1) NOT NULL DEFAULT '1',
  `worker_id` int(11) NOT NULL DEFAULT '0',
  `addtime` int(11) NOT NULL DEFAULT '0',
  PRIMARY KEY (`file_id`)
) ENGINE=InnoDB  DEFAULT CHARSET=utf8 COLLATE=utf8_unicode_ci AUTO_INCREMENT=18 ;

--
-- è½¬å­˜è¡¨ä¸­çš„æ•°æ® `gd_project_file`
--

INSERT INTO `gd_project_file` (`file_id`, `project_sn`, `mode`, `dir`, `file`, `status`, `worker_id`, `addtime`) VALUES
(1, '1', 'recycling', 'photo', '[{"name":"avatar4.png","path":"public\\/uploads\\/2016\\/08\\/31203115d185f7.png"}]', 1, 5, 1472646761),
(2, '1', 'recycling', 'invoice', '[{"name":"user6-128x128.jpg","path":"public\\/uploads\\/2016\\/08\\/31203118c7fc97.jpg"}]', 1, 5, 1472646761),
(3, '1', 'recycling', 'report', '[{"name":"29155021142d12.txt","path":"public\\/uploads\\/2016\\/08\\/31203123ae62a7.txt"}]', 1, 5, 1472646761),
(4, '1', 'recycling', 'privacy', '[{"name":"29155000ed424f.txt","path":"public\\/uploads\\/2016\\/08\\/312031262cc9db.txt"}]', 1, 5, 1472646761),
(5, '2', 'recycling', 'photo', '[{"name":"avatar3.png","path":"public\\/uploads\\/2016\\/08\\/31214317c8c0dc.png"}]', 1, 5, 1472651087),
(6, '2', 'recycling', 'invoice', '[{"name":"avatar.png","path":"public\\/uploads\\/2016\\/08\\/312143200a466f.png"}]', 1, 5, 1472651087),
(7, '2', 'recycling', 'report', '[{"name":"29155021142d12.txt","path":"public\\/uploads\\/2016\\/08\\/31214323195807.txt"}]', 1, 5, 1472651087),
(8, '2', 'recycling', 'privacy', '[{"name":"29155000ed424f.txt","path":"public\\/uploads\\/2016\\/08\\/312143279a52de.txt"}]', 1, 5, 1472651087),
(9, '3', 'recycling', 'photo', '[{"name":"user4-128x128.jpg","path":"public\\/uploads\\/2016\\/09\\/01001016417a7f.jpg"}]', 1, 5, 1472659852),
(10, '3', 'recycling', 'invoice', '[{"name":"user6-128x128.jpg","path":"public\\/uploads\\/2016\\/09\\/01001020a27ded.jpg"}]', 1, 5, 1472659852),
(11, '3', 'recycling', 'privacy', '[{"name":"29155021142d12.txt","path":"public\\/uploads\\/2016\\/09\\/01001045283236.txt"}]', 1, 5, 1472659852),
(12, 'GM1609011461040439', 'investing', 'privacy', '[{"name":"29155021142d12.txt","path":"public\\/uploads\\/2016\\/09\\/01100435f5640a.txt"}]', 1, 5, 1472695479),
(13, 'GM1609013171352349', 'investing', 'privacy', '[{"name":"29155000ed424f.txt","path":"public\\/uploads\\/2016\\/09\\/0113232940fc8a.txt"}]', 1, 5, 1472707429),
(14, 'GR1609011121322704', 'recycling', 'photo', '[{"name":"avatar.png","path":"public\\/uploads\\/2016\\/09\\/01132612e8d8d3.png"}]', 1, 5, 1472707624),
(15, 'GR1609011121322704', 'recycling', 'invoice', '[{"name":"user6-128x128.jpg","path":"public\\/uploads\\/2016\\/09\\/01132614c2eeca.jpg"}]', 1, 5, 1472707624),
(16, 'GR1609011121322704', 'recycling', 'report', '[{"name":"29155000ed424f.txt","path":"public\\/uploads\\/2016\\/09\\/011326467224f4.txt"}]', 1, 5, 1472707624),
(17, 'GR1609011121322704', 'recycling', 'privacy', '[{"name":"29155021142d12.txt","path":"public\\/uploads\\/2016\\/09\\/0113264493c326.txt"}]', 1, 5, 1472707624);

-- --------------------------------------------------------

--
-- è¡¨çš„ç»“æ„ `gd_project_investing`
--

CREATE TABLE IF NOT EXISTS `gd_project_investing` (
  `project_id` int(11) NOT NULL AUTO_INCREMENT,
  `project_sn` char(18) COLLATE utf8_unicode_ci NOT NULL,
  `status_id` tinyint(4) NOT NULL DEFAULT '0',
  `customer_id` int(11) NOT NULL DEFAULT '0',
  `referrer_id` int(11) DEFAULT '0',
  `price` decimal(6,2) NOT NULL DEFAULT '0.00',
  `weight` decimal(11,2) NOT NULL DEFAULT '0.00',
  `amount` decimal(11,2) NOT NULL DEFAULT '0.00',
  `start` date DEFAULT NULL,
  `note` text COLLATE utf8_unicode_ci,
  `is_del` tinyint(1) NOT NULL DEFAULT '0',
  `worker_id` int(11) NOT NULL DEFAULT '0',
  `addtime` int(11) NOT NULL DEFAULT '0',
  `lasttime` int(11) NOT NULL DEFAULT '0',
  `locker` int(11) NOT NULL DEFAULT '0',
  PRIMARY KEY (`project_id`)
) ENGINE=InnoDB  DEFAULT CHARSET=utf8 COLLATE=utf8_unicode_ci AUTO_INCREMENT=5 ;

--
-- è½¬å­˜è¡¨ä¸­çš„æ•°æ® `gd_project_investing`
--

INSERT INTO `gd_project_investing` (`project_id`, `project_sn`, `status_id`, `customer_id`, `referrer_id`, `price`, `weight`, `amount`, `start`, `note`, `is_del`, `worker_id`, `addtime`, `lasttime`, `locker`) VALUES
(1, 'GM1609016370915225', 6, 6, 12, '266.16', '10.00', '2661.60', '2016-09-01', 'ç¬¬ä¸‰æ‰“ç®—çš„æ’’çš„æ’’å•Šå®æ‰“å®', 1, 3, 1472694745, 1472707008, 0),
(3, 'GM1609011461040439', 6, 3, 0, '282.49', '15.00', '4237.35', '2016-09-01', 'ä¸‹è‡ªæˆè¹Šæ”¿ç­–æ€§æ”¯æŒä¸‹è‡ªæˆè¹Š', 1, 3, 1472695479, 1472706778, 0),
(4, 'GM1609013171352349', 4, 9, 12, '282.25', '1000.00', '282250.00', '2016-09-01', 'åº“å­˜å·²ç¡®è®¤æ ‡è®°ï¼Œè‡ªåŠ¨æ¨è¿›åˆ°æ­£åœ¨å¢å€¼', 0, 7, 1472707429, 1472707533, 0);

-- --------------------------------------------------------

--
-- è¡¨çš„ç»“æ„ `gd_project_investing_history`
--

CREATE TABLE IF NOT EXISTS `gd_project_investing_history` (
  `history_id` int(11) NOT NULL AUTO_INCREMENT,
  `project_id` int(11) NOT NULL DEFAULT '0',
  `status_id` int(11) NOT NULL DEFAULT '0',
  `note` text COLLATE utf8_unicode_ci NOT NULL,
  `request` text COLLATE utf8_unicode_ci,
  `worker_id` int(11) NOT NULL DEFAULT '0',
  `addtime` int(11) NOT NULL DEFAULT '0',
  `ip` char(15) COLLATE utf8_unicode_ci DEFAULT NULL,
  PRIMARY KEY (`history_id`)
) ENGINE=InnoDB  DEFAULT CHARSET=utf8 COLLATE=utf8_unicode_ci AUTO_INCREMENT=18 ;

--
-- è½¬å­˜è¡¨ä¸­çš„æ•°æ® `gd_project_investing_history`
--

INSERT INTO `gd_project_investing_history` (`history_id`, `project_id`, `status_id`, `note`, `request`, `worker_id`, `addtime`, `ip`) VALUES
(1, 1, 1, 'æ’’çš„æ’’æ‰“ç®—', '', 5, 1472694745, '127.0.0.1'),
(2, 3, 1, 'é˜¿æ–¯é¡¿æ’’æ—¦æ’’å¤§', '', 5, 1472695479, '127.0.0.1'),
(3, 3, 1, 'é˜¿æ–¯é¡¿æ’’æ—¦æ’’å¤§sadasdas', '', 5, 1472697695, '127.0.0.1'),
(4, 3, 2, 'å•¥çš„æ’’æ‰“ç®—çš„æ’’', 'array (\n  ''amount'' =&gt; ''4237.35'',\n  ''_amount'' =&gt; ''4237.35'',\n  ''phone'' =&gt; ''18959506595'',\n  ''_phone'' =&gt; ''18959506595'',\n)', 3, 1472701465, '127.0.0.1'),
(5, 1, 2, 'æ’’æ—¦æ’’æ—¦æ’’çš„æ’’', 'array (\n  ''amount'' =&gt; ''2661.60'',\n  ''_amount'' =&gt; ''2661.60'',\n  ''phone'' =&gt; ''18959596767'',\n  ''_phone'' =&gt; ''18959596767'',\n)', 3, 1472701716, '127.0.0.1'),
(6, 1, 6, 'ç¬¬ä¸‰æ‰“ç®—çš„æ’’çš„æ’’å•Šå®æ‰“å®', '', 3, 1472701800, '127.0.0.1'),
(7, 3, 5, 'å•¥çš„æ’’æ‰“ç®—çš„æ’’å¤§å”æ’’çš„æ’’çš„', '', 3, 1472701945, '127.0.0.1'),
(8, 3, 1, 'å•¥çš„æ’’æ‰“ç®—çš„æ’’å¤§å”æ’’çš„æ’’çš„', '', 5, 1472702003, '127.0.0.1'),
(9, 3, 2, 'èƒœå¤šè´Ÿå°‘å¤šç¦å¤šå¯¿427', 'array (\n  ''amount'' =&gt; ''4237.35'',\n  ''_amount'' =&gt; ''4237.35'',\n  ''phone'' =&gt; ''18959506595'',\n  ''_phone'' =&gt; ''18959506595'',\n)', 3, 1472702111, '127.0.0.1'),
(10, 3, 3, 'sadsadsadsadsa ', 'array (\n  ''weight'' =&gt; ''15.00'',\n  ''_weight'' =&gt; ''15.00'',\n  ''phone'' =&gt; ''18959506595'',\n  ''_phone'' =&gt; ''18959506595'',\n)', 7, 1472704915, '127.0.0.1'),
(11, 3, 4, 'åº“å­˜å·²ç¡®è®¤æ ‡è®°ï¼Œè‡ªåŠ¨æ¨è¿›åˆ°æ­£åœ¨å¢å€¼', '', 7, 1472704915, '127.0.0.1'),
(13, 3, 6, 'ä¸‹è‡ªæˆè¹Šæ”¿ç­–æ€§æ”¯æŒä¸‹è‡ªæˆè¹Š', '', 3, 1472706778, '127.0.0.1'),
(14, 4, 1, 'å¤§åœŸè±ª', '', 5, 1472707429, '127.0.0.1'),
(15, 4, 2, 'å°±å¥½çš„', 'array (\n  ''amount'' =&gt; ''282250.00'',\n  ''_amount'' =&gt; ''282250.00'',\n  ''phone'' =&gt; ''13813800138'',\n  ''_phone'' =&gt; ''13813800138'',\n)', 3, 1472707480, '127.0.0.1'),
(16, 4, 3, 'æˆ‘ä¹ŸOKå•Š', 'array (\n  ''weight'' =&gt; ''1000.00'',\n  ''_weight'' =&gt; ''1000.00'',\n  ''phone'' =&gt; ''13813800138'',\n  ''_phone'' =&gt; ''13813800138'',\n)', 7, 1472707533, '127.0.0.1'),
(17, 4, 4, 'åº“å­˜å·²ç¡®è®¤æ ‡è®°ï¼Œè‡ªåŠ¨æ¨è¿›åˆ°æ­£åœ¨å¢å€¼', '', 7, 1472707533, '127.0.0.1');

-- --------------------------------------------------------

--
-- è¡¨çš„ç»“æ„ `gd_project_investing_status`
--

CREATE TABLE IF NOT EXISTS `gd_project_investing_status` (
  `status_id` int(11) NOT NULL AUTO_INCREMENT,
  `title` varchar(64) COLLATE utf8_unicode_ci NOT NULL,
  `code` varchar(32) COLLATE utf8_unicode_ci NOT NULL,
  `list_label` varchar(256) COLLATE utf8_unicode_ci DEFAULT NULL,
  `note` varchar(128) COLLATE utf8_unicode_ci NOT NULL,
  `status` tinyint(1) NOT NULL DEFAULT '1',
  PRIMARY KEY (`status_id`)
) ENGINE=InnoDB  DEFAULT CHARSET=utf8 COLLATE=utf8_unicode_ci AUTO_INCREMENT=9 ;

--
-- è½¬å­˜è¡¨ä¸­çš„æ•°æ® `gd_project_investing_status`
--

INSERT INTO `gd_project_investing_status` (`status_id`, `title`, `code`, `list_label`, `note`, `status`) VALUES
(1, 'å·²ç™»è®°', 'booked', NULL, 'ç™»è®°å®¢æˆ·ä¹°é‡‘ä¿¡æ¯', 1),
(2, 'å·²æ ¸å®', 'checked', NULL, 'ä¸Šçº§ä¸»ç®¡æ ¸å¯¹å®¢æˆ·ä¿¡æ¯ã€é»„é‡‘ä¹°å…¥ä¿¡æ¯', 1),
(3, 'å·²ç¡®è®¤', 'confirmed', NULL, 'åº“ç®¡ç¡®è®¤å¹¶æ ‡è®°', 1),
(4, 'å¢é•¿ä¸­', 'growing', NULL, 'ç”Ÿé‡‘å¢å€¼', 1),
(5, 'å·²é©³å›', 'refused', NULL, 'å®¢æˆ·ä¿¡æ¯ç­‰é—®é¢˜é€ æˆ', 1),
(6, 'å·²ç»ˆæ­¢', 'terminated', NULL, 'æå‰ç»ˆæ­¢é¡¹ç›®', 1);

-- --------------------------------------------------------

--
-- è¡¨çš„ç»“æ„ `gd_project_recycling`
--

CREATE TABLE IF NOT EXISTS `gd_project_recycling` (
  `project_id` int(11) NOT NULL AUTO_INCREMENT,
  `project_sn` char(18) COLLATE utf8_unicode_ci NOT NULL,
  `status_id` tinyint(4) NOT NULL DEFAULT '0',
  `customer_id` int(11) NOT NULL DEFAULT '0',
  `referrer_id` int(11) NOT NULL DEFAULT '0',
  `price` decimal(6,2) NOT NULL DEFAULT '0.00',
  `origin_weight` decimal(9,2) NOT NULL DEFAULT '0.00',
  `weight` decimal(9,2) NOT NULL DEFAULT '0.00',
  `number` tinyint(4) NOT NULL DEFAULT '0',
  `type` enum('ornaments','goldbar','other') COLLATE utf8_unicode_ci DEFAULT 'ornaments',
  `appraiser_id` int(11) NOT NULL DEFAULT '0',
  `loss` decimal(5,2) NOT NULL DEFAULT '0.00',
  `start` date DEFAULT NULL,
  `note` text COLLATE utf8_unicode_ci,
  `is_del` tinyint(1) NOT NULL DEFAULT '0',
  `worker_id` int(11) NOT NULL DEFAULT '0',
  `addtime` int(11) NOT NULL DEFAULT '0',
  `lasttime` int(11) NOT NULL DEFAULT '0',
  `locker` int(11) NOT NULL DEFAULT '0',
  PRIMARY KEY (`project_id`)
) ENGINE=InnoDB  DEFAULT CHARSET=utf8 COLLATE=utf8_unicode_ci AUTO_INCREMENT=5 ;

--
-- è½¬å­˜è¡¨ä¸­çš„æ•°æ® `gd_project_recycling`
--

INSERT INTO `gd_project_recycling` (`project_id`, `project_sn`, `status_id`, `customer_id`, `referrer_id`, `price`, `origin_weight`, `weight`, `number`, `type`, `appraiser_id`, `loss`, `start`, `note`, `is_del`, `worker_id`, `addtime`, `lasttime`, `locker`) VALUES
(1, 'GR1608315162053241', 6, 8, 12, '283.16', '22.00', '20.00', 2, 'ornaments', 9, '6.00', NULL, '231243242432', 1, 3, 1472646761, 1472653784, 0),
(2, 'GR1608319242154447', 6, 7, 0, '283.16', '33.00', '31.00', 3, 'ornaments', 9, '7.00', NULL, 'sawewqrewtretetre', 1, 3, 1472651087, 1472653349, 0),
(3, 'GR1609018170081051', 4, 8, 12, '282.30', '12.00', '11.00', 1, 'ornaments', 9, '8.00', NULL, 'åº“å­˜å·²ç¡®è®¤æ ‡è®°ï¼Œè‡ªåŠ¨æ¨è¿›åˆ°æ­£åœ¨å¢å€¼', 0, 7, 1472659851, 1472660062, 0),
(4, 'GR1609011121322704', 4, 9, 12, '282.25', '55.00', '52.00', 1, 'goldbar', 10, '6.00', '2016-09-01', 'åº“å­˜å·²ç¡®è®¤æ ‡è®°ï¼Œè‡ªåŠ¨æ¨è¿›åˆ°æ­£åœ¨å¢å€¼', 0, 7, 1472707624, 1472707775, 0);

-- --------------------------------------------------------

--
-- è¡¨çš„ç»“æ„ `gd_project_recycling_history`
--

CREATE TABLE IF NOT EXISTS `gd_project_recycling_history` (
  `history_id` int(11) NOT NULL AUTO_INCREMENT,
  `project_id` int(11) NOT NULL DEFAULT '0',
  `status_id` int(11) NOT NULL DEFAULT '0',
  `note` text COLLATE utf8_unicode_ci NOT NULL,
  `request` text COLLATE utf8_unicode_ci,
  `worker_id` int(11) NOT NULL DEFAULT '0',
  `addtime` int(11) NOT NULL DEFAULT '0',
  `ip` char(15) COLLATE utf8_unicode_ci DEFAULT NULL,
  PRIMARY KEY (`history_id`)
) ENGINE=InnoDB  DEFAULT CHARSET=utf8 COLLATE=utf8_unicode_ci AUTO_INCREMENT=20 ;

--
-- è½¬å­˜è¡¨ä¸­çš„æ•°æ® `gd_project_recycling_history`
--

INSERT INTO `gd_project_recycling_history` (`history_id`, `project_id`, `status_id`, `note`, `request`, `worker_id`, `addtime`, `ip`) VALUES
(1, 1, 1, 'asdsadasdasdadsa', '', 5, 1472646761, '127.0.0.1'),
(2, 1, 2, '', 'array (\n  ''weight'' =&gt; ''20.00'',\n  ''_weight'' =&gt; ''20.00'',\n  ''phone'' =&gt; ''18808800990'',\n  ''_phone'' =&gt; ''18808800990'',\n)', 3, 1472646926, '127.0.0.1'),
(3, 1, 3, 'è¿›åº“å­˜äº†å¦¥å¦¥çš„', 'array (\n  ''weight'' =&gt; ''20.00'',\n  ''_weight'' =&gt; ''20.00'',\n  ''phone'' =&gt; ''18808800990'',\n  ''_phone'' =&gt; ''18808800990'',\n)', 7, 1472648191, '127.0.0.1'),
(4, 1, 4, 'åº“å­˜å·²ç¡®è®¤æ ‡è®°ï¼Œè‡ªåŠ¨æ¨è¿›åˆ°æ­£åœ¨å¢å€¼', '', 7, 1472648192, '127.0.0.1'),
(5, 2, 1, 'æˆ‘å»é¢ä¸ºä¼é¹…æˆ‘å»', '', 5, 1472651087, '127.0.0.1'),
(6, 2, 2, '', 'array (\n  ''weight'' =&gt; ''31.00'',\n  ''_weight'' =&gt; ''31.00'',\n  ''phone'' =&gt; ''13113213313'',\n  ''_phone'' =&gt; ''13113213313'',\n)', 3, 1472651230, '127.0.0.1'),
(7, 2, 3, 'æŒ‰æ—¶æ‰“ç®—', 'array (\n  ''weight'' =&gt; ''31.00'',\n  ''_weight'' =&gt; ''31.00'',\n  ''phone'' =&gt; ''13113213313'',\n  ''_phone'' =&gt; ''13113213313'',\n)', 7, 1472651289, '127.0.0.1'),
(8, 2, 4, 'åº“å­˜å·²ç¡®è®¤æ ‡è®°ï¼Œè‡ªåŠ¨æ¨è¿›åˆ°æ­£åœ¨å¢å€¼', '', 7, 1472651289, '127.0.0.1'),
(9, 2, 6, 'sawewqrewtretetre', '', 3, 1472653349, '127.0.0.1'),
(10, 1, 6, '231243242432', '', 3, 1472653784, '127.0.0.1'),
(11, 3, 1, 'çš„æ’’çš„æ’’çš„æ’’', '', 5, 1472659852, '127.0.0.1'),
(12, 3, 2, '', 'array (\n  ''weight'' =&gt; ''11.00'',\n  ''_weight'' =&gt; ''11.00'',\n  ''phone'' =&gt; ''18808800990'',\n  ''_phone'' =&gt; ''18808800990'',\n)', 3, 1472659928, '127.0.0.1'),
(14, 3, 3, 'æ’’çš„æ’’', 'array (\n  ''weight'' =&gt; ''11.00'',\n  ''_weight'' =&gt; ''11.00'',\n  ''phone'' =&gt; ''18808800990'',\n  ''_phone'' =&gt; ''18808800990'',\n)', 7, 1472660062, '127.0.0.1'),
(15, 3, 4, 'åº“å­˜å·²ç¡®è®¤æ ‡è®°ï¼Œè‡ªåŠ¨æ¨è¿›åˆ°æ­£åœ¨å¢å€¼', '', 7, 1472660062, '127.0.0.1'),
(16, 4, 1, 'æœ‰é’±çš„å¤§ä½¬', '', 5, 1472707624, '127.0.0.1'),
(17, 4, 2, 'æœ‰èšå®ç›†å“', 'array (\n  ''weight'' =&gt; ''52.00'',\n  ''_weight'' =&gt; ''52.00'',\n  ''phone'' =&gt; ''13813800138'',\n  ''_phone'' =&gt; ''13813800138'',\n)', 3, 1472707662, '127.0.0.1'),
(18, 4, 3, 'å·äº†ä»–çš„èšå®ç›†', 'array (\n  ''weight'' =&gt; ''52.00'',\n  ''_weight'' =&gt; ''52.00'',\n  ''phone'' =&gt; ''13813800138'',\n  ''_phone'' =&gt; ''13813800138'',\n)', 7, 1472707775, '127.0.0.1'),
(19, 4, 4, 'åº“å­˜å·²ç¡®è®¤æ ‡è®°ï¼Œè‡ªåŠ¨æ¨è¿›åˆ°æ­£åœ¨å¢å€¼', '', 7, 1472707775, '127.0.0.1');

-- --------------------------------------------------------

--
-- è¡¨çš„ç»“æ„ `gd_project_recycling_status`
--

CREATE TABLE IF NOT EXISTS `gd_project_recycling_status` (
  `status_id` int(11) NOT NULL AUTO_INCREMENT,
  `title` varchar(64) COLLATE utf8_unicode_ci NOT NULL,
  `code` varchar(32) COLLATE utf8_unicode_ci NOT NULL,
  `list_label` varchar(256) COLLATE utf8_unicode_ci DEFAULT NULL,
  `note` varchar(128) COLLATE utf8_unicode_ci NOT NULL,
  `status` tinyint(1) NOT NULL DEFAULT '1',
  PRIMARY KEY (`status_id`)
) ENGINE=InnoDB  DEFAULT CHARSET=utf8 COLLATE=utf8_unicode_ci AUTO_INCREMENT=9 ;

--
-- è½¬å­˜è¡¨ä¸­çš„æ•°æ® `gd_project_recycling_status`
--

INSERT INTO `gd_project_recycling_status` (`status_id`, `title`, `code`, `list_label`, `note`, `status`) VALUES
(1, 'å·²ç™»è®°', 'booked', NULL, 'ç™»è®°å®¢æˆ·å­˜é‡‘ä¿¡æ¯ï¼Œå«é‰´å®šç»“æœåŠå®¢æˆ·åŒæ„ä¹¦', 1),
(2, 'å·²æ ¸å®', 'checked', NULL, 'ä¸Šçº§ä¸»ç®¡æ ¸å¯¹å®¢æˆ·ã€ç‰©å“åŠé‰´å®šç»“æœ', 1),
(3, 'å·²ç¡®è®¤', 'confirmed', NULL, 'åº“ç®¡ç¡®è®¤å¹¶æ ‡è®°', 1),
(4, 'å¢å€¼ä¸­', 'growing', NULL, 'è¡ç”Ÿæ”¶ç›Šé»„é‡‘', 1),
(5, 'å·²é©³å›', 'refused', NULL, 'å®¢æˆ·ä¿¡æ¯æˆ–é»„é‡‘ç‰©å“ç­‰é—®é¢˜é€ æˆ', 1),
(6, 'å·²ç»ˆæ­¢', 'terminated', NULL, 'æå‰ç»ˆæ­¢é¡¹ç›®', 1);

-- --------------------------------------------------------

--
-- è¡¨çš„ç»“æ„ `gd_project_stock`
--

CREATE TABLE IF NOT EXISTS `gd_project_stock` (
  `stock_id` int(11) NOT NULL AUTO_INCREMENT,
  `project_sn` char(18) COLLATE utf8_unicode_ci DEFAULT '0',
  `customer_id` int(11) NOT NULL DEFAULT '0',
  `referrer_id` int(11) NOT NULL DEFAULT '0',
  `title` varchar(64) COLLATE utf8_unicode_ci NOT NULL,
  `mode` enum('investing','recycling','stock') COLLATE utf8_unicode_ci NOT NULL DEFAULT 'investing',
  `info` text COLLATE utf8_unicode_ci,
  `weight` decimal(13,2) NOT NULL DEFAULT '0.00',
  `start` date DEFAULT NULL,
  `note` text COLLATE utf8_unicode_ci,
  `status` tinyint(4) NOT NULL,
  `worker_id` int(11) NOT NULL,
  `addtime` int(11) NOT NULL,
  `lasttime` int(11) NOT NULL DEFAULT '0',
  PRIMARY KEY (`stock_id`)
) ENGINE=InnoDB  DEFAULT CHARSET=utf8 COLLATE=utf8_unicode_ci AUTO_INCREMENT=7 ;

--
-- è½¬å­˜è¡¨ä¸­çš„æ•°æ® `gd_project_stock`
--

INSERT INTO `gd_project_stock` (`stock_id`, `project_sn`, `customer_id`, `referrer_id`, `title`, `mode`, `info`, `weight`, `start`, `note`, `status`, `worker_id`, `addtime`, `lasttime`) VALUES
(1, '1', 8, 12, 'é¡¹ç›®GR1608315162053241å­˜é‡‘20.00å…‹', 'recycling', 'a:9:{s:10:"project_sn";s:18:"GR1608315162053241";s:8:"realname";s:9:"ä¹”è‹¹æœ";s:5:"phone";s:11:"18808800990";s:8:"idnumber";s:18:"325225197008078888";s:4:"type";s:9:"ornaments";s:6:"number";s:1:"2";s:13:"origin_weight";s:5:"22.00";s:6:"weight";s:5:"20.00";s:12:"appraiser_id";s:1:"9";}', '20.00', '2016-08-31', 'è¿›åº“å­˜äº†å¦¥å¦¥çš„', 0, 3, 1472648191, 1472653784),
(2, '2', 7, 0, 'é¡¹ç›®GR1608319242154447å­˜é‡‘31.00å…‹', 'recycling', 'a:9:{s:10:"project_sn";s:18:"GR1608319242154447";s:8:"realname";s:9:"é›·å°ç±³";s:5:"phone";s:11:"13113213313";s:8:"idnumber";s:18:"321254197708053454";s:4:"type";s:9:"ornaments";s:6:"number";s:1:"3";s:13:"origin_weight";s:5:"33.00";s:6:"weight";s:5:"31.00";s:12:"appraiser_id";s:1:"9";}', '31.00', '2016-08-31', 'æŒ‰æ—¶æ‰“ç®—', 0, 3, 1472651289, 1472653349),
(3, '3', 8, 12, 'é¡¹ç›®GR1609018170081051å­˜é‡‘11.00å…‹', 'recycling', 'a:9:{s:10:"project_sn";s:18:"GR1609018170081051";s:8:"realname";s:9:"ä¹”è‹¹æœ";s:5:"phone";s:11:"18808800990";s:8:"idnumber";s:18:"325225197008078888";s:4:"type";s:6:"é‡‘é¥°";s:6:"number";s:1:"1";s:13:"origin_weight";s:5:"12.00";s:6:"weight";s:5:"11.00";s:12:"appraiser_id";s:1:"9";}', '11.00', '2016-09-01', 'æ’’çš„æ’’', 1, 7, 1472660062, 1472660062),
(5, 'GM1609013171352349', 9, 12, 'é¡¹ç›®GM1609013171352349å­˜é‡‘1,000.00å…‹', 'investing', 'a:7:{s:10:"project_id";s:1:"4";s:8:"realname";s:9:"æ²ˆä¸‡ä¸‰";s:5:"phone";s:11:"13813800138";s:8:"idnumber";s:18:"138139199810039997";s:5:"price";s:6:"282.25";s:6:"amount";s:9:"282250.00";s:6:"weight";s:7:"1000.00";}', '1000.00', '2016-09-01', 'æˆ‘ä¹ŸOKå•Š', 1, 7, 1472707533, 1472707533),
(6, 'GR1609011121322704', 9, 12, 'é¡¹ç›®GR1609011121322704å­˜é‡‘52.00å…‹', 'recycling', 'a:10:{s:10:"project_id";s:1:"4";s:8:"realname";s:9:"æ²ˆä¸‡ä¸‰";s:5:"phone";s:11:"13813800138";s:8:"idnumber";s:18:"138139199810039997";s:5:"price";s:6:"282.25";s:4:"type";s:6:"é‡‘æ¡";s:6:"number";s:1:"1";s:13:"origin_weight";s:5:"55.00";s:6:"weight";s:5:"52.00";s:12:"appraiser_id";s:2:"10";}', '52.00', '2016-09-01', 'å·äº†ä»–çš„èšå®ç›†', 1, 7, 1472707775, 1472707775);

-- --------------------------------------------------------

--
-- è¡¨çš„ç»“æ„ `gd_project_trash`
--

CREATE TABLE IF NOT EXISTS `gd_project_trash` (
  `trash_id` int(11) NOT NULL AUTO_INCREMENT,
  `project_id` int(11) NOT NULL,
  `project_sn` char(18) COLLATE utf8_unicode_ci NOT NULL,
  `mode` enum('investing','recycling') COLLATE utf8_unicode_ci NOT NULL DEFAULT 'recycling',
  `customer` varchar(256) COLLATE utf8_unicode_ci DEFAULT NULL,
  `gold` text COLLATE utf8_unicode_ci,
  `note` text COLLATE utf8_unicode_ci,
  `worker_id` int(11) NOT NULL DEFAULT '0',
  `addtime` int(11) NOT NULL DEFAULT '0',
  `ip` char(15) COLLATE utf8_unicode_ci DEFAULT NULL,
  PRIMARY KEY (`trash_id`)
) ENGINE=InnoDB  DEFAULT CHARSET=utf8 COLLATE=utf8_unicode_ci AUTO_INCREMENT=6 ;

--
-- è½¬å­˜è¡¨ä¸­çš„æ•°æ® `gd_project_trash`
--

INSERT INTO `gd_project_trash` (`trash_id`, `project_id`, `project_sn`, `mode`, `customer`, `gold`, `note`, `worker_id`, `addtime`, `ip`) VALUES
(1, 2, 'GR1608319242154447', 'recycling', 'a:3:{s:8:"realname";s:9:"é›·å°ç±³";s:5:"phone";s:11:"13113213313";s:8:"referrer";N;}', 'a:7:{s:5:"price";s:6:"283.16";s:6:"weight";s:5:"31.00";s:6:"amount";N;s:6:"period";N;s:5:"start";N;s:3:"end";N;s:7:"addtime";s:10:"1472651087";}', '', 3, 1472653349, NULL),
(2, 1, 'GR1608315162053241', 'recycling', 'a:4:{s:8:"realname";s:9:"ä¹”è‹¹æœ";s:5:"phone";s:11:"18808800990";s:8:"idnumber";s:18:"325225197008078888";s:8:"referrer";s:10:"æœ±æ™¯ä¿®2";}', 'a:7:{s:5:"price";s:6:"283.16";s:4:"type";s:6:"é‡‘é¥°";s:6:"number";s:1:"2";s:13:"origin_weight";s:5:"22.00";s:6:"weight";s:5:"20.00";s:9:"appraiser";s:10:"é‰´å®šäººA";s:5:"start";N;}', '', 3, 1472653784, NULL),
(4, 3, 'GM1609011461040439', 'investing', 'a:4:{s:8:"realname";s:9:"åˆ˜äº¬ä¸œ";s:5:"phone";s:11:"18959506595";s:8:"idnumber";s:18:"321324199008080808";s:8:"referrer";N;}', 'a:4:{s:5:"price";s:6:"282.49";s:6:"weight";s:5:"15.00";s:6:"amount";s:7:"4237.35";s:5:"start";s:10:"2016-09-01";}', 'ä¸‹è‡ªæˆè¹Šæ”¿ç­–æ€§æ”¯æŒä¸‹è‡ªæˆè¹Š', 3, 1472706778, NULL),
(5, 1, 'GM1609016370915225', 'investing', 'a:4:{s:8:"realname";s:9:"ä½™åä¸º";s:5:"phone";s:11:"18959596767";s:8:"idnumber";s:18:"321254198908050604";s:8:"referrer";s:10:"æœ±æ™¯ä¿®2";}', 'a:4:{s:5:"price";s:6:"266.16";s:6:"weight";s:5:"10.00";s:6:"amount";s:7:"2661.60";s:5:"start";s:10:"2016-09-01";}', 'åˆ é™¤é¡¹ç›®', 3, 1472707008, NULL);

-- --------------------------------------------------------

--
-- è¡¨çš„ç»“æ„ `gd_sessions`
--

CREATE TABLE IF NOT EXISTS `gd_sessions` (
  `sess_id` varchar(40) COLLATE utf8_unicode_ci NOT NULL,
  `ip_address` varchar(45) COLLATE utf8_unicode_ci NOT NULL,
  `timestamp` int(10) unsigned NOT NULL DEFAULT '0',
  `data` text COLLATE utf8_unicode_ci NOT NULL,
  KEY `ci_sessions_timestamp` (`timestamp`)
) ENGINE=InnoDB DEFAULT CHARSET=utf8 COLLATE=utf8_unicode_ci;

--
-- è½¬å­˜è¡¨ä¸­çš„æ•°æ® `gd_sessions`
--

INSERT INTO `gd_sessions` (`sess_id`, `ip_address`, `timestamp`, `data`) VALUES
('49baa3fd3c41272af1c112208600a96fc6ff4005', '127.0.0.1', 1472700052, '__ci_last_regenerate|i:1472690414;code|s:4:"CZaK";identity|s:10:"admin-root";username|s:10:"admin-root";email|s:15:"admin@admin.com";user_id|s:1:"1";old_last_login|s:10:"1472649633";'),
('d21a9cce2b204dd0dd2ef7f0f608d0ae74ad0cbc', '127.0.0.1', 1472695036, '__ci_last_regenerate|i:1472693834;code|s:4:"TWWB";identity|s:12:"jingli-demo1";username|s:12:"jingli-demo1";email|s:5:"a@a.c";user_id|s:1:"3";old_last_login|s:10:"1472646128";'),
('172efcf8bd49e5f3ce87f5fb6c5006ebb7237bf8', '127.0.0.1', 1472695480, '__ci_last_regenerate|i:1472695200;code|s:4:"e4y9";identity|s:12:"dengji-demo1";username|s:12:"dengji-demo1";email|s:6:"b@a.cc";user_id|s:1:"5";old_last_login|s:10:"1472692175";current_price|N;__ci_vars|a:1:{s:13:"current_price";i:1472696661;}'),
('6c116ff23f1327787ad749f4cd6d1fa84d529a73', '127.0.0.1', 1472695798, '__ci_last_regenerate|i:1472695502;code|s:4:"TWWB";identity|s:12:"jingli-demo1";username|s:12:"jingli-demo1";email|s:5:"a@a.c";user_id|s:1:"3";old_last_login|s:10:"1472646128";'),
('81c7c52eda13e6e21b2e83cb2a2c53aa780cdbd0', '127.0.0.1', 1472696044, '__ci_last_regenerate|i:1472696032;code|s:4:"TWWB";identity|s:12:"jingli-demo1";username|s:12:"jingli-demo1";email|s:5:"a@a.c";user_id|s:1:"3";old_last_login|s:10:"1472646128";'),
('4bb4e44d23efe69425877b98f42a4208625811da', '127.0.0.1', 1472697062, '__ci_last_regenerate|i:1472696246;code|s:4:"e4y9";identity|s:12:"dengji-demo1";username|s:12:"dengji-demo1";email|s:6:"b@a.cc";user_id|s:1:"5";old_last_login|s:10:"1472692175";__ci_vars|a:2:{s:7:"csrfkey";s:3:"new";s:9:"csrfvalue";s:3:"new";}csrfkey|s:8:"1zP6Mrxm";csrfvalue|s:20:"GAeEcptsJ35f7I9DawYR";'),
('6697d9995fb1a9510b450bed1fc1f682f23fc71d', '127.0.0.1', 1472697403, '__ci_last_regenerate|i:1472697078;code|s:4:"e4y9";identity|s:12:"dengji-demo1";username|s:12:"dengji-demo1";email|s:6:"b@a.cc";user_id|s:1:"5";old_last_login|s:10:"1472692175";'),
('11fce6d7c8840b2508d89e487ca5cc9627a4f736', '127.0.0.1', 1472697132, '__ci_last_regenerate|i:1472697130;code|s:4:"TWWB";identity|s:12:"jingli-demo1";username|s:12:"jingli-demo1";email|s:5:"a@a.c";user_id|s:1:"3";old_last_login|s:10:"1472646128";'),
('5a851eb13f260999fce12c0bac815a1ad53dfa79', '127.0.0.1', 1472701296, '__ci_last_regenerate|i:1472697411;code|s:4:"e4y9";identity|s:12:"dengji-demo1";username|s:12:"dengji-demo1";email|s:6:"b@a.cc";user_id|s:1:"5";old_last_login|s:10:"1472692175";'),
('4e54d3c385f11fed122bfc09a9e0a29358c0d62c', '127.0.0.1', 1472698906, '__ci_last_regenerate|i:1472697705;code|s:4:"TWWB";identity|s:12:"jingli-demo1";username|s:12:"jingli-demo1";email|s:5:"a@a.c";user_id|s:1:"3";old_last_login|s:10:"1472646128";csrfkey|s:8:"D2WXy0aK";__ci_vars|a:2:{s:7:"csrfkey";s:3:"old";s:9:"csrfvalue";s:3:"old";}csrfvalue|s:20:"6Z0Ior8wRiXus3QLAkva";'),
('c3a4e80e6cf79cb396c918aa6cbd86149aeb2d21', '127.0.0.1', 1472699005, '__ci_last_regenerate|i:1472699001;code|s:4:"TWWB";identity|s:12:"jingli-demo1";username|s:12:"jingli-demo1";email|s:5:"a@a.c";user_id|s:1:"3";old_last_login|s:10:"1472646128";csrfkey|s:8:"UDZqhjQe";__ci_vars|a:2:{s:7:"csrfkey";s:3:"new";s:9:"csrfvalue";s:3:"new";}csrfvalue|s:20:"SDrteVAnB4ms2cG6iujK";'),
('ec2f96436461bcaed1fcee7380e06724f24b79e3', '127.0.0.1', 1472701465, '__ci_last_regenerate|i:1472699802;code|s:4:"TWWB";identity|s:12:"jingli-demo1";username|s:12:"jingli-demo1";email|s:5:"a@a.c";user_id|s:1:"3";old_last_login|s:10:"1472646128";success|s:44:"é¡¹ç›®å·²æ ¸å®ï¼ç¼–å·: GM1609011461040439";__ci_vars|a:1:{s:7:"success";s:3:"new";}'),
('e4a583c7bbc6b8afeb8ebb938b88a770ce1c336e', '127.0.0.1', 1472701899, '__ci_last_regenerate|i:1472700369;code|s:4:"CZaK";identity|s:10:"admin-root";username|s:10:"admin-root";email|s:15:"admin@admin.com";user_id|s:1:"1";old_last_login|s:10:"1472649633";'),
('88c86f16f9192217c2762444030dcb21dcc4f13a', '127.0.0.1', 1472701946, '__ci_last_regenerate|i:1472701658;code|s:4:"TWWB";identity|s:12:"jingli-demo1";username|s:12:"jingli-demo1";email|s:5:"a@a.c";user_id|s:1:"3";old_last_login|s:10:"1472646128";'),
('83829a91645fc907434616ded30a1737ba4e8144', '127.0.0.1', 1472706804, '__ci_last_regenerate|i:1472701989;code|s:4:"e4y9";identity|s:12:"dengji-demo1";username|s:12:"dengji-demo1";email|s:6:"b@a.cc";user_id|s:1:"5";old_last_login|s:10:"1472692175";'),
('e017803756660c12bf113e835c699873906edcf5', '127.0.0.1', 1472703313, '__ci_last_regenerate|i:1472702012;code|s:4:"TWWB";identity|s:12:"jingli-demo1";username|s:12:"jingli-demo1";email|s:5:"a@a.c";user_id|s:1:"3";old_last_login|s:10:"1472646128";'),
('0046a033390b2b4089f90ef371c7f2f00b61a8db', '127.0.0.1', 1472704915, '__ci_last_regenerate|i:1472702143;code|s:4:"yQ9Y";identity|s:12:"kuguan-demo1";username|s:12:"kuguan-demo1";email|s:11:"kuguan@bb.c";user_id|s:1:"7";old_last_login|s:10:"1472647853";success|s:50:"é¡¹ç›®å·²å…¥åº“æ ‡è®°ï¼ç¼–å·: GM1609011461040439";__ci_vars|a:1:{s:7:"success";s:3:"new";}'),
('f7ec7e1433a751ca32945c220f507c0a851a46a0', '127.0.0.1', 1472704317, '__ci_last_regenerate|i:1472704316;code|s:4:"TWWB";identity|s:12:"jingli-demo1";username|s:12:"jingli-demo1";email|s:5:"a@a.c";user_id|s:1:"3";old_last_login|s:10:"1472646128";'),
('fb9ee26dba13a46ebab24644e96d62793edfb372', '127.0.0.1', 1472707317, '__ci_last_regenerate|i:1472704915;code|s:4:"yQ9Y";identity|s:12:"kuguan-demo1";username|s:12:"kuguan-demo1";email|s:11:"kuguan@bb.c";user_id|s:1:"7";old_last_login|s:10:"1472647853";'),
('d59d7a3865b3814c25339967dc18cf83ae588f83', '127.0.0.1', 1472705364, '__ci_last_regenerate|i:1472705092;code|s:4:"TWWB";identity|s:12:"jingli-demo1";username|s:12:"jingli-demo1";email|s:5:"a@a.c";user_id|s:1:"3";old_last_login|s:10:"1472646128";'),
('f67ab974e4237d2affac074943c569fd926ed53c', '127.0.0.1', 1472706778, '__ci_last_regenerate|i:1472705407;code|s:4:"TWWB";identity|s:12:"jingli-demo1";username|s:12:"jingli-demo1";email|s:5:"a@a.c";user_id|s:1:"3";old_last_login|s:10:"1472646128";success|s:44:"é¡¹ç›®å·²ç»ˆæ­¢ï¼ç¼–å·: GM1609011461040439";__ci_vars|a:1:{s:7:"success";s:3:"new";}'),
('c6c8d18f8bf0c7cc76a52928ec7631e3ce70d09d', '127.0.0.1', 1472706710, '__ci_last_regenerate|i:1472706487;code|s:4:"uRAp";identity|s:10:"admin-root";username|s:10:"admin-root";email|s:15:"admin@admin.com";user_id|s:1:"1";old_last_login|s:10:"1472690425";'),
('190f7b32553b5e0836f1697f3e4290327f91bf66', '127.0.0.1', 1472707274, '__ci_last_regenerate|i:1472706778;code|s:4:"TWWB";identity|s:12:"jingli-demo1";username|s:12:"jingli-demo1";email|s:5:"a@a.c";user_id|s:1:"3";old_last_login|s:10:"1472646128";success|s:36:"å®¢æˆ·èµ„æ–™ä¿å­˜æˆåŠŸ : æ²ˆä¸‡ä¸‰";__ci_vars|a:1:{s:7:"success";s:3:"new";}'),
('d28649eab1064364fab083defd52df1d874b2cb5', '127.0.0.1', 1472707547, '__ci_last_regenerate|i:1472707274;code|s:4:"TWWB";identity|s:12:"jingli-demo1";username|s:12:"jingli-demo1";email|s:5:"a@a.c";user_id|s:1:"3";old_last_login|s:10:"1472646128";'),
('5735905558aa82baadd03c255da3bb2b048ac178', '127.0.0.1', 1472716494, '__ci_last_regenerate|i:1472707387;code|s:4:"e4y9";identity|s:12:"dengji-demo1";username|s:12:"dengji-demo1";email|s:6:"b@a.cc";user_id|s:1:"5";old_last_login|s:10:"1472692175";csrfkey|s:8:"adrtgj45";__ci_vars|a:2:{s:7:"csrfkey";s:3:"new";s:9:"csrfvalue";s:3:"new";}csrfvalue|s:20:"fr5nMyLVvs8lRNxaAXjY";'),
('c95f16b4dd6dbfcee8d3ab6ac63c1027edd9332c', '127.0.0.1', 1472724159, '__ci_last_regenerate|i:1472707491;code|s:4:"yQ9Y";identity|s:12:"kuguan-demo1";username|s:12:"kuguan-demo1";email|s:11:"kuguan@bb.c";user_id|s:1:"7";old_last_login|s:10:"1472647853";'),
('f6abb87d474e495a1a021b56ae16adf6bd2359d0', '127.0.0.1', 1472708991, '__ci_last_regenerate|i:1472707631;code|s:4:"TWWB";identity|s:12:"jingli-demo1";username|s:12:"jingli-demo1";email|s:5:"a@a.c";user_id|s:1:"3";old_last_login|s:10:"1472646128";'),
('507d1ec01bea85b41276f457c61ef1edec9237c8', '127.0.0.1', 1472709674, '__ci_last_regenerate|i:1472709206;code|s:4:"tixR";identity|s:10:"admin-root";username|s:10:"admin-root";email|s:15:"admin@admin.com";user_id|s:1:"1";old_last_login|s:10:"1472706496";success|s:15:"èŠ‚ç‚¹å·²ä¿å­˜";__ci_vars|a:1:{s:7:"success";s:3:"old";}'),
('38b90e05e33ff8f806a3ae2cde25b183ece57121', '127.0.0.1', 1472709759, '__ci_last_regenerate|i:1472709686;code|s:4:"tixR";identity|s:10:"admin-root";username|s:10:"admin-root";email|s:15:"admin@admin.com";user_id|s:1:"1";old_last_login|s:10:"1472706496";'),
('f94d87997dc7eda340fec9b6d41b0bf636498767', '127.0.0.1', 1472710061, '__ci_last_regenerate|i:1472709777;code|s:4:"TWWB";identity|s:12:"jingli-demo1";username|s:12:"jingli-demo1";email|s:5:"a@a.c";user_id|s:1:"3";old_last_login|s:10:"1472646128";'),
('a8fcad3784902694cdf241eeae8873dbdfed21af', '127.0.0.1', 1472710205, '__ci_last_regenerate|i:1472710097;code|s:4:"TWWB";identity|s:12:"jingli-demo1";username|s:12:"jingli-demo1";email|s:5:"a@a.c";user_id|s:1:"3";old_last_login|s:10:"1472646128";'),
('2074e77f2cbc0f6270d0831cb902b355d33ee2a0', '127.0.0.1', 1472711351, '__ci_last_regenerate|i:1472711350;code|s:4:"TWWB";identity|s:12:"jingli-demo1";username|s:12:"jingli-demo1";email|s:5:"a@a.c";user_id|s:1:"3";old_last_login|s:10:"1472646128";'),
('fd27fa3044cf3a30ece8bf0b1fd2224346846006', '127.0.0.1', 1472712263, '__ci_last_regenerate|i:1472712025;code|s:4:"TWWB";identity|s:12:"jingli-demo1";username|s:12:"jingli-demo1";email|s:5:"a@a.c";user_id|s:1:"3";old_last_login|s:10:"1472646128";'),
('a78138618b6a68bdfb6a3286e7fb9dec8e1ea29f', '127.0.0.1', 1472712778, '__ci_last_regenerate|i:1472712777;code|s:4:"TWWB";identity|s:12:"jingli-demo1";username|s:12:"jingli-demo1";email|s:5:"a@a.c";user_id|s:1:"3";old_last_login|s:10:"1472646128";'),
('3a37dae95c4f8807537f4cd43732fe9785a4f348', '127.0.0.1', 1472714401, '__ci_last_regenerate|i:1472713266;code|s:4:"TWWB";identity|s:12:"jingli-demo1";username|s:12:"jingli-demo1";email|s:5:"a@a.c";user_id|s:1:"3";old_last_login|s:10:"1472646128";csrfkey|s:8:"oBn9MFgK";__ci_vars|a:2:{s:7:"csrfkey";s:3:"new";s:9:"csrfvalue";s:3:"new";}csrfvalue|s:20:"1noDvf7kHYhtesFTM0Vi";'),
('df839286d7a7ecdbe9f5225e5e3353bd6d3f9314', '127.0.0.1', 1472715254, '__ci_last_regenerate|i:1472714409;code|s:4:"TWWB";identity|s:12:"jingli-demo1";username|s:12:"jingli-demo1";email|s:5:"a@a.c";user_id|s:1:"3";old_last_login|s:10:"1472646128";csrfkey|s:8:"h8ePT1JZ";__ci_vars|a:2:{s:7:"csrfkey";s:3:"new";s:9:"csrfvalue";s:3:"new";}csrfvalue|s:20:"37NT0rytjlGmaBYcpexd";'),
('1f7cc6cc0c570a402407828ecb2f279e54d8267d', '127.0.0.1', 1472715717, '__ci_last_regenerate|i:1472715288;code|s:4:"TWWB";identity|s:12:"jingli-demo1";username|s:12:"jingli-demo1";email|s:5:"a@a.c";user_id|s:1:"3";old_last_login|s:10:"1472646128";csrfkey|s:8:"zybLcqex";__ci_vars|a:2:{s:7:"csrfkey";s:3:"old";s:9:"csrfvalue";s:3:"old";}csrfvalue|s:20:"NzsMaJZCfLo9AvnWQ8rY";'),
('076189266c3059d152afe8d681138540f38402d5', '127.0.0.1', 1472715986, '__ci_last_regenerate|i:1472715719;code|s:4:"TWWB";identity|s:12:"jingli-demo1";username|s:12:"jingli-demo1";email|s:5:"a@a.c";user_id|s:1:"3";old_last_login|s:10:"1472646128";'),
('e25ac4e5cf6c64a0ea1f18febad170fb6693f1f9', '127.0.0.1', 1472716264, '__ci_last_regenerate|i:1472716263;code|s:4:"TWWB";identity|s:12:"jingli-demo1";username|s:12:"jingli-demo1";email|s:5:"a@a.c";user_id|s:1:"3";old_last_login|s:10:"1472646128";'),
('67f7f29e3bc3f0c4d8ade17adcc4e21024811a4c', '127.0.0.1', 1472723702, '__ci_last_regenerate|i:1472716501;code|s:4:"e4y9";identity|s:12:"dengji-demo1";username|s:12:"dengji-demo1";email|s:6:"b@a.cc";user_id|s:1:"5";old_last_login|s:10:"1472692175";'),
('e97d2d5d5fe7aa7625d0db9ca4a98ee61cb116b7', '127.0.0.1', 1472717138, '__ci_last_regenerate|i:1472716840;code|s:4:"TWWB";identity|s:12:"jingli-demo1";username|s:12:"jingli-demo1";email|s:5:"a@a.c";user_id|s:1:"3";old_last_login|s:10:"1472646128";'),
('f60dd25e9aa2a172de622ca4d95ee9270c755089', '127.0.0.1', 1472717477, '__ci_last_regenerate|i:1472717180;code|s:4:"TWWB";identity|s:12:"jingli-demo1";username|s:12:"jingli-demo1";email|s:5:"a@a.c";user_id|s:1:"3";old_last_login|s:10:"1472646128";'),
('b4ed5b50fa3e30158cf68cfa6a371eecb4e3f48a', '127.0.0.1', 1472717866, '__ci_last_regenerate|i:1472717567;code|s:4:"TWWB";identity|s:12:"jingli-demo1";username|s:12:"jingli-demo1";email|s:5:"a@a.c";user_id|s:1:"3";old_last_login|s:10:"1472646128";'),
('8d590eb8012867b15669c5641e42dc840ac462b6', '127.0.0.1', 1472718094, '__ci_last_regenerate|i:1472717916;code|s:4:"TWWB";identity|s:12:"jingli-demo1";username|s:12:"jingli-demo1";email|s:5:"a@a.c";user_id|s:1:"3";old_last_login|s:10:"1472646128";'),
('a596b014ad006cbb9e2b0a2224fb261f36be5383', '127.0.0.1', 1472718377, '__ci_last_regenerate|i:1472718259;code|s:4:"TWWB";identity|s:12:"jingli-demo1";username|s:12:"jingli-demo1";email|s:5:"a@a.c";user_id|s:1:"3";old_last_login|s:10:"1472646128";'),
('758cf97d5a3a5c166577507422993d8ab8637d60', '127.0.0.1', 1472719024, '__ci_last_regenerate|i:1472718811;code|s:4:"TWWB";identity|s:12:"jingli-demo1";username|s:12:"jingli-demo1";email|s:5:"a@a.c";user_id|s:1:"3";old_last_login|s:10:"1472646128";'),
('8ad1450723cd241d2909560a9a622fb727f31998', '127.0.0.1', 1472719557, '__ci_last_regenerate|i:1472719557;code|s:4:"TWWB";identity|s:12:"jingli-demo1";username|s:12:"jingli-demo1";email|s:5:"a@a.c";user_id|s:1:"3";old_last_login|s:10:"1472646128";'),
('50daf28c28d533fec1d28f2ff4d14eb17265f281', '127.0.0.1', 1472721192, '__ci_last_regenerate|i:1472719983;code|s:4:"TWWB";identity|s:12:"jingli-demo1";username|s:12:"jingli-demo1";email|s:5:"a@a.c";user_id|s:1:"3";old_last_login|s:10:"1472646128";'),
('bdc0cf4f21d8958daa28de21401ab5a749341566', '127.0.0.1', 1472723108, '__ci_last_regenerate|i:1472721803;code|s:4:"TWWB";identity|s:12:"jingli-demo1";username|s:12:"jingli-demo1";email|s:5:"a@a.c";user_id|s:1:"3";old_last_login|s:10:"1472646128";'),
('7ebe34bf885d54003c8d90987ac0febf10798c7d', '127.0.0.1', 1472723865, '__ci_last_regenerate|i:1472723634;code|s:4:"TWWB";identity|s:12:"jingli-demo1";username|s:12:"jingli-demo1";email|s:5:"a@a.c";user_id|s:1:"3";old_last_login|s:10:"1472646128";'),
('1586ae0e8b952f3c55efd73dd3bf4942d7c4ae9c', '127.0.0.1', 1472733742, '__ci_last_regenerate|i:1472728765;code|s:4:"rATC";identity|s:12:"jingli-demo1";username|s:12:"jingli-demo1";email|s:5:"a@a.c";user_id|s:1:"3";old_last_login|s:10:"1472692205";'),
('ad5d68a335e221728dc36a6f79a02a6be0e88076', '127.0.0.1', 1472735248, '__ci_last_regenerate|i:1472733873;code|s:4:"rATC";identity|s:12:"jingli-demo1";username|s:12:"jingli-demo1";email|s:5:"a@a.c";user_id|s:1:"3";old_last_login|s:10:"1472692205";'),
('967a1d97059d01c90720ea87da18e928449606de', '127.0.0.1', 1472736036, '__ci_last_regenerate|i:1472735891;code|s:4:"rATC";identity|s:12:"jingli-demo1";username|s:12:"jingli-demo1";email|s:5:"a@a.c";user_id|s:1:"3";old_last_login|s:10:"1472692205";error_permission|s:38:"æ²¡æœ‰æˆæƒè®¿é—®  <br> [setting/api]";__ci_vars|a:1:{s:16:"error_permission";s:3:"new";}'),
('ba3e8b62f8a9a98a8803b199e41a027097f7c491', '127.0.0.1', 1472736313, '__ci_last_regenerate|i:1472736292;code|s:4:"rATC";identity|s:12:"jingli-demo1";username|s:12:"jingli-demo1";email|s:5:"a@a.c";user_id|s:1:"3";old_last_login|s:10:"1472692205";'),
('4797094a485c6690cfa2e4cc1af944cd35c4b61d', '127.0.0.1', 1472736928, '__ci_last_regenerate|i:1472736666;code|s:4:"rATC";identity|s:12:"jingli-demo1";username|s:12:"jingli-demo1";email|s:5:"a@a.c";user_id|s:1:"3";old_last_login|s:10:"1472692205";'),
('c2b10bd436b165ea46a41b7e2960de4042418b11', '127.0.0.1', 1472737331, '__ci_last_regenerate|i:1472737110;code|s:4:"rATC";identity|s:12:"jingli-demo1";username|s:12:"jingli-demo1";email|s:5:"a@a.c";user_id|s:1:"3";old_last_login|s:10:"1472692205";ajax_permission|s:48:"æ²¡æœ‰æˆæƒè®¿é—®  <br> [auth/permission/index]";__ci_vars|a:1:{s:15:"ajax_permission";s:3:"new";}'),
('533a9c1f9991b30a7ed18ed8a0e97d7e443460ea', '127.0.0.1', 1472741224, '__ci_last_regenerate|i:1472737575;code|s:4:"rATC";identity|s:12:"jingli-demo1";username|s:12:"jingli-demo1";email|s:5:"a@a.c";user_id|s:1:"3";old_last_login|s:10:"1472692205";'),
('1cf75dce757721261cac6cbdcbd9158ea330f975', '127.0.0.1', 1472742294, '__ci_last_regenerate|i:1472742292;code|s:4:"rATC";identity|s:12:"jingli-demo1";username|s:12:"jingli-demo1";email|s:5:"a@a.c";user_id|s:1:"3";old_last_login|s:10:"1472692205";'),
('c1435a5b7b6a8ac54713f63dde8f041a2f8f600c', '127.0.0.1', 1472743464, '__ci_last_regenerate|i:1472743164;code|s:4:"YHXF";identity|s:10:"admin-root";username|s:10:"admin-root";email|s:15:"admin@admin.com";user_id|s:1:"1";old_last_login|s:10:"1472709216";'),
('c80a9703fef238ffaa9c22800bf019c3ed9c6827', '127.0.0.1', 1472743789, '__ci_last_regenerate|i:1472743533;code|s:4:"YHXF";identity|s:10:"admin-root";username|s:10:"admin-root";email|s:15:"admin@admin.com";user_id|s:1:"1";old_last_login|s:10:"1472709216";'),
('e8728fdca5fc5486f26d76a1e042c4688ea346cd', '127.0.0.1', 1472744150, '__ci_last_regenerate|i:1472743872;code|s:4:"YHXF";identity|s:10:"admin-root";username|s:10:"admin-root";email|s:15:"admin@admin.com";user_id|s:1:"1";old_last_login|s:10:"1472709216";'),
('82b61c55a1a275e9b1b5b12b29460b89f1ef3b79', '127.0.0.1', 1472744398, '__ci_last_regenerate|i:1472744196;code|s:4:"YHXF";identity|s:10:"admin-root";username|s:10:"admin-root";email|s:15:"admin@admin.com";user_id|s:1:"1";old_last_login|s:10:"1472709216";'),
('caf0f56088ecad416b91867a484ba73501d946e2', '127.0.0.1', 1472744789, '__ci_last_regenerate|i:1472744505;code|s:4:"YHXF";identity|s:10:"admin-root";username|s:10:"admin-root";email|s:15:"admin@admin.com";user_id|s:1:"1";old_last_login|s:10:"1472709216";'),
('0ec6a66c2d52352098f29f327f5c0ca9a8545731', '127.0.0.1', 1472744838, '__ci_last_regenerate|i:1472744819;code|s:4:"YHXF";identity|s:10:"admin-root";username|s:10:"admin-root";email|s:15:"admin@admin.com";user_id|s:1:"1";old_last_login|s:10:"1472709216";'),
('d8245a217a193d51c9dd96642e52e0854639e4b6', '127.0.0.1', 1472745760, '__ci_last_regenerate|i:1472745501;code|s:4:"YHXF";identity|s:10:"admin-root";username|s:10:"admin-root";email|s:15:"admin@admin.com";user_id|s:1:"1";old_last_login|s:10:"1472709216";'),
('57790607f42e98e36a7d05dcc7e0a9c5f7125a07', '127.0.0.1', 1472746101, '__ci_last_regenerate|i:1472745810;code|s:4:"YHXF";identity|s:10:"admin-root";username|s:10:"admin-root";email|s:15:"admin@admin.com";user_id|s:1:"1";old_last_login|s:10:"1472709216";'),
('23bb3bff07f89db4d81f1d5916a2afe212654343', '127.0.0.1', 1472746171, '__ci_last_regenerate|i:1472746170;code|s:4:"YHXF";identity|s:10:"admin-root";username|s:10:"admin-root";email|s:15:"admin@admin.com";user_id|s:1:"1";old_last_login|s:10:"1472709216";'),
('aa221c339f8a5c40438fda2052c40e64a553773a', '127.0.0.1', 1472746895, '__ci_last_regenerate|i:1472746880;code|s:4:"YHXF";identity|s:10:"admin-root";username|s:10:"admin-root";email|s:15:"admin@admin.com";user_id|s:1:"1";old_last_login|s:10:"1472709216";'),
('eacaf1a2cd73bc703d8064aaa8e6c3d50412206e', '127.0.0.1', 1472747221, '__ci_last_regenerate|i:1472746895;code|s:4:"YHXF";identity|s:10:"admin-root";username|s:10:"admin-root";email|s:15:"admin@admin.com";user_id|s:1:"1";old_last_login|s:10:"1472709216";'),
('8987dfbae34924c077ab3bae6df0072612ec8b52', '127.0.0.1', 1472748885, '__ci_last_regenerate|i:1472747019;code|s:4:"dq4D";identity|s:10:"admin-root";username|s:10:"admin-root";email|s:15:"admin@admin.com";user_id|s:1:"1";old_last_login|s:10:"1472743177";'),
('41b0d4dd1a4a8ceb8c8923a5020011ae910b6f12', '127.0.0.1', 1472747487, '__ci_last_regenerate|i:1472747238;code|s:4:"YHXF";identity|s:10:"admin-root";username|s:10:"admin-root";email|s:15:"admin@admin.com";user_id|s:1:"1";old_last_login|s:10:"1472709216";'),
('d3d8576c3dda2d83dd2a5b67d13ae7cfa870c83c', '127.0.0.1', 1472747737, '__ci_last_regenerate|i:1472747700;code|s:4:"YHXF";identity|s:10:"admin-root";username|s:10:"admin-root";email|s:15:"admin@admin.com";user_id|s:1:"1";old_last_login|s:10:"1472709216";'),
('ff6cb64a7aaaf11395ce45575f916877fdcbf1a8', '127.0.0.1', 1472748569, '__ci_last_regenerate|i:1472748346;code|s:4:"YHXF";identity|s:10:"admin-root";username|s:10:"admin-root";email|s:15:"admin@admin.com";user_id|s:1:"1";old_last_login|s:10:"1472709216";'),
('c266bfe505e9c6c630cd02b696c140265f91e880', '127.0.0.1', 1472748873, '__ci_last_regenerate|i:1472748745;code|s:4:"YHXF";identity|s:10:"admin-root";username|s:10:"admin-root";email|s:15:"admin@admin.com";user_id|s:1:"1";old_last_login|s:10:"1472709216";');

-- --------------------------------------------------------

--
-- è¡¨çš„ç»“æ„ `gd_setting`
--

CREATE TABLE IF NOT EXISTS `gd_setting` (
  `setting_id` int(11) unsigned NOT NULL AUTO_INCREMENT,
  `code` varchar(64) NOT NULL DEFAULT '',
  `value` text,
  `serialized` tinyint(1) NOT NULL DEFAULT '0',
  `group` varchar(64) NOT NULL DEFAULT 'config',
  `initial` tinyint(1) NOT NULL DEFAULT '1',
  PRIMARY KEY (`setting_id`,`code`),
  KEY `option_name` (`code`),
  KEY `auto_load` (`initial`)
) ENGINE=InnoDB  DEFAULT CHARSET=utf8 AUTO_INCREMENT=38 ;

--
-- è½¬å­˜è¡¨ä¸­çš„æ•°æ® `gd_setting`
--

INSERT INTO `gd_setting` (`setting_id`, `code`, `value`, `serialized`, `group`, `initial`) VALUES
(4, 'site_name', 'Demo Site', 0, 'site', 1),
(5, 'site_keywords', 'keywords, go, here', 0, 'site', 1),
(6, 'site_description', 'Demo Site description', 0, 'site', 1),
(7, 'site_email', 'noreply@example.com', 0, 'site', 1),
(8, 'golden_price', 'a:2:{s:6:"apikey";s:16:"101ae9aa1007ce6d";s:6:"apiurl";s:34:"http://api.jisuapi.com/gold/shgold";}', 1, 'api', 1),
(9, 'investing_privacy', '2', 0, 'project', 1),
(10, 'investing_initial', '1', 0, 'project', 1),
(11, 'recycling_privacy', '3', 0, 'project', 1),
(12, 'recycling_initial', '1', 0, 'project', 1),
(13, 'profit_weight', '6', 0, 'project', 1),
(14, 'investing_checked', '2', 0, 'project', 1),
(15, 'investing_confirmed', '3', 0, 'project', 1),
(18, 'investing_refused', '5', 0, 'project', 1),
(19, 'investing_terminated', '6', 0, 'project', 1),
(25, 'recycling_checked', '2', 0, 'project', 1),
(26, 'recycling_confirmed', '3', 0, 'project', 1),
(30, 'recycling_refused', '5', 0, 'project', 1),
(31, 'recycling_terminated', '6', 0, 'project', 1),
(32, 'order_percent', '30', 0, 'project', 1),
(33, 'recycling_growing', '4', 0, 'project', 1),
(34, 'gold_growing', 'season', 0, 'project', 1),
(35, 'growing_mode', 't0', 0, 'project', 1),
(36, 'investing_growing', '4', 0, 'project', 1),
(37, 'terminated_trash', '1', 0, 'project', 1);

-- --------------------------------------------------------

--
-- è¡¨çš„ç»“æ„ `gd_worker`
--

CREATE TABLE IF NOT EXISTS `gd_worker` (
  `id` int(11) unsigned NOT NULL AUTO_INCREMENT,
  `username` varchar(32) DEFAULT NULL,
  `realname` varchar(32) NOT NULL,
  `avatar` varchar(256) DEFAULT NULL,
  `password` varchar(255) NOT NULL,
  `salt` varchar(255) DEFAULT NULL,
  `email` varchar(100) NOT NULL,
  `remember_code` varchar(40) DEFAULT NULL,
  `addtime` int(11) NOT NULL DEFAULT '0',
  `last_login` int(11) DEFAULT '0',
  `last_ip` char(15) NOT NULL,
  `status` tinyint(1) DEFAULT '1',
  `phone` varchar(20) DEFAULT NULL,
  PRIMARY KEY (`id`)
) ENGINE=InnoDB  DEFAULT CHARSET=utf8 AUTO_INCREMENT=13 ;

--
-- è½¬å­˜è¡¨ä¸­çš„æ•°æ® `gd_worker`
--

INSERT INTO `gd_worker` (`id`, `username`, `realname`, `avatar`, `password`, `salt`, `email`, `remember_code`, `addtime`, `last_login`, `last_ip`, `status`, `phone`) VALUES
(1, 'admin-root', 'ç®¡ç†å‘˜', 'public/images/avatar/121034209220f1.jpg', '$2a$07$SeBknntpZror9uyftVopmu61qg0ms8Qv1yV6FG.kQOSM.9QhmTo36', '', 'admin@admin.com', NULL, 1469999823, 1472747034, '127.0.0.1', 1, ''),
(2, 'zhujingxiu', 'æœ±æ™¯ä¿®', NULL, '$2y$08$QQOBCnHUhFTH/CjeWztJGOOfAz2xuqSki7P2qn5/WojZQvXc10NAK', NULL, 'zhujingxiu@hotmail.com', NULL, 1470736567, 1470736771, '127.0.0.1', 1, '18850911766'),
(3, 'jingli-demo1', 'ç»ç†æµ‹è¯•A', 'public/images/avatar/avatar2.png', '$2y$08$k1dyXUI7CRYqc/CpH9UT0ONk93y3sP7EQ5Jdcr/lvOoUE4Tob05Oe', NULL, 'a@a.c', NULL, 1471598448, 1472728769, '127.0.0.1', 1, ''),
(4, 'jingli-demo2', 'ç»ç†æµ‹è¯•B', 'public/images/avatar/user1-128x128.jpg', '$2y$08$1gGt5kfd2/S0WGDZNt6PMu8bj1WBhiww4AgNx4TJSRrJaiQ7jV4gu', NULL, 'a@a.cc', NULL, 1471598720, 1472277405, '127.0.0.1', 1, ''),
(5, 'dengji-demo1', 'ç™»è®°æµ‹è¯•A', 'public/images/avatar/avatar1.png', '$2y$08$YHzCZKpn3DYoZWYfE4UD4.7KSke2QaVc5Ou04ljhRNZn5sDqc7QF2', NULL, 'b@a.cc', NULL, 1471598889, 1472692221, '127.0.0.1', 1, ''),
(6, 'dengji-demo2', 'å½•å•æµ‹è¯•B', 'public/images/avatar/user3-128x128.jpg', '$2y$08$7JByOlb/P/L.c8P.mqeMX.N7qSiLGBWyx3YWA44wUDkAMY0rGKtQS', NULL, 'ludan@b.cc', NULL, 1471598958, 1472269180, '127.0.0.1', 1, ''),
(7, 'kuguan-demo1', 'åº“ç®¡æµ‹è¯•A', 'public/images/avatar/user4-128x128.jpg', '$2y$08$SuuFWJ0sZL2z.SZDLaTX3Od/bkVZ04Ax1fc1SmDtoVf8X0XjuRuJO', NULL, 'kuguan@bb.c', NULL, 1471599005, 1472702156, '127.0.0.1', 1, ''),
(8, 'kuguan-demo2', 'åº“ç®¡æµ‹è¯•B', 'public/images/avatar/user5-128x128.jpg', '$2y$08$18MwNqHD5QKE/M2xcF4NXuLScN67KrGQfBCfXPEEEM/W5PNC/5/5G', NULL, 'kuguan@a.cc', NULL, 1471599054, 1472280758, '127.0.0.1', 1, ''),
(9, 'jianding-demo1', 'é‰´å®šäººA', 'public/images/avatar/user8-128x128.jpg', '$2y$08$GqumJcWGIEa25v1OB3i5M.k8Vgxg99kuKXpGsUs5ZzQiUIp.Qer5G', NULL, 'jianding@g.cc', NULL, 1471599152, 0, '127.0.0.1', 1, ''),
(10, 'jianding-demo2', 'é‰´å®šäººB', 'public/images/avatar/user7-128x128.jpg', '$2y$08$kPYhqg2giK0IhN5v6WS4WuMQvXq0m0gpF6Cx.xAR4..dsxS9UmNDG', NULL, 'admin@admin.com', NULL, 1471599225, 0, '127.0.0.1', 1, ''),
(11, 'all-demo1', 'ç»¼åˆè´¦æˆ·', 'public/images/avatar/user2-160x160.jpg', '$2y$08$bnDehV48c1sDsmwPNmmTHOdMMxUE1MHNGItvkmvL7CC2G20doVhcq', NULL, 'all@b.cc', NULL, 1471599856, 1471600479, '127.0.0.1', 1, ''),
(12, 'zhujingxiu1', 'æœ±æ™¯ä¿®2', NULL, '$2y$08$QQOBCnHUhFTH/CjeWztJGOOfAz2xuqSki7P2qn5/WojZQvXc10NAK', NULL, 'zhujingxiu@hotmail.com', NULL, 1470736567, 1470736771, '127.0.0.1', 1, '18850911766');

-- --------------------------------------------------------

--
-- è¡¨çš„ç»“æ„ `gd_worker_activity`
--

CREATE TABLE IF NOT EXISTS `gd_worker_activity` (
  `activity_id` int(11) NOT NULL AUTO_INCREMENT,
  `worker_id` int(11) NOT NULL DEFAULT '0',
  `content` varchar(256) COLLATE utf8_unicode_ci DEFAULT NULL,
  `addtime` int(11) NOT NULL,
  PRIMARY KEY (`activity_id`)
) ENGINE=InnoDB  DEFAULT CHARSET=utf8 COLLATE=utf8_unicode_ci AUTO_INCREMENT=361 ;

--
-- è½¬å­˜è¡¨ä¸­çš„æ•°æ® `gd_worker_activity`
--

INSERT INTO `gd_worker_activity` (`activity_id`, `worker_id`, `content`, `addtime`) VALUES
(1, 1, 'SELECT COUNT(*) AS `numrows`', 1472186284),
(2, 1, 'SELECT COUNT(*) AS `numrows`\nFROM `gd_golden_price`\nWHERE `date` = ''2016-08-25''', 1472186366),
(3, 1, 'SELECT COUNT(*) AS `numrows`', 1472194969),
(4, 1, 'SELECT COUNT(*) AS `numrows`', 1472194969),
(5, 1, 'SELECT COUNT(*) AS `numrows`', 1472194969),
(6, 1, 'SELECT COUNT(*) AS `numrows`', 1472194969),
(7, 1, 'SELECT COUNT(*) AS `numrows`', 1472194969),
(8, 1, 'SELECT COUNT(*) AS `numrows`', 1472194969),
(9, 1, 'SELECT COUNT(*) AS `numrows`', 1472194969),
(10, 1, 'SELECT COUNT(*) AS `numrows`', 1472194969),
(11, 1, 'SELECT COUNT(*) AS `numrows`', 1472194969),
(12, 1, 'SELECT COUNT(*) AS `numrows`', 1472194969),
(13, 1, 'SELECT COUNT(*) AS `numrows`', 1472194969),
(14, 1, 'SELECT COUNT(*) AS `numrows`', 1472194999),
(15, 1, 'SELECT COUNT(*) AS `numrows`', 1472194999),
(16, 1, 'SELECT COUNT(*) AS `numrows`', 1472194999),
(17, 1, 'SELECT COUNT(*) AS `numrows`', 1472194999),
(18, 1, 'SELECT COUNT(*) AS `numrows`', 1472194999),
(19, 1, 'SELECT COUNT(*) AS `numrows`', 1472194999),
(20, 1, 'SELECT COUNT(*) AS `numrows`', 1472194999),
(21, 1, 'SELECT COUNT(*) AS `numrows`', 1472194999),
(22, 1, 'SELECT COUNT(*) AS `numrows`', 1472194999),
(23, 1, 'SELECT COUNT(*) AS `numrows`', 1472194999),
(24, 1, 'SELECT COUNT(*) AS `numrows`', 1472194999),
(25, 1, 'SELECT COUNT(*) AS `numrows`', 1472195029),
(26, 1, 'SELECT COUNT(*) AS `numrows`', 1472195029),
(27, 1, 'SELECT COUNT(*) AS `numrows`', 1472195029),
(28, 1, 'SELECT COUNT(*) AS `numrows`', 1472195029),
(29, 1, 'SELECT COUNT(*) AS `numrows`', 1472195029),
(30, 1, 'SELECT COUNT(*) AS `numrows`', 1472195029),
(31, 1, 'SELECT COUNT(*) AS `numrows`', 1472195029),
(32, 1, 'SELECT COUNT(*) AS `numrows`', 1472195029),
(33, 1, 'SELECT COUNT(*) AS `numrows`', 1472195029),
(34, 1, 'SELECT COUNT(*) AS `numrows`', 1472195029),
(35, 1, 'SELECT COUNT(*) AS `numrows`', 1472195029),
(36, 1, 'SELECT COUNT(*) AS `numrows`', 1472195059),
(37, 1, 'SELECT COUNT(*) AS `numrows`', 1472195059),
(38, 1, 'SELECT COUNT(*) AS `numrows`', 1472195059),
(39, 1, 'SELECT COUNT(*) AS `numrows`', 1472195059),
(40, 1, 'SELECT COUNT(*) AS `numrows`', 1472195059),
(41, 1, 'SELECT COUNT(*) AS `numrows`', 1472195059),
(42, 1, 'SELECT COUNT(*) AS `numrows`', 1472195059),
(43, 1, 'SELECT COUNT(*) AS `numrows`', 1472195059),
(44, 1, 'SELECT COUNT(*) AS `numrows`', 1472195059),
(45, 1, 'SELECT COUNT(*) AS `numrows`', 1472195059),
(46, 1, 'SELECT COUNT(*) AS `numrows`', 1472195059),
(47, 1, 'SELECT COUNT(*) AS `numrows`', 1472195089),
(48, 1, 'SELECT COUNT(*) AS `numrows`', 1472195089),
(49, 1, 'SELECT COUNT(*) AS `numrows`', 1472195089),
(50, 1, 'SELECT COUNT(*) AS `numrows`', 1472195089),
(51, 1, 'SELECT COUNT(*) AS `numrows`', 1472195089),
(52, 1, 'SELECT COUNT(*) AS `numrows`', 1472195089),
(53, 1, 'SELECT COUNT(*) AS `numrows`', 1472195089),
(54, 1, 'SELECT COUNT(*) AS `numrows`', 1472195089),
(55, 1, 'SELECT COUNT(*) AS `numrows`', 1472195089),
(56, 1, 'SELECT COUNT(*) AS `numrows`', 1472195089),
(57, 1, 'SELECT COUNT(*) AS `numrows`', 1472195089),
(58, 1, 'SELECT COUNT(*) AS `numrows`', 1472195119),
(59, 1, 'SELECT COUNT(*) AS `numrows`', 1472195119),
(60, 1, 'SELECT COUNT(*) AS `numrows`', 1472195119),
(61, 1, 'SELECT COUNT(*) AS `numrows`', 1472195119),
(62, 1, 'SELECT COUNT(*) AS `numrows`', 1472195119),
(63, 1, 'SELECT COUNT(*) AS `numrows`', 1472195119),
(64, 1, 'SELECT COUNT(*) AS `numrows`', 1472195119),
(65, 1, 'SELECT COUNT(*) AS `numrows`', 1472195119),
(66, 1, 'SELECT COUNT(*) AS `numrows`', 1472195119),
(67, 1, 'SELECT COUNT(*) AS `numrows`', 1472195119),
(68, 1, 'SELECT COUNT(*) AS `numrows`', 1472195119),
(69, 1, 'SELECT COUNT(*) AS `numrows`', 1472195149),
(70, 1, 'SELECT COUNT(*) AS `numrows`', 1472195149),
(71, 1, 'SELECT COUNT(*) AS `numrows`', 1472195149),
(72, 1, 'SELECT COUNT(*) AS `numrows`', 1472195149),
(73, 1, 'SELECT COUNT(*) AS `numrows`', 1472195149),
(74, 1, 'SELECT COUNT(*) AS `numrows`', 1472195149),
(75, 1, 'SELECT COUNT(*) AS `numrows`', 1472195149),
(76, 1, 'SELECT COUNT(*) AS `numrows`', 1472195149),
(77, 1, 'SELECT COUNT(*) AS `numrows`', 1472195149),
(78, 1, 'SELECT COUNT(*) AS `numrows`', 1472195149),
(79, 1, 'SELECT COUNT(*) AS `numrows`', 1472195149),
(80, 1, 'SELECT COUNT(*) AS `numrows`', 1472195178),
(81, 1, 'SELECT COUNT(*) AS `numrows`', 1472195178),
(82, 1, 'SELECT COUNT(*) AS `numrows`', 1472195178),
(83, 1, 'SELECT COUNT(*) AS `numrows`', 1472195178),
(84, 1, 'SELECT COUNT(*) AS `numrows`', 1472195178),
(85, 1, 'SELECT COUNT(*) AS `numrows`', 1472195178),
(86, 1, 'SELECT COUNT(*) AS `numrows`', 1472195178),
(87, 1, 'SELECT COUNT(*) AS `numrows`', 1472195178),
(88, 1, 'SELECT COUNT(*) AS `numrows`', 1472195178),
(89, 1, 'SELECT COUNT(*) AS `numrows`', 1472195178),
(90, 1, 'SELECT COUNT(*) AS `numrows`', 1472195178),
(91, 1, 'SELECT COUNT(*) AS `numrows`', 1472195208),
(92, 1, 'SELECT COUNT(*) AS `numrows`', 1472195208),
(93, 1, 'SELECT COUNT(*) AS `numrows`', 1472195208),
(94, 1, 'SELECT COUNT(*) AS `numrows`', 1472195208),
(95, 1, 'SELECT COUNT(*) AS `numrows`', 1472195208),
(96, 1, 'SELECT COUNT(*) AS `numrows`', 1472195208),
(97, 1, 'SELECT COUNT(*) AS `numrows`', 1472195208),
(98, 1, 'SELECT COUNT(*) AS `numrows`', 1472195208),
(99, 1, 'SELECT COUNT(*) AS `numrows`', 1472195208),
(100, 1, 'SELECT COUNT(*) AS `numrows`', 1472195208),
(101, 1, 'SELECT COUNT(*) AS `numrows`', 1472195208),
(102, 1, 'SELECT COUNT(*) AS `numrows`', 1472195238),
(103, 1, 'SELECT COUNT(*) AS `numrows`', 1472195238),
(104, 1, 'SELECT COUNT(*) AS `numrows`', 1472195238),
(105, 1, 'SELECT COUNT(*) AS `numrows`', 1472195238),
(106, 1, 'SELECT COUNT(*) AS `numrows`', 1472195238),
(107, 1, 'SELECT COUNT(*) AS `numrows`', 1472195238),
(108, 1, 'SELECT COUNT(*) AS `numrows`', 1472195238),
(109, 1, 'SELECT COUNT(*) AS `numrows`', 1472195238),
(110, 1, 'SELECT COUNT(*) AS `numrows`', 1472195238),
(111, 1, 'SELECT COUNT(*) AS `numrows`', 1472195238),
(112, 1, 'SELECT COUNT(*) AS `numrows`', 1472195238),
(113, 1, 'SELECT COUNT(*) AS `numrows`', 1472195268),
(114, 1, 'SELECT COUNT(*) AS `numrows`', 1472195268),
(115, 1, 'SELECT COUNT(*) AS `numrows`', 1472195268),
(116, 1, 'SELECT COUNT(*) AS `numrows`', 1472195268),
(117, 1, 'SELECT COUNT(*) AS `numrows`', 1472195268),
(118, 1, 'SELECT COUNT(*) AS `numrows`', 1472195268),
(119, 1, 'SELECT COUNT(*) AS `numrows`', 1472195268),
(120, 1, 'SELECT COUNT(*) AS `numrows`', 1472195268),
(121, 1, 'SELECT COUNT(*) AS `numrows`', 1472195268),
(122, 1, 'SELECT COUNT(*) AS `numrows`', 1472195268),
(123, 1, 'SELECT COUNT(*) AS `numrows`', 1472195268),
(124, 1, 'SELECT COUNT(*) AS `numrows`', 1472195298),
(125, 1, 'SELECT COUNT(*) AS `numrows`', 1472195298),
(126, 1, 'SELECT COUNT(*) AS `numrows`', 1472195298),
(127, 1, 'SELECT COUNT(*) AS `numrows`', 1472195298),
(128, 1, 'SELECT COUNT(*) AS `numrows`', 1472195298),
(129, 1, 'SELECT COUNT(*) AS `numrows`', 1472195298),
(130, 1, 'SELECT COUNT(*) AS `numrows`', 1472195298),
(131, 1, 'SELECT COUNT(*) AS `numrows`', 1472195298),
(132, 1, 'SELECT COUNT(*) AS `numrows`', 1472195298),
(133, 1, 'SELECT COUNT(*) AS `numrows`', 1472195298),
(134, 1, 'SELECT COUNT(*) AS `numrows`', 1472195298),
(135, 1, 'SELECT COUNT(*) AS `numrows`', 1472195329),
(136, 1, 'SELECT COUNT(*) AS `numrows`', 1472195329),
(137, 1, 'SELECT COUNT(*) AS `numrows`', 1472195329),
(138, 1, 'SELECT COUNT(*) AS `numrows`', 1472195329),
(139, 1, 'SELECT COUNT(*) AS `numrows`', 1472195329),
(140, 1, 'SELECT COUNT(*) AS `numrows`', 1472195329),
(141, 1, 'SELECT COUNT(*) AS `numrows`', 1472195329),
(142, 1, 'SELECT COUNT(*) AS `numrows`', 1472195329),
(143, 1, 'SELECT COUNT(*) AS `numrows`', 1472195329),
(144, 1, 'SELECT COUNT(*) AS `numrows`', 1472195329),
(145, 1, 'SELECT COUNT(*) AS `numrows`', 1472195329),
(146, 1, 'SELECT COUNT(*) AS `numrows`\nFROM `gd_golden_today`\nWHERE `updatetime` = 1472190237\nAND `type` = ''Au(T+D)''', 1472195359),
(147, 1, 'SELECT COUNT(*) AS `numrows`\nFROM `gd_golden_today`\nWHERE `updatetime` = 1472190233\nAND `type` = ''Au99.99''', 1472195359),
(148, 1, 'SELECT COUNT(*) AS `numrows`\nFROM `gd_golden_today`\nWHERE `updatetime` = 1472190237\nAND `type` = ''mAu(T+D)''', 1472195359),
(149, 1, 'SELECT COUNT(*) AS `numrows`\nFROM `gd_golden_today`\nWHERE `updatetime` = 1472190232\nAND `type` = ''Au(T+N2)''', 1472195359),
(150, 1, 'SELECT COUNT(*) AS `numrows`\nFROM `gd_golden_today`\nWHERE `updatetime` = 1472190158\nAND `type` = ''Au99.95''', 1472195359),
(151, 1, 'SELECT COUNT(*) AS `numrows`\nFROM `gd_golden_today`\nWHERE `updatetime` = 1472189752\nAND `type` = ''Pt99.95''', 1472195359),
(152, 1, 'SELECT COUNT(*) AS `numrows`\nFROM `gd_golden_today`\nWHERE `updatetime` = 1472190233\nAND `type` = ''Au(T+N1)''', 1472195359),
(153, 1, 'SELECT COUNT(*) AS `numrows`\nFROM `gd_golden_today`\nWHERE `updatetime` = 1472190063\nAND `type` = ''Au100g''', 1472195359),
(154, 1, 'SELECT COUNT(*) AS `numrows`\nFROM `gd_golden_today`\nWHERE `updatetime` = 1472190224\nAND `type` = ''iAu99.99''', 1472195359),
(155, 1, 'SELECT COUNT(*) AS `numrows`\nFROM `gd_golden_today`\nWHERE `updatetime` = 1472145654\nAND `type` = ''iAu100g''', 1472195359),
(156, 1, 'SELECT COUNT(*) AS `numrows`\nFROM `gd_golden_today`\nWHERE `updatetime` = 1472125226\nAND `type` = ''iAu99.5''', 1472195359),
(157, 1, 'SELECT COUNT(*) AS `numrows`\nFROM `gd_golden_today`\nWHERE `updatetime` = 1472190237\nAND `type` = ''Au(T+D)''', 1472195389),
(158, 1, 'SELECT COUNT(*) AS `numrows`\nFROM `gd_golden_today`\nWHERE `updatetime` = 1472190233\nAND `type` = ''Au99.99''', 1472195389),
(159, 1, 'SELECT COUNT(*) AS `numrows`\nFROM `gd_golden_today`\nWHERE `updatetime` = 1472190237\nAND `type` = ''mAu(T+D)''', 1472195389),
(160, 1, 'SELECT COUNT(*) AS `numrows`\nFROM `gd_golden_today`\nWHERE `updatetime` = 1472190232\nAND `type` = ''Au(T+N2)''', 1472195389),
(161, 1, 'SELECT COUNT(*) AS `numrows`\nFROM `gd_golden_today`\nWHERE `updatetime` = 1472190158\nAND `type` = ''Au99.95''', 1472195389),
(162, 1, 'SELECT COUNT(*) AS `numrows`\nFROM `gd_golden_today`\nWHERE `updatetime` = 1472189752\nAND `type` = ''Pt99.95''', 1472195389),
(163, 1, 'SELECT COUNT(*) AS `numrows`\nFROM `gd_golden_today`\nWHERE `updatetime` = 1472190233\nAND `type` = ''Au(T+N1)''', 1472195389),
(164, 1, 'SELECT COUNT(*) AS `numrows`\nFROM `gd_golden_today`\nWHERE `updatetime` = 1472190063\nAND `type` = ''Au100g''', 1472195389),
(165, 1, 'SELECT COUNT(*) AS `numrows`\nFROM `gd_golden_today`\nWHERE `updatetime` = 1472190224\nAND `type` = ''iAu99.99''', 1472195389),
(166, 1, 'SELECT COUNT(*) AS `numrows`\nFROM `gd_golden_today`\nWHERE `updatetime` = 1472145654\nAND `type` = ''iAu100g''', 1472195389),
(167, 1, 'SELECT COUNT(*) AS `numrows`\nFROM `gd_golden_today`\nWHERE `updatetime` = 1472125226\nAND `type` = ''iAu99.5''', 1472195389),
(168, 1, 'SELECT COUNT(*) AS `numrows`\nFROM `gd_golden_today`\nWHERE `updatetime` = 1472190237\nAND `type` = ''Au(T+D)''', 1472195419),
(169, 1, 'SELECT COUNT(*) AS `numrows`\nFROM `gd_golden_today`\nWHERE `updatetime` = 1472190233\nAND `type` = ''Au99.99''', 1472195419),
(170, 1, 'SELECT COUNT(*) AS `numrows`\nFROM `gd_golden_today`\nWHERE `updatetime` = 1472190237\nAND `type` = ''mAu(T+D)''', 1472195419),
(171, 1, 'SELECT COUNT(*) AS `numrows`\nFROM `gd_golden_today`\nWHERE `updatetime` = 1472190232\nAND `type` = ''Au(T+N2)''', 1472195419),
(172, 1, 'SELECT COUNT(*) AS `numrows`\nFROM `gd_golden_today`\nWHERE `updatetime` = 1472190158\nAND `type` = ''Au99.95''', 1472195419),
(173, 1, 'SELECT COUNT(*) AS `numrows`\nFROM `gd_golden_today`\nWHERE `updatetime` = 1472189752\nAND `type` = ''Pt99.95''', 1472195419),
(174, 1, 'SELECT COUNT(*) AS `numrows`\nFROM `gd_golden_today`\nWHERE `updatetime` = 1472190233\nAND `type` = ''Au(T+N1)''', 1472195419),
(175, 1, 'SELECT COUNT(*) AS `numrows`\nFROM `gd_golden_today`\nWHERE `updatetime` = 1472190063\nAND `type` = ''Au100g''', 1472195419),
(176, 1, 'SELECT COUNT(*) AS `numrows`\nFROM `gd_golden_today`\nWHERE `updatetime` = 1472190224\nAND `type` = ''iAu99.99''', 1472195419),
(177, 1, 'SELECT COUNT(*) AS `numrows`\nFROM `gd_golden_today`\nWHERE `updatetime` = 1472145654\nAND `type` = ''iAu100g''', 1472195419),
(178, 1, 'SELECT COUNT(*) AS `numrows`\nFROM `gd_golden_today`\nWHERE `updatetime` = 1472125226\nAND `type` = ''iAu99.5''', 1472195419),
(179, 1, 'SELECT COUNT(*) AS `numrows`\nFROM `gd_golden_today`\nWHERE `updatetime` = 1472190237\nAND `type` = ''Au(T+D)''', 1472195449),
(180, 1, 'SELECT COUNT(*) AS `numrows`\nFROM `gd_golden_today`\nWHERE `updatetime` = 1472190233\nAND `type` = ''Au99.99''', 1472195449),
(181, 1, 'SELECT COUNT(*) AS `numrows`\nFROM `gd_golden_today`\nWHERE `updatetime` = 1472190237\nAND `type` = ''mAu(T+D)''', 1472195449),
(182, 1, 'SELECT COUNT(*) AS `numrows`\nFROM `gd_golden_today`\nWHERE `updatetime` = 1472190232\nAND `type` = ''Au(T+N2)''', 1472195449),
(183, 1, 'SELECT COUNT(*) AS `numrows`\nFROM `gd_golden_today`\nWHERE `updatetime` = 1472190158\nAND `type` = ''Au99.95''', 1472195449),
(184, 1, 'SELECT COUNT(*) AS `numrows`\nFROM `gd_golden_today`\nWHERE `updatetime` = 1472189752\nAND `type` = ''Pt99.95''', 1472195449),
(185, 1, 'SELECT COUNT(*) AS `numrows`\nFROM `gd_golden_today`\nWHERE `updatetime` = 1472190233\nAND `type` = ''Au(T+N1)''', 1472195449),
(186, 1, 'SELECT COUNT(*) AS `numrows`\nFROM `gd_golden_today`\nWHERE `updatetime` = 1472190063\nAND `type` = ''Au100g''', 1472195449),
(187, 1, 'SELECT COUNT(*) AS `numrows`\nFROM `gd_golden_today`\nWHERE `updatetime` = 1472190224\nAND `type` = ''iAu99.99''', 1472195449),
(188, 1, 'SELECT COUNT(*) AS `numrows`\nFROM `gd_golden_today`\nWHERE `updatetime` = 1472145654\nAND `type` = ''iAu100g''', 1472195449),
(189, 1, 'SELECT COUNT(*) AS `numrows`\nFROM `gd_golden_today`\nWHERE `updatetime` = 1472125226\nAND `type` = ''iAu99.5''', 1472195449),
(190, 1, 'SELECT COUNT(*) AS `numrows`\nFROM `gd_golden_today`\nWHERE `updatetime` = 1472190237\nAND `type` = ''Au(T+D)''', 1472195479),
(191, 1, 'SELECT COUNT(*) AS `numrows`\nFROM `gd_golden_today`\nWHERE `updatetime` = 1472190233\nAND `type` = ''Au99.99''', 1472195479),
(192, 1, 'SELECT COUNT(*) AS `numrows`\nFROM `gd_golden_today`\nWHERE `updatetime` = 1472190237\nAND `type` = ''mAu(T+D)''', 1472195479),
(193, 1, 'SELECT COUNT(*) AS `numrows`\nFROM `gd_golden_today`\nWHERE `updatetime` = 1472190232\nAND `type` = ''Au(T+N2)''', 1472195479),
(194, 1, 'SELECT COUNT(*) AS `numrows`\nFROM `gd_golden_today`\nWHERE `updatetime` = 1472190158\nAND `type` = ''Au99.95''', 1472195479),
(195, 1, 'SELECT COUNT(*) AS `numrows`\nFROM `gd_golden_today`\nWHERE `updatetime` = 1472189752\nAND `type` = ''Pt99.95''', 1472195479),
(196, 1, 'SELECT COUNT(*) AS `numrows`\nFROM `gd_golden_today`\nWHERE `updatetime` = 1472190233\nAND `type` = ''Au(T+N1)''', 1472195479),
(197, 1, 'SELECT COUNT(*) AS `numrows`\nFROM `gd_golden_today`\nWHERE `updatetime` = 1472190063\nAND `type` = ''Au100g''', 1472195479),
(198, 1, 'SELECT COUNT(*) AS `numrows`\nFROM `gd_golden_today`\nWHERE `updatetime` = 1472190224\nAND `type` = ''iAu99.99''', 1472195479),
(199, 1, 'SELECT COUNT(*) AS `numrows`\nFROM `gd_golden_today`\nWHERE `updatetime` = 1472145654\nAND `type` = ''iAu100g''', 1472195479),
(200, 1, 'SELECT COUNT(*) AS `numrows`\nFROM `gd_golden_today`\nWHERE `updatetime` = 1472125226\nAND `type` = ''iAu99.5''', 1472195479),
(201, 1, 'SELECT COUNT(*) AS `numrows`\nFROM `gd_golden_today`\nWHERE `updatetime` = 1472190237\nAND `type` = ''Au(T+D)''', 1472195508),
(202, 1, 'SELECT COUNT(*) AS `numrows`\nFROM `gd_golden_today`\nWHERE `updatetime` = 1472190233\nAND `type` = ''Au99.99''', 1472195508),
(203, 1, 'SELECT COUNT(*) AS `numrows`\nFROM `gd_golden_today`\nWHERE `updatetime` = 1472190237\nAND `type` = ''mAu(T+D)''', 1472195508),
(204, 1, 'SELECT COUNT(*) AS `numrows`\nFROM `gd_golden_today`\nWHERE `updatetime` = 1472190232\nAND `type` = ''Au(T+N2)''', 1472195508),
(205, 1, 'SELECT COUNT(*) AS `numrows`\nFROM `gd_golden_today`\nWHERE `updatetime` = 1472190158\nAND `type` = ''Au99.95''', 1472195508),
(206, 1, 'SELECT COUNT(*) AS `numrows`\nFROM `gd_golden_today`\nWHERE `updatetime` = 1472189752\nAND `type` = ''Pt99.95''', 1472195508),
(207, 1, 'SELECT COUNT(*) AS `numrows`\nFROM `gd_golden_today`\nWHERE `updatetime` = 1472190233\nAND `type` = ''Au(T+N1)''', 1472195508),
(208, 1, 'SELECT COUNT(*) AS `numrows`\nFROM `gd_golden_today`\nWHERE `updatetime` = 1472190063\nAND `type` = ''Au100g''', 1472195508),
(209, 1, 'SELECT COUNT(*) AS `numrows`\nFROM `gd_golden_today`\nWHERE `updatetime` = 1472190224\nAND `type` = ''iAu99.99''', 1472195508),
(210, 1, 'SELECT COUNT(*) AS `numrows`\nFROM `gd_golden_today`\nWHERE `updatetime` = 1472145654\nAND `type` = ''iAu100g''', 1472195508),
(211, 1, 'SELECT COUNT(*) AS `numrows`\nFROM `gd_golden_today`\nWHERE `updatetime` = 1472125226\nAND `type` = ''iAu99.5''', 1472195508),
(212, 1, 'SELECT COUNT(*) AS `numrows`\nFROM `gd_golden_today`\nWHERE `updatetime` = 1472190237\nAND `type` = ''Au(T+D)''', 1472195538),
(213, 1, 'SELECT COUNT(*) AS `numrows`\nFROM `gd_golden_today`\nWHERE `updatetime` = 1472190233\nAND `type` = ''Au99.99''', 1472195538),
(214, 1, 'SELECT COUNT(*) AS `numrows`\nFROM `gd_golden_today`\nWHERE `updatetime` = 1472190237\nAND `type` = ''mAu(T+D)''', 1472195538),
(215, 1, 'SELECT COUNT(*) AS `numrows`\nFROM `gd_golden_today`\nWHERE `updatetime` = 1472190232\nAND `type` = ''Au(T+N2)''', 1472195538),
(216, 1, 'SELECT COUNT(*) AS `numrows`\nFROM `gd_golden_today`\nWHERE `updatetime` = 1472190158\nAND `type` = ''Au99.95''', 1472195538),
(217, 1, 'SELECT COUNT(*) AS `numrows`\nFROM `gd_golden_today`\nWHERE `updatetime` = 1472189752\nAND `type` = ''Pt99.95''', 1472195538),
(218, 1, 'SELECT COUNT(*) AS `numrows`\nFROM `gd_golden_today`\nWHERE `updatetime` = 1472190233\nAND `type` = ''Au(T+N1)''', 1472195538),
(219, 1, 'SELECT COUNT(*) AS `numrows`\nFROM `gd_golden_today`\nWHERE `updatetime` = 1472190063\nAND `type` = ''Au100g''', 1472195538),
(220, 1, 'SELECT COUNT(*) AS `numrows`\nFROM `gd_golden_today`\nWHERE `updatetime` = 1472190224\nAND `type` = ''iAu99.99''', 1472195538),
(221, 1, 'SELECT COUNT(*) AS `numrows`\nFROM `gd_golden_today`\nWHERE `updatetime` = 1472145654\nAND `type` = ''iAu100g''', 1472195538),
(222, 1, 'SELECT COUNT(*) AS `numrows`\nFROM `gd_golden_today`\nWHERE `updatetime` = 1472125226\nAND `type` = ''iAu99.5''', 1472195538),
(223, 1, 'SELECT COUNT(*) AS `numrows`\nFROM `gd_golden_today`\nWHERE `updatetime` = 1472190237\nAND `type` = ''Au(T+D)''', 1472195568),
(224, 1, 'SELECT COUNT(*) AS `numrows`\nFROM `gd_golden_today`\nWHERE `updatetime` = 1472190233\nAND `type` = ''Au99.99''', 1472195568),
(225, 1, 'SELECT COUNT(*) AS `numrows`\nFROM `gd_golden_today`\nWHERE `updatetime` = 1472190237\nAND `type` = ''mAu(T+D)''', 1472195568),
(226, 1, 'SELECT COUNT(*) AS `numrows`\nFROM `gd_golden_today`\nWHERE `updatetime` = 1472190232\nAND `type` = ''Au(T+N2)''', 1472195568),
(227, 1, 'SELECT COUNT(*) AS `numrows`\nFROM `gd_golden_today`\nWHERE `updatetime` = 1472190158\nAND `type` = ''Au99.95''', 1472195568),
(228, 1, 'SELECT COUNT(*) AS `numrows`\nFROM `gd_golden_today`\nWHERE `updatetime` = 1472189752\nAND `type` = ''Pt99.95''', 1472195568),
(229, 1, 'SELECT COUNT(*) AS `numrows`\nFROM `gd_golden_today`\nWHERE `updatetime` = 1472190233\nAND `type` = ''Au(T+N1)''', 1472195568),
(230, 1, 'SELECT COUNT(*) AS `numrows`\nFROM `gd_golden_today`\nWHERE `updatetime` = 1472190063\nAND `type` = ''Au100g''', 1472195568),
(231, 1, 'SELECT COUNT(*) AS `numrows`\nFROM `gd_golden_today`\nWHERE `updatetime` = 1472190224\nAND `type` = ''iAu99.99''', 1472195568),
(232, 1, 'SELECT COUNT(*) AS `numrows`\nFROM `gd_golden_today`\nWHERE `updatetime` = 1472145654\nAND `type` = ''iAu100g''', 1472195568),
(233, 1, 'SELECT COUNT(*) AS `numrows`\nFROM `gd_golden_today`\nWHERE `updatetime` = 1472125226\nAND `type` = ''iAu99.5''', 1472195568),
(234, 1, 'SELECT COUNT(*) AS `numrows`\nFROM `gd_golden_today`\nWHERE `updatetime` = 1472190237\nAND `type` = ''Au(T+D)''', 1472195598),
(235, 1, 'SELECT COUNT(*) AS `numrows`\nFROM `gd_golden_today`\nWHERE `updatetime` = 1472190233\nAND `type` = ''Au99.99''', 1472195598),
(236, 1, 'SELECT COUNT(*) AS `numrows`\nFROM `gd_golden_today`\nWHERE `updatetime` = 1472190237\nAND `type` = ''mAu(T+D)''', 1472195598),
(237, 1, 'SELECT COUNT(*) AS `numrows`\nFROM `gd_golden_today`\nWHERE `updatetime` = 1472190232\nAND `type` = ''Au(T+N2)''', 1472195598),
(238, 1, 'SELECT COUNT(*) AS `numrows`\nFROM `gd_golden_today`\nWHERE `updatetime` = 1472190158\nAND `type` = ''Au99.95''', 1472195598),
(239, 1, 'SELECT COUNT(*) AS `numrows`\nFROM `gd_golden_today`\nWHERE `updatetime` = 1472189752\nAND `type` = ''Pt99.95''', 1472195598),
(240, 1, 'SELECT COUNT(*) AS `numrows`\nFROM `gd_golden_today`\nWHERE `updatetime` = 1472190233\nAND `type` = ''Au(T+N1)''', 1472195598),
(241, 1, 'SELECT COUNT(*) AS `numrows`\nFROM `gd_golden_today`\nWHERE `updatetime` = 1472190063\nAND `type` = ''Au100g''', 1472195598),
(242, 1, 'SELECT COUNT(*) AS `numrows`\nFROM `gd_golden_today`\nWHERE `updatetime` = 1472190224\nAND `type` = ''iAu99.99''', 1472195598),
(243, 1, 'SELECT COUNT(*) AS `numrows`\nFROM `gd_golden_today`\nWHERE `updatetime` = 1472145654\nAND `type` = ''iAu100g''', 1472195598),
(244, 1, 'SELECT COUNT(*) AS `numrows`\nFROM `gd_golden_today`\nWHERE `updatetime` = 1472125226\nAND `type` = ''iAu99.5''', 1472195598),
(245, 1, 'SELECT COUNT(*) AS `numrows`\nFROM `gd_golden_today`\nWHERE `updatetime` = 1472190237\nAND `type` = ''Au(T+D)''', 1472195628),
(246, 1, 'SELECT COUNT(*) AS `numrows`\nFROM `gd_golden_today`\nWHERE `updatetime` = 1472190233\nAND `type` = ''Au99.99''', 1472195628),
(247, 1, 'SELECT COUNT(*) AS `numrows`\nFROM `gd_golden_today`\nWHERE `updatetime` = 1472190237\nAND `type` = ''mAu(T+D)''', 1472195628),
(248, 1, 'SELECT COUNT(*) AS `numrows`\nFROM `gd_golden_today`\nWHERE `updatetime` = 1472190232\nAND `type` = ''Au(T+N2)''', 1472195628),
(249, 1, 'SELECT COUNT(*) AS `numrows`\nFROM `gd_golden_today`\nWHERE `updatetime` = 1472190158\nAND `type` = ''Au99.95''', 1472195628),
(250, 1, 'SELECT COUNT(*) AS `numrows`\nFROM `gd_golden_today`\nWHERE `updatetime` = 1472189752\nAND `type` = ''Pt99.95''', 1472195628),
(251, 1, 'SELECT COUNT(*) AS `numrows`\nFROM `gd_golden_today`\nWHERE `updatetime` = 1472190233\nAND `type` = ''Au(T+N1)''', 1472195628),
(252, 1, 'SELECT COUNT(*) AS `numrows`\nFROM `gd_golden_today`\nWHERE `updatetime` = 1472190063\nAND `type` = ''Au100g''', 1472195628),
(253, 1, 'SELECT COUNT(*) AS `numrows`\nFROM `gd_golden_today`\nWHERE `updatetime` = 1472190224\nAND `type` = ''iAu99.99''', 1472195628),
(254, 1, 'SELECT COUNT(*) AS `numrows`\nFROM `gd_golden_today`\nWHERE `updatetime` = 1472145654\nAND `type` = ''iAu100g''', 1472195628),
(255, 1, 'SELECT COUNT(*) AS `numrows`\nFROM `gd_golden_today`\nWHERE `updatetime` = 1472125226\nAND `type` = ''iAu99.5''', 1472195628),
(256, 1, 'SELECT COUNT(*) AS `numrows`\nFROM `gd_golden_today`\nWHERE `updatetime` = 1472190237\nAND `type` = ''Au(T+D)''', 1472195658),
(257, 1, 'SELECT COUNT(*) AS `numrows`\nFROM `gd_golden_today`\nWHERE `updatetime` = 1472190233\nAND `type` = ''Au99.99''', 1472195658),
(258, 1, 'SELECT COUNT(*) AS `numrows`\nFROM `gd_golden_today`\nWHERE `updatetime` = 1472190237\nAND `type` = ''mAu(T+D)''', 1472195658),
(259, 1, 'SELECT COUNT(*) AS `numrows`\nFROM `gd_golden_today`\nWHERE `updatetime` = 1472190232\nAND `type` = ''Au(T+N2)''', 1472195658),
(260, 1, 'SELECT COUNT(*) AS `numrows`\nFROM `gd_golden_today`\nWHERE `updatetime` = 1472190158\nAND `type` = ''Au99.95''', 1472195658),
(261, 1, 'SELECT COUNT(*) AS `numrows`\nFROM `gd_golden_today`\nWHERE `updatetime` = 1472189752\nAND `type` = ''Pt99.95''', 1472195658),
(262, 1, 'SELECT COUNT(*) AS `numrows`\nFROM `gd_golden_today`\nWHERE `updatetime` = 1472190233\nAND `type` = ''Au(T+N1)''', 1472195658),
(263, 1, 'SELECT COUNT(*) AS `numrows`\nFROM `gd_golden_today`\nWHERE `updatetime` = 1472190063\nAND `type` = ''Au100g''', 1472195658),
(264, 1, 'SELECT COUNT(*) AS `numrows`\nFROM `gd_golden_today`\nWHERE `updatetime` = 1472190224\nAND `type` = ''iAu99.99''', 1472195658),
(265, 1, 'SELECT COUNT(*) AS `numrows`\nFROM `gd_golden_today`\nWHERE `updatetime` = 1472145654\nAND `type` = ''iAu100g''', 1472195658),
(266, 1, 'SELECT COUNT(*) AS `numrows`\nFROM `gd_golden_today`\nWHERE `updatetime` = 1472125226\nAND `type` = ''iAu99.5''', 1472195658),
(267, 1, 'SELECT COUNT(*) AS `numrows`\nFROM `gd_golden_today`\nWHERE `updatetime` = 1472190237\nAND `type` = ''Au(T+D)''', 1472195688),
(268, 1, 'SELECT COUNT(*) AS `numrows`\nFROM `gd_golden_today`\nWHERE `updatetime` = 1472190233\nAND `type` = ''Au99.99''', 1472195688),
(269, 1, 'SELECT COUNT(*) AS `numrows`\nFROM `gd_golden_today`\nWHERE `updatetime` = 1472190237\nAND `type` = ''mAu(T+D)''', 1472195688),
(270, 1, 'SELECT COUNT(*) AS `numrows`\nFROM `gd_golden_today`\nWHERE `updatetime` = 1472190232\nAND `type` = ''Au(T+N2)''', 1472195688),
(271, 1, 'SELECT COUNT(*) AS `numrows`\nFROM `gd_golden_today`\nWHERE `updatetime` = 1472190158\nAND `type` = ''Au99.95''', 1472195688),
(272, 1, 'SELECT COUNT(*) AS `numrows`\nFROM `gd_golden_today`\nWHERE `updatetime` = 1472189752\nAND `type` = ''Pt99.95''', 1472195688),
(273, 1, 'SELECT COUNT(*) AS `numrows`\nFROM `gd_golden_today`\nWHERE `updatetime` = 1472190233\nAND `type` = ''Au(T+N1)''', 1472195688),
(274, 1, 'SELECT COUNT(*) AS `numrows`\nFROM `gd_golden_today`\nWHERE `updatetime` = 1472190063\nAND `type` = ''Au100g''', 1472195688),
(275, 1, 'SELECT COUNT(*) AS `numrows`\nFROM `gd_golden_today`\nWHERE `updatetime` = 1472190224\nAND `type` = ''iAu99.99''', 1472195688),
(276, 1, 'SELECT COUNT(*) AS `numrows`\nFROM `gd_golden_today`\nWHERE `updatetime` = 1472145654\nAND `type` = ''iAu100g''', 1472195688),
(277, 1, 'SELECT COUNT(*) AS `numrows`\nFROM `gd_golden_today`\nWHERE `updatetime` = 1472125226\nAND `type` = ''iAu99.5''', 1472195688),
(278, 1, 'SELECT COUNT(*) AS `numrows`\nFROM `gd_golden_today`\nWHERE `updatetime` = 1472190237\nAND `type` = ''Au(T+D)''', 1472195718),
(279, 1, 'SELECT COUNT(*) AS `numrows`\nFROM `gd_golden_today`\nWHERE `updatetime` = 1472190233\nAND `type` = ''Au99.99''', 1472195718),
(280, 1, 'SELECT COUNT(*) AS `numrows`\nFROM `gd_golden_today`\nWHERE `updatetime` = 1472190237\nAND `type` = ''mAu(T+D)''', 1472195718),
(281, 1, 'SELECT COUNT(*) AS `numrows`\nFROM `gd_golden_today`\nWHERE `updatetime` = 1472190232\nAND `type` = ''Au(T+N2)''', 1472195718),
(282, 1, 'SELECT COUNT(*) AS `numrows`\nFROM `gd_golden_today`\nWHERE `updatetime` = 1472190158\nAND `type` = ''Au99.95''', 1472195718),
(283, 1, 'SELECT COUNT(*) AS `numrows`\nFROM `gd_golden_today`\nWHERE `updatetime` = 1472189752\nAND `type` = ''Pt99.95''', 1472195718),
(284, 1, 'SELECT COUNT(*) AS `numrows`\nFROM `gd_golden_today`\nWHERE `updatetime` = 1472190233\nAND `type` = ''Au(T+N1)''', 1472195718),
(285, 1, 'SELECT COUNT(*) AS `numrows`\nFROM `gd_golden_today`\nWHERE `updatetime` = 1472190063\nAND `type` = ''Au100g''', 1472195718),
(286, 1, 'SELECT COUNT(*) AS `numrows`\nFROM `gd_golden_today`\nWHERE `updatetime` = 1472190224\nAND `type` = ''iAu99.99''', 1472195718),
(287, 1, 'SELECT COUNT(*) AS `numrows`\nFROM `gd_golden_today`\nWHERE `updatetime` = 1472145654\nAND `type` = ''iAu100g''', 1472195718),
(288, 1, 'SELECT COUNT(*) AS `numrows`\nFROM `gd_golden_today`\nWHERE `updatetime` = 1472125226\nAND `type` = ''iAu99.5''', 1472195718),
(289, 1, 'SELECT COUNT(*) AS `numrows`\nFROM `gd_golden_today`\nWHERE `updatetime` = 1472190237\nAND `type` = ''Au(T+D)''', 1472195748),
(290, 1, 'SELECT COUNT(*) AS `numrows`\nFROM `gd_golden_today`\nWHERE `updatetime` = 1472190233\nAND `type` = ''Au99.99''', 1472195748),
(291, 1, 'SELECT COUNT(*) AS `numrows`\nFROM `gd_golden_today`\nWHERE `updatetime` = 1472190237\nAND `type` = ''mAu(T+D)''', 1472195748),
(292, 1, 'SELECT COUNT(*) AS `numrows`\nFROM `gd_golden_today`\nWHERE `updatetime` = 1472190232\nAND `type` = ''Au(T+N2)''', 1472195748),
(293, 1, 'SELECT COUNT(*) AS `numrows`\nFROM `gd_golden_today`\nWHERE `updatetime` = 1472190158\nAND `type` = ''Au99.95''', 1472195748),
(294, 1, 'SELECT COUNT(*) AS `numrows`\nFROM `gd_golden_today`\nWHERE `updatetime` = 1472189752\nAND `type` = ''Pt99.95''', 1472195748),
(295, 1, 'SELECT COUNT(*) AS `numrows`\nFROM `gd_golden_today`\nWHERE `updatetime` = 1472190233\nAND `type` = ''Au(T+N1)''', 1472195748),
(296, 1, 'SELECT COUNT(*) AS `numrows`\nFROM `gd_golden_today`\nWHERE `updatetime` = 1472190063\nAND `type` = ''Au100g''', 1472195748),
(297, 1, 'SELECT COUNT(*) AS `numrows`\nFROM `gd_golden_today`\nWHERE `updatetime` = 1472190224\nAND `type` = ''iAu99.99''', 1472195748),
(298, 1, 'SELECT COUNT(*) AS `numrows`\nFROM `gd_golden_today`\nWHERE `updatetime` = 1472145654\nAND `type` = ''iAu100g''', 1472195748),
(299, 1, 'SELECT COUNT(*) AS `numrows`\nFROM `gd_golden_today`\nWHERE `updatetime` = 1472125226\nAND `type` = ''iAu99.5''', 1472195748),
(300, 1, 'SELECT COUNT(*) AS `numrows`\nFROM `gd_golden_today`\nWHERE `updatetime` = 1472125226\nAND `type` = ''iAu99.5''', 1472195946),
(301, 1, 'SELECT COUNT(*) AS `numrows`\nFROM `gd_golden_today`\nWHERE `updatetime` = 1472192789\nAND `type` = ''Au(T+D)''', 1472196023),
(302, 1, 'SELECT COUNT(*) AS `numrows`\nFROM `gd_golden_today`\nWHERE `updatetime` = 1472192741\nAND `type` = ''Au99.99''', 1472196023),
(303, 1, 'SELECT COUNT(*) AS `numrows`\nFROM `gd_golden_today`\nWHERE `updatetime` = 1472192788\nAND `type` = ''mAu(T+D)''', 1472196023),
(304, 1, 'SELECT COUNT(*) AS `numrows`\nFROM `gd_golden_today`\nWHERE `updatetime` = 1472192704\nAND `type` = ''Au99.95''', 1472196023),
(305, 1, 'SELECT COUNT(*) AS `numrows`\nFROM `gd_golden_today`\nWHERE `updatetime` = 1472192621\nAND `type` = ''Au(T+N2)''', 1472196023),
(306, 1, 'SELECT COUNT(*) AS `numrows`\nFROM `gd_golden_today`\nWHERE `updatetime` = 1472192469\nAND `type` = ''Pt99.95''', 1472196023),
(307, 1, 'SELECT COUNT(*) AS `numrows`\nFROM `gd_golden_today`\nWHERE `updatetime` = 1472192736\nAND `type` = ''Au(T+N1)''', 1472196023),
(308, 1, 'SELECT COUNT(*) AS `numrows`\nFROM `gd_golden_today`\nWHERE `updatetime` = 1472192784\nAND `type` = ''Au100g''', 1472196023),
(309, 1, 'SELECT COUNT(*) AS `numrows`\nFROM `gd_golden_today`\nWHERE `updatetime` = 1472192723\nAND `type` = ''iAu100g''', 1472196023),
(310, 1, 'SELECT COUNT(*) AS `numrows`\nFROM `gd_golden_today`\nWHERE `updatetime` = 1472192776\nAND `type` = ''iAu99.99''', 1472196023),
(311, 1, 'SELECT COUNT(*) AS `numrows`\nFROM `gd_golden_today`\nWHERE `updatetime` = 1472125226\nAND `type` = ''iAu99.5''', 1472196023),
(312, 1, 'SELECT COUNT(*) AS `numrows`\nFROM `gd_golden_today`\nWHERE `updatetime` = 1472192789\nAND `type` = ''Au(T+D)''', 1472196186),
(313, 1, 'SELECT COUNT(*) AS `numrows`\nFROM `gd_golden_today`\nWHERE `updatetime` = 1472192741\nAND `type` = ''Au99.99''', 1472196186),
(314, 1, 'SELECT COUNT(*) AS `numrows`\nFROM `gd_golden_today`\nWHERE `updatetime` = 1472192788\nAND `type` = ''mAu(T+D)''', 1472196186),
(315, 1, 'SELECT COUNT(*) AS `numrows`\nFROM `gd_golden_today`\nWHERE `updatetime` = 1472192704\nAND `type` = ''Au99.95''', 1472196186),
(316, 1, 'SELECT COUNT(*) AS `numrows`\nFROM `gd_golden_today`\nWHERE `updatetime` = 1472192621\nAND `type` = ''Au(T+N2)''', 1472196186),
(317, 1, 'SELECT COUNT(*) AS `numrows`\nFROM `gd_golden_today`\nWHERE `updatetime` = 1472192469\nAND `type` = ''Pt99.95''', 1472196186),
(318, 1, 'SELECT COUNT(*) AS `numrows`\nFROM `gd_golden_today`\nWHERE `updatetime` = 1472192736\nAND `type` = ''Au(T+N1)''', 1472196186),
(319, 1, 'SELECT COUNT(*) AS `numrows`\nFROM `gd_golden_today`\nWHERE `updatetime` = 1472192784\nAND `type` = ''Au100g''', 1472196186),
(320, 1, 'SELECT COUNT(*) AS `numrows`\nFROM `gd_golden_today`\nWHERE `updatetime` = 1472192723\nAND `type` = ''iAu100g''', 1472196186),
(321, 1, 'SELECT COUNT(*) AS `numrows`\nFROM `gd_golden_today`\nWHERE `updatetime` = 1472192776\nAND `type` = ''iAu99.99''', 1472196186),
(322, 1, 'SELECT COUNT(*) AS `numrows`\nFROM `gd_golden_today`\nWHERE `updatetime` = 1472125226\nAND `type` = ''iAu99.5''', 1472196186),
(323, 1, 'SELECT COUNT(*) AS `numrows`\nFROM `gd_golden_today`\nWHERE `updatetime` = 1472192789\nAND `type` = ''Au(T+D)''', 1472196512),
(324, 1, 'SELECT COUNT(*) AS `numrows`\nFROM `gd_golden_today`\nWHERE `updatetime` = 1472192741\nAND `type` = ''Au99.99''', 1472196512),
(325, 1, 'SELECT COUNT(*) AS `numrows`\nFROM `gd_golden_today`\nWHERE `updatetime` = 1472192788\nAND `type` = ''mAu(T+D)''', 1472196512),
(326, 1, 'SELECT COUNT(*) AS `numrows`\nFROM `gd_golden_today`\nWHERE `updatetime` = 1472192704\nAND `type` = ''Au99.95''', 1472196512),
(327, 1, 'SELECT COUNT(*) AS `numrows`\nFROM `gd_golden_today`\nWHERE `updatetime` = 1472192621\nAND `type` = ''Au(T+N2)''', 1472196512),
(328, 1, 'SELECT COUNT(*) AS `numrows`\nFROM `gd_golden_today`\nWHERE `updatetime` = 1472192469\nAND `type` = ''Pt99.95''', 1472196512),
(329, 1, 'SELECT COUNT(*) AS `numrows`\nFROM `gd_golden_today`\nWHERE `updatetime` = 1472192736\nAND `type` = ''Au(T+N1)''', 1472196512),
(330, 1, 'SELECT COUNT(*) AS `numrows`\nFROM `gd_golden_today`\nWHERE `updatetime` = 1472192784\nAND `type` = ''Au100g''', 1472196512),
(331, 1, 'SELECT COUNT(*) AS `numrows`\nFROM `gd_golden_today`\nWHERE `updatetime` = 1472192723\nAND `type` = ''iAu100g''', 1472196512),
(332, 1, 'SELECT COUNT(*) AS `numrows`\nFROM `gd_golden_today`\nWHERE `updatetime` = 1472192776\nAND `type` = ''iAu99.99''', 1472196512),
(333, 1, 'SELECT COUNT(*) AS `numrows`\nFROM `gd_golden_today`\nWHERE `updatetime` = 1472125226\nAND `type` = ''iAu99.5''', 1472196512),
(334, 4, '1608272541144202|1', 1472278195),
(335, 4, 'active_period|1608272541144202', 1472278195),
(336, 4, '1608272541144202|1', 1472278325),
(337, 4, '1608272541144202|UPDATE `gd_project_investing` SET `worker_id` = ''4'', `lasttime` = 1472278325\nWHERE `project_sn` = ''1608272541144202''', 1472278325),
(338, 4, 'active_period|1608272541144202', 1472278325),
(339, 4, '1608272541144202|1', 1472278417),
(340, 4, '1608272541144202|UPDATE `gd_project_investing` SET `start` = ''2016-08-27'', `end` = ''2017-08-26'', `worker_id` = ''4'', `lasttime` = 1472278417\nWHERE `project_sn` = ''1608272541144202''', 1472278417),
(341, 4, 'active_period|1608272541144202', 1472278417),
(342, 3, '1608252211011343|1', 1472289668),
(343, 3, '1608252211011343|UPDATE `gd_project_investing` SET `start` = ''2016-08-25'', `end` = ''2017-08-24'', `worker_id` = ''3'', `lasttime` = 1472289668\nWHERE `project_sn` = ''1608252211011343''', 1472289668),
(344, 3, 'active_period|1608252211011343', 1472289668),
(345, 3, 'SD20155454564511|1', 1472384841),
(346, 3, 'SD20155454564511|UPDATE `gd_project_investing` SET `start` = ''2016-08-01'', `end` = ''2016-08-31'', `worker_id` = ''3'', `lasttime` = 1472384841\nWHERE `project_sn` = ''SD20155454564511''', 1472384841),
(347, 3, 'active_period|SD20155454564511', 1472384841),
(348, 3, '1608229881435008|1', 1472386688),
(349, 3, '1608229881435008|UPDATE `gd_project_investing` SET `start` = ''2016-08-22'', `end` = ''2017-02-21'', `worker_id` = ''3'', `lasttime` = 1472386688\nWHERE `project_sn` = ''1608229881435008''', 1472386688),
(350, 3, 'active_period|1608229881435008', 1472386688),
(351, 3, '1608222511510103|1', 1472386760),
(352, 3, '1608222511510103|UPDATE `gd_project_investing` SET `start` = ''2016-08-22'', `end` = ''2017-08-21'', `worker_id` = ''3'', `lasttime` = 1472386760\nWHERE `project_sn` = ''1608222511510103''', 1472386760),
(353, 3, 'active_period|1608222511510103', 1472386760),
(354, 3, '1608183471764952|1', 1472387499),
(355, 3, '1608183471764952|UPDATE `gd_project_investing` SET `start` = ''2016-08-18'', `end` = ''2016-11-17'', `worker_id` = ''3'', `lasttime` = 1472387499\nWHERE `project_sn` = ''1608183471764952''', 1472387499),
(356, 3, 'active_period|1608183471764952', 1472387499),
(357, 3, '1608186671184447|1', 1472387579),
(358, 3, '1608186671184447|UPDATE `gd_project_investing` SET `start` = ''2016-08-18'', `end` = ''2016-11-17'', `worker_id` = ''3'', `lasttime` = 1472387579\nWHERE `project_sn` = ''1608186671184447''', 1472387579),
(359, 3, 'active_period|1608186671184447', 1472387579),
(360, 7, 'in_stock|Array', 1472388632);

-- --------------------------------------------------------

--
-- è¡¨çš„ç»“æ„ `gd_worker_attempt`
--

CREATE TABLE IF NOT EXISTS `gd_worker_attempt` (
  `id` int(11) unsigned NOT NULL AUTO_INCREMENT,
  `ip_address` varchar(15) NOT NULL,
  `login` varchar(100) NOT NULL,
  `time` int(11) unsigned DEFAULT NULL,
  PRIMARY KEY (`id`)
) ENGINE=InnoDB DEFAULT CHARSET=utf8 AUTO_INCREMENT=1 ;

-- --------------------------------------------------------

--
-- è¡¨çš„ç»“æ„ `gd_worker_group`
--

CREATE TABLE IF NOT EXISTS `gd_worker_group` (
  `id` mediumint(8) unsigned NOT NULL AUTO_INCREMENT,
  `code` varchar(20) NOT NULL,
  `title` varchar(100) NOT NULL,
  `is_system` tinyint(4) NOT NULL DEFAULT '0',
  `permission` text,
  `status` tinyint(4) NOT NULL DEFAULT '1',
  PRIMARY KEY (`id`)
) ENGINE=InnoDB  DEFAULT CHARSET=utf8 AUTO_INCREMENT=7 ;

--
-- è½¬å­˜è¡¨ä¸­çš„æ•°æ® `gd_worker_group`
--

INSERT INTO `gd_worker_group` (`id`, `code`, `title`, `is_system`, `permission`, `status`) VALUES
(1, 'admin', 'ç®¡ç†ç»„', 1, '', 1),
(2, 'member', 'ä¸šåŠ¡å‘˜', 0, '2997,2999,3001,3003,2998,3000,3002', 1),
(3, 'manager', 'ç»ç†', 0, '1,2,3,5,6,7,8,9,10,11,22,23,24,25,26,27,30,33,35,48,49,50,51,52,55,59,63,67,68,70,78,80,84,85,94,96,98,100,101,102,105,106,107,108,109,110,112,113,114,115,116,118', 1),
(4, 'warehouser', 'åº“ç®¡', 0, '1,2,3,55,61,65,70,82,87,98,100,101,105,107,108,111,117,118,119', 1),
(5, 'appraiser', 'é‰´å®šäºº', 0, '74,73,70,1,3,2', 1),
(6, 'booker', 'ç™»è®°äºº', 0, '1,2,3,52,55,57,70,72,93,98,100,101,103', 1);

-- --------------------------------------------------------

--
-- è¡¨çš„ç»“æ„ `gd_worker_notify`
--

CREATE TABLE IF NOT EXISTS `gd_worker_notify` (
  `notify_id` int(11) NOT NULL AUTO_INCREMENT,
  `sender_id` int(11) NOT NULL DEFAULT '0',
  `receiver_id` int(11) NOT NULL,
  `mode` enum('announcement',' summary') COLLATE utf8_unicode_ci NOT NULL DEFAULT 'announcement',
  `title` int(11) NOT NULL,
  `content` text COLLATE utf8_unicode_ci NOT NULL,
  `status` tinyint(4) NOT NULL DEFAULT '1',
  `is_read` tinyint(1) NOT NULL DEFAULT '0',
  `addtime` int(11) NOT NULL DEFAULT '0',
  PRIMARY KEY (`notify_id`)
) ENGINE=InnoDB DEFAULT CHARSET=utf8 COLLATE=utf8_unicode_ci AUTO_INCREMENT=1 ;

-- --------------------------------------------------------

--
-- è¡¨çš„ç»“æ„ `gd_worker_rel`
--

CREATE TABLE IF NOT EXISTS `gd_worker_rel` (
  `id` int(11) unsigned NOT NULL AUTO_INCREMENT,
  `worker_id` int(11) unsigned NOT NULL,
  `group_id` mediumint(8) unsigned NOT NULL,
  PRIMARY KEY (`id`),
  UNIQUE KEY `uc_users_groups` (`worker_id`,`group_id`),
  KEY `fk_users_groups_users1_idx` (`worker_id`),
  KEY `fk_users_groups_groups1_idx` (`group_id`)
) ENGINE=InnoDB  DEFAULT CHARSET=utf8 AUTO_INCREMENT=25 ;

--
-- è½¬å­˜è¡¨ä¸­çš„æ•°æ® `gd_worker_rel`
--

INSERT INTO `gd_worker_rel` (`id`, `worker_id`, `group_id`) VALUES
(20, 1, 1),
(5, 3, 3),
(7, 4, 3),
(9, 5, 6),
(11, 6, 6),
(13, 7, 4),
(15, 8, 4),
(17, 9, 5),
(19, 10, 5),
(22, 11, 3),
(23, 11, 5),
(24, 11, 6),
(21, 12, 2);

--
-- é™åˆ¶å¯¼å‡ºçš„è¡¨
--

--
-- é™åˆ¶è¡¨ `gd_worker_rel`
--
ALTER TABLE `gd_worker_rel`
  ADD CONSTRAINT `fk_users_groups_groups1` FOREIGN KEY (`group_id`) REFERENCES `gd_worker_group` (`id`) ON DELETE CASCADE ON UPDATE NO ACTION,
  ADD CONSTRAINT `fk_users_groups_users1` FOREIGN KEY (`worker_id`) REFERENCES `gd_worker` (`id`) ON DELETE CASCADE ON UPDATE NO ACTION;

/*!40101 SET CHARACTER_SET_CLIENT=@OLD_CHARACTER_SET_CLIENT */;
/*!40101 SET CHARACTER_SET_RESULTS=@OLD_CHARACTER_SET_RESULTS */;
/*!40101 SET COLLATION_CONNECTION=@OLD_COLLATION_CONNECTION */;
